{"type": "FeatureCollection", "features": [{"type": "Feature", "geometry": {"type": "Point", "coordinates": [-122.8850613, 49.1373677]}, "properties": {"addr:city": "Surrey", "addr:housenumber": "7399", "addr:postcode": "V3W 5J2", "addr:street": "122 Street", "amenity": "library", "branch": "Strawberry Hill", "check_date": "2026", "internet_access": "wlan", "name": "SL: Strawberry Hill Barnch", "opening_hours": "Mo-Th 09:30-21:00; Fr 09:30-17:00; Sa-Su 10:00-17:00", "operator": "Surrey Libraries", "operator:wikidata": "Q17112184", "phone": "+1-604-501-5836", "website": "https://www.surreylibraries.ca/locations/strawberry-hill-branch", "wikidata": "Q85704191", "osm_id": 1102718405, "osm_type": "node"}}, {"type": "Feature", "geometry": {"type": "Point", "coordinates": [-122.8531412, 49.1363831]}, "properties": {"addr:city": "Surrey", "addr:housenumber": "13325", "addr:street": "Comber Way", "leisure": "sports_centre", "name": "Andrew Sheret", "source": "City of Surrey 2010 GIS Data", "sport": "swimming", "surrey:addrid": "14282", "surrey:date": "19850801", "osm_id": 1102836350, "osm_type": "node"}}, {"type": "Feature", "geometry": {"type": "Point", "coordinates": [-122.7797132, 49.1551977]}, "properties": {"addr:city": "Surrey", "addr:housenumber": "15996", "addr:postcode": "V4N 0W1", "addr:street": "84 Avenue", "amenity": "library", "internet_access": "wlan", "name": "SL: Fleetwood Branch", "opening_hours": "Mo-Th 09:30-21:00; Fr 09:30-17:00; Sa-Su 10:00-17:00", "operator": "Surrey Libraries", "operator:wikidata": "Q17112184", "phone": "+1-604-598-7340", "website": "https://www.surreylibraries.ca/locations/fleetwood-branch", "wikidata": "Q85704194", "osm_id": 4679444601, "osm_type": "node"}}, {"type": "Feature", "geometry": {"type": "Point", "coordinates": [-122.8401405, 49.13037]}, "properties": {"addr:city": "Surrey", "addr:housenumber": "13795", "addr:postcode": "V3W 0E1", "addr:street": "70 Avenue", "amenity": "library", "branch": "Newton", "internet_access": "wlan", "name": "SL: Newton Branch", "opening_hours": "Mo-Th 09:30-21:00; Fr 09:30-17:00; Sa-Su 10:00-17:00", "operator": "Surrey Libraries", "operator:wikidata": "Q17112184", "phone": "+1-604-598-7400", "website": "https://www.surreylibraries.ca/location-hours/4670.aspx", "wikidata": "Q85704195", "osm_id": 4684574490, "osm_type": "node"}}, {"type": "Feature", "geometry": {"type": "Point", "coordinates": [-122.8014365, 49.0351454]}, "properties": {"addr:city": "Surrey", "addr:housenumber": "1815", "addr:postcode": "V4A 9Y9", "addr:street": "152 Street", "amenity": "library", "branch": "Semiahmoo", "check_date": "2026", "internet_access": "wlan", "internet_access:fee": "no", "name": "SPL: Semiahmoo Branch", "opening_hours": "Mo-Th 09:30-21:00; Fr 09:30-17:00; Sa-Su 10:00-17:00", "operator": "Surrey Libraries", "operator:type": "public", "operator:wikidata": "Q17112184", "phone": "+1-604-592-6900", "toilets:wheelchair": "yes", "website": "https://www.surreylibraries.ca/locations/semiahmoo-branch", "wheelchair": "yes", "wikidata": "Q85704197", "osm_id": 4684608889, "osm_type": "node"}}, {"type": "Feature", "geometry": {"type": "Point", "coordinates": [-122.798376, 49.185277]}, "properties": {"amenity": "dojo", "leisure": "sports_centre", "name": "Jong Kim Martial Arts", "sport": "taekwondo", "website": "https://jongkimmartialartsguildford.ca/", "osm_id": 6298502526, "osm_type": "node"}}, {"type": "Feature", "geometry": {"type": "Point", "coordinates": [-122.8498963, 49.1880726]}, "properties": {"addr:city": "Surrey", "addr:housenumber": "13450", "addr:province": "BC", "addr:street": "102 Avenue", "addr:unit": "250", "air_conditioning": "yes", "amenity": "library", "email": "fraser_library@sfu.ca", "indoor_seating": "yes", "internet_access": "yes", "name": "Fraser Library", "opening_hours": "Mo-Su 10:00-19:30", "operator": "Simon Fraser University", "operator:type": "university", "phone": "+1-778-782-7411", "ref:isil": "CA-BVASS", "website": "https://www.lib.sfu.ca/about/branches-depts/fraser", "osm_id": 6747798030, "osm_type": "node"}}, {"type": "Feature", "geometry": {"type": "Point", "coordinates": [-122.779136, 49.1595762]}, "properties": {"addr:city": "Surrey", "addr:housenumber": "8645", "addr:postcode": "V4N 1G4", "addr:province": "BC", "addr:street": "160 Street", "addr:unit": "107", "leisure": "sports_centre", "level": "0", "name": "Mendoza Boxing Club", "sport": "boxing", "osm_id": 10301614067, "osm_type": "node"}}, {"type": "Feature", "geometry": {"type": "Point", "coordinates": [-122.882185, 49.2047156]}, "properties": {"addr:housenumber": "11125", "addr:street": "124 Street", "addr:unit": "101-B", "description": "Bouldering only", "leisure": "sports_centre", "name": "The Hive Surrey", "sport": "climbing", "website": "https://hiveclimbing.com/", "osm_id": 11423820639, "osm_type": "node"}}, {"type": "Feature", "geometry": {"type": "Point", "coordinates": [-122.6966203, 49.1795589]}, "properties": {"access": "customers", "addr:city": "Surrey", "addr:housenumber": "9755;101-9755", "addr:postcode": "V4N 3M9", "addr:province": "BC", "addr:street": "190 Street", "addr:unit": "101", "alt_name": "Smash Champs Badminton Club & Pro Shop", "fee": "yes", "image": "https://imgur.com/a/XVAdRa3", "leisure": "sports_centre", "lit": "yes", "name": "Smash Champs", "opening_hours": "Mo-Su 16:00-22:00", "opening_hours:url": "https://smashchamps.com", "operator": "Smash Champs", "operator:type": "private", "sport": "badminton", "start_date": "2025-01-01", "website": "https://smashchamps.com/", "osm_id": 12293378808, "osm_type": "node"}}, {"type": "Feature", "geometry": {"type": "Point", "coordinates": [-122.7041381, 49.1327678]}, "properties": {"addr:city": "Surrey", "addr:housenumber": "7155", "addr:postcode": "V4N 6L9", "addr:street": "187A Street", "amenity": "library", "branch": "Clayton", "internet_access": "wlan", "internet_access:fee": "no", "name": "SL: Clayton Branch", "opening_hours": "Mo-Th 09:30-21:00; Fr 09:30-17:00; Sa-Su 10:00-17:00", "operator": "Surrey Libraries", "operator:type": "public", "operator:wikidata": "Q17112184", "phone": "+1-604-592-2727", "website": "https://www.surreylibraries.ca/locations/clayton-branch", "osm_id": 12905471101, "osm_type": "node"}}, {"type": "Feature", "geometry": {"type": "Polygon", "coordinates": [[[-122.7986908, 49.0365914], [-122.7957983, 49.0366157], [-122.7957964, 49.0364745], [-122.7958215, 49.0348202], [-122.7987129, 49.0348359], [-122.7986908, 49.0365914]]]}, "properties": {"addr:housenumber": "1845", "addr:street": "154 Street", "description": "Neighbourhood park with open green space, mature trees and Sunnyside Community Hall. Provides a community gathering area with space for recreation and local events.", "leisure": "park", "name": "Bakerview Park", "operator": "City of Surrey", "operator:type": "government", "operator:wikidata": "Q390583", "osm_id": 26627769, "osm_type": "way"}}, {"type": "Feature", "geometry": {"type": "Polygon", "coordinates": [[[-122.7901588, 49.0165668], [-122.7855846, 49.0165139], [-122.7859854, 49.0161081], [-122.7859733, 49.0160413], [-122.7849528, 49.0160371], [-122.7849556, 49.0165176], [-122.7793269, 49.0165106], [-122.7793269, 49.0163192], [-122.7799449, 49.0162066], [-122.7805972, 49.0160039], [-122.7811723, 49.0158125], [-122.781713, 49.0156831], [-122.7825027, 49.0155423], [-122.7828031, 49.0153847], [-122.782949, 49.0150807], [-122.782949, 49.0148218], [-122.782846, 49.0146135], [-122.7825456, 49.0143714], [-122.7901588, 49.0165668]]]}, "properties": {"leisure": "park", "name": "Semiahmoo Park", "operator": "Semiahmoo Indian Band", "osm_id": 26634217, "osm_type": "way"}}, {"type": "Feature", "geometry": {"type": "Polygon", "coordinates": [[[-122.811341, 49.0325257], [-122.811341, 49.0312426], [-122.8099077, 49.0312426], [-122.8099248, 49.0318166], [-122.8076503, 49.0327339], [-122.8087661, 49.0334373], [-122.8084657, 49.0336624], [-122.8086202, 49.0337637], [-122.8088622, 49.0335706], [-122.8091089, 49.0334238], [-122.8097703, 49.032959], [-122.8104226, 49.0326776], [-122.8108261, 49.0325651], [-122.811341, 49.0325257]]]}, "properties": {"leisure": "park", "name": "Southmere Village Park", "source": "City of Surrey 2010 Orthographs", "osm_id": 26754052, "osm_type": "way"}}, {"type": "Feature", "geometry": {"type": "Polygon", "coordinates": [[[-122.8247161, 49.1770891], [-122.8134107, 49.1769813], [-122.8124622, 49.1769707], [-122.8124332, 49.1769753], [-122.8123976, 49.176986], [-122.8123711, 49.1770025], [-122.812354, 49.177027], [-122.812346, 49.1770553], [-122.8122669, 49.1798221], [-122.8121626, 49.1834687], [-122.8121633, 49.1835215], [-122.8121656, 49.1835515], [-122.8121965, 49.183681], [-122.8121941, 49.1838156], [-122.8121626, 49.1839298], [-122.8121525, 49.183967], [-122.812152, 49.183994], [-122.8121535, 49.1840092], [-122.8121556, 49.1840178], [-122.8121654, 49.1840324], [-122.8121706, 49.1840403], [-122.8121872, 49.1840574], [-122.8121946, 49.1840615], [-122.8122099, 49.1840699], [-122.812237, 49.18408], [-122.8122713, 49.1840871], [-122.8122916, 49.184087], [-122.8123327, 49.1840868], [-122.8147783, 49.184073], [-122.8179449, 49.1840226], [-122.8181873, 49.1840173], [-122.81998, 49.1839853], [-122.8202948, 49.1839841], [-122.820317, 49.1839847], [-122.8227398, 49.1839738], [-122.8234549, 49.1839727], [-122.8253792, 49.1839592], [-122.8272046, 49.1839612], [-122.8283954, 49.1839873], [-122.8292125, 49.1840147], [-122.8301284, 49.1840514], [-122.8307054, 49.1840784], [-122.8311537, 49.1840981], [-122.8316703, 49.1841153], [-122.8321888, 49.1841218], [-122.8339445, 49.1841435], [-122.833986, 49.1841383], [-122.8340175, 49.1841293], [-122.8340481, 49.1841149], [-122.8340695, 49.1841004], [-122.8340873, 49.1840772], [-122.8340951, 49.1840492], [-122.834101, 49.1839247], [-122.8340805, 49.1839243], [-122.83411, 49.1832782], [-122.8341811, 49.1821684], [-122.8342426, 49.1809723], [-122.8342378, 49.1809543], [-122.834229, 49.180937], [-122.8342123, 49.1809183], [-122.8341896, 49.1809051], [-122.8341683, 49.1808985], [-122.8341402, 49.1808948], [-122.8340821, 49.1808937], [-122.8340342, 49.1808934], [-122.8339789, 49.1808916], [-122.8339245, 49.1808856], [-122.8338761, 49.1808775], [-122.8338178, 49.180865], [-122.8337698, 49.1808527], [-122.8337239, 49.1808386], [-122.833676, 49.1808227], [-122.8336233, 49.1808002], [-122.8335821, 49.1807779], [-122.833541, 49.1807536], [-122.8332677, 49.1810697], [-122.833117, 49.181244], [-122.8326257, 49.1818121], [-122.8304892, 49.1810015], [-122.830379, 49.1811154], [-122.8289127, 49.1826897], [-122.8283124, 49.1824573], [-122.8278621, 49.1826474], [-122.8270412, 49.1823007], [-122.8270978, 49.181951], [-122.824606, 49.1809635], [-122.8261092, 49.1793258], [-122.8260307, 49.1791339], [-122.825023, 49.178667], [-122.8245675, 49.1782929], [-122.8250838, 49.177746], [-122.8253092, 49.1775073], [-122.8253488, 49.1774653], [-122.8251411, 49.1773724], [-122.8251016, 49.1773518], [-122.8250607, 49.1773255], [-122.8250284, 49.1772976], [-122.8249993, 49.177263], [-122.8249781, 49.1772253], [-122.8249674, 49.177185], [-122.8249612, 49.1771528], [-122.8249481, 49.1771301], [-122.8249356, 49.1771163], [-122.8249203, 49.1771076], [-122.8248993, 49.1770989], [-122.8248693, 49.1770935], [-122.8248324, 49.1770908], [-122.8247161, 49.1770891]]]}, "properties": {"addr:city": "Surrey", "addr:housenumber": "14600", "addr:province": "BC", "addr:street": "100 Avenue", "leisure": "park", "name": "Green Timbers Urban Forest", "opening_hours": "sunrise-sunset", "operator": "City of Surrey", "operator:type": "government", "operator:wikidata": "Q390583", "operator:wikipedia": "en:Surrey, British Columbia", "osm_id": 33615464, "osm_type": "way"}}, {"type": "Feature", "geometry": {"type": "Polygon", "coordinates": [[[-122.8147089, 49.1909016], [-122.8147116, 49.1900652], [-122.817385, 49.1900657], [-122.8174053, 49.1887262], [-122.814724, 49.1887429], [-122.8147255, 49.1886113], [-122.812089, 49.1886533], [-122.8121127, 49.1898247], [-122.8121677, 49.1901043], [-122.8122588, 49.190306], [-122.8124452, 49.1905957], [-122.8125674, 49.1908934], [-122.8140773, 49.1908992], [-122.8147089, 49.1909016]]]}, "properties": {"leisure": "park", "name": "Hjorth Road Park", "opening_hours": "dawn-dusk", "website": "https://www.surrey.ca/parks-recreation/parks/hjorth-road-park", "osm_id": 35568963, "osm_type": "way"}}, {"type": "Feature", "geometry": {"type": "Polygon", "coordinates": [[[-122.8188056, 49.1938811], [-122.8188409, 49.1927493], [-122.8163546, 49.1927232], [-122.8163311, 49.1938654], [-122.8188056, 49.1938811]]]}, "properties": {"addr:housenumber": "14620", "addr:street": "105A Avenue", "leisure": "park", "name": "Whalley Reservoir Park", "osm_id": 35915291, "osm_type": "way"}}, {"type": "Feature", "geometry": {"type": "Polygon", "coordinates": [[[-122.8092792, 49.1999379], [-122.8092805, 49.2003123], [-122.809268, 49.2004645], [-122.8092465, 49.2006016], [-122.809217, 49.2007416], [-122.8091866, 49.2009033], [-122.8093043, 49.2011527], [-122.8095508, 49.2016735], [-122.8109006, 49.2013675], [-122.8118176, 49.2013609], [-122.8118151, 49.2007946], [-122.8109878, 49.2007981], [-122.8109846, 49.200312], [-122.8093967, 49.2003165], [-122.809393, 49.1999379], [-122.8092792, 49.1999379]]]}, "properties": {"leisure": "park", "name": "Riverside Park", "osm_id": 35915464, "osm_type": "way"}}, {"type": "Feature", "geometry": {"type": "Polygon", "coordinates": [[[-122.8046143, 49.2035554], [-122.803835, 49.2035673], [-122.8038337, 49.2031896], [-122.8038284, 49.2031722], [-122.8038267, 49.2031692], [-122.8038229, 49.2031627], [-122.8038812, 49.2031279], [-122.803888, 49.2027624], [-122.8045957, 49.2027647], [-122.8047642, 49.2027543], [-122.8047707, 49.2028031], [-122.8047788, 49.2028322], [-122.8047896, 49.2028578], [-122.8046683, 49.2029951], [-122.8046427, 49.2030409], [-122.8046256, 49.2031296], [-122.8046143, 49.2035554]]]}, "properties": {"leisure": "park", "name": "Hummingbird Park", "osm_id": 35915502, "osm_type": "way"}}, {"type": "Feature", "geometry": {"type": "Polygon", "coordinates": [[[-122.8161942, 49.2040003], [-122.8150575, 49.2040102], [-122.8150234, 49.2040131], [-122.8150221, 49.2036822], [-122.8161652, 49.2036851], [-122.8161903, 49.2036851], [-122.8161942, 49.2040003]]]}, "properties": {"leisure": "park", "name": "Ellendale Park", "osm_id": 35915569, "osm_type": "way"}}, {"type": "Feature", "geometry": {"type": "Polygon", "coordinates": [[[-122.8810495, 49.1253973], [-122.8811032, 49.12431], [-122.8818328, 49.1241054], [-122.8825409, 49.1244073], [-122.8827071, 49.1244918], [-122.8828156, 49.124565], [-122.8828734, 49.1246039], [-122.8830103, 49.1247761], [-122.8830603, 49.1248694], [-122.8830773, 49.1250111], [-122.8830773, 49.1253973], [-122.8810495, 49.1253973]]]}, "properties": {"addr:housenumber": "6722", "addr:street": "122A Street", "description": "Neighbourhood park with mature trees, open grass areas, walking loop, picnic space and playground. Provides a quiet green space for local recreation.", "leisure": "park", "name": "Beaver Creek Heights Park", "operator": "City of Surrey", "operator:type": "government", "operator:wikidata": "Q390583", "website": "https://www.surrey.ca/parks-recreation/parks/beaver-creek-heights-park", "osm_id": 50083319, "osm_type": "way"}}, {"type": "Feature", "geometry": {"type": "Polygon", "coordinates": [[[-122.7313818, 49.1186851], [-122.7313764, 49.1165491], [-122.7339281, 49.1165695], [-122.7343928, 49.116569], [-122.7344932, 49.1165741], [-122.7347785, 49.1165912], [-122.7347943, 49.1166631], [-122.7347943, 49.1166958], [-122.7347941, 49.1170226], [-122.734792, 49.1170962], [-122.7347678, 49.1174791], [-122.7347607, 49.1175789], [-122.7347529, 49.1185207], [-122.7347523, 49.1185939], [-122.7347426, 49.1186196], [-122.7347257, 49.1186407], [-122.7347009, 49.1186579], [-122.7346648, 49.1186715], [-122.7346323, 49.1186799], [-122.7345965, 49.1186868], [-122.734559, 49.1186894], [-122.7341707, 49.1186905], [-122.7341, 49.1186907], [-122.7315334, 49.1186854], [-122.7313818, 49.1186851]]]}, "properties": {"addr:housenumber": "11728", "addr:street": "64 Avenue", "leisure": "park", "name": "Bill Reid Millennium Amphitheatre Park", "opening_hours": "dawn-dusk", "operator": "City of Surrey", "operator:type": "government", "operator:wikidata": "Q390583", "operator:wikipedia": "en:Surrey, British Columbia", "source": "Yahoo", "osm_id": 51356067, "osm_type": "way"}}, {"type": "Feature", "geometry": {"type": "Polygon", "coordinates": [[[-122.7959108, 49.1682749], [-122.7959168, 49.167917], [-122.7959062, 49.1677724], [-122.7958553, 49.1676056], [-122.7957903, 49.1674965], [-122.795708, 49.1673916], [-122.7951705, 49.1668877], [-122.7951443, 49.1668566], [-122.7951186, 49.1668242], [-122.7950956, 49.1667945], [-122.7950747, 49.1667635], [-122.7950474, 49.1667233], [-122.7950265, 49.1666859], [-122.7950172, 49.1666662], [-122.7950078, 49.1666493], [-122.7949984, 49.1666309], [-122.7949912, 49.1666126], [-122.7949822, 49.1665798], [-122.7949774, 49.166547], [-122.7949753, 49.1665157], [-122.7949754, 49.1664843], [-122.794977, 49.1664519], [-122.79505, 49.1664522], [-122.795779, 49.1664562], [-122.796405, 49.1664596], [-122.797235, 49.1664641], [-122.7972093, 49.1668288], [-122.7971671, 49.1680676], [-122.7971584, 49.1682809], [-122.7959664, 49.1682752], [-122.7959108, 49.1682749]]]}, "properties": {"leisure": "park", "name": "Meagan Anne MacDougall Park", "osm_id": 51542556, "osm_type": "way"}}, {"type": "Feature", "geometry": {"type": "Polygon", "coordinates": [[[-122.7941016, 49.1679049], [-122.7939264, 49.167672], [-122.7939335, 49.1674778], [-122.7942975, 49.1675337], [-122.7943058, 49.167483], [-122.7939862, 49.1673503], [-122.7941329, 49.1671437], [-122.7938215, 49.1671395], [-122.7936614, 49.1671571], [-122.7935342, 49.1671823], [-122.7933999, 49.1672216], [-122.7932049, 49.1670101], [-122.7930815, 49.1670632], [-122.7929925, 49.167111], [-122.7929115, 49.167164], [-122.7928402, 49.1672213], [-122.793104, 49.1673409], [-122.7929646, 49.1676215], [-122.7929662, 49.167852], [-122.7925561, 49.1678537], [-122.7925558, 49.1679019], [-122.7941016, 49.1679049]]]}, "properties": {"leisure": "park", "name": "34G - Greenbelt", "source": "http://cosmos.surrey.ca", "osm_id": 51542558, "osm_type": "way"}}, {"type": "Feature", "geometry": {"type": "Polygon", "coordinates": [[[-122.8709661, 49.2099151], [-122.870964, 49.210158], [-122.8709623, 49.2112266], [-122.8709596, 49.2115726], [-122.8743011, 49.2115847], [-122.8743151, 49.2099272], [-122.8709661, 49.2099151]]]}, "properties": {"leisure": "park", "name": "Bridgeview Park", "source": "City of Surrey 2011 GIS Data (ID: 92)", "osm_id": 83666404, "osm_type": "way"}}, {"type": "Feature", "geometry": {"type": "LineString", "coordinates": [[-122.8690241, 49.1386182], [-122.8690194, 49.1382893], [-122.8690206, 49.1379642], [-122.8681245, 49.1379658], [-122.8681238, 49.1382979], [-122.8681324, 49.13862], [-122.8690241, 49.1386182]]}, "properties": {"barrier": "fence", "leisure": "sports_centre", "sport": "tennis", "osm_id": 83789648, "osm_type": "way"}}, {"type": "Feature", "geometry": {"type": "LineString", "coordinates": [[-122.8864082, 49.1679347], [-122.8864128, 49.1676392], [-122.8864183, 49.1672894], [-122.8864102, 49.1672893], [-122.8857963, 49.1672852], [-122.8857861, 49.1679305], [-122.8864082, 49.1679347]]}, "properties": {"barrier": "fence", "leisure": "sports_centre", "sport": "tennis", "osm_id": 84724888, "osm_type": "way"}}, {"type": "Feature", "geometry": {"type": "Polygon", "coordinates": [[[-122.792541, 49.2047369], [-122.791293, 49.2047401], [-122.7912954, 49.2051095], [-122.7912958, 49.2051772], [-122.7905498, 49.2051872], [-122.7903056, 49.2051877], [-122.7899764, 49.2051723], [-122.7899505, 49.2051703], [-122.7899293, 49.2051674], [-122.7899106, 49.2051627], [-122.7898919, 49.2051555], [-122.789873, 49.2051417], [-122.7898614, 49.2051294], [-122.789854, 49.205117], [-122.7898507, 49.2051024], [-122.7898464, 49.204177], [-122.7898481, 49.2041659], [-122.7898563, 49.204158], [-122.7898681, 49.2041494], [-122.7898788, 49.2041412], [-122.7898821, 49.2041308], [-122.7898817, 49.2038186], [-122.7898784, 49.2038051], [-122.7898546, 49.2037854], [-122.7898475, 49.2037714], [-122.7898462, 49.2034594], [-122.789853, 49.2034472], [-122.7898646, 49.2034408], [-122.7898894, 49.203427], [-122.7898943, 49.2034184], [-122.7898951, 49.2033853], [-122.7911585, 49.2033935], [-122.7912045, 49.2033951], [-122.792489, 49.2033863], [-122.7925162, 49.2037428], [-122.792541, 49.2047369]]]}, "properties": {"leisure": "park", "name": "Northview Park", "osm_id": 84831976, "osm_type": "way"}}, {"type": "Feature", "geometry": {"type": "Polygon", "coordinates": [[[-122.8605502, 49.1657835], [-122.8605159, 49.1652935], [-122.8604709, 49.1653105], [-122.8602198, 49.1650385], [-122.8599661, 49.1647668], [-122.8603266, 49.1645683], [-122.8604363, 49.1643801], [-122.8608402, 49.1645795], [-122.8610008, 49.1647364], [-122.8612505, 49.1647429], [-122.861722, 49.1649187], [-122.8616924, 49.1649996], [-122.8614723, 49.1652189], [-122.861277, 49.1653962], [-122.8610843, 49.165524], [-122.8610002, 49.1656983], [-122.86117, 49.1658742], [-122.8610063, 49.1659271], [-122.8605973, 49.1660963], [-122.860258, 49.166194], [-122.8601942, 49.1660324], [-122.8604053, 49.1658847], [-122.8605502, 49.1657835]]]}, "properties": {"leisure": "park", "name": "Queen Mary Park", "source": "City of Surrey 2010 Parks Data", "source:url": "http://www.surrey.ca/city-services/658.aspx", "osm_id": 84837482, "osm_type": "way"}}, {"type": "Feature", "geometry": {"type": "LineString", "coordinates": [[-122.7751104, 49.1986793], [-122.7751095, 49.1983503], [-122.7746503, 49.1983508], [-122.7746512, 49.1986799], [-122.7751104, 49.1986793]]}, "properties": {"barrier": "fence", "leisure": "sports_centre", "osm_id": 84914523, "osm_type": "way"}}, {"type": "Feature", "geometry": {"type": "LineString", "coordinates": [[-122.7768601, 49.1958161], [-122.7777191, 49.1958117], [-122.7777171, 49.1956446], [-122.7778815, 49.1956438], [-122.7778795, 49.1954834], [-122.7768562, 49.1954888], [-122.7768601, 49.1958161]]}, "properties": {"barrier": "fence", "leisure": "sports_centre", "sport": "tennis", "osm_id": 84944351, "osm_type": "way"}}, {"type": "Feature", "geometry": {"type": "Polygon", "coordinates": [[[-122.8534396, 49.2112594], [-122.8534155, 49.2113521], [-122.8530825, 49.2114054], [-122.8524507, 49.2114245], [-122.8500687, 49.2114042], [-122.8499847, 49.2114431], [-122.8497709, 49.2114452], [-122.8495988, 49.2113678], [-122.8466372, 49.2113375], [-122.8466453, 49.2112627], [-122.8458798, 49.2112579], [-122.8453763, 49.2113612], [-122.8452086, 49.2114117], [-122.8451242, 49.2114554], [-122.8451276, 49.2119164], [-122.8423489, 49.2119252], [-122.8424574, 49.2114671], [-122.8424869, 49.2113398], [-122.8425389, 49.2111241], [-122.8425973, 49.2109935], [-122.8425763, 49.2100159], [-122.8425729, 49.2096504], [-122.8451284, 49.2096757], [-122.845122, 49.2097461], [-122.8452283, 49.2097572], [-122.8455307, 49.2097004], [-122.8456585, 49.209733], [-122.8456543, 49.2101461], [-122.8463465, 49.2099852], [-122.8465121, 49.2099835], [-122.8468818, 49.2098013], [-122.8470545, 49.2103194], [-122.8475492, 49.2101201], [-122.8477672, 49.210109], [-122.8479391, 49.2099531], [-122.8487827, 49.2096895], [-122.8489049, 49.2096973], [-122.8489911, 49.2097724], [-122.8499158, 49.2098314], [-122.8501224, 49.2098655], [-122.8502218, 49.2098156], [-122.8537046, 49.2098693], [-122.8536651, 49.2112306], [-122.8534396, 49.2112594]]]}, "properties": {"leisure": "park", "name": "Bolivar Park", "osm_id": 85218909, "osm_type": "way"}}, {"type": "Feature", "geometry": {"type": "Polygon", "coordinates": [[[-122.7951505, 49.1887823], [-122.7951446, 49.1881234], [-122.7951416, 49.1877947], [-122.7939167, 49.1878019], [-122.7938692, 49.1878022], [-122.7938753, 49.1874083], [-122.7925242, 49.1874167], [-122.7925134, 49.1887896], [-122.7925132, 49.1888188], [-122.7919636, 49.1888296], [-122.7919581, 49.1894747], [-122.7923496, 49.1894627], [-122.7923496, 49.1898892], [-122.7925239, 49.1899225], [-122.7925659, 49.1900567], [-122.7925683, 49.1901689], [-122.7925758, 49.1905259], [-122.7948794, 49.1904269], [-122.7949881, 49.1904547], [-122.7950969, 49.1904443], [-122.7951436, 49.190419], [-122.7951679, 49.1903708], [-122.795181, 49.1903214], [-122.7951959, 49.1902415], [-122.7951782, 49.1901653], [-122.7951334, 49.1901086], [-122.7951259, 49.1899781], [-122.795111, 49.1899586], [-122.7950765, 49.1899433], [-122.7950154, 49.1899382], [-122.794841, 49.1899334], [-122.7946483, 49.1899295], [-122.7946119, 49.1899266], [-122.7945885, 49.1899031], [-122.794589, 49.1897791], [-122.7946132, 49.1896389], [-122.7946348, 49.1895859], [-122.7946689, 49.1895502], [-122.7947442, 49.1895127], [-122.7948252, 49.189498], [-122.7950598, 49.1894984], [-122.7950964, 49.1894963], [-122.7951269, 49.1894886], [-122.7951529, 49.1894711], [-122.7951633, 49.1894483], [-122.7951505, 49.1887823]]]}, "properties": {"leisure": "park", "name": "Guildford Heights Park", "osm_id": 85225025, "osm_type": "way"}}, {"type": "Feature", "geometry": {"type": "LineString", "coordinates": [[-122.8201978, 49.1968225], [-122.8201951, 49.1964797], [-122.8201975, 49.1961624], [-122.8197696, 49.1961597], [-122.8197593, 49.1964775], [-122.8197588, 49.1965298], [-122.8197137, 49.1965296], [-122.819711, 49.1968154], [-122.8201978, 49.1968225]]}, "properties": {"leisure": "sports_centre", "source:url": "http://www.surrey.ca/city-services/658.aspx", "sport": "tennis", "osm_id": 85235036, "osm_type": "way"}}, {"type": "Feature", "geometry": {"type": "Polygon", "coordinates": [[[-122.8080045, 49.1965224], [-122.8093818, 49.1965297], [-122.8093865, 49.1959609], [-122.8123232, 49.1959713], [-122.8123082, 49.1977823], [-122.8121412, 49.1977796], [-122.8117792, 49.1977805], [-122.811501, 49.1977795], [-122.8080045, 49.1977793], [-122.8079955, 49.1977805], [-122.8080045, 49.1965224]]]}, "properties": {"leisure": "park", "name": "Holly Park", "source": "City of Surrey 2010 Orthographs", "source:url": "http://www.surrey.ca/city-services/658.aspx", "osm_id": 85246915, "osm_type": "way"}}, {"type": "Feature", "geometry": {"type": "Polygon", "coordinates": [[[-122.8859222, 49.1503493], [-122.8855391, 49.1503445], [-122.8841228, 49.1503267], [-122.8841279, 49.1506327], [-122.8835614, 49.1506377], [-122.8834966, 49.1506116], [-122.8835201, 49.1502914], [-122.8832476, 49.1502973], [-122.8829808, 49.1502868], [-122.882805, 49.150287], [-122.8828057, 49.1502345], [-122.8829833, 49.1502333], [-122.8832454, 49.150215], [-122.8837585, 49.1500941], [-122.8835625, 49.1497928], [-122.8836099, 49.1497631], [-122.8836492, 49.1497299], [-122.8836743, 49.1496912], [-122.8836859, 49.1496489], [-122.8840991, 49.1497101], [-122.884106, 49.1495165], [-122.8840872, 49.148544], [-122.8845901, 49.1485523], [-122.8845732, 49.149179], [-122.8852664, 49.1491909], [-122.8852735, 49.1490258], [-122.8859224, 49.1490337], [-122.8859201, 49.1502892], [-122.8859222, 49.1503493]]]}, "properties": {"leisure": "park", "name": "Peter Pan Park", "osm_id": 86438952, "osm_type": "way"}}, {"type": "Feature", "geometry": {"type": "LineString", "coordinates": [[-122.8189304, 49.0411816], [-122.8184501, 49.0411821], [-122.817966, 49.0411826], [-122.8179474, 49.0411827], [-122.8179467, 49.0408904], [-122.8179465, 49.0408077], [-122.8184478, 49.0408072], [-122.8189295, 49.0408066], [-122.8189304, 49.0411816]]}, "properties": {"barrier": "fence", "leisure": "sports_centre", "osm_id": 87262233, "osm_type": "way"}}, {"type": "Feature", "geometry": {"type": "Polygon", "coordinates": [[[-122.8276383, 49.034376], [-122.8275768, 49.0345188], [-122.8274886, 49.034723], [-122.8274168, 49.0348896], [-122.8273966, 49.0349364], [-122.8271648, 49.0351187], [-122.8268952, 49.0353307], [-122.8265122, 49.03512], [-122.8264555, 49.0350915], [-122.8263953, 49.0350664], [-122.8263319, 49.0350447], [-122.826266, 49.0350268], [-122.8261979, 49.0350127], [-122.8261281, 49.0350025], [-122.8260574, 49.0349964], [-122.8260568, 49.0347157], [-122.8260561, 49.0344712], [-122.8260554, 49.0341926], [-122.8260547, 49.0339004], [-122.8259863, 49.0339002], [-122.8258755, 49.0339], [-122.8258745, 49.0335038], [-122.8258743, 49.0334813], [-122.8258734, 49.0330849], [-122.8262271, 49.0330871], [-122.8276383, 49.034376]]]}, "properties": {"addr:housenumber": "14320", "addr:street": "17 Avenue", "description": "Neighbourhood park with walking trails through natural areas, mature trees and open grassy spaces. Includes a grass sports field beside Bay Ridge Elementary.", "leisure": "park", "name": "Bay Ridge Park", "operator": "City of Surrey", "operator:type": "government", "operator:wikidata": "Q390583", "website": "https://www.surrey.ca/parks-recreation/parks/bay-ridge-park", "osm_id": 95605570, "osm_type": "way"}}, {"type": "Feature", "geometry": {"type": "Polygon", "coordinates": [[[-122.8894381, 49.1019903], [-122.8894069, 49.1019903], [-122.8893233, 49.1019902], [-122.8893004, 49.1019902], [-122.8893005, 49.1020316], [-122.8893011, 49.1022556], [-122.8893019, 49.1025717], [-122.8893022, 49.1026708], [-122.8892361, 49.1026795], [-122.889042, 49.1027052], [-122.8878166, 49.1026668], [-122.8875029, 49.1027026], [-122.8875172, 49.1022277], [-122.8875287, 49.1018461], [-122.8875303, 49.1017924], [-122.8875427, 49.1013838], [-122.8881275, 49.1013834], [-122.8885816, 49.1013831], [-122.8892988, 49.1013826], [-122.8894366, 49.1013824], [-122.8898533, 49.1013819], [-122.8901273, 49.1013816], [-122.8902552, 49.1013815], [-122.8902564, 49.1019896], [-122.8898287, 49.1019899], [-122.8896491, 49.1019901], [-122.8894381, 49.1019903]]]}, "properties": {"leisure": "park", "name": "Delta View Park", "source": "City of Surrey 2011 GIS Data (ID: 92)", "osm_id": 96159532, "osm_type": "way"}}, {"type": "Feature", "geometry": {"type": "Polygon", "coordinates": [[[-122.8845997, 49.098929], [-122.8846034, 49.0981656], [-122.8849873, 49.0982896], [-122.8854221, 49.09843], [-122.8864342, 49.0987568], [-122.8867018, 49.0997736], [-122.8867536, 49.0999702], [-122.886079, 49.0999674], [-122.8860772, 49.1001548], [-122.88727, 49.1009587], [-122.8875555, 49.1009624], [-122.8875427, 49.1013838], [-122.8875303, 49.1017924], [-122.8867047, 49.1023084], [-122.8862862, 49.102429], [-122.8859305, 49.1025408], [-122.8858394, 49.1025476], [-122.8855437, 49.1025695], [-122.8854244, 49.1022493], [-122.8845255, 49.1024485], [-122.8845291, 49.1017853], [-122.882381, 49.1017877], [-122.8776472, 49.1017929], [-122.877645, 49.1021527], [-122.876947, 49.102152], [-122.8769464, 49.10244], [-122.876913, 49.1024319], [-122.8768779, 49.1024279], [-122.8768424, 49.1024284], [-122.8767316, 49.1017939], [-122.8755145, 49.1017946], [-122.8755349, 49.1013152], [-122.8748917, 49.101315], [-122.8747001, 49.101315], [-122.8747109, 49.1010622], [-122.8747596, 49.0999231], [-122.8776103, 49.0999337], [-122.8776163, 49.0988821], [-122.8832024, 49.0989196], [-122.8836487, 49.0989226], [-122.8845997, 49.098929]]]}, "properties": {"leisure": "park", "name": "Joe Brown Park", "source": "City of Surrey 2011 GIS Data (ID: 92)", "osm_id": 96159535, "osm_type": "way"}}, {"type": "Feature", "geometry": {"type": "Polygon", "coordinates": [[[-122.8577473, 49.0952646], [-122.8585068, 49.0993838], [-122.8573549, 49.0990805], [-122.8576945, 49.1009039], [-122.856595, 49.1010743], [-122.8566365, 49.1017918], [-122.8563538, 49.1018492], [-122.8562144, 49.1015474], [-122.8548365, 49.0985636], [-122.8547595, 49.098397], [-122.8546376, 49.0983082], [-122.8511198, 49.09848], [-122.8511141, 49.0985615], [-122.8511124, 49.0985867], [-122.850941, 49.1010495], [-122.8544352, 49.1010516], [-122.854435, 49.1010814], [-122.8544278, 49.1021299], [-122.8539675, 49.1020784], [-122.8536402, 49.1022593], [-122.8536432, 49.101574], [-122.8526292, 49.1018941], [-122.8508839, 49.1018958], [-122.8508277, 49.1026858], [-122.8505939, 49.1026855], [-122.850129, 49.102685], [-122.8491074, 49.1026838], [-122.8491073, 49.1027198], [-122.8478811, 49.1027184], [-122.8472683, 49.1030372], [-122.8471815, 49.1030136], [-122.8475357, 49.1028293], [-122.8473865, 49.1026818], [-122.8467835, 49.1026811], [-122.8457562, 49.1026799], [-122.8449556, 49.102679], [-122.8447806, 49.1026788], [-122.8447783, 49.1029485], [-122.8445037, 49.1029612], [-122.8442638, 49.1029996], [-122.8442055, 49.1026779], [-122.8382617, 49.1026684], [-122.8381279, 49.1026683], [-122.8360944, 49.1026664], [-122.8360927, 49.1018279], [-122.8359549, 49.101784], [-122.8359545, 49.1016118], [-122.8347717, 49.1016101], [-122.8331544, 49.1019826], [-122.8327836, 49.1020048], [-122.8327846, 49.1016664], [-122.8324924, 49.1016661], [-122.8324425, 49.1012891], [-122.832104, 49.1012711], [-122.8294218, 49.1008778], [-122.8283597, 49.1008778], [-122.8256238, 49.1011271], [-122.8255824, 49.1019095], [-122.8238277, 49.1017217], [-122.8233145, 49.101631], [-122.8228688, 49.1015209], [-122.8224403, 49.1013843], [-122.8220328, 49.1012225], [-122.8216496, 49.1010369], [-122.821294, 49.100829], [-122.8209689, 49.1006006], [-122.820677, 49.1003536], [-122.820421, 49.1000899], [-122.8203125, 49.1001309], [-122.8200958, 49.0998561], [-122.8199172, 49.0995697], [-122.819778, 49.099274], [-122.8194075, 49.0979214], [-122.8197945, 49.0978629], [-122.8206163, 49.0977211], [-122.8381697, 49.0967134], [-122.8443343, 49.0962687], [-122.8494661, 49.0957496], [-122.8495573, 49.0957598], [-122.8496931, 49.0957749], [-122.850642, 49.0958804], [-122.8510379, 49.095878], [-122.8523905, 49.0955868], [-122.8541746, 49.0954682], [-122.8544928, 49.0954522], [-122.8546784, 49.0954456], [-122.8577473, 49.0952646]]]}, "properties": {"addr:city": "Surrey", "addr:housenumber": "14311", "addr:province": "BC", "addr:street": "Colebrook Road", "leisure": "park", "name": "Colebrook Park", "operator": "City of Surrey", "operator:type": "government", "operator:wikidata": "Q390583", "source": "City of Surrey 2011 GIS Data (ID: 92)", "osm_id": 96159536, "osm_type": "way"}}, {"type": "Feature", "geometry": {"type": "Polygon", "coordinates": [[[-122.874678, 49.0906983], [-122.8747118, 49.0907144], [-122.8747179, 49.0908187], [-122.8745173, 49.0907956], [-122.8743922, 49.0907708], [-122.8742758, 49.0907451], [-122.8712795, 49.090567], [-122.8686061, 49.0903917], [-122.8684257, 49.0903938], [-122.8682425, 49.0904127], [-122.8680766, 49.0904168], [-122.8677159, 49.0904127], [-122.8665232, 49.0903098], [-122.8647429, 49.0901327], [-122.8626114, 49.0899031], [-122.8607512, 49.0897727], [-122.8603796, 49.0891967], [-122.8602494, 49.0889789], [-122.8599566, 49.0883966], [-122.8597349, 49.087801], [-122.8595858, 49.0871957], [-122.8595101, 49.0865845], [-122.8594645, 49.0858597], [-122.8596366, 49.0859752], [-122.8597107, 49.0860674], [-122.8597784, 49.0861849], [-122.8598157, 49.0862456], [-122.8598779, 49.0863183], [-122.8599563, 49.0864027], [-122.8599974, 49.0864397], [-122.8600535, 49.0864677], [-122.8601936, 49.08652], [-122.8603796, 49.0865558], [-122.860515, 49.0865724], [-122.860822, 49.0865934], [-122.8610621, 49.0866381], [-122.8611892, 49.0866792], [-122.8613925, 49.0867632], [-122.8615344, 49.0868586], [-122.8616766, 49.0869869], [-122.8617653, 49.0870914], [-122.8618113, 49.0871593], [-122.8618579, 49.0872583], [-122.8618808, 49.0873418], [-122.8618952, 49.0874928], [-122.8619099, 49.08763], [-122.8619268, 49.0876898], [-122.861954, 49.0877505], [-122.8620685, 49.087819], [-122.8622451, 49.087892], [-122.862358, 49.0879167], [-122.8624667, 49.087938], [-122.862689, 49.0879459], [-122.8629948, 49.0879418], [-122.8632309, 49.0879253], [-122.8634084, 49.087914], [-122.8635949, 49.0878901], [-122.8638464, 49.0878666], [-122.8640383, 49.0878527], [-122.8644643, 49.087831], [-122.864566, 49.0878387], [-122.8646809, 49.0878651], [-122.8649623, 49.0879495], [-122.8651824, 49.0880169], [-122.8653254, 49.0880753], [-122.8654364, 49.0881296], [-122.8655597, 49.0882132], [-122.8656422, 49.0882815], [-122.8656859, 49.0883532], [-122.8657265, 49.0884403], [-122.8658181, 49.0887183], [-122.8658532, 49.0887586], [-122.8659076, 49.0887913], [-122.8659636, 49.0888295], [-122.8659733, 49.0888569], [-122.8659636, 49.0888911], [-122.8659085, 49.0890106], [-122.8659097, 49.0891284], [-122.8659483, 49.0892246], [-122.8662047, 49.0893749], [-122.8663649, 49.0894502], [-122.8666015, 49.0895272], [-122.8667995, 49.0895983], [-122.8668756, 49.0896568], [-122.8669617, 49.0896816], [-122.8670647, 49.0896958], [-122.867263, 49.0896915], [-122.8677646, 49.0896375], [-122.8678258, 49.0896078], [-122.8679345, 49.0895143], [-122.8679721, 49.0894977], [-122.8680203, 49.0895102], [-122.868204, 49.0895902], [-122.8687078, 49.0898293], [-122.8689144, 49.0899218], [-122.8690006, 49.0899515], [-122.869104, 49.0899723], [-122.8694877, 49.0899791], [-122.8697768, 49.0899527], [-122.869885, 49.0899608], [-122.869952, 49.0899874], [-122.8699951, 49.0899921], [-122.8701713, 49.0899819], [-122.8703441, 49.0899626], [-122.8704387, 49.089942], [-122.8705715, 49.089901], [-122.8707335, 49.0898405], [-122.8712621, 49.0895721], [-122.8713129, 49.0895516], [-122.8713606, 49.0895429], [-122.8714255, 49.089544], [-122.8715522, 49.089547], [-122.871697, 49.0895252], [-122.8719277, 49.0894777], [-122.8720435, 49.0894506], [-122.8721525, 49.0894441], [-122.8723013, 49.0894643], [-122.8724611, 49.0895062], [-122.8725857, 49.0895618], [-122.8726914, 49.0896193], [-122.8729119, 49.0897984], [-122.8731215, 49.0899176], [-122.8734339, 49.0900236], [-122.8736392, 49.09008], [-122.8737124, 49.0901045], [-122.8739443, 49.090204], [-122.8740399, 49.090253], [-122.8741098, 49.0903067], [-122.8741497, 49.0903768], [-122.8741804, 49.0904139], [-122.8742509, 49.0904455], [-122.8743714, 49.090472], [-122.8744101, 49.0904887], [-122.8745338, 49.0905923], [-122.874678, 49.0906983]]]}, "properties": {"boundary": "protected_area", "check_date": "2024-04-11", "description": "Scenic spot at Boundary Bay, a top Canadian birding area, with shorebirds and waterfowl.", "dog": "leashed", "leisure": "park", "name": "Mud Bay Park", "operator": "City of Surrey", "operator:type": "government", "operator:wikidata": "Q390583", "source": "City of Surrey 2011 GIS Data (ID: 92)", "surrey:objectid": "10824", "website": "https://www.surrey.ca/parks-recreation/parks/mud-bay-park", "osm_id": 96159802, "osm_type": "way"}}, {"type": "Feature", "geometry": {"type": "Polygon", "coordinates": [[[-122.8591935, 49.0418409], [-122.8593075, 49.0418041], [-122.8594158, 49.0417606], [-122.8595175, 49.0417108], [-122.8596117, 49.0416548], [-122.8596976, 49.0415934], [-122.8597744, 49.041527], [-122.8598417, 49.0414562], [-122.8598785, 49.0414563], [-122.8598768, 49.0419508], [-122.8601501, 49.0420592], [-122.8612854, 49.0420611], [-122.8614633, 49.0419446], [-122.8614638, 49.0417737], [-122.8609596, 49.0416581], [-122.8609711, 49.041623], [-122.861464, 49.0416839], [-122.8614654, 49.0411848], [-122.8616397, 49.0412081], [-122.861794, 49.041107], [-122.8617953, 49.0406665], [-122.8612652, 49.040652], [-122.8612696, 49.0406163], [-122.8617955, 49.0405766], [-122.861798, 49.0397234], [-122.8613127, 49.0396778], [-122.8613128, 49.0396418], [-122.8617982, 49.0396515], [-122.8617994, 49.0392379], [-122.8617513, 49.0391342], [-122.8617519, 49.0386129], [-122.86202, 49.0386134], [-122.8619918, 49.039028], [-122.8619895, 49.0398031], [-122.8620305, 49.0398301], [-122.8625334, 49.0398307], [-122.8625334, 49.0398582], [-122.8624807, 49.0398966], [-122.8624589, 49.0399336], [-122.8624547, 49.0399599], [-122.8624754, 49.0400172], [-122.8625004, 49.0400418], [-122.8625524, 49.04007], [-122.8626385, 49.040086], [-122.8624055, 49.040337], [-122.8622876, 49.0406941], [-122.8629568, 49.0407299], [-122.8629468, 49.0407696], [-122.8629566, 49.0408094], [-122.8622871, 49.0408435], [-122.8624025, 49.0412009], [-122.8647095, 49.0412039], [-122.8647588, 49.0413343], [-122.8634797, 49.0413327], [-122.8628028, 49.0413964], [-122.8622453, 49.0416568], [-122.8620649, 49.0420676], [-122.8620611, 49.0427892], [-122.8621916, 49.0429988], [-122.8625328, 49.0430302], [-122.8627303, 49.0427141], [-122.8627812, 49.0427231], [-122.8628511, 49.0427213], [-122.86285, 49.0430759], [-122.8630782, 49.043449], [-122.8629678, 49.0434847], [-122.8626916, 49.0431763], [-122.862318, 49.0433262], [-122.8620564, 49.0436925], [-122.8620469, 49.0456593], [-122.8618405, 49.0456593], [-122.8618497, 49.0439688], [-122.8619155, 49.0436886], [-122.8618246, 49.0432793], [-122.8615992, 49.0429764], [-122.8612869, 49.0426858], [-122.8609184, 49.0425355], [-122.8604911, 49.0423939], [-122.859684, 49.0423926], [-122.8595675, 49.0424734], [-122.8595665, 49.0427701], [-122.8591894, 49.0427696], [-122.8591935, 49.0418409]]]}, "properties": {"leisure": "park", "name": "Huntington Park", "natural": "wood", "source": "City of Surrey 2011 GIS Data (ID: 92)", "surrey:objectid": "27527", "osm_id": 96159967, "osm_type": "way"}}, {"type": "Feature", "geometry": {"type": "Polygon", "coordinates": [[[-122.8647607, 49.047669], [-122.8647599, 49.0478499], [-122.8644847, 49.0478499], [-122.8644786, 49.0493073], [-122.864453, 49.0493978], [-122.8672817, 49.0494738], [-122.8672774, 49.0513506], [-122.8672388, 49.0527947], [-122.8672116, 49.0528453], [-122.867138, 49.0529116], [-122.8669929, 49.0529673], [-122.866753, 49.0529974], [-122.86667, 49.0530055], [-122.8655476, 49.0531144], [-122.8649234, 49.0531979], [-122.8644675, 49.0533436], [-122.8639211, 49.0535493], [-122.8636403, 49.0536998], [-122.8633039, 49.0535461], [-122.8635461, 49.0533067], [-122.8632964, 49.0531485], [-122.8604133, 49.053135], [-122.8585374, 49.0531413], [-122.8564863, 49.0530341], [-122.856486, 49.0530006], [-122.8564712, 49.051178], [-122.8564716, 49.0511544], [-122.8564654, 49.0503497], [-122.8564601, 49.0496839], [-122.8564579, 49.0494011], [-122.8565955, 49.049401], [-122.8565733, 49.0464069], [-122.8632288, 49.0464086], [-122.863243, 49.0458744], [-122.8645022, 49.0458934], [-122.8644871, 49.047668], [-122.8647607, 49.047669]]]}, "properties": {"leisure": "park", "name": "Crescent Park", "source": "City of Surrey 2011 GIS Data (ID: 92)", "surrey:objectid": "64563", "osm_id": 96159968, "osm_type": "way"}}, {"type": "Feature", "geometry": {"type": "Polygon", "coordinates": [[[-122.8125548, 49.0526951], [-122.8125611, 49.045859], [-122.8125885, 49.0458411], [-122.8199958, 49.0458673], [-122.8229877, 49.0458779], [-122.823015, 49.0458959], [-122.8230067, 49.0470724], [-122.8229665, 49.0527375], [-122.822939, 49.0527555], [-122.8125823, 49.0527132], [-122.8125548, 49.0526951]]]}, "properties": {"addr:housenumber": "2598", "addr:street": "144 Street", "description": "Large urban forest preserving naturally regenerated woodland with Douglas-fir, salal, and forest habitat. Trails wind through the protected area, supporting birds, mammals, and native plants in a rare urban ecosystem.", "leisure": "park", "name": "Sunnyside Acres Urban Forest Park", "opening_hours": "sunrise-sunset", "operator": "City of Surrey", "operator:type": "government", "operator:wikidata": "Q390583", "source": "City of Surrey 2011 GIS Data (ID: 92)", "surrey:objectid": "12160", "website": "https://www.surrey.ca/parks-recreation/parks/sunnyside-acres-urban-forest-park", "osm_id": 96160689, "osm_type": "way"}}, {"type": "Feature", "geometry": {"type": "Polygon", "coordinates": [[[-122.8439888, 49.0466025], [-122.84399, 49.0469717], [-122.8439906, 49.0472029], [-122.8437781, 49.0472023], [-122.84334, 49.0472012], [-122.8414613, 49.0471961], [-122.8414569, 49.045868], [-122.8419017, 49.0458692], [-122.8439867, 49.0458748], [-122.8439888, 49.0466025]]]}, "properties": {"leisure": "park", "name": "Chantrell Creek Park", "source": "City of Surrey 2011 GIS Data (ID: 92)", "surrey:objectid": "30339", "osm_id": 96160864, "osm_type": "way"}}, {"type": "Feature", "geometry": {"type": "Polygon", "coordinates": [[[-122.8426923, 49.0334687], [-122.8432461, 49.0334674], [-122.8436261, 49.0334666], [-122.8439724, 49.0334658], [-122.8442572, 49.0332401], [-122.8442558, 49.0330274], [-122.8445499, 49.033029], [-122.8445477, 49.0334814], [-122.8447056, 49.0334849], [-122.8447093, 49.0338935], [-122.8452933, 49.0338925], [-122.845297, 49.0347664], [-122.842591, 49.0347694], [-122.8425737, 49.0336762], [-122.8424183, 49.0333393], [-122.8419864, 49.0333337], [-122.8419364, 49.033252], [-122.8421267, 49.033173], [-122.8422662, 49.0331448], [-122.8423635, 49.0331394], [-122.8425651, 49.0331397], [-122.8425661, 49.033195], [-122.8426923, 49.0334687]]]}, "properties": {"addr:housenumber": "1782", "addr:street": "136 Street", "description": "Small neighbourhood park with open green space and two recognized Douglas fir (Pseudotsuga menziesii) trees. A quiet local area for relaxation and enjoying mature landscape features.", "leisure": "park", "name": "Bell Park", "opening_hours": "sunrise-sunset", "operator": "City of Surrey", "operator:type": "government", "operator:wikidata": "Q390583", "source": "City of Surrey 2011 GIS Data (ID: 92)", "start_date": "1960", "website": "https://www.surrey.ca/parks-recreation/parks/bell-park", "osm_id": 96161894, "osm_type": "way"}}, {"type": "Feature", "geometry": {"type": "Polygon", "coordinates": [[[-122.8594341, 49.0348923], [-122.8599465, 49.0348944], [-122.8618411, 49.0349024], [-122.8618004, 49.034996], [-122.8617482, 49.0350871], [-122.8616847, 49.035175], [-122.8616104, 49.0352592], [-122.8615259, 49.035339], [-122.8613701, 49.0354552], [-122.861233, 49.0355272], [-122.8606362, 49.0357911], [-122.8604526, 49.035865], [-122.8602599, 49.0359285], [-122.8600598, 49.0359809], [-122.8598537, 49.0360219], [-122.8596429, 49.0360513], [-122.8594291, 49.0360687], [-122.8592139, 49.0360741], [-122.8592219, 49.0349117], [-122.859222, 49.0348914], [-122.8596061, 49.0346413], [-122.859722, 49.0346418], [-122.8594342, 49.0348654], [-122.8594341, 49.0348923]]]}, "properties": {"leisure": "park", "name": "Laronde Park", "source": "City of Surrey 2011 GIS Data (ID: 92)", "osm_id": 96161916, "osm_type": "way"}}, {"type": "Feature", "geometry": {"type": "Polygon", "coordinates": [[[-122.8731743, 49.0367887], [-122.873256, 49.0367907], [-122.8732369, 49.0371172], [-122.8744072, 49.0371507], [-122.874405, 49.0381775], [-122.8744044, 49.0384913], [-122.8744043, 49.0385353], [-122.8730727, 49.0385018], [-122.8731743, 49.0367887]]]}, "properties": {"leisure": "park", "name": "Ocean Cliff Park", "source": "City of Surrey 2011 GIS Data (ID: 92)", "surrey:objectid": "54657", "osm_id": 96162079, "osm_type": "way"}}, {"type": "Feature", "geometry": {"type": "Polygon", "coordinates": [[[-122.8825437, 49.0498239], [-122.8825276, 49.0498522], [-122.8824538, 49.049838], [-122.8820443, 49.0499452], [-122.8816064, 49.0501832], [-122.8813692, 49.0507315], [-122.8811937, 49.0509085], [-122.8811832, 49.0510011], [-122.8810942, 49.05103], [-122.8808014, 49.05064], [-122.8807829, 49.0505501], [-122.8809291, 49.0505216], [-122.8810219, 49.0504655], [-122.8809828, 49.0503103], [-122.8810278, 49.0501918], [-122.8812441, 49.0499869], [-122.8814159, 49.0497278], [-122.8815565, 49.0497607], [-122.8816761, 49.0497964], [-122.8819192, 49.0498311], [-122.8821164, 49.0498088], [-122.8824522, 49.0497431], [-122.8825754, 49.0497674], [-122.8825437, 49.0498239]]]}, "properties": {"leisure": "park", "name": "Bayview Park", "source": "City of Surrey 2011 GIS Data (ID: 92)", "surrey:objectid": "36955", "osm_id": 96163298, "osm_type": "way"}}, {"type": "Feature", "geometry": {"type": "Polygon", "coordinates": [[[-122.8735599, 49.0561334], [-122.8759254, 49.0550263], [-122.8763347, 49.0550021], [-122.8782185, 49.0541228], [-122.8786971, 49.0546546], [-122.8802607, 49.0553946], [-122.8805597, 49.0551347], [-122.8804599, 49.055085], [-122.8810635, 49.0545604], [-122.8816068, 49.0547919], [-122.8814367, 49.0549395], [-122.8813188, 49.0550434], [-122.8811005, 49.0552331], [-122.8802928, 49.0559417], [-122.8798925, 49.0561246], [-122.8797774, 49.0561833], [-122.8791956, 49.0561089], [-122.8777752, 49.0563094], [-122.8767737, 49.05624], [-122.8763181, 49.0560374], [-122.8758286, 49.0559188], [-122.8753814, 49.0559566], [-122.8738236, 49.0562825], [-122.8737688, 49.0563171], [-122.8736488, 49.0562777], [-122.8735599, 49.0561334]]]}, "properties": {"leisure": "park", "name": "Blackie Spit Park", "source": "City of Surrey 2011 GIS Data (ID: 92)", "surrey:objectid": "39249", "osm_id": 96163301, "osm_type": "way"}}, {"type": "Feature", "geometry": {"type": "Polygon", "coordinates": [[[-122.8797774, 49.0561833], [-122.8798992, 49.056131], [-122.8800518, 49.0562856], [-122.8799782, 49.0563496], [-122.8803723, 49.0565947], [-122.8806965, 49.0567664], [-122.8809758, 49.0569313], [-122.8811862, 49.0570653], [-122.881346, 49.0571973], [-122.8815184, 49.0572744], [-122.8816404, 49.0573922], [-122.8818032, 49.0574791], [-122.8819428, 49.0575837], [-122.8815941, 49.0577046], [-122.8817898, 49.0579303], [-122.881802, 49.0582079], [-122.8818092, 49.058372], [-122.8818203, 49.0586259], [-122.8833374, 49.0593889], [-122.8831312, 49.0595501], [-122.8831377, 49.0595922], [-122.8831228, 49.0596366], [-122.8830313, 49.0596768], [-122.8829867, 49.0596736], [-122.8825951, 49.0598113], [-122.8824462, 49.0598249], [-122.8816752, 49.0596199], [-122.8816962, 49.0596061], [-122.8816855, 49.0596028], [-122.8816758, 49.0595953], [-122.8817087, 49.0595731], [-122.8817067, 49.0595661], [-122.8816647, 49.0595577], [-122.8814124, 49.0595631], [-122.8812137, 49.0595922], [-122.8809189, 49.0596735], [-122.8805613, 49.0597125], [-122.8804878, 49.0597551], [-122.8804132, 49.0598247], [-122.8804079, 49.0598555], [-122.8801835, 49.0599468], [-122.8801185, 49.0598906], [-122.8799235, 49.0600186], [-122.8799193, 49.0601649], [-122.8798745, 49.0602595], [-122.8797333, 49.0603657], [-122.879636, 49.0604746], [-122.8793793, 49.0609115], [-122.8792233, 49.0612897], [-122.8791116, 49.0614903], [-122.8787956, 49.0616566], [-122.8785065, 49.0619376], [-122.8783138, 49.062024], [-122.8781284, 49.0620806], [-122.8780801, 49.0619242], [-122.8776757, 49.0622654], [-122.8773533, 49.0624238], [-122.8770781, 49.0625105], [-122.8766893, 49.0625952], [-122.8768334, 49.0624966], [-122.8769684, 49.0624641], [-122.8770188, 49.062404], [-122.8769757, 49.062336], [-122.8770315, 49.0622769], [-122.8771618, 49.0622166], [-122.877346, 49.0620269], [-122.877457, 49.0619992], [-122.8746232, 49.0575001], [-122.8744267, 49.0571881], [-122.8743645, 49.0571962], [-122.874142, 49.0571784], [-122.8741418, 49.0571405], [-122.8739451, 49.0570741], [-122.8738291, 49.0570232], [-122.8737179, 49.0569657], [-122.8736915, 49.0569727], [-122.873613, 49.0569364], [-122.8735548, 49.0568978], [-122.8735382, 49.0568577], [-122.8733198, 49.0568014], [-122.873201, 49.0568298], [-122.8729399, 49.0568264], [-122.8727169, 49.0567209], [-122.8725036, 49.0566906], [-122.8722852, 49.0567076], [-122.8722487, 49.0566939], [-122.8722755, 49.0566814], [-122.873292, 49.056207], [-122.8733291, 49.0562414], [-122.8735599, 49.0561334], [-122.8736488, 49.0562777], [-122.8737688, 49.0563171], [-122.8738236, 49.0562825], [-122.8753814, 49.0559566], [-122.8758286, 49.0559188], [-122.8763181, 49.0560374], [-122.8767737, 49.05624], [-122.8777752, 49.0563094], [-122.8791956, 49.0561089], [-122.8797774, 49.0561833]]]}, "properties": {"addr:housenumber": "3136", "addr:street": "McBride Avenue", "description": "Estuary park with tidal wetlands, shoreline trails, wildlife habitat, tennis courts and Surrey's only off-leash dog beach. Popular for bird watching, walking and recreation.", "leisure": "park", "name": "Blackie Spit Park", "opening_hours": "sunrise-sunset", "operator": "City of Surrey", "operator:type": "government", "operator:wikidata": "Q390583", "source": "City of Surrey 2011 GIS Data (ID: 92)", "website": "https://www.surrey.ca/parks-recreation/parks/blackie-spit-park", "osm_id": 96163307, "osm_type": "way"}}, {"type": "Feature", "geometry": {"type": "Polygon", "coordinates": [[[-122.8723077, 49.028059], [-122.8724764, 49.0281944], [-122.8726372, 49.0283338], [-122.8680441, 49.0283096], [-122.867969, 49.0283092], [-122.8676762, 49.0283077], [-122.8676763, 49.0254937], [-122.8683786, 49.0257264], [-122.8690505, 49.0259954], [-122.8696872, 49.026299], [-122.8702849, 49.0266352], [-122.8708394, 49.0270019], [-122.8723077, 49.028059]]]}, "properties": {"communication:amateur_radio:pota": "CA-5901", "description": "Coastal bluff park overlooking Semiahmoo Bay with views toward Tsawwassen, Vancouver Island, Gulf and the San Juan Islands. Features mature forest, walking paths, and natural trails through stands of fir, Douglas fir, and maple.", "dog": "leashed", "leisure": "park", "name": "Kwomais Point Park", "opening_hours": "sunrise-sunset", "operator": "City of Surrey", "operator:type": "government", "operator:wikidata": "Q390583", "source": "City of Surrey 2011 GIS Data (ID: 92)", "surrey:objectid": "42783", "website": "https://www.surrey.ca/parks-recreation/parks/kwomais-point-park", "osm_id": 96164320, "osm_type": "way"}}, {"type": "Feature", "geometry": {"type": "Polygon", "coordinates": [[[-122.8653425, 49.0293078], [-122.8653422, 49.0288384], [-122.8674017, 49.0288507], [-122.867411, 49.0296361], [-122.8653426, 49.0296299], [-122.8653426, 49.0296209], [-122.8652672, 49.0296209], [-122.8652013, 49.0296286], [-122.8651435, 49.0296507], [-122.865093, 49.0296945], [-122.8650763, 49.0297371], [-122.8650829, 49.0297809], [-122.8651119, 49.0298205], [-122.8651465, 49.0298446], [-122.8652051, 49.0298659], [-122.8652051, 49.0300194], [-122.864814, 49.0300166], [-122.8648139, 49.0293043], [-122.8653425, 49.0293078]]]}, "properties": {"addr:city": "Surrey", "addr:housenumber": "1472", "addr:street": "128 Street", "leisure": "park", "name": "Fun Fun Park", "operator": "City of Surrey", "operator:type": "government", "operator:wikidata": "Q390583", "source": "City of Surrey 2011 GIS Data (ID: 92)", "surrey:objectid": "66824", "osm_id": 96164322, "osm_type": "way"}}, {"type": "Feature", "geometry": {"type": "Polygon", "coordinates": [[[-122.8500872, 49.0311286], [-122.8509183, 49.031134], [-122.8509207, 49.0306034], [-122.8509906, 49.0304879], [-122.851075, 49.0303499], [-122.8512793, 49.0301986], [-122.8512837, 49.0292718], [-122.8509254, 49.0292707], [-122.8509279, 49.02894], [-122.850686, 49.028939], [-122.8506838, 49.0292701], [-122.8501049, 49.0292697], [-122.8500872, 49.0311286]]]}, "properties": {"leisure": "park", "name": "131B - Greenbelt", "source": "City of Surrey 2011 GIS Data (ID: 92)", "osm_id": 96164429, "osm_type": "way"}}, {"type": "Feature", "geometry": {"type": "Polygon", "coordinates": [[[-122.8585021, 49.0286069], [-122.8591302, 49.0286113], [-122.8591175, 49.0293753], [-122.8584896, 49.0293708], [-122.8585021, 49.0286069]]]}, "properties": {"leisure": "park", "name": "Ware Park", "source": "City of Surrey 2011 GIS Data (ID: 92)", "surrey:objectid": "7268", "osm_id": 96164503, "osm_type": "way"}}, {"type": "Feature", "geometry": {"type": "Polygon", "coordinates": [[[-122.8511293, 49.1109609], [-122.8503036, 49.1109578], [-122.8503232, 49.1100289], [-122.8506866, 49.1100301], [-122.8511488, 49.1100317], [-122.8511498, 49.1099864], [-122.8525266, 49.1099898], [-122.852516, 49.1104971], [-122.8525061, 49.1109691], [-122.8518176, 49.1109489], [-122.8511293, 49.1109609]]]}, "properties": {"addr:housenumber": "13380", "addr:street": "59B Avenue", "description": "Neighbourhood park with a playground, grassy picnic areas, sports field and paths connecting through the surrounding community. Includes a small grove of trees.", "leisure": "park", "name": "Aspen Park", "operator": "City of Surrey", "operator:type": "government", "operator:wikidata": "Q390583", "source": "City of Surrey 2011 GIS Data (ID: 92)", "osm_id": 96164729, "osm_type": "way"}}, {"type": "Feature", "geometry": {"type": "Polygon", "coordinates": [[[-122.8461376, 49.1130525], [-122.8468351, 49.1130078], [-122.8468917, 49.1127185], [-122.8469863, 49.1127189], [-122.847, 49.1127189], [-122.8470165, 49.1129591], [-122.847059, 49.1129884], [-122.8480274, 49.1130396], [-122.8483765, 49.1129126], [-122.8483739, 49.1130527], [-122.8483733, 49.1130799], [-122.8483644, 49.1135153], [-122.8485895, 49.1135681], [-122.8494105, 49.1135642], [-122.8497423, 49.1133749], [-122.8497853, 49.1134192], [-122.8498338, 49.1134609], [-122.849946, 49.1135357], [-122.8500088, 49.1135682], [-122.8501455, 49.1136225], [-122.8497199, 49.1136631], [-122.8497037, 49.1135947], [-122.8483625, 49.1136051], [-122.8483516, 49.1141435], [-122.8482468, 49.1141439], [-122.8455815, 49.1141533], [-122.8455851, 49.11371], [-122.8461321, 49.1137101], [-122.8461376, 49.1130525]]]}, "properties": {"addr:city": "Surrey", "addr:housenumber": "6115", "addr:province": "BC", "addr:street": "136 Street", "leisure": "park", "name": "North Ridge Park", "old_name": "Senator Reid Park", "opening_hours": "dawn-dusk", "operator": "City of Surrey", "operator:type": "government", "operator:wikidata": "Q390583", "source": "City of Surrey 2011 GIS Data (ID: 92)", "website": "https://www.surrey.ca/parks-recreation/parks/north-ridge-park", "osm_id": 96164734, "osm_type": "way"}}, {"type": "Feature", "geometry": {"type": "Polygon", "coordinates": [[[-122.8504811, 49.1153153], [-122.8497053, 49.1153179], [-122.8497141, 49.1148504], [-122.8500791, 49.1150021], [-122.8504875, 49.1150007], [-122.8504811, 49.1153153]]]}, "properties": {"leisure": "park", "name": "Senator Reid Park", "source": "City of Surrey 2011 GIS Data (ID: 92)", "surrey:objectid": "13297", "osm_id": 96164735, "osm_type": "way"}}, {"type": "Feature", "geometry": {"type": "Polygon", "coordinates": [[[-122.8231153, 49.1189569], [-122.8230468, 49.1190018], [-122.8178743, 49.1189978], [-122.8178828, 49.1172263], [-122.8205892, 49.1172238], [-122.8231341, 49.1172272], [-122.8231153, 49.1189569]]]}, "properties": {"leisure": "park", "name": "Sullivan Heights Park", "source": "City of Surrey 2011 GIS Data (ID: 92)", "surrey:objectid": "1939", "osm_id": 96164917, "osm_type": "way"}}, {"type": "Feature", "geometry": {"type": "Polygon", "coordinates": [[[-122.8342797, 49.1298331], [-122.8329606, 49.1298382], [-122.8329571, 49.129427], [-122.8322976, 49.1294295], [-122.832301, 49.1298406], [-122.8316419, 49.1298432], [-122.8316306, 49.1282132], [-122.8299328, 49.1282143], [-122.8289534, 49.128215], [-122.8289725, 49.1267739], [-122.8301976, 49.1267761], [-122.8301974, 49.1267624], [-122.8316174, 49.1267648], [-122.8316133, 49.1263163], [-122.8324554, 49.1263177], [-122.8326099, 49.1263223], [-122.8327631, 49.1263358], [-122.8329141, 49.1263579], [-122.8330614, 49.1263885], [-122.8332041, 49.1264274], [-122.8333413, 49.1264743], [-122.8334718, 49.1265287], [-122.8335945, 49.1265904], [-122.8337086, 49.1266588], [-122.8338132, 49.1267336], [-122.8339075, 49.1268138], [-122.833991, 49.1268993], [-122.8340628, 49.1269891], [-122.8341225, 49.1270827], [-122.8341696, 49.1271793], [-122.8342037, 49.1272783], [-122.8342246, 49.1273788], [-122.8342322, 49.1274801], [-122.8342426, 49.1287104], [-122.8342462, 49.1287845], [-122.8342716, 49.128932], [-122.8342852, 49.1289306], [-122.834326, 49.1290546], [-122.834384, 49.1291757], [-122.8344589, 49.1292928], [-122.83455, 49.1294048], [-122.8346452, 49.1295007], [-122.8347522, 49.1295912], [-122.8348705, 49.1296755], [-122.834999, 49.129753], [-122.8351368, 49.1298233], [-122.8352831, 49.1298858], [-122.8354367, 49.12994], [-122.8355968, 49.1299858], [-122.8345548, 49.1299945], [-122.8345535, 49.1298321], [-122.8342797, 49.1298331]]]}, "properties": {"addr:housenumber": "14069", "addr:street": "68 Avenue", "leisure": "park", "name": "Hazelnut Meadows Community Park", "website": "https://www.surrey.ca/parks-recreation/parks/hazelnut-meadows-community-park", "osm_id": 96164921, "osm_type": "way"}}, {"type": "Feature", "geometry": {"type": "Polygon", "coordinates": [[[-122.8609823, 49.1303334], [-122.8607295, 49.1303289], [-122.8605731, 49.1303262], [-122.8606789, 49.1300523], [-122.8608457, 49.130057], [-122.8609813, 49.1302347], [-122.8609823, 49.1303334]]]}, "properties": {"leisure": "park", "name": "Hayle Place Park", "source": "City of Surrey 2011 GIS Data (ID: 92)", "surrey:objectid": "26511", "osm_id": 96164925, "osm_type": "way"}}, {"type": "Feature", "geometry": {"type": "Polygon", "coordinates": [[[-122.8831117, 49.1211044], [-122.8831254, 49.1211045], [-122.8831216, 49.1228712], [-122.8819672, 49.1228599], [-122.8819691, 49.121086], [-122.8804285, 49.1210852], [-122.8804303, 49.1209974], [-122.8816989, 49.1210004], [-122.8816919, 49.1207284], [-122.8817155, 49.1207299], [-122.8817228, 49.1209993], [-122.8825231, 49.120996], [-122.8829035, 49.1210457], [-122.8830707, 49.1210473], [-122.8831119, 49.1210207], [-122.8831117, 49.1211044]]]}, "properties": {"addr:housenumber": "12270", "addr:street": "66 Avenue", "description": "Neighbourhood park with wooded areas, walking paths, picnic shelters and open grassy spaces. Includes a shared soccer field with Beaver Creek Elementary.", "leisure": "park", "name": "Beaver Creek Park", "operator": "City of Surrey", "operator:type": "government", "operator:wikidata": "Q390583", "source": "City of Surrey 2011 GIS Data (ID: 92)", "website": "https://www.surrey.ca/parks-recreation/parks/beaver-creek-park", "osm_id": 96164937, "osm_type": "way"}}, {"type": "Feature", "geometry": {"type": "Polygon", "coordinates": [[[-122.8874311, 49.1281461], [-122.8874307, 49.1291146], [-122.8848584, 49.1290838], [-122.8848653, 49.1294423], [-122.8847847, 49.1294324], [-122.884736, 49.1294376], [-122.8846907, 49.1294508], [-122.8846523, 49.1294711], [-122.8846229, 49.1294972], [-122.8846048, 49.1295273], [-122.8845989, 49.1295595], [-122.884595, 49.1293094], [-122.8833565, 49.1293008], [-122.8830707, 49.1297067], [-122.8820506, 49.1298141], [-122.8820442, 49.1290625], [-122.8818066, 49.1290601], [-122.8818052, 49.1282744], [-122.8818305, 49.1282951], [-122.8818881, 49.1283167], [-122.88197, 49.1283238], [-122.8820342, 49.1283125], [-122.8820887, 49.1282876], [-122.8821269, 49.128252], [-122.882142, 49.1282208], [-122.8821446, 49.1281881], [-122.8821278, 49.128146], [-122.8820901, 49.1281101], [-122.8820361, 49.1280848], [-122.884577, 49.1280975], [-122.8845549, 49.1267948], [-122.8848304, 49.1267968], [-122.8848401, 49.1281152], [-122.8874311, 49.1281461]]]}, "properties": {"leisure": "park", "name": "Cougar Creek Park", "source": "City of Surrey 2011 GIS Data (ID: 92)", "surrey:objectid": "44509", "osm_id": 96164938, "osm_type": "way"}}, {"type": "Feature", "geometry": {"type": "Polygon", "coordinates": [[[-122.8893884, 49.1310781], [-122.8849943, 49.1310272], [-122.8849764, 49.1305723], [-122.8850226, 49.1304519], [-122.8851531, 49.1303331], [-122.885272, 49.1302676], [-122.8854122, 49.1302293], [-122.8856016, 49.1301997], [-122.8870658, 49.1301957], [-122.8875864, 49.1301626], [-122.8875806, 49.1305699], [-122.8892194, 49.1305911], [-122.8893886, 49.1305933], [-122.8893884, 49.1310781]]]}, "properties": {"leisure": "park", "name": "Kabaddi Park", "source": "City of Surrey 2011 GIS Data (ID: 92)", "surrey:objectid": "78260", "osm_id": 96164940, "osm_type": "way"}}, {"type": "Feature", "geometry": {"type": "Polygon", "coordinates": [[[-122.8650572, 49.1131226], [-122.8650603, 49.1132745], [-122.8663432, 49.1132626], [-122.8663491, 49.1125674], [-122.8663301, 49.1124094], [-122.8663278, 49.1123886], [-122.8663175, 49.1123696], [-122.8662993, 49.1123411], [-122.866275, 49.11235], [-122.8661955, 49.1123841], [-122.8661406, 49.1124182], [-122.8660907, 49.1124748], [-122.8658512, 49.1124765], [-122.8656911, 49.1124776], [-122.8656826, 49.1122135], [-122.8656806, 49.1120798], [-122.8656799, 49.1119764], [-122.8656788, 49.1118886], [-122.8655144, 49.1118888], [-122.8652947, 49.1118907], [-122.8639592, 49.1119027], [-122.863912, 49.1119192], [-122.8637413, 49.1119191], [-122.8637415, 49.1119398], [-122.8637358, 49.1124627], [-122.8637356, 49.1124883], [-122.8637354, 49.1124981], [-122.8637308, 49.1130036], [-122.8643324, 49.1130576], [-122.8649802, 49.1131157], [-122.8650572, 49.1131226]]]}, "properties": {"addr:city": "Surrey", "addr:housenumber": "12863", "addr:province": "British Columbia", "addr:street": "60 Avenue", "leisure": "park", "name": "Panorama Park", "opening_hours": "sunrise-sunset", "operator": "City of Surrey", "operator:type": "government", "operator:wikidata": "Q390583", "source": "City of Surrey 2011 GIS Data (ID: 92)", "osm_id": 96164942, "osm_type": "way"}}, {"type": "Feature", "geometry": {"type": "Polygon", "coordinates": [[[-122.8767671, 49.119885], [-122.8767665, 49.1201525], [-122.8767643, 49.1210437], [-122.8760299, 49.121049], [-122.8760243, 49.1217112], [-122.8745702, 49.1217105], [-122.8745725, 49.1210242], [-122.8710315, 49.1209926], [-122.871038, 49.1192723], [-122.8767685, 49.1193286], [-122.8767671, 49.119885]]]}, "properties": {"leisure": "park", "name": "Tamanawis Park", "source": "City of Surrey 2011 GIS Data (ID: 92)", "surrey:objectid": "62250", "osm_id": 96164957, "osm_type": "way"}}, {"type": "Feature", "geometry": {"type": "Polygon", "coordinates": [[[-122.8444438, 49.1555876], [-122.8453185, 49.1555852], [-122.8453624, 49.1555851], [-122.8454451, 49.1556388], [-122.8454931, 49.1625576], [-122.8453141, 49.1626366], [-122.8448616, 49.1626377], [-122.8448613, 49.1625877], [-122.8445597, 49.1625883], [-122.84456, 49.1626383], [-122.8348508, 49.1626598], [-122.8348095, 49.1626329], [-122.8348055, 49.1555322], [-122.8377064, 49.1555267], [-122.8386241, 49.1554842], [-122.8424797, 49.155472], [-122.8428227, 49.1554711], [-122.8444431, 49.1554667], [-122.8444438, 49.1555876]]]}, "properties": {"addr:housenumber": "13750", "addr:street": "88 Avenue", "description": "Park with gardens, walking trails, sports facilities, outdoor pool, water park, playgrounds and the Surrey Arts Centre. Provides diverse recreation opportunities for the community.", "leisure": "park", "name": "Bear Creek Park", "operator": "City of Surrey", "operator:type": "government", "operator:wikidata": "Q390583", "source": "City of Surrey 2011 GIS Data (ID: 92)", "surrey:objectid": "314564", "website": "https://www.surrey.ca/parks-recreation/parks/bear-creek-park", "osm_id": 96279325, "osm_type": "way"}}, {"type": "Feature", "geometry": {"type": "Polygon", "coordinates": [[[-122.8401545, 49.1553879], [-122.8376144, 49.1553948], [-122.8376119, 49.1549663], [-122.8371094, 49.1549839], [-122.8368659, 49.1549837], [-122.836858, 49.1545573], [-122.834798, 49.1545596], [-122.8347797, 49.1543187], [-122.8348091, 49.1541837], [-122.8348053, 49.1534728], [-122.8375071, 49.1534632], [-122.8373491, 49.1533764], [-122.8373, 49.1532652], [-122.8372113, 49.1531994], [-122.8370073, 49.1531055], [-122.8365579, 49.1530258], [-122.8362548, 49.1528268], [-122.8362748, 49.1527778], [-122.8362871, 49.1527335], [-122.8368, 49.1527403], [-122.8370063, 49.1524567], [-122.837004, 49.1521827], [-122.8363838, 49.1518382], [-122.8347949, 49.1518435], [-122.8347898, 49.1509542], [-122.8347787, 49.1501493], [-122.8348504, 49.1499337], [-122.8348417, 49.1494536], [-122.8355075, 49.1498381], [-122.8359832, 49.1498174], [-122.8361359, 49.1499012], [-122.8364997, 49.1497614], [-122.8365553, 49.1498173], [-122.8362468, 49.1499621], [-122.8365215, 49.1501128], [-122.8366799, 49.1502132], [-122.8368072, 49.1503201], [-122.8369341, 49.1504665], [-122.8373461, 49.1503615], [-122.8373577, 49.1503914], [-122.8373799, 49.1504186], [-122.8370324, 49.1505936], [-122.8372078, 49.1508202], [-122.8374762, 49.1507191], [-122.8377344, 49.150808], [-122.8378373, 49.1508828], [-122.8379477, 49.1508183], [-122.8380439, 49.1505967], [-122.8381469, 49.1505037], [-122.8383933, 49.1504076], [-122.8388475, 49.1502685], [-122.8390078, 49.1502346], [-122.8391731, 49.1502076], [-122.8395132, 49.1501672], [-122.8397284, 49.1501131], [-122.8401195, 49.1499188], [-122.8401345, 49.1508878], [-122.8401384, 49.1518251], [-122.8380326, 49.1518398], [-122.838017, 49.1525279], [-122.8381135, 49.1527359], [-122.840193, 49.1527072], [-122.8401593, 49.1536437], [-122.842869, 49.1536346], [-122.8428652, 49.1538546], [-122.8428467, 49.1549323], [-122.8428397, 49.1553823], [-122.8401545, 49.1553879]]]}, "properties": {"leisure": "park", "name": "Bear Creek Park", "source": "City of Surrey 2011 GIS Data (ID: 92)", "osm_id": 96279327, "osm_type": "way"}}, {"type": "Feature", "geometry": {"type": "Polygon", "coordinates": [[[-122.8293247, 49.1480396], [-122.8295046, 49.1480745], [-122.8302844, 49.1479076], [-122.830802, 49.1481082], [-122.8314022, 49.1481442], [-122.8319117, 49.1480056], [-122.8321191, 49.1478498], [-122.8321304, 49.1481749], [-122.832371, 49.1482895], [-122.8325922, 49.1483024], [-122.8326254, 49.148793], [-122.8326988, 49.149145], [-122.8335412, 49.1493179], [-122.8344037, 49.1494437], [-122.834409, 49.1505688], [-122.8329212, 49.1505723], [-122.8317526, 49.1501284], [-122.8320296, 49.1500892], [-122.8316581, 49.149554], [-122.8312242, 49.1491695], [-122.830963, 49.1491525], [-122.8307383, 49.1492033], [-122.830515, 49.1493476], [-122.8302949, 49.1493706], [-122.830043, 49.1493496], [-122.829896, 49.14933], [-122.8296345, 49.149315], [-122.8293269, 49.149293], [-122.8290465, 49.1492695], [-122.8290458, 49.1496839], [-122.8289546, 49.1496858], [-122.8289553, 49.1492169], [-122.8284658, 49.149121], [-122.8283161, 49.1490653], [-122.8281948, 49.1490961], [-122.8280574, 49.149015], [-122.8278774, 49.1487376], [-122.8278784, 49.1480332], [-122.827541, 49.1479057], [-122.8274081, 49.1476528], [-122.827175, 49.1476899], [-122.8268674, 49.1478406], [-122.8260364, 49.1480726], [-122.8257161, 49.1482736], [-122.825625, 49.1482374], [-122.8260192, 49.1479901], [-122.825887, 49.1479032], [-122.8254792, 49.1479043], [-122.8254776, 49.1476551], [-122.8257278, 49.1475088], [-122.8257157, 49.1473632], [-122.8257427, 49.1472174], [-122.8256659, 49.1470719], [-122.8255376, 49.1469804], [-122.825432, 49.1469272], [-122.8253718, 49.146657], [-122.8253184, 49.1465612], [-122.8253028, 49.1464432], [-122.8252512, 49.1463982], [-122.8247978, 49.1464001], [-122.8248062, 49.146625], [-122.8247549, 49.1466305], [-122.8247076, 49.1466448], [-122.8244445, 49.1463747], [-122.8235927, 49.1463785], [-122.8235876, 49.1456125], [-122.823615, 49.1456125], [-122.8241377, 49.1459383], [-122.8243879, 49.1459113], [-122.8245729, 49.1458223], [-122.824655, 49.145665], [-122.8247495, 49.145611], [-122.8249715, 49.1455696], [-122.825295, 49.1456011], [-122.8256959, 49.1457849], [-122.825692, 49.1454855], [-122.8260537, 49.1454837], [-122.8260702, 49.1455859], [-122.8261166, 49.145684], [-122.8258205, 49.1457391], [-122.825696, 49.1458234], [-122.8256973, 49.1459446], [-122.8261912, 49.1463775], [-122.8287596, 49.1463559], [-122.8287578, 49.1460139], [-122.8284328, 49.1455748], [-122.8281487, 49.1454736], [-122.8278417, 49.145475], [-122.8278393, 49.145352], [-122.8278636, 49.1451549], [-122.827917, 49.145092], [-122.827989, 49.1449679], [-122.8273898, 49.1449395], [-122.8273372, 49.1449154], [-122.8280013, 49.1449469], [-122.8279336, 49.1445897], [-122.8280143, 49.1445893], [-122.8280116, 49.1443936], [-122.8279416, 49.144134], [-122.8281061, 49.1441332], [-122.8279078, 49.1436808], [-122.8274979, 49.1433413], [-122.8269573, 49.1430138], [-122.8264399, 49.1428022], [-122.8263988, 49.1428024], [-122.8262634, 49.1431371], [-122.8262292, 49.1431372], [-122.8263736, 49.1427811], [-122.826753, 49.1427789], [-122.8266395, 49.1426911], [-122.8264512, 49.1427024], [-122.8263186, 49.1425642], [-122.8264907, 49.1423887], [-122.826396, 49.1423084], [-122.8260801, 49.1422858], [-122.8262038, 49.1420889], [-122.8257366, 49.1418768], [-122.8245011, 49.1418847], [-122.8244705, 49.1417577], [-122.8245576, 49.1415906], [-122.8245548, 49.1415525], [-122.8244558, 49.1415035], [-122.8243448, 49.1413365], [-122.8243097, 49.1412065], [-122.8242214, 49.1410697], [-122.8268894, 49.1410532], [-122.8270032, 49.1411447], [-122.8279792, 49.1418344], [-122.8279973, 49.1418631], [-122.8259545, 49.1418755], [-122.8263587, 49.1420589], [-122.8262601, 49.1422158], [-122.8264627, 49.1422302], [-122.8266445, 49.1423844], [-122.8264676, 49.1425647], [-122.8265165, 49.1426157], [-122.8266931, 49.142605], [-122.8269166, 49.142778], [-122.8279204, 49.1427721], [-122.8278849, 49.1427152], [-122.8279225, 49.1426911], [-122.8286283, 49.142687], [-122.8284697, 49.1424316], [-122.8285437, 49.1424015], [-122.8288221, 49.1426763], [-122.8288227, 49.1427668], [-122.8281779, 49.1427706], [-122.8281159, 49.143065], [-122.8284734, 49.1436776], [-122.8289658, 49.1436749], [-122.8289822, 49.1477782], [-122.8293247, 49.1480396]]]}, "properties": {"leisure": "park", "name": "John Tompson Park", "source": "City of Surrey 2011 GIS Data (ID: 92)", "osm_id": 96280724, "osm_type": "way"}}, {"type": "Feature", "geometry": {"type": "Polygon", "coordinates": [[[-122.8273698, 49.1386705], [-122.8274845, 49.1385523], [-122.8275602, 49.1384737], [-122.8277633, 49.1382161], [-122.8277541, 49.1383366], [-122.8275945, 49.138669], [-122.8275397, 49.1386695], [-122.8273907, 49.1391227], [-122.8271763, 49.1391247], [-122.8271362, 49.1391662], [-122.826955, 49.1392515], [-122.8268016, 49.1392843], [-122.8266688, 49.1392886], [-122.8265955, 49.1393005], [-122.8265038, 49.1393334], [-122.8264694, 49.1393634], [-122.826412, 49.1393904], [-122.8263501, 49.1394323], [-122.8263224, 49.1395074], [-122.8263199, 49.1395539], [-122.8263399, 49.1397108], [-122.8263258, 49.1398144], [-122.8262997, 49.1398848], [-122.826145, 49.1400384], [-122.82624, 49.1400386], [-122.8261318, 49.1403327], [-122.8261095, 49.1405419], [-122.8261408, 49.1407506], [-122.826193, 49.1408769], [-122.824141, 49.1408894], [-122.8241344, 49.1407947], [-122.8241812, 49.1406366], [-122.8243929, 49.1404715], [-122.8246931, 49.1403598], [-122.8249096, 49.1403064], [-122.8252784, 49.1401693], [-122.8253876, 49.1400666], [-122.8256212, 49.1399413], [-122.8258068, 49.1397781], [-122.8260252, 49.1392535], [-122.8261295, 49.1391989], [-122.8263896, 49.1388144], [-122.8263896, 49.1386794], [-122.8273698, 49.1386705]]]}, "properties": {"leisure": "park", "name": "John Tompson Park", "source": "City of Surrey 2011 GIS Data (ID: 92)", "osm_id": 96281194, "osm_type": "way"}}, {"type": "Feature", "geometry": {"type": "Polygon", "coordinates": [[[-122.8275665, 49.1377654], [-122.826811, 49.1377721], [-122.823499, 49.1378019], [-122.8234952, 49.1373497], [-122.8234907, 49.1369877], [-122.8241591, 49.1369817], [-122.824157, 49.1367555], [-122.823518, 49.1367614], [-122.8235191, 49.1364441], [-122.8260049, 49.1364284], [-122.8259977, 49.136965], [-122.8262472, 49.1369628], [-122.8275712, 49.1369512], [-122.8275684, 49.136408], [-122.8275228, 49.1364083], [-122.827928, 49.135869], [-122.8279926, 49.1353082], [-122.8281034, 49.1353172], [-122.8282545, 49.135317], [-122.8284232, 49.135304], [-122.8284407, 49.1355652], [-122.82831, 49.1364014], [-122.8281701, 49.136946], [-122.8280364, 49.1369471], [-122.827943, 49.1371117], [-122.8276689, 49.1375942], [-122.8276901, 49.1379178], [-122.8277716, 49.1380972], [-122.8277633, 49.1382161], [-122.8276677, 49.1379452], [-122.8275665, 49.1377654]]]}, "properties": {"leisure": "park", "name": "Nichol Estates Park", "source": "City of Surrey 2011 GIS Data (ID: 92)", "osm_id": 96281267, "osm_type": "way"}}, {"type": "Feature", "geometry": {"type": "Polygon", "coordinates": [[[-122.8323083, 49.1369299], [-122.8320373, 49.1370118], [-122.8317848, 49.1371321], [-122.8312235, 49.137188], [-122.8314376, 49.1373983], [-122.8313832, 49.1374258], [-122.8308306, 49.1373275], [-122.8304126, 49.137329], [-122.8304112, 49.1371682], [-122.8308292, 49.1371667], [-122.8308271, 49.1369135], [-122.8311089, 49.1370011], [-122.8317323, 49.1369989], [-122.8320595, 49.1367999], [-122.8320554, 49.1363101], [-122.8316169, 49.1363117], [-122.8316167, 49.1362892], [-122.8320552, 49.1362876], [-122.83205, 49.1356616], [-122.8322719, 49.1356608], [-122.8322696, 49.1353766], [-122.8326212, 49.1353794], [-122.8326911, 49.1353915], [-122.8327568, 49.1354116], [-122.832816, 49.1354389], [-122.8325094, 49.1355375], [-122.8325197, 49.1368682], [-122.8323083, 49.1369299]]]}, "properties": {"leisure": "park", "name": "Todd Crescent Park", "source": "City of Surrey 2011 GIS Data (ID: 92)", "osm_id": 96281512, "osm_type": "way"}}, {"type": "Feature", "geometry": {"type": "Polygon", "coordinates": [[[-122.8304851, 49.1419174], [-122.8304962, 49.1419087], [-122.8305286, 49.1418685], [-122.8305386, 49.1418351], [-122.830853, 49.1418331], [-122.8308588, 49.1422305], [-122.8304851, 49.1419174]]]}, "properties": {"leisure": "park", "name": "Goodrich Place Park", "source": "City of Surrey 2011 GIS Data (ID: 92)", "surrey:objectid": "11389", "osm_id": 96286015, "osm_type": "way"}}, {"type": "Feature", "geometry": {"type": "Polygon", "coordinates": [[[-122.8635595, 49.1322268], [-122.8636204, 49.1322935], [-122.8636229, 49.1325753], [-122.8634142, 49.1325761], [-122.8634113, 49.1322659], [-122.8635595, 49.1322268]]]}, "properties": {"leisure": "park", "name": "Puss in Boots Park", "source": "City of Surrey 2011 GIS Data (ID: 92)", "surrey:objectid": "57755", "osm_id": 96286329, "osm_type": "way"}}, {"type": "Feature", "geometry": {"type": "Polygon", "coordinates": [[[-122.832425, 49.1306794], [-122.8324258, 49.130761], [-122.8324287, 49.1310781], [-122.8316541, 49.1312583], [-122.8316491, 49.1306823], [-122.832425, 49.1306794]]]}, "properties": {"addr:housenumber": "7055", "addr:street": "141 Street", "description": "Small neighbourhood green space with a grassy area.", "leisure": "park", "name": "Arbutus Park", "operator": "City of Surrey", "operator:type": "government", "operator:wikidata": "Q390583", "source": "City of Surrey 2011 GIS Data (ID: 92)", "start_date": "1958", "surrey:objectid": "2596", "osm_id": 96286332, "osm_type": "way"}}, {"type": "Feature", "geometry": {"type": "Polygon", "coordinates": [[[-122.838441, 49.1417976], [-122.8384199, 49.140801], [-122.835818, 49.1408221], [-122.8358138, 49.1403604], [-122.8400403, 49.1403237], [-122.8403139, 49.1405587], [-122.8404953, 49.1406804], [-122.8407256, 49.140794], [-122.8409546, 49.1408695], [-122.8412691, 49.1409413], [-122.8412585, 49.1409982], [-122.8405754, 49.1410182], [-122.8401909, 49.1411447], [-122.840216, 49.1417998], [-122.8399709, 49.1418054], [-122.8399882, 49.1426152], [-122.8384482, 49.1426203], [-122.8384472, 49.1425087], [-122.8384416, 49.1418664], [-122.838441, 49.1417976]]]}, "properties": {"addr:housenumber": "13828", "addr:street": "77 Avenue", "leisure": "park", "name": "Frank Hurt Park", "osm_id": 96287170, "osm_type": "way"}}, {"type": "Feature", "geometry": {"type": "Polygon", "coordinates": [[[-122.825816, 49.1616513], [-122.8258146, 49.1618959], [-122.8258141, 49.1619805], [-122.8258697, 49.1622984], [-122.8259953, 49.1622975], [-122.8259968, 49.1623964], [-122.8255214, 49.1623997], [-122.825504, 49.1615713], [-122.8249567, 49.1615674], [-122.8249556, 49.1615314], [-122.8255021, 49.1615353], [-122.8254712, 49.1609679], [-122.8252334, 49.1605064], [-122.8252514, 49.1603211], [-122.8252035, 49.1602778], [-122.8252028, 49.1601466], [-122.8252839, 49.1601576], [-122.8255738, 49.1601621], [-122.8256548, 49.1603975], [-122.8258937, 49.1606417], [-122.8259235, 49.1609652], [-122.8258165, 49.1615578], [-122.825816, 49.1616513]]]}, "properties": {"leisure": "park", "name": "42B - Greenbelt", "source": "City of Surrey 2011 GIS Data (ID: 92)", "osm_id": 96288556, "osm_type": "way"}}, {"type": "Feature", "geometry": {"type": "Polygon", "coordinates": [[[-122.828632, 49.1892024], [-122.8283743, 49.1892037], [-122.8281234, 49.189205], [-122.8278181, 49.189224], [-122.8278249, 49.1882578], [-122.8286408, 49.1882555], [-122.828641, 49.1882322], [-122.8286451, 49.1877823], [-122.8286015, 49.1877819], [-122.828588, 49.187751], [-122.8285631, 49.1877233], [-122.8285662, 49.1873887], [-122.8282725, 49.1873896], [-122.8282223, 49.1870421], [-122.828572, 49.1869037], [-122.8285725, 49.1868432], [-122.8286548, 49.1868441], [-122.8286445, 49.1876697], [-122.8305189, 49.1876576], [-122.8305266, 49.1880848], [-122.8312584, 49.1880805], [-122.8312544, 49.1887154], [-122.828908, 49.1887276], [-122.8289064, 49.1890257], [-122.8287472, 49.1890647], [-122.828743, 49.189513], [-122.8286302, 49.1895135], [-122.8286318, 49.1892331], [-122.828632, 49.1892024]]]}, "properties": {"leisure": "park", "name": "Cedar Grove Park", "source": "City of Surrey 2011 GIS Data (ID: 92)", "osm_id": 96290001, "osm_type": "way"}}, {"type": "Feature", "geometry": {"type": "Polygon", "coordinates": [[[-122.8513874, 49.1838165], [-122.8514468, 49.1839051], [-122.851522, 49.1839925], [-122.851611, 49.1840738], [-122.8516948, 49.1841337], [-122.851802, 49.1842006], [-122.8519467, 49.1842803], [-122.8520845, 49.1843773], [-122.8520274, 49.1843767], [-122.8520259, 49.1844479], [-122.8520096, 49.1852051], [-122.851993, 49.1859794], [-122.851992, 49.186027], [-122.8516491, 49.1859069], [-122.8512541, 49.1857686], [-122.8510946, 49.1857127], [-122.8505763, 49.1855314], [-122.8504344, 49.185482], [-122.8503825, 49.1854639], [-122.8501355, 49.1853753], [-122.8498152, 49.1852613], [-122.8496535, 49.185199], [-122.8495048, 49.1851379], [-122.8478685, 49.1844568], [-122.8476418, 49.1843741], [-122.84751, 49.1843243], [-122.847404, 49.1842921], [-122.8472219, 49.1842532], [-122.8471604, 49.1842393], [-122.8470807, 49.1842309], [-122.8469274, 49.1842107], [-122.8468122, 49.1842049], [-122.8459203, 49.1842005], [-122.845786, 49.184198], [-122.845736, 49.1841886], [-122.8457063, 49.1841722], [-122.8456904, 49.1841593], [-122.8456672, 49.184141], [-122.8456648, 49.1841146], [-122.8456979, 49.1839657], [-122.8457047, 49.1839323], [-122.845718, 49.1838477], [-122.845718, 49.1836803], [-122.8457129, 49.1834959], [-122.8457104, 49.1834063], [-122.845706, 49.1832323], [-122.845705, 49.183127], [-122.8457147, 49.1831], [-122.8457316, 49.1830793], [-122.8457569, 49.1830637], [-122.8457931, 49.1830538], [-122.8458275, 49.1830502], [-122.8459106, 49.1830509], [-122.8459939, 49.1830516], [-122.8468111, 49.1830497], [-122.8468256, 49.1830488], [-122.8468688, 49.1830336], [-122.8468829, 49.1830327], [-122.8470145, 49.1830325], [-122.8470675, 49.1830275], [-122.8471151, 49.1830169], [-122.8471573, 49.1830018], [-122.8471828, 49.1829875], [-122.8471966, 49.1829797], [-122.8472051, 49.1829727], [-122.84723, 49.182952], [-122.8472532, 49.1829193], [-122.8472654, 49.1828875], [-122.8472893, 49.1827414], [-122.8472939, 49.1827125], [-122.8473012, 49.1826848], [-122.8473046, 49.1826786], [-122.8473136, 49.1826623], [-122.8473342, 49.1826466], [-122.8473497, 49.18264], [-122.8473561, 49.1826372], [-122.8474012, 49.1826213], [-122.8474284, 49.1826029], [-122.8474493, 49.1825808], [-122.8474669, 49.1825575], [-122.8474811, 49.1825381], [-122.8475019, 49.1825214], [-122.8475351, 49.1825075], [-122.8475524, 49.1825046], [-122.8475702, 49.1825017], [-122.8476069, 49.1824995], [-122.8478669, 49.1824982], [-122.8478671, 49.1825123], [-122.8481243, 49.1824969], [-122.8483652, 49.1824958], [-122.8486232, 49.1824945], [-122.848881, 49.1824932], [-122.8492044, 49.1824917], [-122.8501592, 49.182487], [-122.8505571, 49.1824871], [-122.8511507, 49.1824837], [-122.8511839, 49.1824854], [-122.8512141, 49.1824926], [-122.851241, 49.1825043], [-122.8512613, 49.1825204], [-122.8512728, 49.1825376], [-122.8512776, 49.1825568], [-122.851283, 49.1829116], [-122.8512874, 49.1834524], [-122.8512897, 49.1835197], [-122.8513018, 49.183595], [-122.8513208, 49.1836661], [-122.8513457, 49.183733], [-122.8513874, 49.1838165]]]}, "properties": {"addr:housenumber": "13428", "addr:street": "Old Yale Road", "internet_access": "wlan", "internet_access:fee": "no", "leisure": "park", "name": "Holland Park", "source": "City of Surrey 2011 GIS Data (ID: 92)", "wikidata": "Q38251760", "wikipedia:en": "Holland Park, Surrey", "osm_id": 96328565, "osm_type": "way"}}, {"type": "Feature", "geometry": {"type": "Polygon", "coordinates": [[[-122.8727621, 49.1375713], [-122.8727723, 49.1402027], [-122.8720726, 49.1401997], [-122.870725, 49.1401939], [-122.8701092, 49.1401912], [-122.8693266, 49.1401879], [-122.8688097, 49.1401856], [-122.8680847, 49.1401825], [-122.8680278, 49.135393], [-122.8686439, 49.1353962], [-122.8686437, 49.1354367], [-122.8693189, 49.1354382], [-122.8693221, 49.1348177], [-122.870007, 49.1348192], [-122.8700089, 49.1348782], [-122.8713855, 49.1348783], [-122.8713855, 49.1348268], [-122.8727721, 49.134831], [-122.8734558, 49.1348331], [-122.8734546, 49.1358123], [-122.8734524, 49.1375723], [-122.8727621, 49.1375713]]]}, "properties": {"addr:city": "Surrey", "addr:housenumber": "7395", "addr:province": "BC", "addr:street": "128 Street", "leisure": "park", "name": "Newton Athletic Park", "website": "https://www.surrey.ca/parks-recreation/parks/newton-athletic-park", "osm_id": 96328671, "osm_type": "way"}}, {"type": "Feature", "geometry": {"type": "Polygon", "coordinates": [[[-122.8514753, 49.1526528], [-122.8514752, 49.1517293], [-122.8540943, 49.1517168], [-122.8540915, 49.1509346], [-122.8544359, 49.1511602], [-122.8546551, 49.1511595], [-122.8546566, 49.1513563], [-122.8550403, 49.1513545], [-122.8550409, 49.1514355], [-122.8546571, 49.1514371], [-122.8546625, 49.1522047], [-122.8550462, 49.152203], [-122.8550593, 49.1522838], [-122.854663, 49.1522857], [-122.8548318, 49.1526185], [-122.8548156, 49.1527172], [-122.8541776, 49.1527201], [-122.8539089, 49.1526464], [-122.8529319, 49.1527027], [-122.852932, 49.1530362], [-122.8528958, 49.1530403], [-122.8528931, 49.152707], [-122.8521406, 49.1527402], [-122.8519108, 49.1527151], [-122.8514753, 49.1526528]]]}, "properties": {"leisure": "park", "name": "Dominion Park", "source": "City of Surrey 2011 GIS Data (ID: 92)", "osm_id": 96328773, "osm_type": "way"}}, {"type": "Feature", "geometry": {"type": "Polygon", "coordinates": [[[-122.8656658, 49.1940019], [-122.8659766, 49.1944966], [-122.8660903, 49.1948446], [-122.8635911, 49.1948434], [-122.8635912, 49.1952302], [-122.8623651, 49.1952312], [-122.8594894, 49.1952511], [-122.8595009, 49.1943216], [-122.8594223, 49.194322], [-122.8594421, 49.1935314], [-122.8594633, 49.1917962], [-122.8594655, 49.1917664], [-122.8633295, 49.1917758], [-122.8635912, 49.1920199], [-122.8635911, 49.1920479], [-122.8636213, 49.1920481], [-122.8650933, 49.1934206], [-122.8656658, 49.1940019]]]}, "properties": {"leisure": "park", "name": "Royal Kwantlen Park", "source": "City of Surrey 2011 GIS Data (ID: 92)", "surrey:objectid": "16491", "osm_id": 96328804, "osm_type": "way"}}, {"type": "Feature", "geometry": {"type": "Polygon", "coordinates": [[[-122.8645357, 49.1685619], [-122.8647601, 49.1686352], [-122.865123, 49.168754], [-122.8643659, 49.1687614], [-122.864371, 49.1703542], [-122.8641202, 49.1703573], [-122.8641215, 49.1707465], [-122.8635868, 49.170753], [-122.8633733, 49.1707607], [-122.8631612, 49.1707788], [-122.8629518, 49.170807], [-122.8627468, 49.1699506], [-122.8622843, 49.1690781], [-122.8641768, 49.1686094], [-122.8644986, 49.1685746], [-122.8645357, 49.1685619]]]}, "properties": {"leisure": "park", "name": "William Beagle Park", "source": "City of Surrey 2011 GIS Data (ID: 92)", "surrey:objectid": "2627", "osm_id": 96329121, "osm_type": "way"}}, {"type": "Feature", "geometry": {"type": "Polygon", "coordinates": [[[-122.8610603, 49.2047629], [-122.8610659, 49.2055664], [-122.8601177, 49.2055642], [-122.8601155, 49.2057134], [-122.8601082, 49.2061917], [-122.8592411, 49.2061874], [-122.8582864, 49.2061817], [-122.8582364, 49.2047518], [-122.8610603, 49.2047629]]]}, "properties": {"leisure": "park", "name": "Poplar Park", "source": "City of Surrey 2011 GIS Data (ID: 92)", "surrey:objectid": "36004", "osm_id": 96777505, "osm_type": "way"}}, {"type": "Feature", "geometry": {"type": "Polygon", "coordinates": [[[-122.8490489, 49.1972795], [-122.8489251, 49.1971679], [-122.8489255, 49.1969192], [-122.8489278, 49.1966992], [-122.8489048, 49.1966196], [-122.848892, 49.1965486], [-122.8488641, 49.1964559], [-122.8488285, 49.1963801], [-122.848781, 49.1963051], [-122.8487073, 49.1962165], [-122.8486401, 49.1961484], [-122.8485685, 49.1960767], [-122.8484894, 49.1959983], [-122.8484408, 49.1959451], [-122.8483887, 49.1958801], [-122.8483447, 49.1958047], [-122.8483151, 49.1957326], [-122.8482949, 49.1956609], [-122.8482894, 49.1956024], [-122.8482906, 49.195341], [-122.848294, 49.1946155], [-122.8482985, 49.194596], [-122.8483092, 49.1945796], [-122.8483273, 49.1945611], [-122.848352, 49.1945483], [-122.8483838, 49.194539], [-122.8484113, 49.1945373], [-122.8505185, 49.1945539], [-122.8506109, 49.1949448], [-122.8507025, 49.1949454], [-122.8506926, 49.196713], [-122.850685, 49.196713], [-122.8506824, 49.1972487], [-122.850614, 49.1972931], [-122.8490489, 49.1972795]]]}, "properties": {"leisure": "park", "name": "Tom Binnie Park", "source": "City of Surrey 2011 GIS Data (ID: 92)", "surrey:objectid": "326076", "osm_id": 96778018, "osm_type": "way"}}, {"type": "Feature", "geometry": {"type": "Polygon", "coordinates": [[[-122.8177454, 49.2131259], [-122.8172993, 49.2133299], [-122.8166145, 49.2130472], [-122.8170391, 49.2129598], [-122.8174326, 49.2127932], [-122.8176053, 49.2126541], [-122.8176913, 49.2123286], [-122.8177056, 49.2121338], [-122.817686, 49.2120605], [-122.8176753, 49.2118658], [-122.8176808, 49.2116351], [-122.8175457, 49.2115978], [-122.8174148, 49.2115546], [-122.8176148, 49.2113972], [-122.8178061, 49.2112351], [-122.8179885, 49.2110686], [-122.8181484, 49.2109016], [-122.8182226, 49.2108065], [-122.8177541, 49.2105276], [-122.8175398, 49.2103844], [-122.8173523, 49.2102452], [-122.8171297, 49.2100598], [-122.8169257, 49.2098654], [-122.8167444, 49.2096675], [-122.816666, 49.2095728], [-122.816361, 49.2091713], [-122.8160926, 49.2087588], [-122.8158617, 49.2083366], [-122.8158171, 49.2082448], [-122.8155816, 49.2077227], [-122.8154499, 49.2074799], [-122.8172864, 49.2067941], [-122.817164, 49.2066717], [-122.8170689, 49.2065855], [-122.8173935, 49.206433], [-122.8174654, 49.2063467], [-122.8176127, 49.2062751], [-122.8180343, 49.2060156], [-122.8188643, 49.2060195], [-122.8189728, 49.2058483], [-122.8189667, 49.2055741], [-122.8193223, 49.2052966], [-122.8192462, 49.2048093], [-122.8199365, 49.2042563], [-122.8202905, 49.2037742], [-122.8203273, 49.2037505], [-122.8203286, 49.2031728], [-122.820334, 49.2031652], [-122.8214146, 49.2031739], [-122.8214349, 49.203159], [-122.8214725, 49.2031457], [-122.8215004, 49.2031312], [-122.8215126, 49.2031179], [-122.8215435, 49.203101], [-122.8215651, 49.2030837], [-122.8215637, 49.2024829], [-122.823905, 49.2025431], [-122.8238743, 49.2025832], [-122.8238769, 49.2026394], [-122.8238738, 49.2026907], [-122.8238816, 49.2029646], [-122.8234874, 49.202976], [-122.8233685, 49.2029701], [-122.8233458, 49.2029924], [-122.8233414, 49.2032684], [-122.823285, 49.2032876], [-122.8231912, 49.2033027], [-122.8231442, 49.2033149], [-122.8229913, 49.2033304], [-122.8229308, 49.2033506], [-122.8228982, 49.2033721], [-122.8228194, 49.2034041], [-122.8227876, 49.203421], [-122.8227699, 49.2034377], [-122.8227617, 49.2034522], [-122.8227568, 49.2034831], [-122.8227473, 49.203498], [-122.8224972, 49.2037884], [-122.8220387, 49.2039693], [-122.8213295, 49.2043319], [-122.8212678, 49.2045698], [-122.8212756, 49.2047227], [-122.8216687, 49.2048108], [-122.8220344, 49.204785], [-122.8223858, 49.2048327], [-122.8223383, 49.2049632], [-122.8222764, 49.205091], [-122.8222006, 49.2052155], [-122.8221114, 49.2053363], [-122.8220091, 49.2054525], [-122.8219339, 49.2055271], [-122.8217101, 49.2057208], [-122.8216163, 49.2058105], [-122.8214893, 49.2059509], [-122.8213797, 49.2060974], [-122.8212881, 49.2062492], [-122.8212373, 49.2063528], [-122.821177, 49.2065112], [-122.8211475, 49.2066182], [-122.8211464, 49.2068269], [-122.8213407, 49.2068226], [-122.8230831, 49.2068325], [-122.8238721, 49.2079385], [-122.8238886, 49.2079616], [-122.8239582, 49.2079432], [-122.8242302, 49.2078887], [-122.8245084, 49.2078499], [-122.8247907, 49.2078272], [-122.825075, 49.2078205], [-122.8253413, 49.2078291], [-122.8256056, 49.2078518], [-122.8258662, 49.2078886], [-122.8261214, 49.2079392], [-122.8259245, 49.2084959], [-122.824814, 49.2095353], [-122.8247707, 49.209546], [-122.8245041, 49.2096787], [-122.8244698, 49.2097092], [-122.8244134, 49.2097753], [-122.8243746, 49.2098467], [-122.8243621, 49.2098837], [-122.8217606, 49.2093623], [-122.8217769, 49.2095384], [-122.8217697, 49.2096416], [-122.8217483, 49.2097442], [-122.8217132, 49.2098449], [-122.8216644, 49.2099433], [-122.8216026, 49.2100384], [-122.821528, 49.2101295], [-122.8214412, 49.2102159], [-122.8213431, 49.2102969], [-122.8212342, 49.2103719], [-122.8198792, 49.2112448], [-122.8197712, 49.2113201], [-122.8196738, 49.2114014], [-122.8195881, 49.2114881], [-122.8195147, 49.2115797], [-122.8194542, 49.2116751], [-122.8194072, 49.2117737], [-122.8193739, 49.2118748], [-122.8193547, 49.2119773], [-122.8189822, 49.2121313], [-122.8188514, 49.2123172], [-122.8188345, 49.2124538], [-122.8188599, 49.2125923], [-122.8188115, 49.2127275], [-122.8192779, 49.2127442], [-122.8189092, 49.2137847], [-122.8190872, 49.2142116], [-122.818977, 49.2142096], [-122.8189251, 49.2141192], [-122.8182812, 49.2133661], [-122.8177719, 49.2133581], [-122.8177454, 49.2131259]]]}, "properties": {"addr:city": "Surrey", "addr:housenumber": "11297", "addr:street": "Surrey Road", "leisure": "park", "name": "Invergarry Park", "natural": "wood", "source": "City of Surrey 2011 GIS Data (ID: 92)", "osm_id": 96778263, "osm_type": "way"}}, {"type": "Feature", "geometry": {"type": "Polygon", "coordinates": [[[-122.8243098, 49.1989027], [-122.8246347, 49.198907], [-122.8246434, 49.1993008], [-122.8245628, 49.199421], [-122.8245204, 49.1996928], [-122.8244144, 49.200512], [-122.8243921, 49.2006296], [-122.8245862, 49.2006931], [-122.8243459, 49.2006919], [-122.8243467, 49.2007814], [-122.82435, 49.2009677], [-122.8243526, 49.2011089], [-122.8231271, 49.2011026], [-122.8231334, 49.2006846], [-122.8237369, 49.2006882], [-122.823737, 49.2005176], [-122.8231352, 49.2005171], [-122.823138, 49.2003557], [-122.8237386, 49.2003589], [-122.8237384, 49.2001945], [-122.8238675, 49.1995561], [-122.8240529, 49.1995152], [-122.8242115, 49.1990417], [-122.8242992, 49.1989155], [-122.8243098, 49.1989027]]]}, "properties": {"leisure": "park", "name": "Bonaccord Creek Park", "source": "City of Surrey 2011 GIS Data (ID: 92)", "surrey:objectid": "65616", "osm_id": 96778264, "osm_type": "way"}}, {"type": "Feature", "geometry": {"type": "Polygon", "coordinates": [[[-122.7801615, 49.2081574], [-122.7802725, 49.2081502], [-122.7803852, 49.208141], [-122.7807168, 49.2081029], [-122.7807596, 49.2081018], [-122.7807924, 49.208108], [-122.7803431, 49.2085882], [-122.7804198, 49.2087421], [-122.7800728, 49.2091343], [-122.7799819, 49.20932], [-122.7800917, 49.2095407], [-122.7800936, 49.2095444], [-122.7802928, 49.2096774], [-122.7806454, 49.20975], [-122.7788169, 49.2098423], [-122.7788165, 49.2099307], [-122.7786785, 49.2099304], [-122.7786789, 49.2098493], [-122.7750662, 49.2100316], [-122.7754142, 49.2096299], [-122.776303, 49.2098532], [-122.7773105, 49.2098112], [-122.778077, 49.2081947], [-122.7780431, 49.2079397], [-122.7781823, 49.2078285], [-122.7785524, 49.2076837], [-122.7785547, 49.2072173], [-122.7779922, 49.2068888], [-122.7768945, 49.2070918], [-122.7765175, 49.2077769], [-122.7761925, 49.2077155], [-122.7760578, 49.2074654], [-122.7757001, 49.2072473], [-122.7752229, 49.2075479], [-122.7751999, 49.2075309], [-122.775676, 49.2072326], [-122.7746136, 49.2065848], [-122.7745014, 49.2064268], [-122.7744938, 49.2061537], [-122.7765702, 49.2061347], [-122.7765862, 49.2061299], [-122.7766097, 49.2061146], [-122.776628, 49.2061091], [-122.7767979, 49.2061077], [-122.7768211, 49.2061141], [-122.7768479, 49.2061278], [-122.7768743, 49.2061301], [-122.7785428, 49.2061127], [-122.7785803, 49.2061163], [-122.7786153, 49.2061247], [-122.7786417, 49.20614], [-122.7786537, 49.2061567], [-122.778659, 49.2061795], [-122.778662, 49.2062498], [-122.7786776, 49.2063225], [-122.7787015, 49.2063913], [-122.7787216, 49.2064442], [-122.7787428, 49.2064886], [-122.7787021, 49.2067063], [-122.7785812, 49.2068879], [-122.7786509, 49.2071715], [-122.7787707, 49.2072716], [-122.7787898, 49.2075449], [-122.7789085, 49.2075866], [-122.7788814, 49.2079104], [-122.7787308, 49.2079927], [-122.7786989, 49.2081572], [-122.7788376, 49.2081713], [-122.7787747, 49.2083962], [-122.7787711, 49.2087581], [-122.7790902, 49.2090059], [-122.7792712, 49.2090496], [-122.7795987, 49.209046], [-122.7798896, 49.2089408], [-122.7800597, 49.2088045], [-122.7800779, 49.2084755], [-122.7801615, 49.2081574]]]}, "properties": {"leisure": "park", "name": "Fraser View Park", "source": "City of Surrey 2011 GIS Data (ID: 92)", "osm_id": 96778374, "osm_type": "way"}}, {"type": "Feature", "geometry": {"type": "Polygon", "coordinates": [[[-122.7588741, 49.2025493], [-122.7588444, 49.2024582], [-122.7597179, 49.2024535], [-122.7595262, 49.2022416], [-122.7593459, 49.202055], [-122.7591582, 49.2018715], [-122.7589629, 49.2016914], [-122.7566535, 49.1996218], [-122.7566461, 49.2018679], [-122.7687566, 49.2085688], [-122.7717067, 49.210201], [-122.7720971, 49.2101813], [-122.769975, 49.2090072], [-122.7700281, 49.2089659], [-122.7699443, 49.2089195], [-122.7699381, 49.2088572], [-122.7702815, 49.2086106], [-122.7703122, 49.2085885], [-122.7711648, 49.2079761], [-122.7710996, 49.207939], [-122.7710606, 49.2079687], [-122.7709804, 49.2080297], [-122.7709189, 49.2079908], [-122.7706359, 49.2081926], [-122.7707022, 49.2082316], [-122.7704185, 49.2084317], [-122.7703838, 49.208444], [-122.7703478, 49.2084484], [-122.7703141, 49.2084446], [-122.7702774, 49.2084321], [-122.7702559, 49.2084221], [-122.7698438, 49.2082292], [-122.7698141, 49.208202], [-122.769791, 49.2082211], [-122.7697577, 49.2082381], [-122.7697904, 49.20826], [-122.7702053, 49.2084744], [-122.7702225, 49.208488], [-122.7702381, 49.2085039], [-122.7702441, 49.2085246], [-122.7702476, 49.208547], [-122.7702427, 49.2085658], [-122.7702244, 49.2085835], [-122.7699784, 49.2087613], [-122.7696829, 49.2087617], [-122.7696189, 49.2082658], [-122.7695882, 49.2082582], [-122.7695471, 49.2082407], [-122.7695239, 49.2082255], [-122.7694976, 49.2081983], [-122.7694825, 49.2081677], [-122.7694793, 49.2081464], [-122.7694849, 49.2081144], [-122.7694956, 49.2080941], [-122.7689022, 49.2076184], [-122.7688122, 49.2075521], [-122.768714, 49.2074908], [-122.7686086, 49.2074351], [-122.7684964, 49.2073854], [-122.7683782, 49.2073419], [-122.7677687, 49.2071365], [-122.7676568, 49.2070818], [-122.7676065, 49.2070501], [-122.7675193, 49.2069787], [-122.7674828, 49.2069396], [-122.7674257, 49.2068562], [-122.7673909, 49.2067677], [-122.7673795, 49.2066766], [-122.7673812, 49.2062924], [-122.7673402, 49.2062658], [-122.7669657, 49.2062605], [-122.7666761, 49.2062375], [-122.766391, 49.2061976], [-122.7661123, 49.2061412], [-122.7658425, 49.2060688], [-122.7655835, 49.2059809], [-122.7653376, 49.2058783], [-122.7651065, 49.2057616], [-122.7642587, 49.2052926], [-122.7639317, 49.2054025], [-122.7637188, 49.2055456], [-122.7590001, 49.2029353], [-122.7588741, 49.2025493]]]}, "properties": {"leisure": "park", "name": "North Slope Buffer", "source": "City of Surrey 2011 GIS Data (ID: 92)", "osm_id": 96778390, "osm_type": "way"}}, {"type": "Feature", "geometry": {"type": "Polygon", "coordinates": [[[-122.7613687, 49.2013225], [-122.7613678, 49.2015383], [-122.7618008, 49.2017167], [-122.7617843, 49.201745], [-122.7617787, 49.2017751], [-122.761367, 49.2017744], [-122.7613655, 49.2021296], [-122.7616726, 49.2022273], [-122.7616783, 49.2024379], [-122.761681, 49.2025393], [-122.7610718, 49.202544], [-122.7607858, 49.2024887], [-122.7605623, 49.2024944], [-122.7601917, 49.2025548], [-122.7597385, 49.2021337], [-122.7597397, 49.2021063], [-122.7597579, 49.2020829], [-122.759982, 49.2019744], [-122.7602485, 49.2022143], [-122.7607034, 49.2019973], [-122.7609071, 49.2016017], [-122.7609084, 49.2013059], [-122.7608386, 49.2012599], [-122.7604681, 49.2012592], [-122.7604685, 49.2011855], [-122.760873, 49.2011246], [-122.7609618, 49.2010447], [-122.7612468, 49.2012382], [-122.7620033, 49.2012395], [-122.7622434, 49.2009823], [-122.7622895, 49.2007606], [-122.7623938, 49.2006531], [-122.7629716, 49.2006542], [-122.7629688, 49.201319], [-122.7624086, 49.2013202], [-122.7613687, 49.2013225]]]}, "properties": {"leisure": "park", "name": "Ridgeview Park", "source": "City of Surrey 2011 GIS Data (ID: 92)", "osm_id": 96778546, "osm_type": "way"}}, {"type": "Feature", "geometry": {"type": "Polygon", "coordinates": [[[-122.7607768, 49.1933826], [-122.7603489, 49.1932673], [-122.7603618, 49.1932121], [-122.7603714, 49.1931531], [-122.7603736, 49.1930711], [-122.7603767, 49.1930322], [-122.7603872, 49.1930048], [-122.7604084, 49.1929827], [-122.7604361, 49.1929686], [-122.7604676, 49.1929596], [-122.7605033, 49.1929562], [-122.760581, 49.1929553], [-122.7607155, 49.1929609], [-122.7608507, 49.1929756], [-122.7609724, 49.1929974], [-122.761086, 49.1930244], [-122.761183, 49.1930543], [-122.7612843, 49.1930902], [-122.7615467, 49.1931946], [-122.7612891, 49.1935485], [-122.7610886, 49.1936649], [-122.7608626, 49.1937777], [-122.760747, 49.1939346], [-122.7607436, 49.1942428], [-122.7609438, 49.1944442], [-122.7612068, 49.1945578], [-122.7612848, 49.1945784], [-122.7613502, 49.1947701], [-122.7616938, 49.1948606], [-122.7618889, 49.1948653], [-122.7619043, 49.1949567], [-122.761418, 49.1950132], [-122.7613072, 49.1949773], [-122.7611733, 49.1950627], [-122.7610217, 49.1951913], [-122.7610035, 49.1951793], [-122.7609945, 49.1951738], [-122.7609789, 49.1951643], [-122.7610404, 49.195119], [-122.7610685, 49.1950752], [-122.761231, 49.1949442], [-122.7611087, 49.1948908], [-122.7606345, 49.1947331], [-122.7600131, 49.1947803], [-122.7600061, 49.1947688], [-122.7599979, 49.1947565], [-122.760485, 49.1946919], [-122.7604152, 49.1945614], [-122.759786, 49.1942079], [-122.7594345, 49.1941078], [-122.7593258, 49.194094], [-122.7590751, 49.193791], [-122.758634, 49.1937215], [-122.7586469, 49.1936775], [-122.758662, 49.1936259], [-122.7586864, 49.1935722], [-122.7591167, 49.193707], [-122.7593143, 49.19383], [-122.7594609, 49.1939902], [-122.7595905, 49.1940646], [-122.7600382, 49.1941661], [-122.7602994, 49.1941007], [-122.7605864, 49.193899], [-122.7607076, 49.1935732], [-122.7607768, 49.1933826]]]}, "properties": {"leisure": "park", "name": "Glenwood Park", "source": "City of Surrey 2011 GIS Data (ID: 92)", "osm_id": 96778555, "osm_type": "way"}}, {"type": "Feature", "geometry": {"type": "Polygon", "coordinates": [[[-122.7649985, 49.1948527], [-122.7650014, 49.1950772], [-122.7661001, 49.1950799], [-122.7661001, 49.1955053], [-122.7659091, 49.1955016], [-122.7649785, 49.1954044], [-122.7650041, 49.1964244], [-122.7629106, 49.1964426], [-122.7628876, 49.1961742], [-122.7622478, 49.1960363], [-122.762274, 49.1959824], [-122.7623016, 49.1959208], [-122.7623207, 49.195861], [-122.7623378, 49.1957843], [-122.7623452, 49.1957216], [-122.762344, 49.195655], [-122.7623407, 49.1955963], [-122.7623249, 49.1955139], [-122.7623047, 49.1954461], [-122.7622806, 49.1953913], [-122.7622517, 49.1953358], [-122.7623869, 49.1953362], [-122.7628219, 49.1953352], [-122.7628209, 49.1951593], [-122.7627488, 49.1949998], [-122.7629018, 49.1948737], [-122.7633171, 49.1948693], [-122.7634355, 49.1945622], [-122.7634756, 49.1945663], [-122.7633726, 49.1948687], [-122.7649985, 49.1948527]]]}, "properties": {"leisure": "park", "name": "Fraser Wood Park", "source": "City of Surrey 2011 GIS Data (ID: 92)", "surrey:objectid": "50292", "osm_id": 96778556, "osm_type": "way"}}, {"type": "Feature", "geometry": {"type": "Polygon", "coordinates": [[[-122.7746551, 49.1945678], [-122.7747689, 49.1942017], [-122.7747278, 49.193844], [-122.7745585, 49.193649], [-122.7743694, 49.1935523], [-122.7743745, 49.1933852], [-122.7743809, 49.1931731], [-122.7743166, 49.1929545], [-122.7741671, 49.19277], [-122.7738031, 49.1925968], [-122.7730841, 49.1925829], [-122.7730416, 49.1925262], [-122.7728571, 49.1922803], [-122.772327, 49.1918377], [-122.7723325, 49.1917897], [-122.7723315, 49.1916369], [-122.7730084, 49.1916826], [-122.7736851, 49.1918383], [-122.7739356, 49.1919202], [-122.774369, 49.1921709], [-122.7750378, 49.1928346], [-122.7751613, 49.1929418], [-122.7752867, 49.1930305], [-122.7754247, 49.1931109], [-122.7755737, 49.1931824], [-122.7757325, 49.1932441], [-122.7760241, 49.1933396], [-122.776702, 49.193452], [-122.7767838, 49.1934939], [-122.776818, 49.1935114], [-122.7769896, 49.1936166], [-122.7771828, 49.1939566], [-122.7775046, 49.1942721], [-122.777966, 49.1945771], [-122.7780625, 49.1946647], [-122.778143, 49.1947349], [-122.7782074, 49.194805], [-122.7782771, 49.1948821], [-122.7783361, 49.1949627], [-122.7783737, 49.1950398], [-122.7784166, 49.1951275], [-122.778438, 49.1952081], [-122.7784541, 49.1952712], [-122.778481, 49.1955832], [-122.7785239, 49.1959723], [-122.7771309, 49.1959861], [-122.7771443, 49.1968675], [-122.7757843, 49.1968759], [-122.7758046, 49.1982461], [-122.775808, 49.1984775], [-122.7758113, 49.1987016], [-122.7751684, 49.1986978], [-122.7744496, 49.1987079], [-122.7744459, 49.1980079], [-122.7743066, 49.1975617], [-122.7744266, 49.1969897], [-122.7740869, 49.1967081], [-122.7744691, 49.1965992], [-122.7747361, 49.1963668], [-122.7747606, 49.1962035], [-122.7747937, 49.1959834], [-122.7747155, 49.1958346], [-122.7743742, 49.1957004], [-122.7742924, 49.1956119], [-122.7746449, 49.1954575], [-122.7748699, 49.1951434], [-122.7746551, 49.1945678]]]}, "properties": {"leisure": "park", "name": "Fraser Heights Park", "website": "https://www.surrey.ca/parks-recreation/parks/fraser-heights-park", "osm_id": 96778557, "osm_type": "way"}}, {"type": "Feature", "geometry": {"type": "Polygon", "coordinates": [[[-122.7834112, 49.2020641], [-122.7831695, 49.202063], [-122.7829482, 49.2020619], [-122.7829473, 49.2020162], [-122.7817331, 49.2020091], [-122.7817395, 49.2024065], [-122.7813916, 49.2024046], [-122.7813765, 49.2024012], [-122.7813521, 49.2023863], [-122.7813382, 49.2023836], [-122.7806662, 49.2023803], [-122.7806576, 49.2015221], [-122.781441, 49.2015265], [-122.7814533, 49.2006647], [-122.7817513, 49.2006684], [-122.782135, 49.2006762], [-122.7836269, 49.2006902], [-122.7841222, 49.2007054], [-122.78415, 49.2007104], [-122.7841758, 49.2007182], [-122.7841961, 49.2007315], [-122.7842137, 49.200747], [-122.7842228, 49.2007675], [-122.7842268, 49.2007878], [-122.7842301, 49.201539], [-122.7842324, 49.20207], [-122.7834112, 49.2020641]]]}, "properties": {"leisure": "park", "name": "Erma Stephenson Park", "source": "City of Surrey 2011 GIS Data (ID: 92)", "surrey:objectid": "9788", "osm_id": 96778639, "osm_type": "way"}}, {"type": "Feature", "geometry": {"type": "Polygon", "coordinates": [[[-122.7762609, 49.2013528], [-122.7762593, 49.2010209], [-122.7763163, 49.2010192], [-122.7764088, 49.2010165], [-122.7765026, 49.2010103], [-122.7765873, 49.2010006], [-122.7766831, 49.2009842], [-122.7767765, 49.2009676], [-122.7769955, 49.2009119], [-122.7770152, 49.201333], [-122.7769128, 49.2015983], [-122.77691, 49.2017577], [-122.7767992, 49.2017588], [-122.7767637, 49.2018088], [-122.7767639, 49.2019823], [-122.7767643, 49.2023409], [-122.7767164, 49.2023409], [-122.7766547, 49.2023411], [-122.7766543, 49.2020893], [-122.7766542, 49.2020156], [-122.7766539, 49.2018582], [-122.7765304, 49.2017557], [-122.7760431, 49.2017581], [-122.7760387, 49.2017581], [-122.776041, 49.2017492], [-122.7760421, 49.2017402], [-122.7760423, 49.2017312], [-122.7765111, 49.2017292], [-122.7763702, 49.2015292], [-122.7762609, 49.2013528]]]}, "properties": {"leisure": "park", "name": "North Point Park", "source": "City of Surrey 2011 GIS Data (ID: 92)", "osm_id": 96778797, "osm_type": "way"}}, {"type": "Feature", "geometry": {"type": "Polygon", "coordinates": [[[-122.7765955, 49.2008521], [-122.7764918, 49.2008674], [-122.7763863, 49.2008769], [-122.7762226, 49.2005951], [-122.7755516, 49.2005982], [-122.7753708, 49.2002294], [-122.7751773, 49.2000699], [-122.774818, 49.2001398], [-122.7747396, 49.2000602], [-122.7746765, 49.2000061], [-122.7746786, 49.1999797], [-122.7748275, 49.1998843], [-122.7749065, 49.1998414], [-122.7749952, 49.1998077], [-122.7750425, 49.1997946], [-122.7751413, 49.1997764], [-122.775314, 49.2000442], [-122.7758698, 49.2000417], [-122.7758703, 49.2001945], [-122.7759318, 49.2002299], [-122.7762413, 49.2001829], [-122.7762703, 49.2002084], [-122.7763081, 49.2002283], [-122.7763679, 49.2002441], [-122.776416, 49.2002468], [-122.7767375, 49.2008211], [-122.7765955, 49.2008521]]]}, "properties": {"leisure": "park", "name": "North Point Park", "source": "City of Surrey 2011 GIS Data (ID: 92)", "surrey:objectid": "24275", "osm_id": 96778798, "osm_type": "way"}}, {"type": "Feature", "geometry": {"type": "Polygon", "coordinates": [[[-122.7724577, 49.2006381], [-122.7720486, 49.2006413], [-122.7717675, 49.2006435], [-122.7717656, 49.2023671], [-122.7696974, 49.2023893], [-122.7696995, 49.2006599], [-122.7703881, 49.2006548], [-122.7703882, 49.2006276], [-122.7706558, 49.2006254], [-122.7709732, 49.20049], [-122.771037, 49.2003761], [-122.7710782, 49.2003791], [-122.7711138, 49.200377], [-122.7711799, 49.2003602], [-122.7714849, 49.2005861], [-122.7717677, 49.2005311], [-122.7721297, 49.2006138], [-122.7724041, 49.2006116], [-122.7724041, 49.2003589], [-122.7724452, 49.2003589], [-122.7724453, 49.2006112], [-122.7727197, 49.2006092], [-122.7728873, 49.2005797], [-122.773084, 49.2004175], [-122.7733107, 49.2004816], [-122.7736597, 49.200512], [-122.7740188, 49.2004736], [-122.7741969, 49.2003082], [-122.7743253, 49.2000248], [-122.7744319, 49.2000951], [-122.7744803, 49.2001333], [-122.7745315, 49.200179], [-122.7746192, 49.2002766], [-122.774273, 49.2003946], [-122.7743417, 49.2006149], [-122.7741439, 49.2006157], [-122.773747, 49.200601], [-122.7734399, 49.2006024], [-122.7730849, 49.2006979], [-122.772898, 49.2007047], [-122.7724575, 49.2007082], [-122.7724577, 49.2006381]]]}, "properties": {"leisure": "park", "name": "J.R. Douglas Park", "source": "City of Surrey 2011 GIS Data (ID: 92)", "osm_id": 96778800, "osm_type": "way"}}, {"type": "Feature", "geometry": {"type": "Polygon", "coordinates": [[[-122.8991381, 49.1994566], [-122.8980177, 49.1988601], [-122.9002571, 49.1970668], [-122.9005909, 49.1968266], [-122.9017987, 49.197448], [-122.9014194, 49.1978211], [-122.8991381, 49.1994566]]]}, "properties": {"leisure": "park", "name": "Tannery Park", "osm_id": 96779029, "osm_type": "way"}}, {"type": "Feature", "geometry": {"type": "Polygon", "coordinates": [[[-122.7703169, 49.2117271], [-122.7697673, 49.2117145], [-122.7667202, 49.2118654], [-122.7637117, 49.212192], [-122.7605782, 49.2127147], [-122.7584447, 49.2129705], [-122.7569681, 49.2131558], [-122.7539073, 49.2132941], [-122.7491442, 49.21294], [-122.7483761, 49.2128656], [-122.7477241, 49.2127857], [-122.7462081, 49.2125727], [-122.7445263, 49.2122222], [-122.7420409, 49.2115437], [-122.7375956, 49.2100293], [-122.736322, 49.209611], [-122.7353438, 49.2091971], [-122.7348019, 49.2089591], [-122.7343573, 49.2087695], [-122.7326297, 49.2078233], [-122.731937, 49.2073441], [-122.7313699, 49.2068578], [-122.7307389, 49.206146], [-122.7300704, 49.2053005], [-122.7293432, 49.2040997], [-122.7287716, 49.2028714], [-122.7278022, 49.200337], [-122.7275516, 49.1986304], [-122.72733, 49.1971218], [-122.7272453, 49.1965449], [-122.7270449, 49.1945578], [-122.7268623, 49.1936721], [-122.7266154, 49.1927612], [-122.7265398, 49.1923459], [-122.726801, 49.1923443], [-122.7270049, 49.1923278], [-122.7273547, 49.1914697], [-122.7331429, 49.1915469], [-122.7332848, 49.191551], [-122.7337427, 49.1917598], [-122.734524, 49.1921898], [-122.7460658, 49.1985422], [-122.7564961, 49.204384], [-122.7597914, 49.2062136], [-122.7640862, 49.2085871], [-122.7669492, 49.2101692], [-122.7672048, 49.2103039], [-122.7674544, 49.2104253], [-122.7679922, 49.2106572], [-122.7685564, 49.2108607], [-122.7691433, 49.2110345], [-122.7697491, 49.2111775], [-122.7703169, 49.2117271]]]}, "properties": {"boundary": "protected_area", "leisure": "park", "name": "Surrey Bend Regional Park", "operator": "Metro Vancouver Regional Parks", "operator:type": "public", "operator:wikidata": "Q110072524", "protect_class": "1", "protection_title": "Regional Park", "website": "https://metrovancouver.org/services/regional-parks/park/surrey-bend-regional-park", "wikidata": "Q24191540", "wikipedia": "en:Surrey Bend Regional Park", "osm_id": 96779030, "osm_type": "way"}}, {"type": "Feature", "geometry": {"type": "Polygon", "coordinates": [[[-122.7916759, 49.0389827], [-122.7927956, 49.0389865], [-122.7929462, 49.038987], [-122.7929473, 49.0400684], [-122.7929479, 49.0406921], [-122.792556, 49.0406454], [-122.7922807, 49.0403556], [-122.7911304, 49.0403512], [-122.7911294, 49.0389807], [-122.7913671, 49.0389816], [-122.7913665, 49.0384335], [-122.7916755, 49.0384346], [-122.7916759, 49.0389827]]]}, "properties": {"leisure": "park", "name": "Jessie Lee Park", "source": "City of Surrey 2011 GIS Data (ID: 92)", "osm_id": 96899087, "osm_type": "way"}}, {"type": "Feature", "geometry": {"type": "Polygon", "coordinates": [[[-122.8065724, 49.0388679], [-122.8065693, 49.0391242], [-122.8065446, 49.0393145], [-122.8060068, 49.0393118], [-122.806016, 49.0384651], [-122.8065225, 49.0384676], [-122.8065186, 49.0387912], [-122.8065727, 49.0388455], [-122.8065724, 49.0388679]]]}, "properties": {"leisure": "park", "name": "Meridian By The Sea Park", "source": "City of Surrey 2011 GIS Data (ID: 92)", "osm_id": 96899527, "osm_type": "way"}}, {"type": "Feature", "geometry": {"type": "Polygon", "coordinates": [[[-122.7573597, 49.0244769], [-122.7573673, 49.0239288], [-122.7632459, 49.0238967], [-122.7636354, 49.0244728], [-122.7636861, 49.0255614], [-122.7642045, 49.0256373], [-122.764461, 49.0260912], [-122.7642461, 49.0261437], [-122.7647037, 49.0269533], [-122.7647623, 49.0269389], [-122.764954, 49.0272616], [-122.7651611, 49.02758], [-122.7653831, 49.0278941], [-122.7653633, 49.0292885], [-122.7591954, 49.0292887], [-122.7591763, 49.0292481], [-122.7591378, 49.029214], [-122.759084, 49.0291902], [-122.7590212, 49.0291796], [-122.7589724, 49.0291811], [-122.7589258, 49.0291907], [-122.7588844, 49.0292077], [-122.7588508, 49.029231], [-122.7583983, 49.0292311], [-122.7586151, 49.028385], [-122.7573059, 49.0283852], [-122.7573597, 49.0244769]]]}, "properties": {"addr:housenumber": "1277", "addr:street": "168 Street", "description": "Dogs are not allowed to protect the critical species, the Pacific Water Shrew - https://www2.gov.bc.ca/assets/gov/environment/plants-animals-and-ecosystems/species-ecosystems-at-risk/brochures/pacific_water_shrew.pdf", "dog": "no", "leisure": "park", "name": "Fergus Watershed Biodiversity Preserve", "opening_hours": "dawn-dusk", "operator": "City of Surrey", "operator:type": "government", "operator:wikidata": "Q390583", "source": "City of Surrey 2011 GIS Data (ID: 92)", "website": "https://www.surrey.ca/parks-recreation/parks/fergus-watershed-biodiversity-preserve", "osm_id": 96901119, "osm_type": "way"}}, {"type": "Feature", "geometry": {"type": "Polygon", "coordinates": [[[-122.756983, 49.0324481], [-122.7569779, 49.0331903], [-122.7516372, 49.0332161], [-122.7516356, 49.0312536], [-122.7539819, 49.0312384], [-122.7539818, 49.0312263], [-122.7569916, 49.0312063], [-122.756983, 49.0324481]]]}, "properties": {"leisure": "park", "name": "Darts Hill Garden Park", "opening_hours:covid19": "closed", "source": "City of Surrey 2011 GIS Data (ID: 92)", "wikidata": "Q131378749", "osm_id": 96901120, "osm_type": "way"}}, {"type": "Feature", "geometry": {"type": "Polygon", "coordinates": [[[-122.751594, 49.0056227], [-122.7513857, 49.0056237], [-122.7513867, 49.0063991], [-122.7499432, 49.006405], [-122.7499416, 49.004688], [-122.7515927, 49.0046903], [-122.751594, 49.0056227]]]}, "properties": {"leisure": "park", "name": "146A - Neighbourhood Park", "ref": "146A - Neighbourhood Park", "source": "City of Surrey 2011 GIS Data (ID: 92)", "surrey:objectid": "13008", "osm_id": 96901913, "osm_type": "way"}}, {"type": "Feature", "geometry": {"type": "Polygon", "coordinates": [[[-122.7463404, 49.012103], [-122.7464783, 49.0112008], [-122.74651, 49.01029], [-122.74911, 49.01029], [-122.7490674, 49.0129934], [-122.7464694, 49.0130017], [-122.7464702, 49.0129067], [-122.7463347, 49.0126606], [-122.7463404, 49.012103]]]}, "properties": {"leisure": "park", "name": "The Glades", "source": "City of Surrey 2011 GIS Data (ID: 92)", "osm_id": 96901914, "osm_type": "way"}}, {"type": "Feature", "geometry": {"type": "Polygon", "coordinates": [[[-122.7037386, 49.0228517], [-122.7038029, 49.0229185], [-122.7038674, 49.0230004], [-122.7039165, 49.0231283], [-122.7038838, 49.0235441], [-122.7038545, 49.0236068], [-122.7038912, 49.0237045], [-122.7038791, 49.0237885], [-122.7038229, 49.0238807], [-122.7037849, 49.0239168], [-122.7023896, 49.0239053], [-122.7022414, 49.0239041], [-122.7022461, 49.0231315], [-122.7023391, 49.0230867], [-122.7024363, 49.0229849], [-122.7024609, 49.0229601], [-122.7025184, 49.0228644], [-122.7025092, 49.0227801], [-122.7025609, 49.0226928], [-122.7026299, 49.0226279], [-122.7027432, 49.0225806], [-122.7028487, 49.0225714], [-122.7029314, 49.0225748], [-122.7030342, 49.0226162], [-122.703503, 49.0227496], [-122.7036714, 49.0228155], [-122.7037386, 49.0228517]]]}, "properties": {"leisure": "park", "name": "138A - Greenbelt", "operator": "City of Surrey", "operator:type": "public", "operator:wikidata": "Q390583", "ref": "138A - Greenbelt", "source": "City of Surrey 2011 GIS Data (ID: 92)", "surrey:objectid": "56322", "osm_id": 96904708, "osm_type": "way"}}, {"type": "Feature", "geometry": {"type": "Polygon", "coordinates": [[[-122.7025945, 49.0546428], [-122.7025517, 49.0531329], [-122.7025802, 49.053059], [-122.7026305, 49.0530048], [-122.7027154, 49.0529792], [-122.702802, 49.0529668], [-122.7031329, 49.0529706], [-122.7034489, 49.0529672], [-122.7039706, 49.0529575], [-122.7043027, 49.0529907], [-122.7051341, 49.0530035], [-122.705248, 49.0529505], [-122.7066031, 49.0529475], [-122.7079199, 49.0529477], [-122.7078874, 49.0565377], [-122.7067241, 49.056538], [-122.7067073, 49.0574444], [-122.7078792, 49.0574415], [-122.7078714, 49.0583091], [-122.705808, 49.058308], [-122.7062408, 49.0574498], [-122.7063674, 49.0571447], [-122.7063778, 49.0565397], [-122.7063544, 49.0565397], [-122.7067992, 49.0561389], [-122.7069041, 49.0554469], [-122.7069042, 49.0553871], [-122.7069061, 49.0546637], [-122.7025945, 49.0546428]]]}, "properties": {"leisure": "park", "name": "Keery Park", "source": "City of Surrey 2011 GIS Data (ID: 92)", "osm_id": 96904815, "osm_type": "way"}}, {"type": "Feature", "geometry": {"type": "Polygon", "coordinates": [[[-122.6838806, 49.0953712], [-122.6839223, 49.0953932], [-122.6843346, 49.0955889], [-122.6850939, 49.0959169], [-122.6852293, 49.0959692], [-122.6854452, 49.0960347], [-122.6855533, 49.0960583], [-122.6857196, 49.096081], [-122.6858613, 49.09609], [-122.6859558, 49.0960873], [-122.6861006, 49.0960703], [-122.6862416, 49.0960396], [-122.6863108, 49.0960192], [-122.6868504, 49.0959071], [-122.6873518, 49.0957906], [-122.6879067, 49.0956955], [-122.6882218, 49.0956322], [-122.6883841, 49.095605], [-122.6892775, 49.0955001], [-122.6894212, 49.0954794], [-122.6895388, 49.0954625], [-122.6900364, 49.0953795], [-122.6903764, 49.0953326], [-122.6904645, 49.0953285], [-122.6905837, 49.095331], [-122.6908345, 49.0953546], [-122.6909287, 49.0971042], [-122.6799409, 49.0974899], [-122.6799328, 49.0971021], [-122.679795, 49.0971006], [-122.6796784, 49.09334], [-122.6821171, 49.092919], [-122.6821708, 49.0932361], [-122.6831652, 49.0932383], [-122.6832204, 49.0934659], [-122.6838276, 49.0934619], [-122.6838806, 49.0953712]]]}, "properties": {"leisure": "park", "name": "Hi-Knoll Park", "source": "City of Surrey 2011 GIS Data (ID: 92)", "osm_id": 96905061, "osm_type": "way"}}, {"type": "Feature", "geometry": {"type": "Polygon", "coordinates": [[[-122.6839187, 49.0919026], [-122.684053, 49.0918824], [-122.6841874, 49.0918631], [-122.6840142, 49.0913269], [-122.684674, 49.0912461], [-122.6848267, 49.0913809], [-122.6856749, 49.0921299], [-122.6850444, 49.0921801], [-122.6844187, 49.0922519], [-122.6837995, 49.0923451], [-122.6806981, 49.0928805], [-122.6805817, 49.0929006], [-122.6796697, 49.093058], [-122.679619, 49.0895892], [-122.6837483, 49.0895741], [-122.6837849, 49.0919237], [-122.6839187, 49.0919026]]]}, "properties": {"leisure": "park", "name": "Hi-Knoll Park", "source": "City of Surrey 2011 GIS Data (ID: 92)", "osm_id": 96905062, "osm_type": "way"}}, {"type": "Feature", "geometry": {"type": "Polygon", "coordinates": [[[-122.7165231, 49.1068837], [-122.7167506, 49.1068847], [-122.7181921, 49.1068888], [-122.7182368, 49.1068889], [-122.7182329, 49.1073548], [-122.7182364, 49.107505], [-122.7182356, 49.1075967], [-122.7182391, 49.1076457], [-122.7182491, 49.107682], [-122.7182508, 49.107706], [-122.7182527, 49.1077529], [-122.718252, 49.1077809], [-122.7182262, 49.1077809], [-122.71817, 49.1077809], [-122.7155699, 49.1077797], [-122.7154881, 49.1077799], [-122.7154847, 49.1068794], [-122.7165231, 49.1068837]]]}, "properties": {"leisure": "park", "name": "Claude Harvie Park", "osm_id": 96905323, "osm_type": "way"}}, {"type": "Feature", "geometry": {"type": "Polygon", "coordinates": [[[-122.7141318, 49.1051475], [-122.7141348, 49.1048527], [-122.7141375, 49.1048301], [-122.7141492, 49.1048083], [-122.7141675, 49.1047921], [-122.7141953, 49.1047791], [-122.7142215, 49.1047716], [-122.7142508, 49.1047702], [-122.7149176, 49.1047741], [-122.7149188, 49.1051492], [-122.7141318, 49.1051475]]]}, "properties": {"addr:housenumber": "18335", "addr:street": "56A Avenue", "description": "Small neighbourhood tot lot with a modern playground and open grassy area for toddlers, young children, picnics and informal play.", "leisure": "park", "name": "77G - Tot-Lot", "operator": "City of Surrey", "operator:type": "government", "operator:wikidata": "Q390583", "ref": "77G - Tot-Lot", "source": "City of Surrey 2011 GIS Data (ID: 92)", "surrey:objectid": "653", "website": "https://www.surrey.ca/parks-recreation/parks/77g-tot-lot", "osm_id": 96905325, "osm_type": "way"}}, {"type": "Feature", "geometry": {"type": "Polygon", "coordinates": [[[-122.7256109, 49.1134483], [-122.725611, 49.1115154], [-122.7276287, 49.1115216], [-122.7276187, 49.112509], [-122.7264163, 49.1125045], [-122.7263762, 49.1134505], [-122.7256109, 49.1134483]]]}, "properties": {"leisure": "park", "name": "Greenaway Park", "source": "City of Surrey 2011 GIS Data (ID: 92)", "surrey:objectid": "45094", "osm_id": 96905560, "osm_type": "way"}}, {"type": "Feature", "geometry": {"type": "Polygon", "coordinates": [[[-122.7218706, 49.116393], [-122.7219214, 49.1163613], [-122.7219643, 49.1163344], [-122.7219749, 49.1163437], [-122.7219846, 49.1163521], [-122.7219351, 49.1163861], [-122.7218582, 49.1164388], [-122.7218615, 49.116551], [-122.7214301, 49.1165505], [-122.721336, 49.1165503], [-122.7213085, 49.1165503], [-122.7213093, 49.1164254], [-122.7213094, 49.1164154], [-122.7213095, 49.1163946], [-122.7213359, 49.1163945], [-122.72138, 49.1163944], [-122.7218706, 49.116393]]]}, "properties": {"leisure": "park", "name": "Watson Park", "source": "City of Surrey 2011 GIS Data (ID: 92)", "surrey:objectid": "21373", "osm_id": 96905565, "osm_type": "way"}}, {"type": "Feature", "geometry": {"type": "Polygon", "coordinates": [[[-122.7125127, 49.1160077], [-122.7118517, 49.1160202], [-122.7108089, 49.1160384], [-122.7107137, 49.1160399], [-122.710692, 49.1160402], [-122.7098936, 49.1160529], [-122.7072489, 49.1160949], [-122.7072527, 49.1158291], [-122.7072501, 49.1158191], [-122.7072443, 49.1158117], [-122.7072298, 49.1158051], [-122.7072203, 49.1157983], [-122.7072171, 49.1157885], [-122.707217, 49.1155638], [-122.707217, 49.1155422], [-122.707217, 49.1155309], [-122.7072173, 49.1154547], [-122.7072193, 49.1154454], [-122.7072254, 49.11544], [-122.7072401, 49.1154322], [-122.7072498, 49.1154242], [-122.7072733, 49.1154242], [-122.7078529, 49.1154241], [-122.7078466, 49.1151764], [-122.7106729, 49.1151257], [-122.7109906, 49.11512], [-122.7117238, 49.1151069], [-122.7118686, 49.1150973], [-122.7119032, 49.1150966], [-122.7120212, 49.1150941], [-122.7124408, 49.1150858], [-122.7124646, 49.1150881], [-122.7124726, 49.1150888], [-122.7124944, 49.1150976], [-122.7125115, 49.1151103], [-122.7125205, 49.1151312], [-122.7125127, 49.1160077]]]}, "properties": {"leisure": "park", "name": "Don Christian Park", "source": "City of Surrey 2011 GIS Data (ID: 92)", "osm_id": 96905613, "osm_type": "way"}}, {"type": "Feature", "geometry": {"type": "Polygon", "coordinates": [[[-122.7202455, 49.1259094], [-122.7181958, 49.1259049], [-122.7182089, 49.1241354], [-122.7202221, 49.1241427], [-122.7202455, 49.1259094]]]}, "properties": {"addr:housenumber": "18160", "addr:street": "68 Avenue", "description": "Neighbourhood park with a grass sports field, baseball diamond, playground and walking trails.", "leisure": "park", "name": "Adams Road Park", "operator": "City of Surrey", "operator:type": "government", "operator:wikidata": "Q390583", "osm_id": 96905665, "osm_type": "way"}}, {"type": "Feature", "geometry": {"type": "Polygon", "coordinates": [[[-122.6875572, 49.1237313], [-122.6875611, 49.123719], [-122.6875677, 49.1237057], [-122.6875771, 49.1236935], [-122.6875945, 49.1236798], [-122.6876159, 49.1236696], [-122.6876289, 49.1236654], [-122.6876386, 49.1236627], [-122.687664, 49.1236604], [-122.6876954, 49.1236596], [-122.6877257, 49.1236602], [-122.6877463, 49.1236654], [-122.687764, 49.1236723], [-122.6877829, 49.1236805], [-122.6878006, 49.1236827], [-122.6884018, 49.1236837], [-122.6884249, 49.1236822], [-122.688447, 49.1236746], [-122.688466, 49.1236649], [-122.6884879, 49.1236628], [-122.6885195, 49.1236624], [-122.6885529, 49.1236662], [-122.6885755, 49.1236723], [-122.6885838, 49.1236742], [-122.6886048, 49.1236845], [-122.6886199, 49.1236953], [-122.6886299, 49.1237091], [-122.6886336, 49.1237129], [-122.6886361, 49.1237259], [-122.6886342, 49.1237652], [-122.6886311, 49.1237796], [-122.6886215, 49.1237909], [-122.6886031, 49.123804], [-122.6885974, 49.1238154], [-122.6885689, 49.1247746], [-122.6885721, 49.124788], [-122.6885813, 49.1247988], [-122.688594, 49.1248124], [-122.688599, 49.1248241], [-122.6885964, 49.1248703], [-122.6885891, 49.1248885], [-122.6885803, 49.124896], [-122.6885742, 49.1249014], [-122.6885512, 49.1249154], [-122.6885315, 49.1249239], [-122.6885258, 49.1249268], [-122.6885009, 49.1249316], [-122.6884606, 49.1249338], [-122.6884209, 49.1249323], [-122.6884044, 49.1249262], [-122.6883839, 49.1249156], [-122.6883635, 49.1249103], [-122.6879231, 49.1249117], [-122.6879001, 49.1249118], [-122.6877625, 49.1249122], [-122.6877431, 49.1249174], [-122.6877224, 49.124926], [-122.6876968, 49.1249313], [-122.6876654, 49.124933], [-122.6876317, 49.1249308], [-122.6876021, 49.1249253], [-122.6875906, 49.1249196], [-122.6875732, 49.1249109], [-122.6875487, 49.1248937], [-122.6875384, 49.1248793], [-122.6875351, 49.1248623], [-122.6875572, 49.1237313]]]}, "properties": {"leisure": "park", "name": "Starr Park", "source": "City of Surrey 2011 GIS Data (ID: 92)", "osm_id": 96905894, "osm_type": "way"}}, {"type": "Feature", "geometry": {"type": "Polygon", "coordinates": [[[-122.6854678, 49.1281855], [-122.6841896, 49.1281861], [-122.6841235, 49.1281862], [-122.6840725, 49.1281862], [-122.6840763, 49.1281755], [-122.6840847, 49.1281678], [-122.6841019, 49.128159], [-122.6841068, 49.1281503], [-122.6841123, 49.1280906], [-122.6841186, 49.1280606], [-122.6841253, 49.1280288], [-122.6841273, 49.1280235], [-122.6841451, 49.1279747], [-122.6841789, 49.1279021], [-122.6841957, 49.127874], [-122.6842117, 49.1278471], [-122.6842169, 49.1278383], [-122.6842625, 49.1277812], [-122.684322, 49.1277154], [-122.6843954, 49.1276516], [-122.6844749, 49.1275919], [-122.6845456, 49.1275487], [-122.6849004, 49.1273343], [-122.6849765, 49.1272867], [-122.6850341, 49.1272454], [-122.6850978, 49.1271965], [-122.6851558, 49.1271436], [-122.685206, 49.1270879], [-122.6852491, 49.1270326], [-122.6852881, 49.1269702], [-122.6853171, 49.1269107], [-122.685341, 49.1268518], [-122.6853559, 49.1267945], [-122.6853657, 49.1267165], [-122.6853678, 49.1266569], [-122.6853719, 49.1266015], [-122.6853743, 49.1265913], [-122.6853813, 49.1265622], [-122.6853843, 49.1265497], [-122.6853993, 49.1265083], [-122.6854211, 49.1264793], [-122.6854571, 49.1264561], [-122.6855183, 49.1264327], [-122.6855821, 49.1264183], [-122.6856096, 49.1264159], [-122.6856572, 49.1264117], [-122.6857406, 49.12641], [-122.6857943, 49.1264135], [-122.6859347, 49.1264284], [-122.6861366, 49.12643], [-122.6868196, 49.1264355], [-122.6868194, 49.1264567], [-122.6868193, 49.1264709], [-122.6868112, 49.1275209], [-122.6884222, 49.1275301], [-122.6884877, 49.1275305], [-122.6884842, 49.1276253], [-122.6884141, 49.1276249], [-122.6867959, 49.1276165], [-122.6867942, 49.1281891], [-122.6867005, 49.1281888], [-122.6866305, 49.1281887], [-122.6854678, 49.1281855]]]}, "properties": {"leisure": "park", "name": "Katzie Park", "ref": "69A - Neighbourhood Park", "source": "City of Surrey 2011 GIS Data (ID: 92)", "osm_id": 96905949, "osm_type": "way"}}, {"type": "Feature", "geometry": {"type": "Polygon", "coordinates": [[[-122.7097372, 49.1324292], [-122.7068468, 49.1324404], [-122.7068659, 49.133365], [-122.7060462, 49.1333746], [-122.7060511, 49.1333922], [-122.7038351, 49.1334286], [-122.7037971, 49.133425], [-122.7037634, 49.1334117], [-122.7037353, 49.1333957], [-122.7037201, 49.1333766], [-122.7037143, 49.1333512], [-122.7037203, 49.1324711], [-122.7037248, 49.1319119], [-122.7037071, 49.1319025], [-122.7036824, 49.1318978], [-122.7036517, 49.1318985], [-122.703658, 49.1314006], [-122.7036584, 49.1309823], [-122.7017238, 49.1310126], [-122.7017171, 49.1305894], [-122.7017282, 49.130092], [-122.7017339, 49.130042], [-122.7017423, 49.129992], [-122.7017622, 49.1299376], [-122.7017875, 49.1298859], [-122.7055095, 49.1298251], [-122.7075574, 49.129801], [-122.7077323, 49.1298007], [-122.7077296, 49.1297577], [-122.7088054, 49.129756], [-122.7088029, 49.1297858], [-122.709757, 49.1297786], [-122.7097372, 49.1324292]]]}, "properties": {"leisure": "park", "name": "Clayton Park", "osm_id": 96906207, "osm_type": "way"}}, {"type": "Feature", "geometry": {"type": "Polygon", "coordinates": [[[-122.7495812, 49.1151377], [-122.7493352, 49.1151367], [-122.7493394, 49.1148001], [-122.7487871, 49.1145212], [-122.7487999, 49.1145001], [-122.748812, 49.1144724], [-122.7488091, 49.1144411], [-122.7487933, 49.114407], [-122.7487512, 49.1143787], [-122.7494454, 49.1143729], [-122.7494402, 49.114055], [-122.7495892, 49.1140548], [-122.7495812, 49.1151377]]]}, "properties": {"leisure": "park", "name": "Boothroyd Park", "source": "City of Surrey 2011 GIS Data (ID: 92)", "surrey:objectid": "52546", "osm_id": 96906282, "osm_type": "way"}}, {"type": "Feature", "geometry": {"type": "Polygon", "coordinates": [[[-122.7558328, 49.1152198], [-122.7564064, 49.1152233], [-122.7564372, 49.1152348], [-122.7564615, 49.1152518], [-122.7564749, 49.115272], [-122.7564807, 49.1152942], [-122.7564656, 49.1163809], [-122.7564635, 49.1166002], [-122.7564545, 49.1175592], [-122.7564538, 49.1176386], [-122.7564505, 49.118009], [-122.7564497, 49.1180958], [-122.756444, 49.1187386], [-122.7564379, 49.1187616], [-122.7564267, 49.1187793], [-122.7564069, 49.1187947], [-122.7563739, 49.1188088], [-122.756332, 49.1188129], [-122.74921, 49.1187719], [-122.749221, 49.1164383], [-122.749258, 49.1164383], [-122.7492565, 49.1152171], [-122.751084, 49.1152224], [-122.7511355, 49.1152174], [-122.7511884, 49.1152072], [-122.7512411, 49.1151893], [-122.7512889, 49.1151664], [-122.7514191, 49.1152086], [-122.7558328, 49.1152198]]]}, "properties": {"leisure": "park", "name": "Cloverdale Athletic Park", "opening_hours": "dawn-dusk", "website": "https://www.surrey.ca/parks-recreation/parks/cloverdale-athletic-park", "osm_id": 96906283, "osm_type": "way"}}, {"type": "Feature", "geometry": {"type": "Polygon", "coordinates": [[[-122.7416517, 49.1160768], [-122.7415668, 49.1160762], [-122.7395497, 49.1160609], [-122.7394828, 49.1158528], [-122.7394864, 49.1146391], [-122.7394824, 49.1138259], [-122.7413436, 49.1138375], [-122.7413568, 49.1138351], [-122.7413743, 49.113826], [-122.7413888, 49.1138226], [-122.7416733, 49.1138244], [-122.7416725, 49.1151824], [-122.7416517, 49.1160768]]]}, "properties": {"leisure": "park", "name": "Cloverdale Ball Park", "source": "City of Surrey 2011 GIS Data (ID: 92)", "surrey:objectid": "19311", "osm_id": 96906284, "osm_type": "way"}}, {"type": "Feature", "geometry": {"type": "Polygon", "coordinates": [[[-122.706743, 49.1092935], [-122.7064707, 49.1091713], [-122.7056556, 49.1088056], [-122.7054814, 49.1087272], [-122.7054361, 49.1087271], [-122.705298, 49.1087266], [-122.7052948, 49.1093126], [-122.7041312, 49.1093087], [-122.7035549, 49.1093067], [-122.7035411, 49.1112755], [-122.703541, 49.1112923], [-122.7029651, 49.111287], [-122.7029651, 49.1112715], [-122.7029668, 49.1108986], [-122.7029682, 49.1106279], [-122.7030005, 49.1106333], [-122.7030423, 49.1106316], [-122.7030775, 49.110623], [-122.7031229, 49.1106008], [-122.7031609, 49.1105584], [-122.7031669, 49.1105211], [-122.7031446, 49.1104845], [-122.7031053, 49.1104523], [-122.7030464, 49.1104091], [-122.7030016, 49.110336], [-122.7029744, 49.110253], [-122.7029634, 49.1094236], [-122.7029808, 49.1078122], [-122.7029817, 49.1077914], [-122.7067838, 49.1078023], [-122.7067829, 49.1078361], [-122.7067826, 49.1081485], [-122.7072063, 49.1081508], [-122.7072021, 49.1083057], [-122.7074923, 49.1083046], [-122.7074924, 49.1083368], [-122.7076439, 49.1083342], [-122.7079571, 49.1084657], [-122.7080771, 49.1084637], [-122.7081462, 49.1084626], [-122.7081638, 49.1084798], [-122.7081716, 49.1084836], [-122.7081987, 49.1084952], [-122.7082089, 49.1084986], [-122.7082198, 49.1085018], [-122.7082469, 49.1085065], [-122.7082466, 49.1085425], [-122.7082488, 49.1086349], [-122.7090825, 49.1091954], [-122.7094043, 49.1089271], [-122.7094946, 49.108724], [-122.7095251, 49.1087402], [-122.7094357, 49.1089356], [-122.7091114, 49.1092153], [-122.709126, 49.1092246], [-122.7094992, 49.1094824], [-122.7096621, 49.109529], [-122.7096624, 49.1095806], [-122.7100017, 49.1095834], [-122.7100109, 49.1097116], [-122.7100154, 49.1097654], [-122.7100374, 49.1097999], [-122.7103038, 49.1099822], [-122.7103714, 49.1100289], [-122.71044, 49.1100757], [-122.7109945, 49.1104537], [-122.7105666, 49.1104516], [-122.7095654, 49.1104496], [-122.709615, 49.1113454], [-122.7094866, 49.1113455], [-122.7094855, 49.1113298], [-122.709471, 49.1109154], [-122.7093462, 49.1109251], [-122.7092656, 49.1109557], [-122.709212, 49.1110222], [-122.7088063, 49.110734], [-122.7086355, 49.1105187], [-122.7080925, 49.1101502], [-122.7076829, 49.1103605], [-122.7076482, 49.110336], [-122.7080603, 49.1101281], [-122.707677, 49.1098694], [-122.7069763, 49.1093981], [-122.706743, 49.1092935]]]}, "properties": {"leisure": "park", "name": "Sunrise Ridge Park", "source": "City of Surrey 2011 GIS Data (ID: 92)", "osm_id": 96906348, "osm_type": "way"}}, {"type": "Feature", "geometry": {"type": "Polygon", "coordinates": [[[-122.6995981, 49.1134231], [-122.6995991, 49.1135], [-122.6996001, 49.1143419], [-122.6995719, 49.114342], [-122.6995021, 49.1143424], [-122.6994309, 49.1143428], [-122.6991666, 49.1143442], [-122.699011, 49.114345], [-122.6965954, 49.1143899], [-122.6965461, 49.1143908], [-122.6965165, 49.1143914], [-122.696517, 49.1141519], [-122.6965171, 49.1141081], [-122.6965189, 49.1138903], [-122.6965462, 49.1138899], [-122.6965693, 49.1138896], [-122.6966135, 49.113889], [-122.6971835, 49.113881], [-122.6971875, 49.1134756], [-122.6978324, 49.1134635], [-122.6978309, 49.1130864], [-122.69783, 49.1130558], [-122.6978308, 49.1130378], [-122.6979719, 49.1130343], [-122.6981625, 49.1130316], [-122.6983402, 49.1130299], [-122.6985296, 49.113034], [-122.6986872, 49.1130399], [-122.6988796, 49.1130483], [-122.6990266, 49.1130567], [-122.6991236, 49.113066], [-122.6992106, 49.1130841], [-122.699285, 49.1131083], [-122.6993512, 49.1131358], [-122.6994252, 49.1131752], [-122.699485, 49.1132216], [-122.6995388, 49.1132847], [-122.699579, 49.1133537], [-122.6995981, 49.1134231]]]}, "properties": {"leisure": "park", "name": "East View Park", "source": "City of Surrey 2011 GIS Data (ID: 92)", "osm_id": 96906350, "osm_type": "way"}}, {"type": "Feature", "geometry": {"type": "Polygon", "coordinates": [[[-122.7101369, 49.1093155], [-122.7100033, 49.1094857], [-122.7100017, 49.1095834], [-122.7096624, 49.1095806], [-122.7096621, 49.109529], [-122.7098722, 49.109428], [-122.7100969, 49.1092912], [-122.7101048, 49.109296], [-122.7101274, 49.1093098], [-122.7101369, 49.1093155]]]}, "properties": {"addr:city": "Surrey", "addr:housenumber": "5888", "addr:province": "BC", "addr:street": "184B Street", "leisure": "park", "name": "McKenzie Park", "source": "City of Surrey 2011 GIS Data (ID: 92)", "surrey:objectid": "60704", "osm_id": 96906351, "osm_type": "way"}}, {"type": "Feature", "geometry": {"type": "Polygon", "coordinates": [[[-122.693543, 49.1075705], [-122.6936881, 49.1073018], [-122.6936985, 49.1072728], [-122.6937907, 49.1070192], [-122.6937992, 49.106996], [-122.6938063, 49.1069775], [-122.69464, 49.1071584], [-122.6948058, 49.1072045], [-122.6949659, 49.1072459], [-122.6951093, 49.1072729], [-122.6952477, 49.1072921], [-122.6953831, 49.1073039], [-122.6953831, 49.1073726], [-122.6953849, 49.1079553], [-122.6950582, 49.1082136], [-122.695079, 49.1085522], [-122.6947899, 49.1086277], [-122.6948076, 49.1086548], [-122.694792, 49.1086637], [-122.6947839, 49.1086771], [-122.6947582, 49.1086742], [-122.694732, 49.1086728], [-122.6947003, 49.1086761], [-122.6946743, 49.1086818], [-122.694647, 49.1086929], [-122.6946213, 49.1087059], [-122.6945982, 49.1087254], [-122.6945841, 49.1087495], [-122.6945769, 49.1087736], [-122.6945121, 49.1087407], [-122.6943312, 49.1083815], [-122.6930898, 49.1086724], [-122.6931546, 49.1091229], [-122.6930247, 49.1091283], [-122.6930049, 49.1086825], [-122.69275, 49.1081496], [-122.692814, 49.1081476], [-122.6928621, 49.1081306], [-122.6930673, 49.1085741], [-122.6935496, 49.108247], [-122.693543, 49.1075705]]]}, "properties": {"leisure": "park", "name": "Clover Ridge Park", "source": "City of Surrey 2011 GIS Data (ID: 92)", "osm_id": 96907048, "osm_type": "way"}}, {"type": "Feature", "geometry": {"type": "Polygon", "coordinates": [[[-122.6798333, 49.1300971], [-122.6798337, 49.1300786], [-122.6798339, 49.1300643], [-122.6798364, 49.1299353], [-122.6802475, 49.1299381], [-122.6802448, 49.1300551], [-122.6802444, 49.1300715], [-122.6802444, 49.1300903], [-122.6802444, 49.1301], [-122.6798333, 49.1300971]]]}, "properties": {"leisure": "park", "name": "69I - Greenbelt", "source": "City of Surrey 2011 GIS Data (ID: 92)", "surrey:objectid": "233478", "osm_id": 96907108, "osm_type": "way"}}, {"type": "Feature", "geometry": {"type": "Polygon", "coordinates": [[[-122.7225183, 49.1294313], [-122.7225242, 49.1294071], [-122.7225328, 49.1293885], [-122.7225586, 49.1293652], [-122.7225831, 49.1293493], [-122.7231656, 49.1290658], [-122.7231867, 49.1290566], [-122.7232083, 49.12905], [-122.7232315, 49.1290476], [-122.7236595, 49.1290436], [-122.7236958, 49.1290433], [-122.723694, 49.129436], [-122.7236923, 49.129451], [-122.7236884, 49.1294651], [-122.7236848, 49.1294706], [-122.723677, 49.1294838], [-122.72366, 49.129499], [-122.7236416, 49.1295082], [-122.723616, 49.1295173], [-122.7235909, 49.1295216], [-122.7235651, 49.1295233], [-122.7234755, 49.1295238], [-122.7234616, 49.1295178], [-122.7234314, 49.1295028], [-122.7227651, 49.1294996], [-122.7226836, 49.1294992], [-122.7225197, 49.1294984], [-122.7225186, 49.1294723], [-122.7225183, 49.1294313]]]}, "properties": {"leisure": "park", "name": "Provinceton Park", "osm_id": 96907205, "osm_type": "way"}}, {"type": "Feature", "geometry": {"type": "Polygon", "coordinates": [[[-122.7927827, 49.1829105], [-122.7927824, 49.183296], [-122.7926705, 49.1832975], [-122.7926635, 49.1821107], [-122.7907389, 49.1821156], [-122.7907267, 49.181821], [-122.7900832, 49.1818149], [-122.7900864, 49.1815692], [-122.7925446, 49.1815734], [-122.792544, 49.1811929], [-122.7925158, 49.1811241], [-122.795527, 49.1811247], [-122.7955263, 49.1824625], [-122.7952497, 49.1824625], [-122.7952495, 49.1829088], [-122.7927827, 49.1829105]]]}, "properties": {"leisure": "park", "name": "Lionel Courchene Park", "source": "City of Surrey 2011 GIS Data (ID: 92)", "surrey:objectid": "28869", "osm_id": 96907206, "osm_type": "way"}}, {"type": "Feature", "geometry": {"type": "Polygon", "coordinates": [[[-122.8035626, 49.1788751], [-122.8035215, 49.1789069], [-122.8031875, 49.1788953], [-122.8031365, 49.17892], [-122.8030593, 49.1791242], [-122.8029748, 49.1791235], [-122.8030528, 49.1789171], [-122.8030217, 49.1788895], [-122.8026496, 49.1788764], [-122.8024481, 49.1789601], [-122.8024578, 49.1788698], [-122.8024196, 49.1788428], [-122.8020562, 49.1788421], [-122.8020569, 49.1787882], [-122.8023993, 49.1787888], [-122.8024416, 49.178762], [-122.8024518, 49.1785475], [-122.8026354, 49.1786483], [-122.8030717, 49.1786521], [-122.8030983, 49.1786272], [-122.8029698, 49.1784039], [-122.8030582, 49.1784047], [-122.8031868, 49.178628], [-122.8032424, 49.1786535], [-122.8033247, 49.1786543], [-122.8035281, 49.1785849], [-122.8039121, 49.1785869], [-122.803907, 49.1788339], [-122.8035626, 49.1788751]]]}, "properties": {"leisure": "park", "name": "Johnston Heights Park", "source": "City of Surrey 2011 GIS Data (ID: 92)", "surrey:objectid": "85100", "osm_id": 96907214, "osm_type": "way"}}, {"type": "Feature", "geometry": {"type": "Polygon", "coordinates": [[[-122.7945357, 49.1794236], [-122.7944004, 49.179414], [-122.7940294, 49.1794215], [-122.7939409, 49.1794376], [-122.7939255, 49.1794883], [-122.7939351, 49.1796759], [-122.793929, 49.1797127], [-122.7939017, 49.1797292], [-122.7938617, 49.1797254], [-122.793833, 49.1796874], [-122.7937454, 49.1795371], [-122.793695, 49.1794974], [-122.7936156, 49.1794936], [-122.7934398, 49.1795417], [-122.7933501, 49.1795553], [-122.7926033, 49.1795594], [-122.7921435, 49.1795974], [-122.7918987, 49.1796008], [-122.7916153, 49.1795827], [-122.7909041, 49.1794524], [-122.7908608, 49.1794526], [-122.7908309, 49.1794666], [-122.7907765, 49.1797272], [-122.7906942, 49.1797277], [-122.7906825, 49.1794799], [-122.7906551, 49.1794598], [-122.7906039, 49.1794608], [-122.7900678, 49.1795329], [-122.7900806, 49.1790294], [-122.7905095, 49.1791037], [-122.7907163, 49.1791125], [-122.7908857, 49.1790967], [-122.7910759, 49.1790538], [-122.7912457, 49.1789993], [-122.7913254, 49.1790244], [-122.7914647, 49.1791228], [-122.7915951, 49.179186], [-122.791806, 49.1792476], [-122.7919432, 49.1792499], [-122.7924329, 49.1790792], [-122.7932046, 49.1790542], [-122.7933684, 49.1790124], [-122.7935482, 49.1790107], [-122.793692, 49.1791364], [-122.793766, 49.1792736], [-122.7938223, 49.1792758], [-122.7938718, 49.1792514], [-122.7940157, 49.179032], [-122.7940596, 49.1790202], [-122.7941136, 49.1790372], [-122.7941056, 49.1790738], [-122.7939418, 49.1793182], [-122.79413, 49.1793229], [-122.7942614, 49.1793186], [-122.7944042, 49.1792635], [-122.7945357, 49.1792401], [-122.7946769, 49.1792475], [-122.7947645, 49.1792889], [-122.7948343, 49.1793303], [-122.7949203, 49.1793451], [-122.7953093, 49.1793398], [-122.7953065, 49.1794926], [-122.7948485, 49.1794951], [-122.7947223, 49.1794777], [-122.7945357, 49.1794236]]]}, "properties": {"leisure": "park", "name": "Briarwood Park", "source": "City of Surrey 2011 GIS Data (ID: 92)", "surrey:objectid": "33347", "osm_id": 96907216, "osm_type": "way"}}, {"type": "Feature", "geometry": {"type": "Polygon", "coordinates": [[[-122.8078029, 49.180389], [-122.8072175, 49.180388], [-122.8072389, 49.1793214], [-122.8072392, 49.1793064], [-122.8072512, 49.1787323], [-122.8088529, 49.1787347], [-122.8088276, 49.1799753], [-122.8092703, 49.1797767], [-122.8093106, 49.179798], [-122.809358, 49.1798115], [-122.8092202, 49.1800677], [-122.8089482, 49.1801167], [-122.8089427, 49.1803909], [-122.8078029, 49.180389]]]}, "properties": {"leisure": "park", "name": "Bonaccord Park", "source": "City of Surrey 2011 GIS Data (ID: 92)", "osm_id": 96907394, "osm_type": "way"}}, {"type": "Feature", "geometry": {"type": "Polygon", "coordinates": [[[-122.8041158, 49.1822835], [-122.8041268, 49.1815717], [-122.8051139, 49.1815734], [-122.8052456, 49.1816154], [-122.8057447, 49.1818913], [-122.8060189, 49.1816783], [-122.8061153, 49.1817316], [-122.8058411, 49.1819447], [-122.8062499, 49.1821708], [-122.8081478, 49.1821739], [-122.8084357, 49.1822194], [-122.8086689, 49.1822198], [-122.8087582, 49.182175], [-122.8086183, 49.1819453], [-122.8086723, 49.1819238], [-122.8088888, 49.1820943], [-122.8091983, 49.1821694], [-122.8095755, 49.18217], [-122.8097286, 49.1818888], [-122.8097697, 49.1818953], [-122.8097871, 49.1821704], [-122.8101437, 49.182171], [-122.8103746, 49.1821073], [-122.8103722, 49.1822643], [-122.810372, 49.1822753], [-122.8103661, 49.1824047], [-122.809874, 49.1826336], [-122.8098318, 49.1826064], [-122.8099808, 49.1824276], [-122.8099814, 49.1823196], [-122.8090938, 49.1823177], [-122.8079777, 49.1824137], [-122.8077276, 49.1824264], [-122.8074771, 49.1824298], [-122.8072265, 49.1824238], [-122.8069789, 49.1824087], [-122.8060507, 49.1823132], [-122.8057845, 49.1823127], [-122.8057796, 49.1826189], [-122.8053682, 49.1826183], [-122.8053734, 49.1822942], [-122.8041158, 49.1822925], [-122.8041158, 49.1822835]]]}, "properties": {"leisure": "park", "name": "Douglas Park", "source": "City of Surrey 2011 GIS Data (ID: 92)", "osm_id": 96907396, "osm_type": "way"}}, {"type": "Feature", "geometry": {"type": "Polygon", "coordinates": [[[-122.8066652, 49.1733984], [-122.8047901, 49.1733934], [-122.8048204, 49.1722427], [-122.8048237, 49.1713174], [-122.8048245, 49.1711018], [-122.8067255, 49.1711046], [-122.8067169, 49.1714334], [-122.8072401, 49.1714344], [-122.8072955, 49.1714345], [-122.8072945, 49.1714711], [-122.8072789, 49.1725739], [-122.8073228, 49.172574], [-122.8073142, 49.173314], [-122.8066652, 49.1733984]]]}, "properties": {"addr:housenumber": "15039", "addr:street": "92A Avenue", "description": "Forested neighbourhood park with walking trails and loops through mature trees. Includes a playground and open grass area for picnics and informal recreation.", "leisure": "park", "name": "Barry Mather Park", "operator": "City of Surrey", "operator:type": "government", "operator:wikidata": "Q390583", "source": "City of Surrey 2011 GIS Data (ID: 92)", "start_date": "1982", "osm_id": 96907686, "osm_type": "way"}}, {"type": "Feature", "geometry": {"type": "Polygon", "coordinates": [[[-122.7983842, 49.1710217], [-122.7981627, 49.1713917], [-122.7978111, 49.1719795], [-122.7957578, 49.1719785], [-122.7957606, 49.1710299], [-122.797192, 49.1710254], [-122.7983842, 49.1710217]]]}, "properties": {"addr:housenumber": "9283", "addr:street": "154 Street", "description": "Neighbourhood park with a grass sports field beside Berkshire Elementary and Surrey Christian Secondary. Provides open space for soccer and informal recreation.", "leisure": "park", "name": "Berkshire Park", "operator": "City of Surrey", "operator:type": "government", "operator:wikidata": "Q390583", "source": "City of Surrey 2011 GIS Data (ID: 92)", "surrey:objectid": "23074", "osm_id": 96907767, "osm_type": "way"}}, {"type": "Feature", "geometry": {"type": "Polygon", "coordinates": [[[-122.8002997, 49.1756783], [-122.7995874, 49.1756812], [-122.7995844, 49.1759588], [-122.7995717, 49.175969], [-122.7995547, 49.1759806], [-122.799541, 49.1759888], [-122.7995247, 49.1759955], [-122.7995057, 49.1759976], [-122.7995096, 49.1756815], [-122.7971283, 49.1756938], [-122.797118, 49.1759982], [-122.7970576, 49.1759962], [-122.7970274, 49.1759945], [-122.7969977, 49.1759917], [-122.7970125, 49.1757326], [-122.7962518, 49.1757334], [-122.7962521, 49.1757612], [-122.7951313, 49.1757647], [-122.7951276, 49.1760481], [-122.7951026, 49.1760482], [-122.7951019, 49.1757648], [-122.793141, 49.175771], [-122.7931506, 49.1760569], [-122.7931147, 49.1760567], [-122.7931109, 49.1757711], [-122.790164, 49.1757804], [-122.7901513, 49.1754238], [-122.7913634, 49.1754214], [-122.7913643, 49.175365], [-122.7926669, 49.1753619], [-122.7926654, 49.1750994], [-122.7924931, 49.1750076], [-122.7925147, 49.1749764], [-122.792516, 49.1749302], [-122.7926849, 49.1750202], [-122.7929415, 49.1750196], [-122.7930175, 49.1750365], [-122.7932643, 49.1750386], [-122.7933666, 49.1749836], [-122.793367, 49.1750532], [-122.7931981, 49.1751441], [-122.7931997, 49.1754283], [-122.7951789, 49.1754215], [-122.7959647, 49.1754188], [-122.796248, 49.1754178], [-122.796246, 49.1751824], [-122.7959931, 49.1750357], [-122.7960231, 49.174981], [-122.796369, 49.1751819], [-122.7968472, 49.1751802], [-122.7969488, 49.1750828], [-122.7969805, 49.1750934], [-122.7970274, 49.1750986], [-122.7970308, 49.1754124], [-122.7995989, 49.1754075], [-122.7996023, 49.1751204], [-122.7996433, 49.1751271], [-122.79964, 49.1754075], [-122.8002945, 49.1754068], [-122.8002997, 49.1756783]]]}, "properties": {"leisure": "park", "name": "34A - Utility ROW", "ref": "34A - Utility ROW", "source": "City of Surrey 2011 GIS Data (ID: 92)", "osm_id": 96908154, "osm_type": "way"}}, {"type": "Feature", "geometry": {"type": "Polygon", "coordinates": [[[-122.7675798, 49.1732259], [-122.7675927, 49.1732257], [-122.7675905, 49.1738428], [-122.7667, 49.173846], [-122.766697, 49.1746553], [-122.7664478, 49.1746579], [-122.7653166, 49.17466], [-122.765321, 49.1732461], [-122.7659191, 49.1732369], [-122.766906, 49.1732304], [-122.7669043, 49.1731792], [-122.7675763, 49.1731761], [-122.7675798, 49.1732259]]]}, "properties": {"leisure": "park", "name": "Fern Park", "source": "City of Surrey 2011 GIS Data (ID: 92)", "osm_id": 96908924, "osm_type": "way"}}, {"type": "Feature", "geometry": {"type": "Polygon", "coordinates": [[[-122.7715, 49.1682751], [-122.7714897, 49.1682833], [-122.7714576, 49.1683212], [-122.771447, 49.168364], [-122.7714593, 49.1684068], [-122.7714827, 49.1684355], [-122.7715298, 49.168466], [-122.7715742, 49.168481], [-122.7716394, 49.1684884], [-122.7717046, 49.1684808], [-122.7717122, 49.1684947], [-122.7715358, 49.1686479], [-122.7718289, 49.1688149], [-122.7717987, 49.1688454], [-122.7715026, 49.1686767], [-122.7713478, 49.1688111], [-122.7699127, 49.1688187], [-122.7699178, 49.16858], [-122.7699237, 49.1683331], [-122.7699255, 49.1682832], [-122.7698675, 49.1678], [-122.7699472, 49.167783], [-122.769987, 49.1677624], [-122.7700172, 49.1677358], [-122.7700409, 49.167683], [-122.7700374, 49.1676499], [-122.770021, 49.1676283], [-122.7711622, 49.1676162], [-122.7714879, 49.1676127], [-122.7714988, 49.1677186], [-122.7715, 49.1682751]]]}, "properties": {"leisure": "park", "name": "Kurtenacker Park", "osm_id": 96909164, "osm_type": "way"}}, {"type": "Feature", "geometry": {"type": "Polygon", "coordinates": [[[-122.7461545, 49.1901952], [-122.7461502, 49.1905959], [-122.7456894, 49.191251], [-122.7456883, 49.1913474], [-122.7458072, 49.1914274], [-122.745806, 49.1914742], [-122.7455385, 49.191473], [-122.74554, 49.1914258], [-122.7455583, 49.1897447], [-122.7461625, 49.18975], [-122.7461545, 49.1901952]]]}, "properties": {"addr:housenumber": "17189", "addr:street": "103 Avenue", "description": "Natural neighbourhood park with open grass areas, picnic space, sports field and walking trails. The park includes a forested natural area with creek headwaters.", "leisure": "park", "name": "Abbey Glen Park", "operator": "City of Surrey", "operator:type": "government", "operator:wikidata": "Q390583", "source": "City of Surrey 2011 GIS Data (ID: 92)", "surrey:objectid": "85010", "osm_id": 96909374, "osm_type": "way"}}, {"type": "Feature", "geometry": {"type": "Polygon", "coordinates": [[[-122.7495259, 49.1868288], [-122.7477089, 49.1865971], [-122.7477003, 49.1879096], [-122.7476547, 49.1879106], [-122.7476562, 49.1862962], [-122.7476624, 49.1854706], [-122.7477171, 49.1854855], [-122.7477157, 49.1856797], [-122.7488136, 49.1859776], [-122.7495278, 49.1861455], [-122.7495284, 49.1859533], [-122.7498501, 49.186033], [-122.7498886, 49.1860695], [-122.7498886, 49.1865227], [-122.7495269, 49.1864734], [-122.7495264, 49.1866413], [-122.7498886, 49.1866907], [-122.7498887, 49.1878393], [-122.7498475, 49.1878659], [-122.749522, 49.1879185], [-122.7495259, 49.1868288]]]}, "properties": {"leisure": "park", "name": "Bothwell Elementary School Park", "source": "City of Surrey 2011 GIS Data (ID: 92)", "osm_id": 96909375, "osm_type": "way"}}, {"type": "Feature", "geometry": {"type": "Polygon", "coordinates": [[[-122.7466282, 49.1888804], [-122.7466425, 49.1888908], [-122.7466664, 49.1889033], [-122.7464013, 49.1892504], [-122.7462545, 49.1896523], [-122.7456337, 49.1896449], [-122.7456002, 49.1896415], [-122.7455701, 49.1896326], [-122.7455456, 49.1896192], [-122.745841, 49.1895106], [-122.7460771, 49.1893396], [-122.7460913, 49.1889606], [-122.7466128, 49.1888618], [-122.7466282, 49.1888804]]]}, "properties": {"leisure": "park", "name": "Abbey Glen Park", "source": "City of Surrey 2011 GIS Data (ID: 92)", "surrey:objectid": "50433", "osm_id": 96909377, "osm_type": "way"}}, {"type": "Feature", "geometry": {"type": "Polygon", "coordinates": [[[-122.76592, 49.1553894], [-122.7656612, 49.1553888], [-122.7651286, 49.1553874], [-122.7645647, 49.155386], [-122.7617388, 49.1553787], [-122.761736, 49.1551833], [-122.7616591, 49.1551389], [-122.7616196, 49.154784], [-122.7611215, 49.1549266], [-122.7610999, 49.1548949], [-122.7610805, 49.1548743], [-122.7610689, 49.1546376], [-122.7614785, 49.1545354], [-122.7614694, 49.1543079], [-122.7617341, 49.1541663], [-122.7617348, 49.1542395], [-122.7639789, 49.1542282], [-122.7644466, 49.1542259], [-122.7646806, 49.1542247], [-122.7649251, 49.1542235], [-122.7659019, 49.1542185], [-122.7659084, 49.1546415], [-122.76592, 49.1553894]]]}, "properties": {"leisure": "park", "name": "Bonnie Schrenk Park", "source": "City of Surrey 2011 GIS Data (ID: 92)", "osm_id": 96909947, "osm_type": "way"}}, {"type": "Feature", "geometry": {"type": "Polygon", "coordinates": [[[-122.7679118, 49.1600462], [-122.7679235, 49.1591474], [-122.7705456, 49.1591453], [-122.7705257, 49.1600144], [-122.7679118, 49.1600462]]]}, "properties": {"addr:city": "Surrey", "addr:housenumber": "8607", "addr:province": "BC", "addr:street": "164 Street", "leisure": "park", "name": "Frost Road Park", "source": "City of Surrey 2011 GIS Data (ID: 92);City of Surrey 2010 GIS Data", "surrey:addrid": "57630", "surrey:date": "19851031", "surrey:objectid": "65689", "osm_id": 96910079, "osm_type": "way"}}, {"type": "Feature", "geometry": {"type": "Polygon", "coordinates": [[[-122.771352, 49.1616044], [-122.7711421, 49.1618176], [-122.7709233, 49.1618156], [-122.7708506, 49.1618149], [-122.7710974, 49.1615386], [-122.7711102, 49.1613372], [-122.7714269, 49.1613484], [-122.771352, 49.1616044]]]}, "properties": {"addr:city": "Surrey", "addr:housenumber": "16267", "addr:postcode": "V4N 1B7", "addr:province": "BC", "addr:street": "87 Avenue", "leisure": "park", "name": "Fleetwood Meadows Park", "source": "City of Surrey 2011 GIS Data (ID: 92)", "surrey:objectid": "76734", "osm_id": 96910156, "osm_type": "way"}}, {"type": "Feature", "geometry": {"type": "Polygon", "coordinates": [[[-122.777308, 49.1604092], [-122.776124, 49.1604133], [-122.77612, 49.1599613], [-122.7773042, 49.1599567], [-122.777308, 49.1604092]]]}, "properties": {"addr:city": "Surrey", "addr:housenumber": "8659", "addr:province": "BC", "addr:street": "161 Street", "leisure": "park", "name": "45H - Neighbourhood Park", "source": "City of Surrey 2011 GIS Data (ID: 92)", "surrey:objectid": "50960", "osm_id": 96910157, "osm_type": "way"}}, {"type": "Feature", "geometry": {"type": "Polygon", "coordinates": [[[-122.7473987, 49.1513187], [-122.7473928, 49.1502879], [-122.7479643, 49.1502864], [-122.7479676, 49.150938], [-122.7479695, 49.1511889], [-122.7476845, 49.151315], [-122.7473992, 49.1513839], [-122.7470351, 49.1513882], [-122.7469733, 49.1513906], [-122.7464835, 49.1513698], [-122.7461829, 49.1514004], [-122.746072, 49.1514117], [-122.7460681, 49.1512927], [-122.7473987, 49.1513187]]]}, "properties": {"leisure": "park", "name": "46G - Greenbelt", "source": "City of Surrey 2011 GIS Data (ID: 92)", "osm_id": 96910297, "osm_type": "way"}}, {"type": "Feature", "geometry": {"type": "Polygon", "coordinates": [[[-122.7650032, 49.1463398], [-122.7650125, 49.148123], [-122.7648573, 49.1481234], [-122.7641795, 49.148125], [-122.7641763, 49.1475792], [-122.7641691, 49.1463324], [-122.7620609, 49.1463276], [-122.7620583, 49.1462082], [-122.7655732, 49.1462109], [-122.7653577, 49.1459414], [-122.7653846, 49.1459371], [-122.7654071, 49.1459265], [-122.7656389, 49.1462106], [-122.767504, 49.1462195], [-122.7675137, 49.1463342], [-122.7650032, 49.1463398]]]}, "properties": {"leisure": "park", "name": "William Watson Park", "source": "City of Surrey 2011 GIS Data (ID: 92)", "osm_id": 97047118, "osm_type": "way"}}, {"type": "Feature", "geometry": {"type": "Polygon", "coordinates": [[[-122.7693524, 49.1462519], [-122.7691111, 49.1462515], [-122.7688547, 49.1462509], [-122.7687611, 49.1463467], [-122.7686355, 49.1463458], [-122.7685425, 49.1462491], [-122.7677805, 49.1462441], [-122.7677794, 49.1461756], [-122.7698395, 49.1461843], [-122.7698406, 49.1462529], [-122.7693524, 49.1462519]]]}, "properties": {"leisure": "park", "name": "Hazelwood Grove Park", "source": "City of Surrey 2011 GIS Data (ID: 92)", "surrey:objectid": "30885", "osm_id": 97047125, "osm_type": "way"}}, {"type": "Feature", "geometry": {"type": "Polygon", "coordinates": [[[-122.6998965, 49.1319522], [-122.6988241, 49.1319706], [-122.6988034, 49.1319727], [-122.6987798, 49.1319787], [-122.698757, 49.1319875], [-122.6987322, 49.1319913], [-122.6986893, 49.1319922], [-122.6986577, 49.1319901], [-122.6986483, 49.131988], [-122.6986305, 49.1319837], [-122.6986104, 49.1319738], [-122.6985904, 49.1319593], [-122.6985781, 49.1319431], [-122.6985723, 49.1319182], [-122.6985696, 49.1318908], [-122.6985523, 49.1315221], [-122.6985985, 49.1315208], [-122.6986666, 49.1315203], [-122.6997938, 49.1314957], [-122.6998891, 49.1315562], [-122.6998951, 49.1319146], [-122.6998955, 49.1319322], [-122.6998965, 49.1319522]]]}, "properties": {"leisure": "park", "name": "Wade Park", "source": "City of Surrey 2011 GIS Data (ID: 92)", "surrey:objectid": "43525", "osm_id": 97047147, "osm_type": "way"}}, {"type": "Feature", "geometry": {"type": "Polygon", "coordinates": [[[-122.6924703, 49.1318293], [-122.6930844, 49.1318194], [-122.6931274, 49.1318312], [-122.6930902, 49.1318493], [-122.6930633, 49.1318741], [-122.6930493, 49.131903], [-122.6930495, 49.1319334], [-122.6930639, 49.1319623], [-122.6930912, 49.1319869], [-122.6931287, 49.1320048], [-122.6931728, 49.1320143], [-122.6932192, 49.1320146], [-122.6932683, 49.1320038], [-122.6933089, 49.1319828], [-122.693336, 49.131954], [-122.6933466, 49.1319209], [-122.6933392, 49.1318873], [-122.6933149, 49.1318575], [-122.6933024, 49.1318488], [-122.693277, 49.1318311], [-122.6932603, 49.13181], [-122.693257, 49.1317907], [-122.6932562, 49.1317859], [-122.6932648, 49.1312794], [-122.6932607, 49.1312641], [-122.6932515, 49.1312553], [-122.693239, 49.1312447], [-122.6932348, 49.1312397], [-122.6932319, 49.1312361], [-122.693231, 49.1312279], [-122.6932314, 49.131194], [-122.6932329, 49.1311568], [-122.6933126, 49.1311515], [-122.6933347, 49.1311513], [-122.6934767, 49.1311572], [-122.6936391, 49.1311597], [-122.6946173, 49.1311398], [-122.6946515, 49.1311392], [-122.6946787, 49.1311386], [-122.6950681, 49.1311308], [-122.6956443, 49.1311186], [-122.6960686, 49.1311098], [-122.6960995, 49.1311091], [-122.6961416, 49.1311094], [-122.6961415, 49.1311504], [-122.6961421, 49.1311576], [-122.6961471, 49.1311619], [-122.6961596, 49.1311713], [-122.6961655, 49.1311763], [-122.6961663, 49.1311832], [-122.696166, 49.1312509], [-122.6961658, 49.1312894], [-122.6961655, 49.1313608], [-122.6961653, 49.1313961], [-122.6961651, 49.1314458], [-122.6961639, 49.1314537], [-122.6961587, 49.1314617], [-122.6961371, 49.1314842], [-122.6961387, 49.1318886], [-122.6961404, 49.1318946], [-122.6961448, 49.1318995], [-122.6961598, 49.1319133], [-122.696164, 49.1319186], [-122.6961657, 49.131925], [-122.696165, 49.1319822], [-122.6961648, 49.1320017], [-122.6961646, 49.1320192], [-122.6961645, 49.1320293], [-122.6961639, 49.1320877], [-122.6961634, 49.1321296], [-122.6961632, 49.1321473], [-122.696163, 49.1321685], [-122.6961623, 49.1322241], [-122.6961359, 49.1322556], [-122.6961375, 49.1325565], [-122.6961382, 49.1325627], [-122.6961436, 49.1325681], [-122.696156, 49.1325772], [-122.6961625, 49.1325841], [-122.6961629, 49.1325929], [-122.6961626, 49.1326452], [-122.6961625, 49.1326744], [-122.696162, 49.1327633], [-122.6961615, 49.1328604], [-122.6961339, 49.1331813], [-122.6961309, 49.1334583], [-122.6961275, 49.1334738], [-122.6961234, 49.1334842], [-122.6961154, 49.1334946], [-122.6961048, 49.1335227], [-122.6960914, 49.133536], [-122.6960741, 49.1335459], [-122.6960458, 49.1335542], [-122.6960144, 49.1335614], [-122.6959936, 49.1335643], [-122.6959722, 49.133565], [-122.6956979, 49.1335443], [-122.6955671, 49.1335492], [-122.6955643, 49.1326417], [-122.6955636, 49.1324334], [-122.6955636, 49.1324208], [-122.6935309, 49.1324508], [-122.6934962, 49.1332321], [-122.6921917, 49.1317939], [-122.692031, 49.1316983], [-122.6919854, 49.1316777], [-122.6918818, 49.1316526], [-122.6911272, 49.1315997], [-122.6909784, 49.1315897], [-122.6909793, 49.1314249], [-122.6910448, 49.1314296], [-122.6918806, 49.1314864], [-122.6920285, 49.1315097], [-122.6921623, 49.1315572], [-122.6922478, 49.1316068], [-122.692317, 49.1316665], [-122.6924703, 49.1318293]]]}, "properties": {"leisure": "park", "name": "Hazelgrove Park", "osm_id": 97047148, "osm_type": "way"}}, {"type": "Feature", "geometry": {"type": "Polygon", "coordinates": [[[-122.6887744, 49.1358978], [-122.6878537, 49.135891], [-122.6877849, 49.1358905], [-122.6877843, 49.1357692], [-122.6877894, 49.1357595], [-122.6878036, 49.1357468], [-122.6878096, 49.1357399], [-122.6878132, 49.1357315], [-122.6878142, 49.135371], [-122.6878112, 49.1353592], [-122.6877882, 49.135335], [-122.6877821, 49.1353217], [-122.6877839, 49.1352655], [-122.6877923, 49.1352451], [-122.6877962, 49.1352408], [-122.68781, 49.1352269], [-122.6878352, 49.1352124], [-122.6878467, 49.1352081], [-122.6878655, 49.1352015], [-122.6878978, 49.1351977], [-122.6879733, 49.1351999], [-122.6879896, 49.135203], [-122.6880025, 49.1352082], [-122.6880181, 49.1352179], [-122.688033, 49.1352221], [-122.6881823, 49.1352278], [-122.6888933, 49.135234], [-122.6890618, 49.1352359], [-122.6892297, 49.1352414], [-122.6892475, 49.1352394], [-122.6892629, 49.1352342], [-122.6892859, 49.135226], [-122.6893024, 49.1352234], [-122.6893878, 49.1352255], [-122.6894184, 49.1352312], [-122.6894288, 49.1352357], [-122.6894444, 49.1352419], [-122.6894632, 49.1352538], [-122.6894726, 49.1352622], [-122.6894782, 49.1352711], [-122.6894832, 49.135278], [-122.6894891, 49.1352938], [-122.6894856, 49.1358961], [-122.6894405, 49.1358962], [-122.6887744, 49.1358978]]]}, "properties": {"leisure": "park", "name": "Shannon Park", "source": "City of Surrey 2011 GIS Data (ID: 92)", "osm_id": 97047158, "osm_type": "way"}}, {"type": "Feature", "geometry": {"type": "Polygon", "coordinates": [[[-122.6828843, 49.1315102], [-122.6828371, 49.13151], [-122.6819477, 49.1315053], [-122.6819038, 49.1315051], [-122.6819143, 49.1310209], [-122.6819154, 49.1309741], [-122.6819183, 49.1308616], [-122.6819586, 49.1308617], [-122.6828736, 49.1308631], [-122.6828977, 49.1308539], [-122.6828961, 49.1309005], [-122.6828843, 49.1315102]]]}, "properties": {"leisure": "park", "name": "Hartnell Park", "source": "City of Surrey 2011 GIS Data (ID: 92)", "osm_id": 97047160, "osm_type": "way"}}, {"type": "Feature", "geometry": {"type": "Polygon", "coordinates": [[[-122.6935991, 49.1283432], [-122.6935974, 49.1283575], [-122.6935914, 49.128373], [-122.6935871, 49.1283766], [-122.6935753, 49.1283876], [-122.6935557, 49.1283991], [-122.6935401, 49.1284053], [-122.6935338, 49.1284083], [-122.6935121, 49.1284133], [-122.6934894, 49.1284153], [-122.6925553, 49.1284431], [-122.6925551, 49.1284196], [-122.6925551, 49.1284045], [-122.6925568, 49.1278806], [-122.6925569, 49.1278658], [-122.6925578, 49.1278307], [-122.6925817, 49.1278287], [-122.6925991, 49.1278239], [-122.6926162, 49.1278122], [-122.6926228, 49.1278085], [-122.6926303, 49.1278063], [-122.692713, 49.1278043], [-122.6927248, 49.1278048], [-122.6927366, 49.1278077], [-122.6927503, 49.1278151], [-122.6927643, 49.1278236], [-122.6927762, 49.1278259], [-122.6933343, 49.1278076], [-122.6933872, 49.1278054], [-122.6934043, 49.1278027], [-122.6934189, 49.1277974], [-122.6934381, 49.1277872], [-122.6934517, 49.1277832], [-122.6934889, 49.1277818], [-122.6935249, 49.1277866], [-122.6935502, 49.1277945], [-122.6935579, 49.1277966], [-122.6935857, 49.1278105], [-122.6936025, 49.1278276], [-122.6936126, 49.1278494], [-122.6936157, 49.1278723], [-122.6936141, 49.127893], [-122.6936108, 49.1279026], [-122.6936026, 49.1279105], [-122.6935936, 49.127917], [-122.6935854, 49.1279242], [-122.693581, 49.127935], [-122.6935705, 49.1282311], [-122.6935709, 49.1282392], [-122.6935738, 49.1282477], [-122.6935806, 49.1282551], [-122.6935937, 49.1282656], [-122.6935994, 49.1282726], [-122.6936015, 49.1282851], [-122.6935991, 49.1283432]]]}, "properties": {"leisure": "park", "name": "Magee Park", "source": "City of Surrey 2011 GIS Data (ID: 92)", "osm_id": 97047187, "osm_type": "way"}}, {"type": "Feature", "geometry": {"type": "Polygon", "coordinates": [[[-122.6851567, 49.1590838], [-122.6849017, 49.1590853], [-122.6849322, 49.1576937], [-122.6872343, 49.1576753], [-122.6872012, 49.1586213], [-122.6904155, 49.1586056], [-122.6904077, 49.1593225], [-122.6891487, 49.1593294], [-122.6891402, 49.160122], [-122.6879041, 49.1601286], [-122.6878949, 49.1610003], [-122.6876804, 49.1610015], [-122.687664, 49.1627489], [-122.6850918, 49.1627652], [-122.6851188, 49.1601428], [-122.6851567, 49.1590838]]]}, "properties": {"addr:city": "Surrey", "addr:housenumber": "19340", "addr:province": "BC", "addr:street": "88 Avenue", "description": "In the early 1930s the municipality acquired ten acres on Davis Road (88th Avenue) for a park, which officially opened in 1933. It was equipped with a lacrosse box, swings, picnic tables and a Dutch Oven. A swimming pool was built in the park and opened i", "heritage": "yes", "heritage:ref": "248", "heritage:since": "2006-09-11", "heritage:website": "https://www.surrey.ca/culture-recreation/3268.aspx", "leisure": "park", "name": "Port Kells Park", "source": "City of Surrey 2011 GIS Data (ID: 92)", "start_date": "1933", "website": "https://www.surrey.ca/parks-recreation/parks/port-kells-park", "osm_id": 97047205, "osm_type": "way"}}, {"type": "Feature", "geometry": {"type": "Polygon", "coordinates": [[[-122.699322, 49.1283171], [-122.699322, 49.1283958], [-122.6993226, 49.1284301], [-122.699323, 49.1284573], [-122.6987815, 49.1284699], [-122.6987658, 49.1284752], [-122.6987511, 49.1284823], [-122.6987402, 49.1284882], [-122.6987252, 49.1284919], [-122.6986153, 49.1284946], [-122.6985878, 49.1284912], [-122.6985804, 49.1284897], [-122.6985624, 49.1284855], [-122.6985403, 49.1284758], [-122.6985244, 49.128462], [-122.6985139, 49.128443], [-122.6985094, 49.1284247], [-122.6985081, 49.1284051], [-122.69851, 49.1279786], [-122.6985593, 49.1279774], [-122.6986081, 49.1279762], [-122.6991526, 49.1279636], [-122.6992072, 49.1279674], [-122.6992603, 49.1279833], [-122.6992972, 49.1280065], [-122.6993212, 49.1280383], [-122.6993271, 49.1280725], [-122.699322, 49.1283171]]]}, "properties": {"leisure": "park", "name": "Pickard Park", "source": "City of Surrey 2011 GIS Data (ID: 92)", "surrey:objectid": "3352", "osm_id": 97047206, "osm_type": "way"}}, {"type": "Feature", "geometry": {"type": "Polygon", "coordinates": [[[-122.901933, 49.1841769], [-122.9016312, 49.1842099], [-122.9014093, 49.1842013], [-122.9015362, 49.1840151], [-122.9014574, 49.1838519], [-122.9012298, 49.1837614], [-122.9010821, 49.1839019], [-122.9011952, 49.1839831], [-122.9012806, 49.1840953], [-122.9013196, 49.1843821], [-122.901933, 49.1841769]]]}, "properties": {"leisure": "park", "name": "Bailey Crescent Park", "natural": "wood", "osm_id": 103942691, "osm_type": "way"}}, {"type": "Feature", "geometry": {"type": "LineString", "coordinates": [[-122.7970385, 49.1160198], [-122.7970386, 49.1156879], [-122.796574, 49.1156878], [-122.7965739, 49.1160023], [-122.7965739, 49.1160197], [-122.7970385, 49.1160198]]}, "properties": {"barrier": "fence", "leisure": "sports_centre", "sport": "tennis", "osm_id": 105687710, "osm_type": "way"}}, {"type": "Feature", "geometry": {"type": "Polygon", "coordinates": [[[-122.7438942, 49.1771398], [-122.7395246, 49.1771336], [-122.7380977, 49.1771441], [-122.7350248, 49.1771045], [-122.7349896, 49.1783866], [-122.7351231, 49.1785363], [-122.7352143, 49.1786152], [-122.7352116, 49.179541], [-122.7353833, 49.1795901], [-122.7355577, 49.1796129], [-122.7361209, 49.1795918], [-122.7366601, 49.1795942], [-122.7375532, 49.179918], [-122.7377577, 49.1800706], [-122.7379636, 49.1803125], [-122.7380299, 49.1804975], [-122.7381795, 49.1813443], [-122.73826, 49.1815301], [-122.7384799, 49.1817966], [-122.7386891, 49.1819684], [-122.7389244, 49.1820843], [-122.7414169, 49.1828187], [-122.7425099, 49.1831247], [-122.7438289, 49.1834512], [-122.7438121, 49.1834955], [-122.7459532, 49.1840175], [-122.7482794, 49.1845693], [-122.7563729, 49.1865644], [-122.7563877, 49.1864381], [-122.7589056, 49.1870294], [-122.7613387, 49.1876053], [-122.7735347, 49.1877082], [-122.7735248, 49.1873672], [-122.773516, 49.1870658], [-122.7749421, 49.1870588], [-122.7751571, 49.1870577], [-122.7751251, 49.1864857], [-122.7751336, 49.1859068], [-122.7751395, 49.1851294], [-122.7751476, 49.1844802], [-122.7750629, 49.184203], [-122.7771218, 49.1842241], [-122.7772725, 49.1804031], [-122.7705293, 49.1804731], [-122.770407, 49.1770543], [-122.7647019, 49.1771104], [-122.7623415, 49.1771034], [-122.7599271, 49.1771317], [-122.7578863, 49.1771409], [-122.7567127, 49.1771486], [-122.7566859, 49.1777176], [-122.7564662, 49.1777112], [-122.7563518, 49.1777106], [-122.7553387, 49.1777049], [-122.7553623, 49.1772682], [-122.7553698, 49.1771397], [-122.7552261, 49.1771397], [-122.7467685, 49.1771379], [-122.745625, 49.1771377], [-122.7438942, 49.1771398]]]}, "properties": {"boundary": "protected_area", "leisure": "park", "name": "Tynehead Regional Park", "operator": "Metro Vancouver Regional Parks", "operator:type": "public", "operator:wikidata": "Q110072524", "protect_class": "1", "protection_title": "Regional Park", "website": "https://metrovancouver.org/services/regional-parks/park/tynehead-regional-park", "wikidata": "Q121436698", "osm_id": 109819343, "osm_type": "way"}}, {"type": "Feature", "geometry": {"type": "LineString", "coordinates": [[-122.8735013, 49.1401573], [-122.8728736, 49.1401138], [-122.8729643, 49.1391917], [-122.8730203, 49.1390256], [-122.8731952, 49.1390309], [-122.8733779, 49.1390715], [-122.873925, 49.1393908], [-122.8739496, 49.1394166], [-122.8739359, 49.1401251], [-122.8735013, 49.1401573]]}, "properties": {"leisure": "sports_centre", "name": "Action BMX", "sport": "bmx", "osm_id": 124966032, "osm_type": "way"}}, {"type": "Feature", "geometry": {"type": "LineString", "coordinates": [[-122.7563079, 49.1175356], [-122.7563083, 49.1172011], [-122.7563087, 49.1168805], [-122.7558392, 49.1168802], [-122.7558389, 49.1171985], [-122.7558386, 49.1175354], [-122.7563079, 49.1175356]]}, "properties": {"barrier": "fence", "leisure": "sports_centre", "osm_id": 125113141, "osm_type": "way"}}, {"type": "Feature", "geometry": {"type": "Polygon", "coordinates": [[[-122.7090825, 49.1019209], [-122.709511, 49.1019182], [-122.7101699, 49.1019955], [-122.7111736, 49.1019773], [-122.7111475, 49.1020795], [-122.7104903, 49.1020778], [-122.7104814, 49.1020855], [-122.710392, 49.1022347], [-122.7103062, 49.1023435], [-122.7101528, 49.1024068], [-122.7098158, 49.102432], [-122.7094733, 49.1024275], [-122.7088302, 49.1024225], [-122.7085841, 49.1024232], [-122.7085033, 49.1024787], [-122.7085011, 49.1025156], [-122.7080598, 49.102513], [-122.7079351, 49.102477], [-122.7077662, 49.1023036], [-122.7079835, 49.1020963], [-122.707989, 49.101824], [-122.707292, 49.1018091], [-122.7073449, 49.1017585], [-122.7079861, 49.1017534], [-122.7079807, 49.1011277], [-122.7086527, 49.1011286], [-122.7087038, 49.1011689], [-122.7090944, 49.1011685], [-122.7090825, 49.1019209]]]}, "properties": {"leisure": "park", "name": "Hunter Park", "osm_id": 125269937, "osm_type": "way"}}, {"type": "Feature", "geometry": {"type": "Polygon", "coordinates": [[[-122.8619956, 49.1834689], [-122.8619944, 49.1835431], [-122.8619929, 49.183632], [-122.8614886, 49.1836337], [-122.8614735, 49.1839826], [-122.8609773, 49.1839902], [-122.8609147, 49.1837267], [-122.8606554, 49.183635], [-122.8603793, 49.1835867], [-122.8601745, 49.1834919], [-122.8601512, 49.1834835], [-122.8601317, 49.1834589], [-122.8599986, 49.1832524], [-122.8600233, 49.1821411], [-122.860066, 49.1818404], [-122.8602284, 49.1818409], [-122.8602347, 49.1821457], [-122.8602912, 49.1823009], [-122.8602468, 49.1831797], [-122.8603072, 49.1833238], [-122.8603996, 49.183398], [-122.8606893, 49.1834742], [-122.8619956, 49.1834689]]]}, "properties": {"leisure": "park", "motor_vehicle": "no", "name": "Evergreen Park", "surface": "grass", "osm_id": 138096984, "osm_type": "way"}}, {"type": "Feature", "geometry": {"type": "LineString", "coordinates": [[-122.7094422, 49.1315223], [-122.7094365, 49.1318439], [-122.7092503, 49.1318425], [-122.7092474, 49.1320092], [-122.7090333, 49.1320076], [-122.7090361, 49.1318427], [-122.7089878, 49.1318423], [-122.7089936, 49.1315189], [-122.7094422, 49.1315223]]}, "properties": {"barrier": "fence", "leisure": "sports_centre", "sport": "tennis;pickleball", "osm_id": 144955692, "osm_type": "way"}}, {"type": "Feature", "geometry": {"type": "Polygon", "coordinates": [[[-122.8176818, 49.1134313], [-122.8170122, 49.1134319], [-122.816999, 49.1132179], [-122.8151381, 49.1132227], [-122.8151561, 49.1134734], [-122.8157378, 49.1134686], [-122.8157162, 49.1141379], [-122.8162545, 49.1145352], [-122.8176889, 49.1145305], [-122.8176818, 49.1134313]]]}, "properties": {"leisure": "park", "name": "Owl Park", "osm_id": 180342350, "osm_type": "way"}}, {"type": "Feature", "geometry": {"type": "LineString", "coordinates": [[-122.7801512, 49.1467977], [-122.780149, 49.1464616], [-122.7806082, 49.1464604], [-122.7806093, 49.1466317], [-122.7808945, 49.1466309], [-122.7808956, 49.1467957], [-122.7802368, 49.1467975], [-122.7801512, 49.1467977]]}, "properties": {"barrier": "fence", "leisure": "sports_centre", "surface": "paved", "osm_id": 191358916, "osm_type": "way"}}, {"type": "Feature", "geometry": {"type": "LineString", "coordinates": [[-122.8155217, 49.0335762], [-122.8155217, 49.0335662], [-122.8153847, 49.0335672], [-122.8153817, 49.0332782], [-122.8154757, 49.0332772], [-122.8154757, 49.0331932], [-122.8155757, 49.0331923], [-122.8156047, 49.0331932], [-122.8156037, 49.0332042], [-122.8160857, 49.0332082], [-122.8160867, 49.0331802], [-122.8162427, 49.0331792], [-122.8162457, 49.0334922], [-122.8161527, 49.0334932], [-122.8161527, 49.0335142], [-122.8161077, 49.0335152], [-122.8161077, 49.0334932], [-122.8160777, 49.0334932], [-122.8160787, 49.0335312], [-122.8159847, 49.0335322], [-122.8159847, 49.0335612], [-122.8157697, 49.0335622], [-122.8157697, 49.0335742], [-122.8155217, 49.0335762]]}, "properties": {"addr:city": "Surrey", "addr:housenumber": "14655", "addr:province": "BC", "addr:street": "17 Avenue", "building": "public", "leisure": "sports_centre", "name": "South Surrey Indoor Pool", "smoking": "no", "sport": "swimming", "osm_id": 191374301, "osm_type": "way"}}, {"type": "Feature", "geometry": {"type": "Polygon", "coordinates": [[[-122.8392937, 49.0637088], [-122.8374562, 49.0639158], [-122.8370741, 49.0638051], [-122.8370811, 49.0637767], [-122.8373778, 49.0638318], [-122.8376289, 49.0638103], [-122.8378517, 49.0637507], [-122.8381831, 49.0632649], [-122.8392452, 49.0629016], [-122.8392427, 49.0623919], [-122.8393168, 49.0624055], [-122.8393184, 49.0628172], [-122.8392903, 49.0629575], [-122.8392937, 49.0632592], [-122.8392937, 49.0637088]]]}, "properties": {"addr:housenumber": "13825", "addr:street": "33 Avenue", "description": "Hidden wooded park with large Douglas fir trees, picnic area and views of Mud Bay. A quiet natural space for relaxation and enjoying the scenery.", "leisure": "park", "name": "Bayview Woods Park", "operator": "City of Surrey", "operator:type": "government", "operator:wikidata": "Q390583", "website": "https://www.surrey.ca/parks-recreation/parks/bayview-woods-park", "osm_id": 215736251, "osm_type": "way"}}, {"type": "Feature", "geometry": {"type": "Polygon", "coordinates": [[[-122.8613681, 49.0344074], [-122.8613735, 49.0337181], [-122.8605967, 49.033718], [-122.8606386, 49.0338324], [-122.8607244, 49.0339098], [-122.8608666, 49.0340329], [-122.8609041, 49.034098], [-122.8605447, 49.0343371], [-122.8606305, 49.0343705], [-122.8607405, 49.0343987], [-122.860939, 49.0344074], [-122.8611804, 49.0344145], [-122.8613681, 49.0344074]]]}, "properties": {"addr:housenumber": "13089", "addr:street": "Summerhill Crescent", "leisure": "park", "name": "Summerhill Park", "operator": "City of Surrey", "operator:type": "government", "operator:wikidata": "Q390583", "start_date": "1984", "website": "https://www.surrey.ca/parks-recreation/parks/summerhill-park", "osm_id": 216498678, "osm_type": "way"}}, {"type": "Feature", "geometry": {"type": "Polygon", "coordinates": [[[-122.8581119, 49.0313582], [-122.8581897, 49.0314426], [-122.8582004, 49.0315112], [-122.8581897, 49.0315815], [-122.8582031, 49.0316817], [-122.8582648, 49.0317433], [-122.8582569, 49.0318377], [-122.858305, 49.0318259], [-122.8584731, 49.0318596], [-122.8585183, 49.0318882], [-122.858584, 49.0318594], [-122.8586537, 49.0318031], [-122.8587396, 49.0317697], [-122.8590445, 49.031728], [-122.8591915, 49.0316936], [-122.8592224, 49.0317398], [-122.8592331, 49.0318171], [-122.8592572, 49.0318558], [-122.8593243, 49.0318541], [-122.8593458, 49.0313546], [-122.8581119, 49.0313582]]]}, "properties": {"leisure": "park", "name": "Detention Pond", "osm_id": 216498679, "osm_type": "way"}}, {"type": "Feature", "geometry": {"type": "Polygon", "coordinates": [[[-122.7944993, 49.06376], [-122.7929979, 49.0637614], [-122.79302, 49.0655424], [-122.7936099, 49.0655471], [-122.7936122, 49.0660074], [-122.794023, 49.0656209], [-122.7946249, 49.065292], [-122.794339, 49.0650232], [-122.7943978, 49.0641831], [-122.7944944, 49.064031], [-122.7944993, 49.06376]]]}, "properties": {"addr:housenumber": "15473", "addr:street": "34 Avenue", "leisure": "park", "name": "Blumsen Park", "operator": "City of Surrey", "operator:type": "government", "operator:wikidata": "Q390583", "osm_id": 216820078, "osm_type": "way"}}, {"type": "Feature", "geometry": {"type": "Polygon", "coordinates": [[[-122.7947152, 49.0672729], [-122.7947152, 49.0667826], [-122.7948144, 49.0663696], [-122.7953347, 49.0659408], [-122.7971956, 49.0650742], [-122.7973242, 49.0649705], [-122.7973786, 49.0648548], [-122.7973947, 49.0642836], [-122.7973893, 49.0638373], [-122.7977909, 49.0638352], [-122.797791, 49.0644485], [-122.7977803, 49.0648387], [-122.7977615, 49.0649371], [-122.7977031, 49.0650393], [-122.7976273, 49.0651322], [-122.7975502, 49.0651957], [-122.7974081, 49.06528], [-122.7968736, 49.0655399], [-122.7956351, 49.0661165], [-122.7959108, 49.0663465], [-122.795831, 49.0664241], [-122.7954555, 49.0662519], [-122.7953214, 49.0663526], [-122.7952007, 49.0664733], [-122.7951094, 49.0667475], [-122.7951061, 49.0672796], [-122.7947152, 49.0672729]]]}, "properties": {"leisure": "park", "name": "Rosemary Heights Park", "osm_id": 216821341, "osm_type": "way"}}, {"type": "Feature", "geometry": {"type": "Polygon", "coordinates": [[[-122.7943316, 49.0615438], [-122.7945006, 49.061542], [-122.7945274, 49.0622081], [-122.7963567, 49.0622222], [-122.7962816, 49.0623663], [-122.7962359, 49.0624825], [-122.794538, 49.0624754], [-122.7945246, 49.0627092], [-122.7945328, 49.0632925], [-122.794538, 49.0636477], [-122.7943236, 49.0636527], [-122.7943129, 49.0629744], [-122.7943048, 49.0624489], [-122.794337, 49.0621765], [-122.7943531, 49.0618584], [-122.7943316, 49.0615438]]]}, "properties": {"check_date": "2024-03-14", "leisure": "park", "name": "Rosemary Heights Park", "osm_id": 216822107, "osm_type": "way"}}, {"type": "Feature", "geometry": {"type": "Polygon", "coordinates": [[[-122.7974752, 49.0636633], [-122.7974832, 49.0631413], [-122.7972792, 49.0629745], [-122.7972338, 49.062948], [-122.7971264, 49.0629587], [-122.796979, 49.0628478], [-122.7969574, 49.062783], [-122.7967213, 49.0626477], [-122.7964773, 49.0625738], [-122.796464, 49.0624946], [-122.7965364, 49.062354], [-122.7966893, 49.062245], [-122.797636, 49.0628515], [-122.7980653, 49.0627125], [-122.798151, 49.0628023], [-122.7976601, 49.0629499], [-122.7976387, 49.0633436], [-122.7976494, 49.0636635], [-122.7974752, 49.0636633]]]}, "properties": {"check_date": "2024-03-14", "leisure": "park", "name": "Rosemary Heights Park", "osm_id": 216822108, "osm_type": "way"}}, {"type": "Feature", "geometry": {"type": "Polygon", "coordinates": [[[-122.7843455, 49.1967933], [-122.7842014, 49.1965388], [-122.7855112, 49.1965446], [-122.7855438, 49.1965899], [-122.786302, 49.1965945], [-122.786302, 49.1968848], [-122.7869634, 49.1968882], [-122.7869661, 49.1971188], [-122.7868098, 49.1971172], [-122.7860466, 49.1971136], [-122.7857412, 49.1971721], [-122.7857375, 49.1974649], [-122.7843165, 49.1974734], [-122.7843455, 49.1967933]]]}, "properties": {"leisure": "park", "name": "West Fraser Heights Park", "osm_id": 233263761, "osm_type": "way"}}, {"type": "Feature", "geometry": {"type": "Polygon", "coordinates": [[[-122.8766862, 49.0344426], [-122.8765952, 49.0343464], [-122.8760559, 49.034563], [-122.87547, 49.0347946], [-122.8755878, 49.0349156], [-122.8766862, 49.0344426]]]}, "properties": {"addr:housenumber": "1799", "addr:street": "Ocean Park Road", "description": "Small viewpoint park accessed by a short walking path. Offers ocean views from a quiet green space among mature trees in Ocean Park.", "leisure": "park", "name": "Ben Stevenson View Park", "opening_hours": "sunrise-sunset", "operator": "City of Surrey", "operator:type": "government", "operator:wikidata": "Q390583", "website": "https://www.surrey.ca/parks-recreation/parks/ben-stevenson-view-park", "osm_id": 354700634, "osm_type": "way"}}, {"type": "Feature", "geometry": {"type": "LineString", "coordinates": [[-122.7336299, 49.1130945], [-122.7345409, 49.1130938], [-122.7345419, 49.1133999], [-122.7336519, 49.1134006], [-122.7336519, 49.113424], [-122.7333979, 49.1134242], [-122.7333979, 49.1134033], [-122.7334189, 49.1134032], [-122.7334189, 49.1132055], [-122.7333629, 49.1132056], [-122.7333629, 49.1131406], [-122.7334199, 49.1131406], [-122.7334199, 49.1130953], [-122.7333639, 49.1130936], [-122.7333649, 49.1130401], [-122.7334919, 49.1130401], [-122.7334919, 49.1130901], [-122.7336299, 49.11309], [-122.7336299, 49.1130945]]}, "properties": {"addr:housenumber": "6090", "addr:street": "176 Street", "building": "yes", "leisure": "sports_centre", "name": "Cloverdale Arena", "phone": "+1-604-502-6410", "website": "https://www.surrey.ca/parks-recreation/recreation-facilities/cloverdale-arena", "osm_id": 392019733, "osm_type": "way"}}, {"type": "Feature", "geometry": {"type": "LineString", "coordinates": [[-122.7336178, 49.1154848], [-122.7336498, 49.11545], [-122.7336858, 49.1154218], [-122.7336808, 49.1154135], [-122.7336508, 49.1154135], [-122.7336518, 49.1153457], [-122.7336358, 49.1153457], [-122.7336398, 49.1148962], [-122.7338578, 49.1148976], [-122.7338558, 49.1149296], [-122.7340248, 49.11493], [-122.7340238, 49.1148623], [-122.7344598, 49.1148642], [-122.7344992, 49.1149661], [-122.7345262, 49.1150733], [-122.7345432, 49.1151597], [-122.7345432, 49.1152833], [-122.7345164, 49.1153913], [-122.7344258, 49.1155487], [-122.7339088, 49.1155475], [-122.7339078, 49.1154752], [-122.7338848, 49.1154751], [-122.7338678, 49.1154952], [-122.7338498, 49.1154952], [-122.7337968, 49.1155417], [-122.7337198, 49.1155701], [-122.7336588, 49.1155699], [-122.7336128, 49.1155424], [-122.7336178, 49.1154848]]}, "properties": {"addr:city": "Surrey", "addr:housenumber": "6188", "addr:street": "176 Street", "building": "yes", "leisure": "sports_centre", "name": "Cloverdale Recreation Centre", "phone": "+1-604-598-7960", "website": "https://www.surrey.ca/culture-recreation/8524.aspx", "osm_id": 392019738, "osm_type": "way"}}, {"type": "Feature", "geometry": {"type": "Polygon", "coordinates": [[[-122.8098167, 49.1069082], [-122.8098648, 49.10688], [-122.809875, 49.1065369], [-122.8099151, 49.1064321], [-122.809872, 49.106405], [-122.8098569, 49.1063653], [-122.8097538, 49.1063334], [-122.8096353, 49.1062834], [-122.8095287, 49.1062246], [-122.8094105, 49.1061438], [-122.8092896, 49.1060634], [-122.8091737, 49.1059977], [-122.8090331, 49.1059319], [-122.8088936, 49.1058765], [-122.8087339, 49.1058277], [-122.8086173, 49.1057891], [-122.8085022, 49.1057666], [-122.8083806, 49.1057508], [-122.8082495, 49.1057361], [-122.8080982, 49.1057296], [-122.8079864, 49.1057299], [-122.8078814, 49.1057213], [-122.8070177, 49.1058478], [-122.8073449, 49.1061673], [-122.8074203, 49.10622], [-122.8074487, 49.1062399], [-122.8079886, 49.1066169], [-122.8067709, 49.1076283], [-122.8069265, 49.1077266], [-122.808192, 49.1066976], [-122.8087297, 49.1068393], [-122.8089465, 49.1068965], [-122.809405, 49.1069108], [-122.8094808, 49.106905], [-122.8098167, 49.1069082]]]}, "properties": {"leisure": "park", "name": "Panorama Village Park", "osm_id": 392023454, "osm_type": "way"}}, {"type": "Feature", "geometry": {"type": "Polygon", "coordinates": [[[-122.8064913, 49.1089904], [-122.8059067, 49.1089872], [-122.8057232, 49.1089863], [-122.8055396, 49.1089853], [-122.8053561, 49.1089843], [-122.8051726, 49.1089833], [-122.8051544, 49.1089832], [-122.8049891, 49.1089823], [-122.8048056, 49.1089813], [-122.804622, 49.1089803], [-122.8044385, 49.1089793], [-122.804255, 49.1089783], [-122.8040715, 49.1089773], [-122.8038879, 49.1089763], [-122.8038331, 49.108976], [-122.8038086, 49.1089759], [-122.8038098, 49.1088696], [-122.8035089, 49.1085543], [-122.8034862, 49.1085243], [-122.8034722, 49.1084921], [-122.8034675, 49.1084587], [-122.8034721, 49.1084253], [-122.803486, 49.1083931], [-122.8035086, 49.1083631], [-122.8035392, 49.1083363], [-122.8032836, 49.1081478], [-122.8033361, 49.1081184], [-122.803592, 49.1083072], [-122.8036348, 49.108292], [-122.803681, 49.1082821], [-122.8037291, 49.1082777], [-122.8037777, 49.1082789], [-122.8038251, 49.1082857], [-122.80387, 49.108298], [-122.803911, 49.1083152], [-122.8039466, 49.1083369], [-122.803976, 49.1083624], [-122.8040713, 49.1084622], [-122.8043507, 49.1087548], [-122.806495, 49.1087661], [-122.8064913, 49.1089904]]]}, "properties": {"leisure": "park", "name": "Springwood Forest Park", "osm_id": 392023455, "osm_type": "way"}}, {"type": "Feature", "geometry": {"type": "Polygon", "coordinates": [[[-122.797795, 49.1112669], [-122.7978004, 49.1116392], [-122.7996243, 49.1116743], [-122.7991791, 49.1115373], [-122.7986802, 49.1113688], [-122.7982564, 49.111295], [-122.797795, 49.1112669]]]}, "properties": {"leisure": "park", "name": "Sullivan Elementary School Park", "osm_id": 392023456, "osm_type": "way"}}, {"type": "Feature", "geometry": {"type": "Polygon", "coordinates": [[[-122.8121716, 49.102283], [-122.8121985, 49.1007041], [-122.8108771, 49.1007218], [-122.8100109, 49.1007334], [-122.8100166, 49.1015823], [-122.8097477, 49.1019137], [-122.8099785, 49.102066], [-122.8100993, 49.1020622], [-122.8102462, 49.1021036], [-122.8103095, 49.1021776], [-122.8103219, 49.1022716], [-122.8121716, 49.102283]]]}, "properties": {"leisure": "park", "name": "Bob Rutledge Park", "osm_id": 392023457, "osm_type": "way"}}, {"type": "Feature", "geometry": {"type": "Polygon", "coordinates": [[[-122.8904273, 49.0915596], [-122.8902581, 49.091557], [-122.8902344, 49.0915517], [-122.8901816, 49.0915301], [-122.8900783, 49.0915004], [-122.8899419, 49.0914734], [-122.8898371, 49.0914567], [-122.8897335, 49.0914439], [-122.8895861, 49.091438], [-122.8894454, 49.0914363], [-122.8892774, 49.091446], [-122.8891588, 49.0914551], [-122.8890082, 49.0914953], [-122.8888997, 49.0915506], [-122.8887799, 49.0915928], [-122.8886914, 49.091615], [-122.8886205, 49.0916143], [-122.8884096, 49.0915986], [-122.8882093, 49.0915734], [-122.8879894, 49.0915269], [-122.887756, 49.0914808], [-122.8876599, 49.0914779], [-122.8871995, 49.0914844], [-122.88687, 49.0914732], [-122.8862535, 49.0914413], [-122.8857803, 49.0914111], [-122.8854454, 49.0913746], [-122.8850301, 49.0913328], [-122.8847047, 49.091327], [-122.8844956, 49.0913297], [-122.8842353, 49.0913254], [-122.8839067, 49.0913052], [-122.8836307, 49.0912809], [-122.8834767, 49.0912504], [-122.8832494, 49.0911821], [-122.8831328, 49.091153], [-122.8830017, 49.0911338], [-122.8828428, 49.0911232], [-122.8823982, 49.091098], [-122.8817734, 49.0910882], [-122.8814961, 49.0910935], [-122.881201, 49.09112], [-122.8809948, 49.0911262], [-122.8807834, 49.0911172], [-122.880593, 49.0911023], [-122.8804125, 49.0910701], [-122.8800296, 49.0909701], [-122.8796278, 49.090966], [-122.8792646, 49.0909532], [-122.8791075, 49.0909726], [-122.8789764, 49.0909823], [-122.878851, 49.0909749], [-122.8787478, 49.0909622], [-122.8786352, 49.0909399], [-122.8783906, 49.0909494], [-122.8781721, 49.0909521], [-122.8776424, 49.0909242], [-122.8770542, 49.0908908], [-122.8767479, 49.0908663], [-122.8765423, 49.0908386], [-122.8763989, 49.0907902], [-122.8762624, 49.090744], [-122.8760642, 49.0907152], [-122.8758773, 49.0906873], [-122.8756665, 49.0906732], [-122.8754842, 49.0906749], [-122.8752492, 49.0906825], [-122.8749877, 49.0907096], [-122.8747118, 49.0907144], [-122.8747179, 49.0908187], [-122.8750037, 49.0908171], [-122.8752662, 49.0907899], [-122.8754892, 49.0907827], [-122.8756593, 49.0907811], [-122.8758505, 49.0907939], [-122.8760284, 49.0908204], [-122.8762058, 49.0908462], [-122.8763235, 49.090886], [-122.8764869, 49.0909412], [-122.8767213, 49.0909728], [-122.8770371, 49.0909981], [-122.8776287, 49.0910316], [-122.878167, 49.09106], [-122.8783971, 49.0910572], [-122.8786157, 49.0910486], [-122.8787086, 49.091067], [-122.8788284, 49.0910818], [-122.8789781, 49.0910907], [-122.8791321, 49.0910793], [-122.8792756, 49.0910615], [-122.879622, 49.0910737], [-122.8799967, 49.0910776], [-122.8803602, 49.0911724], [-122.8805614, 49.0912084], [-122.8807682, 49.0912245], [-122.8809932, 49.0912342], [-122.881216, 49.0912274], [-122.8815097, 49.0912011], [-122.8817739, 49.091196], [-122.8823891, 49.0912057], [-122.8828276, 49.0912306], [-122.8829753, 49.0912404], [-122.8830854, 49.0912565], [-122.8831856, 49.0912816], [-122.8834182, 49.0913514], [-122.8835957, 49.0913866], [-122.883888, 49.0914123], [-122.8842256, 49.091433], [-122.8844951, 49.0914375], [-122.8847041, 49.0914348], [-122.8850153, 49.0914404], [-122.8854193, 49.091481], [-122.8857587, 49.0915181], [-122.8862391, 49.0915487], [-122.8868593, 49.0915808], [-122.887197, 49.0915922], [-122.887658, 49.0915858], [-122.887728, 49.0915878], [-122.8879402, 49.0916297], [-122.8881683, 49.091678], [-122.8883849, 49.0917052], [-122.8886097, 49.0917219], [-122.8887206, 49.0917232], [-122.8888486, 49.091691], [-122.8889899, 49.0916412], [-122.8890913, 49.0915895], [-122.8892002, 49.0915605], [-122.8892943, 49.0915532], [-122.8894513, 49.0915442], [-122.8895794, 49.0915457], [-122.889713, 49.0915511], [-122.8898027, 49.0915622], [-122.8898985, 49.0915775], [-122.8900211, 49.0916017], [-122.8901047, 49.0916257], [-122.8901632, 49.0916496], [-122.8902288, 49.0916644], [-122.8904162, 49.0916671], [-122.8918788, 49.0917745], [-122.8920531, 49.0917802], [-122.8921851, 49.0917789], [-122.8922946, 49.0917588], [-122.8923907, 49.091731], [-122.8924856, 49.0916817], [-122.8925422, 49.0916343], [-122.8925814, 49.0915819], [-122.8926992, 49.091355], [-122.8927917, 49.0911657], [-122.8929278, 49.090937], [-122.8929908, 49.0908698], [-122.8930648, 49.0907992], [-122.8932359, 49.0906941], [-122.8938593, 49.0903912], [-122.8944866, 49.0901123], [-122.8947389, 49.0900263], [-122.8948982, 49.0899824], [-122.895089, 49.0899522], [-122.8953041, 49.0899285], [-122.8954605, 49.0899178], [-122.8957219, 49.0899138], [-122.896976, 49.0899402], [-122.8974004, 49.0899385], [-122.8977146, 49.0899272], [-122.8979795, 49.0899088], [-122.8981677, 49.0898867], [-122.8983498, 49.0898438], [-122.8985299, 49.0897912], [-122.8986763, 49.0897281], [-122.8987884, 49.0896698], [-122.8989046, 49.0895875], [-122.8991258, 49.089353], [-122.8998762, 49.0883141], [-122.899945, 49.0882384], [-122.9000744, 49.0881405], [-122.9002477, 49.0880546], [-122.9012965, 49.0877018], [-122.9021636, 49.0874243], [-122.9026686, 49.0871349], [-122.9029448, 49.0869451], [-122.9031046, 49.0867623], [-122.9034132, 49.0857624], [-122.903458, 49.0856838], [-122.9035379, 49.0855961], [-122.9036223, 49.0855432], [-122.9037072, 49.0855068], [-122.9037996, 49.0854868], [-122.9039352, 49.0854726], [-122.9062599, 49.0853904], [-122.9065448, 49.0853617], [-122.9067986, 49.0853086], [-122.9087364, 49.0848694], [-122.9089229, 49.0848187], [-122.9098067, 49.0844897], [-122.9106155, 49.0842229], [-122.9118453, 49.0838797], [-122.9119587, 49.0838632], [-122.9121542, 49.0838575], [-122.9124083, 49.0838889], [-122.9125666, 49.0839171], [-122.9132051, 49.0840037], [-122.9134293, 49.084021], [-122.9136075, 49.0839937], [-122.913776, 49.0839188], [-122.9141811, 49.083579], [-122.914277, 49.0835355], [-122.914377, 49.0835024], [-122.9146375, 49.0834614], [-122.916227, 49.0832298], [-122.9163305, 49.083205], [-122.9164116, 49.0831705], [-122.9170619, 49.0828805], [-122.9182059, 49.0823997], [-122.9196131, 49.0818153], [-122.9210936, 49.0812837], [-122.9235159, 49.0804052], [-122.9248602, 49.0799373], [-122.9254836, 49.079699], [-122.9259477, 49.0795354], [-122.9268982, 49.0792616], [-122.9291674, 49.0786339], [-122.9334197, 49.0773757], [-122.9347893, 49.0769789], [-122.9349735, 49.076934], [-122.9353893, 49.0768323], [-122.9364849, 49.0765965], [-122.9376798, 49.0763393], [-122.9379061, 49.0762906], [-122.9383599, 49.076187], [-122.9387539, 49.0760971], [-122.9395945, 49.0759097], [-122.9415127, 49.0754111], [-122.9423456, 49.0751946], [-122.9433376, 49.0749124], [-122.9438384, 49.0747699], [-122.9448183, 49.0744442], [-122.9455323, 49.0742165], [-122.9461064, 49.0740417], [-122.948247, 49.073402], [-122.9490858, 49.0732304], [-122.9511991, 49.0728321], [-122.9549897, 49.0720862], [-122.9560571, 49.0719017], [-122.9567787, 49.071774], [-122.9570554, 49.0717328], [-122.9577389, 49.0716124], [-122.9607908, 49.071125], [-122.9629816, 49.070795], [-122.9660983, 49.0703338], [-122.9683412, 49.0699616], [-122.9701208, 49.0696359], [-122.9716205, 49.0693449], [-122.9738865, 49.0689019], [-122.9755158, 49.0685875], [-122.9757485, 49.068546], [-122.9760412, 49.0685082], [-122.9771411, 49.0683718], [-122.9793386, 49.0680857], [-122.9795672, 49.0680625], [-122.9807386, 49.0679092], [-122.9823438, 49.0676912], [-122.9847946, 49.0673436], [-122.9851115, 49.0672756], [-122.9852679, 49.0672472], [-122.985421, 49.0672271], [-122.9856569, 49.0672051], [-122.9859202, 49.0671855], [-122.9862939, 49.067148], [-122.9869859, 49.0670601], [-122.9905075, 49.0665664], [-122.9936776, 49.066069], [-122.9947422, 49.0659043], [-122.9957938, 49.0657398], [-122.9969897, 49.0655549], [-122.9981586, 49.0654119], [-122.9990958, 49.0653099], [-123.0000695, 49.0652158], [-123.0011879, 49.0651221], [-123.00206, 49.0650421], [-123.0028665, 49.0649614], [-123.0036466, 49.0648817], [-123.0044554, 49.0647928], [-123.005137, 49.0647013], [-123.0055158, 49.064653], [-123.0059894, 49.0645852], [-123.006351, 49.0645283], [-123.0067072, 49.0644619], [-123.0093881, 49.0638904], [-123.0115475, 49.0634237], [-123.0121891, 49.0632588], [-123.0128568, 49.0630759], [-123.0133719, 49.0629378], [-123.013956, 49.0627894], [-123.0149151, 49.062562], [-123.0155612, 49.0624055], [-123.0162136, 49.0622338], [-123.016751, 49.0620815], [-123.0173378, 49.0619083], [-123.0181757, 49.0616472], [-123.0186329, 49.0615021], [-123.0190115, 49.0613374], [-123.0193686, 49.0611596], [-123.0199967, 49.0609076], [-123.0206795, 49.0606615], [-123.0211989, 49.0604912], [-123.0215753, 49.0603815], [-123.0219096, 49.0602894], [-123.0221751, 49.0602333], [-123.0224331, 49.0601788], [-123.0227348, 49.0600957], [-123.0239064, 49.0596923], [-123.0240784, 49.0596414], [-123.0242331, 49.0596155], [-123.0243824, 49.0595812], [-123.0245514, 49.0595248], [-123.0269656, 49.0582439], [-123.0294047, 49.0570122], [-123.0294736, 49.0569705], [-123.0295564, 49.0569116], [-123.0300661, 49.0564475], [-123.0311652, 49.0554266], [-123.0312186, 49.0553881], [-123.0312623, 49.0553659], [-123.031326, 49.0553475], [-123.0313951, 49.0553386], [-123.0333587, 49.055335], [-123.0351165, 49.0553317], [-123.0352298, 49.055328], [-123.0353408, 49.0553177], [-123.0354352, 49.0552959], [-123.0355024, 49.0552675], [-123.035566, 49.0552251], [-123.035633, 49.0551344], [-123.0358613, 49.0547369], [-123.0358407, 49.0544889], [-123.035719, 49.0530003], [-123.0357284, 49.0529606], [-123.0357482, 49.0529241], [-123.0375057, 49.0510164], [-123.0396789, 49.0493329], [-123.03976, 49.049292], [-123.0398577, 49.0492675], [-123.0399335, 49.0492561], [-123.0400579, 49.0492543], [-123.041468, 49.049401], [-123.0446076, 49.0497655], [-123.0448021, 49.0497785], [-123.0449744, 49.0497797], [-123.0464102, 49.0497219], [-123.0466196, 49.0497042], [-123.0467928, 49.0496527], [-123.0469443, 49.0495763], [-123.0470702, 49.0495025], [-123.0474932, 49.0491911], [-123.047786, 49.0489317], [-123.048062, 49.0486557], [-123.0484726, 49.0482279], [-123.0490163, 49.0475972], [-123.0494369, 49.0471286], [-123.0495232, 49.0470179], [-123.0495634, 49.0469604], [-123.04958, 49.0468754], [-123.0495539, 49.0467997], [-123.0495198, 49.0467351], [-123.0491609, 49.046421], [-123.0491447, 49.0463829], [-123.0491471, 49.0463382], [-123.0499831, 49.044222], [-123.0502734, 49.0435135], [-123.0503038, 49.0434158], [-123.0503137, 49.0433539], [-123.0502785, 49.0428096], [-123.0502751, 49.0426838], [-123.0502967, 49.0426107], [-123.0503211, 49.042562], [-123.0506981, 49.0421768], [-123.0507291, 49.042131], [-123.0507532, 49.0420687], [-123.0508025, 49.0417405], [-123.0510469, 49.0401848], [-123.0511496, 49.0395048], [-123.0512994, 49.0388661], [-123.051544, 49.0380748], [-123.0517904, 49.0372746], [-123.0522145, 49.0360983], [-123.0525322, 49.0353781], [-123.0527977, 49.0348425], [-123.0528826, 49.0346808], [-123.0539659, 49.0346772], [-123.0539682, 49.0346417], [-123.0527772, 49.0346432], [-123.0527303, 49.0346433], [-123.0526418, 49.0348082], [-123.052375, 49.0353465], [-123.0520555, 49.0360709], [-123.0516298, 49.0372515], [-123.0513828, 49.0380534], [-123.0511374, 49.0388471], [-123.0509864, 49.0394913], [-123.0508833, 49.040174], [-123.0506389, 49.0417298], [-123.0505908, 49.0420499], [-123.0505731, 49.0420958], [-123.0505529, 49.0421254], [-123.0501713, 49.0425154], [-123.0501373, 49.0425836], [-123.0501103, 49.0426744], [-123.0501141, 49.0428127], [-123.0501489, 49.0433505], [-123.0501411, 49.0433994], [-123.0501133, 49.0434887], [-123.0498241, 49.0441945], [-123.0489834, 49.0463226], [-123.0489795, 49.0463959], [-123.0490109, 49.0464694], [-123.0493728, 49.0467863], [-123.0493955, 49.0468293], [-123.0494132, 49.0468806], [-123.0494034, 49.0469304], [-123.0493751, 49.0469711], [-123.0492927, 49.0470766], [-123.0488739, 49.0475434], [-123.0483314, 49.0481727], [-123.0479236, 49.0485975], [-123.047651, 49.0488701], [-123.0473654, 49.0491231], [-123.0469537, 49.0494262], [-123.0468392, 49.0494933], [-123.0467076, 49.0495597], [-123.0465742, 49.0495994], [-123.0463946, 49.0496145], [-123.0449703, 49.0496719], [-123.0448113, 49.0496707], [-123.0446303, 49.0496587], [-123.0414952, 49.0492948], [-123.0400691, 49.0491463], [-123.039913, 49.0491486], [-123.0398097, 49.0491641], [-123.0396788, 49.049197], [-123.0395647, 49.0492545], [-123.0373717, 49.0509534], [-123.0355988, 49.0528777], [-123.0355684, 49.052934], [-123.0355538, 49.0529947], [-123.0356953, 49.0547201], [-123.0354818, 49.0550918], [-123.0354298, 49.0551623], [-123.035398, 49.0551834], [-123.0353624, 49.0551985], [-123.0353016, 49.0552125], [-123.0352143, 49.0552206], [-123.0351122, 49.0552239], [-123.0313789, 49.0552308], [-123.0312764, 49.0552441], [-123.0311775, 49.0552726], [-123.0311064, 49.0553087], [-123.0310366, 49.0553591], [-123.0299322, 49.0563849], [-123.0294288, 49.0568434], [-123.0293573, 49.0568942], [-123.0292985, 49.0569298], [-123.0268636, 49.0581593], [-123.0244614, 49.059434], [-123.0243176, 49.059482], [-123.0243167, 49.0594821], [-123.0241839, 49.0595127], [-123.0240272, 49.0595412], [-123.0238354, 49.0595949], [-123.0226645, 49.0599981], [-123.0223758, 49.0600776], [-123.0221246, 49.0601307], [-123.0218524, 49.0601882], [-123.02151, 49.0602826], [-123.0211287, 49.0603937], [-123.0206031, 49.060566], [-123.0199141, 49.0608144], [-123.0192756, 49.0610704], [-123.0189162, 49.0612495], [-123.0185512, 49.0614083], [-123.0181046, 49.0615499], [-123.0172685, 49.0618105], [-123.0166847, 49.0619828], [-123.0161502, 49.0621344], [-123.0155021, 49.0623049], [-123.0148585, 49.0624608], [-123.0138982, 49.0626885], [-123.0133109, 49.0628377], [-123.0127939, 49.0629763], [-123.0121274, 49.0631589], [-123.011596, 49.0632953], [-123.0114916, 49.0633223], [-123.009337, 49.063788], [-123.0066592, 49.0643587], [-123.0063092, 49.0644241], [-123.0059526, 49.0644802], [-123.0054824, 49.0645474], [-123.0051047, 49.0645956], [-123.0044254, 49.0646868], [-123.0036203, 49.0647753], [-123.0028409, 49.0648549], [-123.0020364, 49.0649354], [-123.0011661, 49.0650153], [-123.0000471, 49.065109], [-122.9990703, 49.0652034], [-122.9981299, 49.0653058], [-122.9969556, 49.0654494], [-122.9957566, 49.0656348], [-122.994705, 49.0657993], [-122.9936399, 49.0659641], [-122.9904711, 49.0664612], [-122.9869531, 49.0669545], [-122.9862657, 49.0670417], [-122.9858984, 49.0670786], [-122.9856359, 49.0670982], [-122.9853931, 49.0671208], [-122.9852298, 49.0671422], [-122.9850638, 49.0671724], [-122.9847515, 49.0672394], [-122.9823097, 49.0675858], [-122.9807059, 49.0678035], [-122.9795383, 49.0679563], [-122.9793098, 49.0679796], [-122.9771099, 49.068266], [-122.9760102, 49.0684024], [-122.9757109, 49.068441], [-122.9754709, 49.0684838], [-122.9738398, 49.0687985], [-122.973748, 49.0688164], [-122.9715737, 49.0692415], [-122.9700752, 49.0695323], [-122.9682989, 49.0698574], [-122.9660599, 49.070229], [-122.9629452, 49.0706899], [-122.9607528, 49.0710201], [-122.9576981, 49.071508], [-122.9570158, 49.0716282], [-122.956739, 49.0716694], [-122.9560147, 49.0717976], [-122.954945, 49.0719825], [-122.9511527, 49.0727287], [-122.9490385, 49.0731271], [-122.9481884, 49.0733011], [-122.9454527, 49.0741125], [-122.9437683, 49.0746724], [-122.9422825, 49.0750951], [-122.9395375, 49.0758085], [-122.9387, 49.0759953], [-122.9378534, 49.0761885], [-122.9353321, 49.0767316], [-122.9347272, 49.0768791], [-122.9333526, 49.0772773], [-122.9291016, 49.0785351], [-122.9268331, 49.0791627], [-122.9258755, 49.0794385], [-122.9254032, 49.079605], [-122.9247801, 49.0798431], [-122.9234374, 49.0803105], [-122.9210143, 49.0811893], [-122.9195294, 49.0817225], [-122.9181175, 49.0823089], [-122.9169712, 49.0827906], [-122.9163204, 49.0830808], [-122.9162565, 49.083108], [-122.9161807, 49.0831262], [-122.9146003, 49.0833564], [-122.91432, 49.0834006], [-122.9141927, 49.0834427], [-122.9140668, 49.0834998], [-122.9136622, 49.0838392], [-122.9135403, 49.0838933], [-122.9134199, 49.0839118], [-122.9132314, 49.0838973], [-122.9126048, 49.0838122], [-122.9124452, 49.0837839], [-122.912166, 49.0837493], [-122.9119371, 49.083756], [-122.9117947, 49.0837767], [-122.9105462, 49.0841251], [-122.909729, 49.0843947], [-122.9088504, 49.0847218], [-122.908678, 49.0847686], [-122.9067466, 49.0852064], [-122.9065071, 49.0852565], [-122.9062429, 49.0852831], [-122.9039176, 49.0853653], [-122.9037605, 49.0853818], [-122.9036351, 49.0854089], [-122.9035195, 49.0854585], [-122.9034081, 49.0855283], [-122.9033091, 49.085637], [-122.9032546, 49.0857328], [-122.9029486, 49.0867239], [-122.902802, 49.0868916], [-122.902555, 49.0870567], [-122.9020552, 49.0873431], [-122.9012229, 49.0876054], [-122.9001597, 49.087963], [-122.8999613, 49.0880614], [-122.899811, 49.088175], [-122.8997307, 49.0882634], [-122.898981, 49.0893014], [-122.898773, 49.0895219], [-122.8986761, 49.0895905], [-122.8985796, 49.0896407], [-122.8984506, 49.0896964], [-122.8982884, 49.0897437], [-122.898125, 49.0897822], [-122.8979563, 49.089802], [-122.8977014, 49.0898197], [-122.8973954, 49.0898307], [-122.8969782, 49.0898324], [-122.8957226, 49.089806], [-122.89545, 49.0898102], [-122.8952818, 49.0898216], [-122.895056, 49.0898466], [-122.8948467, 49.0898796], [-122.8946688, 49.0899287], [-122.894402, 49.0900195], [-122.893764, 49.0903033], [-122.8931302, 49.0906113], [-122.8929392, 49.0907286], [-122.8928529, 49.0908109], [-122.8927798, 49.0908889], [-122.8926365, 49.0911297], [-122.8925429, 49.0913212], [-122.8924289, 49.0915407], [-122.892402, 49.0915766], [-122.8923679, 49.0916052], [-122.8923048, 49.091638], [-122.8922389, 49.0916571], [-122.8921612, 49.0916713], [-122.8920559, 49.0916724], [-122.8918921, 49.091667], [-122.8904273, 49.0915596]]]}, "properties": {"boundary": "protected_area", "leisure": "park", "name": "Boundary Bay Regional Park", "operator": "Metro Vancouver Regional Parks", "operator:type": "public", "operator:wikidata": "Q110072524", "protect_class": "1", "protection_title": "Regional Park", "website": "http://www.metrovancouver.org/services/parks/parks-greenways-reserves/boundary-bay-regional-park", "osm_id": 411832527, "osm_type": "way"}}, {"type": "Feature", "geometry": {"type": "Polygon", "coordinates": [[[-122.7412764, 49.0078159], [-122.7412763, 49.0077884], [-122.7412765, 49.0077726], [-122.7412798, 49.0075534], [-122.7424401, 49.0075512], [-122.7424394, 49.0075023], [-122.7424164, 49.0055886], [-122.7421595, 49.0055859], [-122.7420357, 49.0055869], [-122.7419656, 49.0055857], [-122.7419534, 49.0055877], [-122.741924, 49.0056045], [-122.7419085, 49.005608], [-122.7417094, 49.0056071], [-122.7417092, 49.0056373], [-122.7417126, 49.0060675], [-122.7410115, 49.0060658], [-122.7410121, 49.0058995], [-122.7405856, 49.0058972], [-122.7405286, 49.0060368], [-122.7405439, 49.0074272], [-122.7401481, 49.0074299], [-122.740124, 49.0074301], [-122.7400818, 49.0074304], [-122.7400823, 49.0074793], [-122.7400917, 49.0075069], [-122.7401846, 49.0076815], [-122.7401844, 49.0076931], [-122.7401747, 49.0077119], [-122.7401743, 49.0077235], [-122.7402007, 49.0077737], [-122.7402181, 49.0077937], [-122.7402364, 49.0078043], [-122.740239, 49.0078058], [-122.7402627, 49.007814], [-122.7402878, 49.0078185], [-122.740323, 49.00782], [-122.7403307, 49.0078203], [-122.7403806, 49.0078201], [-122.7412764, 49.0078159]]]}, "properties": {"leisure": "park", "name": "Dufferin Park", "osm_id": 412841233, "osm_type": "way"}}, {"type": "Feature", "geometry": {"type": "Polygon", "coordinates": [[[-122.8619555, 49.1099804], [-122.8594065, 49.1099899], [-122.8593976, 49.108874], [-122.859383, 49.1088271], [-122.8593545, 49.108786], [-122.8593039, 49.1087501], [-122.8592686, 49.1087238], [-122.8592587, 49.1083298], [-122.862083, 49.1083178], [-122.8620757, 49.1087299], [-122.8620198, 49.1087573], [-122.8619751, 49.1087951], [-122.8619557, 49.1088325], [-122.8619555, 49.1099804]]]}, "properties": {"leisure": "park", "name": "West Newton Community Park", "osm_id": 412842622, "osm_type": "way"}}, {"type": "Feature", "geometry": {"type": "Polygon", "coordinates": [[[-122.7347735, 49.1165001], [-122.7347621, 49.1164254], [-122.7347599, 49.116139], [-122.7347837, 49.1158764], [-122.7347778, 49.1158493], [-122.7347629, 49.115825], [-122.7347388, 49.1158071], [-122.7347136, 49.1157955], [-122.7346684, 49.1157828], [-122.7346203, 49.1157777], [-122.7335098, 49.1157849], [-122.7334696, 49.1157824], [-122.7333641, 49.1157756], [-122.7331251, 49.1157604], [-122.7331254, 49.1165025], [-122.7336255, 49.1165034], [-122.7336802, 49.1165052], [-122.7338158, 49.1165114], [-122.7339134, 49.1165104], [-122.7339538, 49.116504], [-122.7339907, 49.116504], [-122.7341289, 49.1165043], [-122.73422, 49.1165093], [-122.7343181, 49.1165092], [-122.7343741, 49.1165084], [-122.7344002, 49.1165048], [-122.7346229, 49.1165152], [-122.7347269, 49.1165364], [-122.7347785, 49.1165404], [-122.7347735, 49.1165001]]]}, "properties": {"leisure": "park", "name": "Cloverdale Youth Park", "operator": "City of Surrey", "operator:type": "government", "operator:wikidata": "Q390583", "operator:wikipedia": "en:Surrey, British Columbia", "osm_id": 412843654, "osm_type": "way"}}, {"type": "Feature", "geometry": {"type": "Polygon", "coordinates": [[[-122.8093041, 49.1292458], [-122.8095098, 49.129244], [-122.8095022, 49.12966], [-122.8120848, 49.1296759], [-122.8120692, 49.1310258], [-122.8095892, 49.131049], [-122.8094727, 49.1312555], [-122.8094941, 49.1316328], [-122.8095049, 49.1319312], [-122.809867, 49.1321646], [-122.8098374, 49.1321944], [-122.8096229, 49.1320645], [-122.8094807, 49.1320645], [-122.8094888, 49.1327823], [-122.8093171, 49.1327893], [-122.8093091, 49.1323611], [-122.8092635, 49.1319943], [-122.8089416, 49.1319943], [-122.8088289, 49.1319785], [-122.8088236, 49.1318873], [-122.8092742, 49.1318873], [-122.8093041, 49.1292458]]]}, "properties": {"addr:housenumber": "7014", "addr:street": "148 Street", "leisure": "park", "name": "T.E. Scott Park", "website": "https://www.surrey.ca/parks-recreation/parks/te-scott-park", "osm_id": 412848368, "osm_type": "way"}}, {"type": "Feature", "geometry": {"type": "Polygon", "coordinates": [[[-122.7793759, 49.0562362], [-122.7794355, 49.0562657], [-122.7805224, 49.0562568], [-122.7805916, 49.0561867], [-122.7808954, 49.0559698], [-122.780906, 49.0556331], [-122.7811077, 49.0554704], [-122.7811038, 49.0551973], [-122.7808615, 49.0551964], [-122.7807369, 49.0550098], [-122.7807342, 49.0548446], [-122.7806913, 49.0548428], [-122.7806899, 49.0547681], [-122.7804432, 49.0546697], [-122.7805737, 49.0545459], [-122.7802386, 49.0536106], [-122.7801957, 49.053528], [-122.7799248, 49.0533188], [-122.7799146, 49.0532552], [-122.7798973, 49.0532466], [-122.7798837, 49.0529163], [-122.7793966, 49.0529156], [-122.7793759, 49.0562362]]]}, "properties": {"check_date": "2024-03-11", "leisure": "park", "name": "Wills Brook Park", "osm_id": 413234312, "osm_type": "way"}}, {"type": "Feature", "geometry": {"type": "Polygon", "coordinates": [[[-122.8663274, 49.1223136], [-122.8657889, 49.1223134], [-122.8641012, 49.1223126], [-122.8641023, 49.1212471], [-122.8663286, 49.1212481], [-122.8663274, 49.1223136]]]}, "properties": {"leisure": "park", "name": "M.J. Norris Park", "osm_id": 413415574, "osm_type": "way"}}, {"type": "Feature", "geometry": {"type": "Polygon", "coordinates": [[[-122.7846311, 49.1676033], [-122.7846371, 49.1687641], [-122.7872643, 49.1687755], [-122.7872686, 49.1685649], [-122.7872883, 49.1676122], [-122.7846311, 49.1676033]]]}, "properties": {"addr:city": "Surrey", "addr:housenumber": "9095", "addr:province": "BC", "addr:street": "158 Street", "leisure": "park", "name": "Woodland Park", "osm_id": 413456384, "osm_type": "way"}}, {"type": "Feature", "geometry": {"type": "Polygon", "coordinates": [[[-122.8485651, 49.173915], [-122.851325, 49.173915], [-122.8513407, 49.172543], [-122.8487566, 49.1725796], [-122.8485771, 49.1725821], [-122.8485651, 49.173915]]]}, "properties": {"leisure": "park", "name": "Queen Elizabeth Meadows Park", "osm_id": 413457979, "osm_type": "way"}}, {"type": "Feature", "geometry": {"type": "Polygon", "coordinates": [[[-122.8596841, 49.1724305], [-122.8592141, 49.1724298], [-122.8592092, 49.1727637], [-122.8588914, 49.1727627], [-122.8589028, 49.1743199], [-122.8604851, 49.1743215], [-122.8596841, 49.1724305]]]}, "properties": {"addr:housenumber": "13055", "addr:street": "Huntley Avenue", "description": "Neighbourhood park beside Betty Huff Elementary with a shared playground, grass sports field, walking paths and open green space for community recreation.", "leisure": "park", "name": "Betty Huff Park", "operator": "City of Surrey", "operator:type": "government", "operator:wikidata": "Q390583", "website": "https://www.surrey.ca/parks-recreation/parks/betty-huff-park", "osm_id": 413460293, "osm_type": "way"}}, {"type": "Feature", "geometry": {"type": "Polygon", "coordinates": [[[-122.8711965, 49.1680795], [-122.8707264, 49.1682081], [-122.8704131, 49.1678702], [-122.869783, 49.1681231], [-122.8693596, 49.1682146], [-122.8691962, 49.1682582], [-122.8694929, 49.1686462], [-122.8694929, 49.1697666], [-122.8697794, 49.1697697], [-122.870927, 49.169816], [-122.8714932, 49.1698342], [-122.8714721, 49.1691038], [-122.8714095, 49.168603], [-122.8713532, 49.1683999], [-122.8713132, 49.1682997], [-122.8712465, 49.1681536], [-122.8711965, 49.1680795]]]}, "properties": {"leisure": "park", "name": "Robertson Drive Park", "osm_id": 413462857, "osm_type": "way"}}, {"type": "Feature", "geometry": {"type": "Polygon", "coordinates": [[[-122.7870101, 49.0623917], [-122.7874846, 49.0617889], [-122.7882195, 49.0610894], [-122.7900059, 49.0615639], [-122.7899522, 49.0617924], [-122.7898664, 49.0619541], [-122.7897376, 49.0621123], [-122.7895552, 49.0622634], [-122.7893654, 49.062388], [-122.7870101, 49.0623917]]]}, "properties": {"leisure": "park", "name": "Morgan Creek Park", "osm_id": 414678436, "osm_type": "way"}}, {"type": "Feature", "geometry": {"type": "Polygon", "coordinates": [[[-122.779317, 49.0523434], [-122.7804419, 49.0523447], [-122.7804436, 49.0519202], [-122.780508, 49.0518564], [-122.78051, 49.0510726], [-122.7815057, 49.0510738], [-122.7815269, 49.0510738], [-122.7815222, 49.0527317], [-122.779316, 49.0527291], [-122.779317, 49.0523434]]]}, "properties": {"check_date": "2024-03-11", "leisure": "park", "name": "Oliver Park", "osm_id": 414680420, "osm_type": "way"}}, {"type": "Feature", "geometry": {"type": "Polygon", "coordinates": [[[-122.7724919, 49.0436712], [-122.7711488, 49.0436811], [-122.7711487, 49.0420373], [-122.7724909, 49.04204], [-122.7724919, 49.0436712]]]}, "properties": {"addr:city": "Surrey", "addr:housenumber": "16271", "addr:province": "BC", "addr:street": "22 Avenue", "leisure": "park", "name": "Oak Meadows Park", "opening_hours": "Mo-Fr 08:30-16:30", "osm_id": 414680792, "osm_type": "way"}}, {"type": "Feature", "geometry": {"type": "Polygon", "coordinates": [[[-122.7719293, 49.0220095], [-122.772025, 49.0218615], [-122.772019, 49.0215557], [-122.7717794, 49.0209475], [-122.7727535, 49.0212141], [-122.7728023, 49.0220058], [-122.7731939, 49.0223846], [-122.773142, 49.02244], [-122.7736005, 49.0227958], [-122.7738308, 49.0228027], [-122.7738578, 49.0235617], [-122.7739273, 49.0237338], [-122.7748883, 49.0237379], [-122.7748851, 49.0238844], [-122.7743272, 49.0238879], [-122.7743325, 49.0243276], [-122.7738015, 49.024806], [-122.7737067, 49.0249854], [-122.7737099, 49.0245353], [-122.7709611, 49.0245236], [-122.7709576, 49.0239066], [-122.7708677, 49.0238613], [-122.7708759, 49.0235656], [-122.7735903, 49.0235764], [-122.7735848, 49.022991], [-122.7732218, 49.022739], [-122.7720226, 49.0227204], [-122.7720027, 49.0227201], [-122.7720015, 49.0231113], [-122.7718423, 49.0231076], [-122.7718272, 49.0226344], [-122.7719293, 49.0220095]]]}, "properties": {"leisure": "park", "name": "South Meridian Park", "osm_id": 414682260, "osm_type": "way"}}, {"type": "Feature", "geometry": {"type": "Polygon", "coordinates": [[[-122.809212, 49.0437803], [-122.8092179, 49.0434327], [-122.8080281, 49.0434355], [-122.808046, 49.0437718], [-122.809212, 49.0437803]]]}, "properties": {"leisure": "park", "name": "Meridian Park", "osm_id": 414689152, "osm_type": "way"}}, {"type": "Feature", "geometry": {"type": "Polygon", "coordinates": [[[-122.8120865, 49.0655841], [-122.8120852, 49.065129], [-122.8111678, 49.065121], [-122.8114437, 49.0653631], [-122.8116895, 49.0655788], [-122.8120865, 49.0655841]]]}, "properties": {"addr:city": "Surrey", "addr:housenumber": "3484", "addr:street": "148 Street", "leisure": "park", "name": "Winter Crescent Park", "osm_id": 415575857, "osm_type": "way"}}, {"type": "Feature", "geometry": {"type": "LineString", "coordinates": [[-122.8124712, 49.1893971], [-122.8124933, 49.1894168], [-122.8127294, 49.1894201], [-122.8127269, 49.1894951], [-122.8127785, 49.1894958], [-122.8128604, 49.189497], [-122.8129155, 49.1894977], [-122.8130562, 49.1894997], [-122.8130655, 49.1892162], [-122.8130205, 49.1891734], [-122.813059, 49.1891561], [-122.8129334, 49.1890366], [-122.8127754, 49.1891076], [-122.8124718, 49.1891074], [-122.8124712, 49.1893971]]}, "properties": {"addr:city": "Surrey", "addr:housenumber": "10277", "addr:street": "148 Street", "barrier": "fence", "leisure": "sports_centre", "name": "Hjorth Road Swimming Pool", "phone": "+1-604-502-6256", "sport": "swimming", "website": "https://www.surrey.ca/parks-recreation/recreation-facilities/hjorth-road-outdoor-pool", "osm_id": 445626615, "osm_type": "way"}}, {"type": "Feature", "geometry": {"type": "LineString", "coordinates": [[-122.8426352, 49.1331463], [-122.8426352, 49.1325567], [-122.8424609, 49.1325619], [-122.8424662, 49.1325461], [-122.8423267, 49.1325479], [-122.8423267, 49.1325654], [-122.8417876, 49.1325619], [-122.8417884, 49.1327044], [-122.8417582, 49.1327186], [-122.8414715, 49.1327784], [-122.8414684, 49.1331639], [-122.8418815, 49.1331673], [-122.8418815, 49.133143], [-122.8426352, 49.1331463]]}, "properties": {"addr:city": "Surrey", "addr:housenumber": "13730", "addr:street": "72 Avenue", "building": "yes", "leisure": "sports_centre", "name": "Newton Recreation Facility", "survey:date": "2022-10-04", "osm_id": 456528526, "osm_type": "way"}}, {"type": "Feature", "geometry": {"type": "LineString", "coordinates": [[-122.8426162, 49.1331305], [-122.8421869, 49.1331305], [-122.8421761, 49.1325771], [-122.8426119, 49.1325715], [-122.8426162, 49.1331305]]}, "properties": {"addr:housenumber": "13730", "addr:street": "72 Avenue", "leisure": "sports_centre", "name": "Newton Wave Pool", "sport": "swimming", "survey:date": "2022-10-04", "osm_id": 456529033, "osm_type": "way"}}, {"type": "Feature", "geometry": {"type": "Polygon", "coordinates": [[[-122.8791783, 49.0533468], [-122.8794491, 49.0532017], [-122.8794888, 49.0531804], [-122.8795793, 49.0531055], [-122.8796682, 49.0530519], [-122.8797896, 49.0529762], [-122.8799046, 49.0529073], [-122.880014, 49.0528377], [-122.8801286, 49.0527644], [-122.8804004, 49.0525828], [-122.8807397, 49.0523319], [-122.8811012, 49.0520463], [-122.8812339, 49.0523552], [-122.880965, 49.0524299], [-122.8803971, 49.0527037], [-122.8804235, 49.0527501], [-122.8805582, 49.053037], [-122.8803884, 49.05307], [-122.8803459, 49.0530869], [-122.8801685, 49.0531684], [-122.8801395, 49.0531783], [-122.8800754, 49.0531952], [-122.879884, 49.0532367], [-122.8797191, 49.0532702], [-122.8795767, 49.0532985], [-122.8793985, 49.0533353], [-122.8791914, 49.0533767], [-122.8791783, 49.0533468]]]}, "properties": {"leisure": "park", "name": "Heron Park", "osm_id": 474497719, "osm_type": "way"}}, {"type": "Feature", "geometry": {"type": "LineString", "coordinates": [[-122.7562833, 49.0463484], [-122.754695, 49.0463474], [-122.7546962, 49.0463306], [-122.7546395, 49.0463301], [-122.7546429, 49.0459517], [-122.7547299, 49.0459527], [-122.7547311, 49.0459299], [-122.7562922, 49.0459333], [-122.7562833, 49.0463484]]}, "properties": {"access": "customers", "addr:city": "Surrey", "addr:housenumber": "16855", "addr:street": "24 Avenue", "building": "sports_centre", "leisure": "sports_centre", "name": "Grandview Heights Aquatic Centre", "operator": "City of Surrey", "sport": "swimming", "website": "https://www.surrey.ca/culture-recreation/14315.aspx", "wheelchair": "yes", "wikidata": "Q85764308", "osm_id": 474665586, "osm_type": "way"}}, {"type": "Feature", "geometry": {"type": "Polygon", "coordinates": [[[-122.7956536, 49.0493248], [-122.7956007, 49.0492902], [-122.7955403, 49.0492506], [-122.7904226, 49.0492691], [-122.790504, 49.0493967], [-122.7911305, 49.0499627], [-122.7912345, 49.0500486], [-122.7915354, 49.0503226], [-122.7915516, 49.0503408], [-122.792171, 49.050923], [-122.7921533, 49.0504058], [-122.7923869, 49.0504081], [-122.7924152, 49.0509253], [-122.7956288, 49.0509555], [-122.7956536, 49.0493248]]]}, "properties": {"leisure": "park", "name": "Sunnyside Park", "osm_id": 478332983, "osm_type": "way"}}, {"type": "Feature", "geometry": {"type": "LineString", "coordinates": [[-122.7952187, 49.0501998], [-122.7952248, 49.0501184], [-122.7952541, 49.0497882], [-122.7950207, 49.0497792], [-122.7949916, 49.0500993], [-122.79493, 49.0500973], [-122.7949232, 49.0501879], [-122.7949719, 49.0501895], [-122.7949709, 49.0502024], [-122.7950326, 49.0502044], [-122.7950334, 49.0501933], [-122.7950538, 49.050194], [-122.795134, 49.0501971], [-122.7952187, 49.0501998]]}, "properties": {"addr:housenumber": "15455", "addr:street": "26 Avenue", "leisure": "sports_centre", "name": "Sunnyside Outdoor Pool", "phone": "+1-604-502-6255", "sport": "swimming", "website": "https://www.surrey.ca/parks-recreation/recreation-facilities/sunnyside-outdoor-pool", "osm_id": 478332986, "osm_type": "way"}}, {"type": "Feature", "geometry": {"type": "Polygon", "coordinates": [[[-122.8672837, 49.0439153], [-122.8672664, 49.0439058], [-122.8670003, 49.0437538], [-122.8668216, 49.0432933], [-122.8669571, 49.0429823], [-122.8668388, 49.0426243], [-122.8668347, 49.0426119], [-122.8672715, 49.0426153], [-122.8672837, 49.0439153]]]}, "properties": {"leisure": "park", "name": "Ocean Park Terrace", "osm_id": 479125160, "osm_type": "way"}}, {"type": "Feature", "geometry": {"type": "Polygon", "coordinates": [[[-122.8621847, 49.1799817], [-122.859599, 49.1799782], [-122.8596258, 49.179326], [-122.8603286, 49.179333], [-122.860291, 49.1788596], [-122.8603876, 49.1788385], [-122.8604842, 49.1790174], [-122.8605914, 49.1791085], [-122.8606934, 49.1791576], [-122.8621954, 49.1791752], [-122.8621847, 49.1799817]]]}, "properties": {"leisure": "park", "name": "Bog Park", "osm_id": 481148492, "osm_type": "way"}}, {"type": "Feature", "geometry": {"type": "Polygon", "coordinates": [[[-122.8564947, 49.1802887], [-122.8565203, 49.179425], [-122.8539769, 49.1794131], [-122.8539675, 49.1802769], [-122.8564947, 49.1802887]]]}, "properties": {"addr:housenumber": "9762", "addr:street": "132 Street", "description": "Neighbourhood park with soccer and baseball fields, a playground, picnic shelters, open grassy areas and washrooms. Shared sports fields adjoin the elementary school.", "leisure": "park", "name": "A.H.P Matthew Park", "operator": "City of Surrey", "operator:type": "government", "operator:wikidata": "Q390583", "operator:wikipedia": "en:Surrey, British Columbia", "osm_id": 481251249, "osm_type": "way"}}, {"type": "Feature", "geometry": {"type": "Polygon", "coordinates": [[[-122.874796, 49.1844365], [-122.8747504, 49.1836018], [-122.874784, 49.1831734], [-122.874748, 49.1831828], [-122.8746928, 49.183222], [-122.8746375, 49.1832597], [-122.8745487, 49.1832801], [-122.8744839, 49.1832628], [-122.8744431, 49.1832189], [-122.8744359, 49.1831655], [-122.872525, 49.1831546], [-122.8725298, 49.1826571], [-122.8685375, 49.1826399], [-122.8685183, 49.1831922], [-122.8703764, 49.183211], [-122.870386, 49.183437], [-122.8705084, 49.1834401], [-122.8705108, 49.184333], [-122.8705252, 49.1843675], [-122.8705612, 49.1843801], [-122.8713892, 49.1843891], [-122.8714022, 49.1835079], [-122.8718514, 49.183509], [-122.872471, 49.1837406], [-122.8724556, 49.1843966], [-122.874796, 49.1844365]]]}, "properties": {"leisure": "park", "name": "Robson Park", "osm_id": 481271673, "osm_type": "way"}}, {"type": "Feature", "geometry": {"type": "Polygon", "coordinates": [[[-122.835834, 49.1657156], [-122.8353881, 49.1658662], [-122.8353822, 49.1660317], [-122.8357025, 49.1660317], [-122.8358765, 49.165755], [-122.835834, 49.1657156]]]}, "properties": {"addr:housenumber": "8966", "addr:street": "139A Street", "description": "Small neighbourhood park with a children's tot-lot playground. Provides a local play area for nearby families within the surrounding residential community.", "leisure": "park", "name": "Bear Creek Heights Park", "operator": "City of Surrey", "operator:type": "government", "operator:wikidata": "Q390583", "website": "https://www.surrey.ca/parks-recreation/parks/bear-creek-heights-park", "osm_id": 481272289, "osm_type": "way"}}, {"type": "Feature", "geometry": {"type": "Polygon", "coordinates": [[[-122.8275953, 49.1576634], [-122.8302462, 49.1576549], [-122.8302332, 49.1565474], [-122.8274976, 49.1565814], [-122.8275041, 49.1574376], [-122.8275953, 49.1576634]]]}, "properties": {"leisure": "park", "name": "Brookside Park", "osm_id": 481275070, "osm_type": "way"}}, {"type": "Feature", "geometry": {"type": "Polygon", "coordinates": [[[-122.8460824, 49.1664143], [-122.8472223, 49.1663951], [-122.8466068, 49.1658415], [-122.8462713, 49.1655135], [-122.8460629, 49.1655114], [-122.8460824, 49.1664143]]]}, "properties": {"leisure": "park", "name": "Bryan Place Park", "osm_id": 481275546, "osm_type": "way"}}, {"type": "Feature", "geometry": {"type": "Polygon", "coordinates": [[[-122.9060711, 49.1814489], [-122.902706, 49.1807484], [-122.9027653, 49.1806346], [-122.9032991, 49.1806605], [-122.9033149, 49.1802934], [-122.9042521, 49.1802805], [-122.9045487, 49.1802185], [-122.9052763, 49.1803451], [-122.9054384, 49.1804175], [-122.9067947, 49.1807018], [-122.9060711, 49.1814489]]]}, "properties": {"leisure": "park", "name": "Royal Heights Park", "osm_id": 481279933, "osm_type": "way"}}, {"type": "Feature", "geometry": {"type": "Polygon", "coordinates": [[[-122.764742, 49.1156475], [-122.7641084, 49.1156477], [-122.7638305, 49.1156456], [-122.7637135, 49.1156447], [-122.7635938, 49.1156438], [-122.7631863, 49.1156413], [-122.7630333, 49.1156448], [-122.762798, 49.1156514], [-122.7627907, 49.1156516], [-122.7627626, 49.1156519], [-122.762727, 49.1156523], [-122.762601, 49.1156536], [-122.7625638, 49.115654], [-122.7625269, 49.1156544], [-122.7625274, 49.1156067], [-122.7625309, 49.1152681], [-122.7621675, 49.1152121], [-122.762238, 49.114344], [-122.7622397, 49.1143235], [-122.7622577, 49.1141016], [-122.762275, 49.1138893], [-122.762399, 49.1137811], [-122.7624094, 49.1134488], [-122.7624108, 49.1134039], [-122.7624554, 49.1134044], [-122.7624775, 49.1134047], [-122.7625963, 49.1134061], [-122.7626217, 49.1134064], [-122.762649, 49.1134067], [-122.7626728, 49.113407], [-122.7626729, 49.1134349], [-122.7626729, 49.1134505], [-122.7626752, 49.1143461], [-122.7626753, 49.1143669], [-122.7626762, 49.1147157], [-122.7647412, 49.1147231], [-122.764742, 49.1156079], [-122.764742, 49.1156216], [-122.764742, 49.1156475]]]}, "properties": {"addr:housenumber": "16584", "addr:street": "62A Avenue", "description": "Neighbourhood park with a grass soccer field, children's playground and a north to south walking trail linking nearby streets through the park.", "leisure": "park", "name": "A.J. McLellan Park", "osm_id": 481282037, "osm_type": "way"}}, {"type": "Feature", "geometry": {"type": "Polygon", "coordinates": [[[-122.7722349, 49.1152226], [-122.7716757, 49.1152275], [-122.7706286, 49.1152366], [-122.7705148, 49.1151869], [-122.770383, 49.1151291], [-122.770124, 49.1151212], [-122.7691285, 49.1150907], [-122.7688415, 49.1149185], [-122.768645, 49.1148006], [-122.7688529, 49.1146253], [-122.768871, 49.11461], [-122.7688913, 49.114593], [-122.7689071, 49.1145796], [-122.7688449, 49.1145442], [-122.7687617, 49.1145083], [-122.7686561, 49.1144717], [-122.7685679, 49.1144496], [-122.768472, 49.1144327], [-122.7684156, 49.1144271], [-122.7683862, 49.1144241], [-122.768295, 49.1144194], [-122.7681961, 49.1144169], [-122.767992, 49.1144147], [-122.7679529, 49.1144192], [-122.7679309, 49.1144274], [-122.7679162, 49.1144329], [-122.7678913, 49.1144553], [-122.7678755, 49.1144862], [-122.7678783, 49.1147065], [-122.7678826, 49.1150451], [-122.7678839, 49.115128], [-122.7678855, 49.1152469], [-122.7678803, 49.1152617], [-122.767853, 49.115283], [-122.7678439, 49.1152983], [-122.7678382, 49.1153369], [-122.7678267, 49.1153693], [-122.7678044, 49.1154024], [-122.767776, 49.1154249], [-122.7677366, 49.1154513], [-122.7676882, 49.1154695], [-122.7676393, 49.115482], [-122.7675895, 49.1154902], [-122.7675336, 49.1154931], [-122.7675185, 49.115497], [-122.7675024, 49.1155062], [-122.7674873, 49.1155091], [-122.7672924, 49.1155097], [-122.7672643, 49.1155056], [-122.7672366, 49.1154949], [-122.7672079, 49.1154909], [-122.7671813, 49.115495], [-122.7671503, 49.115504], [-122.7671204, 49.1155083], [-122.7670643, 49.1155116], [-122.7670051, 49.1155176], [-122.7669435, 49.1155275], [-122.7668795, 49.1155414], [-122.7668169, 49.1155584], [-122.7667518, 49.1155827], [-122.7666961, 49.115608], [-122.7666484, 49.1156344], [-122.7666067, 49.1156607], [-122.7665902, 49.1156677], [-122.7665648, 49.1156702], [-122.7665484, 49.115678], [-122.7665106, 49.1157096], [-122.7664787, 49.115739], [-122.7664692, 49.1157477], [-122.7664284, 49.1158031], [-122.7664003, 49.115852], [-122.7663956, 49.1158602], [-122.766499, 49.1158865], [-122.7668103, 49.1159729], [-122.7668271, 49.115978], [-122.7668088, 49.1160449], [-122.7667771, 49.1161611], [-122.7667615, 49.1162184], [-122.7667136, 49.1162769], [-122.7665415, 49.1164866], [-122.7665061, 49.116516], [-122.7666029, 49.116569], [-122.7666449, 49.1165892], [-122.7666946, 49.1166101], [-122.7672836, 49.1168455], [-122.7673348, 49.1168659], [-122.7673743, 49.1168773], [-122.7674124, 49.1168854], [-122.7674528, 49.1168873], [-122.7677612, 49.1168892], [-122.7677968, 49.1168931], [-122.7678303, 49.1169], [-122.7678656, 49.1169108], [-122.7678992, 49.1169243], [-122.7679336, 49.1169404], [-122.7679616, 49.1169584], [-122.7679857, 49.116978], [-122.7680714, 49.1170518], [-122.7681052, 49.1170808], [-122.7681938, 49.1170828], [-122.7694504, 49.1170943], [-122.7696519, 49.1171263], [-122.7698583, 49.1171796], [-122.770215, 49.1172718], [-122.7702993, 49.1172936], [-122.7703979, 49.1173191], [-122.770543, 49.1173653], [-122.7720197, 49.1154942], [-122.7722349, 49.1152226]]]}, "properties": {"leisure": "park", "name": "Bose Forest Park", "osm_id": 481284610, "osm_type": "way"}}, {"type": "Feature", "geometry": {"type": "Polygon", "coordinates": [[[-122.6833155, 49.1136878], [-122.6833488, 49.1136796], [-122.6833921, 49.1136756], [-122.6832556, 49.1134317], [-122.6832743, 49.1133946], [-122.6834587, 49.1133666], [-122.6835436, 49.113316], [-122.6829933, 49.1128826], [-122.6833707, 49.1126755], [-122.6831165, 49.1124827], [-122.6830901, 49.1124579], [-122.6830744, 49.11243], [-122.6826057, 49.1125202], [-122.6821401, 49.1128323], [-122.6819837, 49.1129167], [-122.6817344, 49.1129402], [-122.6827867, 49.1132587], [-122.6827939, 49.1134148], [-122.6831594, 49.1134156], [-122.6833155, 49.1136878]]]}, "properties": {"leisure": "park", "name": "Brooks Crescent Park", "osm_id": 481285225, "osm_type": "way"}}, {"type": "Feature", "geometry": {"type": "Polygon", "coordinates": [[[-122.7721914, 49.1098864], [-122.7722042, 49.1098997], [-122.7722223, 49.1099273], [-122.7722389, 49.1099579], [-122.7722467, 49.1099923], [-122.77225, 49.1100217], [-122.7722566, 49.1100612], [-122.7722716, 49.1100847], [-122.7722927, 49.1101085], [-122.7723074, 49.1101281], [-122.772316, 49.1101568], [-122.7723114, 49.1101799], [-122.7723024, 49.1102007], [-122.7722804, 49.1102222], [-122.7722538, 49.1102374], [-122.7722729, 49.1105977], [-122.7722434, 49.110615], [-122.7717796, 49.1105226], [-122.7716951, 49.1103559], [-122.7715664, 49.1102235], [-122.7697426, 49.1102205], [-122.7696391, 49.1102203], [-122.7696706, 49.1102855], [-122.7697007, 49.1103487], [-122.7697369, 49.1104242], [-122.7697654, 49.1104869], [-122.7697883, 49.1105513], [-122.7697976, 49.1105942], [-122.769811, 49.1106103], [-122.7698334, 49.1106264], [-122.7698398, 49.1106434], [-122.7698453, 49.1107122], [-122.7698491, 49.1107667], [-122.769853, 49.1108326], [-122.7698533, 49.1108875], [-122.7698452, 49.1109445], [-122.7698335, 49.1109946], [-122.7698211, 49.1110368], [-122.7698136, 49.1110482], [-122.769784, 49.1110641], [-122.769774, 49.1110777], [-122.7697269, 49.1112035], [-122.7700546, 49.1112047], [-122.7717618, 49.1112108], [-122.7717573, 49.110938], [-122.7719022, 49.110811], [-122.7721236, 49.1107546], [-122.7723086, 49.111031], [-122.7723524, 49.1110348], [-122.7723832, 49.1110446], [-122.7724226, 49.1110625], [-122.7724456, 49.1110805], [-122.7724606, 49.111104], [-122.7724652, 49.11113], [-122.7724614, 49.1111524], [-122.772451, 49.1111767], [-122.772445, 49.1112029], [-122.7724474, 49.1112242], [-122.7724582, 49.1112501], [-122.7724741, 49.1112811], [-122.7724844, 49.1113187], [-122.77249, 49.1113571], [-122.7724865, 49.1114452], [-122.7724902, 49.1115243], [-122.7725134, 49.1115561], [-122.7725495, 49.1115782], [-122.7725923, 49.11159], [-122.7726266, 49.1115924], [-122.7726153, 49.1098518], [-122.7723787, 49.1098487], [-122.7722856, 49.1098475], [-122.772251, 49.1098526], [-122.7722208, 49.1098604], [-122.7721995, 49.1098657], [-122.7721914, 49.1098864]]]}, "properties": {"leisure": "park", "name": "Churchland Park", "osm_id": 481286180, "osm_type": "way"}}, {"type": "Feature", "geometry": {"type": "Polygon", "coordinates": [[[-122.7175281, 49.1240561], [-122.7173496, 49.1240549], [-122.7173415, 49.1234494], [-122.7172189, 49.1232216], [-122.7172581, 49.1226298], [-122.7170979, 49.1223375], [-122.7170963, 49.1219711], [-122.7177704, 49.1219741], [-122.7177697, 49.1223398], [-122.7175489, 49.1225985], [-122.7175524, 49.1227643], [-122.7175293, 49.1228037], [-122.7177349, 49.1232242], [-122.7176242, 49.1234118], [-122.7175174, 49.1237948], [-122.7175281, 49.1240561]]]}, "properties": {"leisure": "park", "name": "Clayton Hill Park", "osm_id": 481288021, "osm_type": "way"}}, {"type": "Feature", "geometry": {"type": "Polygon", "coordinates": [[[-122.7177728, 49.1206069], [-122.7173418, 49.120603], [-122.7174811, 49.1207192], [-122.7175183, 49.1211631], [-122.7173418, 49.1213846], [-122.7174919, 49.1215386], [-122.7175035, 49.1218745], [-122.7177375, 49.1218755], [-122.7176911, 49.1211906], [-122.7176059, 49.1211922], [-122.7176071, 49.120991], [-122.7177127, 49.1207047], [-122.7177728, 49.1206069]]]}, "properties": {"check_date": "2024-04-04", "leisure": "park", "name": "Clayton Hill Park", "osm_id": 481288022, "osm_type": "way"}}, {"type": "Feature", "geometry": {"type": "Polygon", "coordinates": [[[-122.7488322, 49.1089484], [-122.7499462, 49.1089571], [-122.7499736, 49.1089473], [-122.7500212, 49.1089605], [-122.7500708, 49.1089644], [-122.7501223, 49.1089599], [-122.750159, 49.1089516], [-122.7506972, 49.1089575], [-122.7507031, 49.1092811], [-122.751295, 49.1092858], [-122.751295, 49.1093715], [-122.7494918, 49.1093679], [-122.7494929, 49.1089816], [-122.7488337, 49.1089755], [-122.7488322, 49.1089484]]]}, "properties": {"leisure": "park", "name": "Cloverdale Heights Park", "osm_id": 481288271, "osm_type": "way"}}, {"type": "Feature", "geometry": {"type": "Polygon", "coordinates": [[[-122.756503, 49.1058228], [-122.7560639, 49.1058247], [-122.7551215, 49.1058289], [-122.7549547, 49.1058296], [-122.7544766, 49.1058317], [-122.7530721, 49.1058379], [-122.7530857, 49.1058674], [-122.7534599, 49.1066726], [-122.7535241, 49.1068104], [-122.7536938, 49.1067699], [-122.7537909, 49.1067577], [-122.7538457, 49.106751], [-122.7539815, 49.1067465], [-122.7540281, 49.1067477], [-122.7541322, 49.1067503], [-122.7542767, 49.1067674], [-122.7543896, 49.1064597], [-122.754469, 49.1064022], [-122.7564225, 49.1064136], [-122.7565463, 49.1064143], [-122.7565467, 49.1062937], [-122.7565431, 49.1062819], [-122.7565198, 49.106266], [-122.7565073, 49.1062537], [-122.7565046, 49.1062402], [-122.756503, 49.1058228]]]}, "properties": {"leisure": "park", "name": "Guy Richardson Park", "osm_id": 481288755, "osm_type": "way"}}, {"type": "Feature", "geometry": {"type": "Polygon", "coordinates": [[[-122.7090625, 49.1219077], [-122.7092453, 49.1220219], [-122.7092531, 49.1220321], [-122.7092621, 49.1220568], [-122.7092679, 49.1220631], [-122.7093288, 49.1221081], [-122.7093853, 49.1221572], [-122.7094413, 49.1221761], [-122.709486, 49.1222284], [-122.7095276, 49.1222823], [-122.7095611, 49.1223384], [-122.709591, 49.1224], [-122.7096081, 49.12246], [-122.7096225, 49.1225301], [-122.7096257, 49.1226001], [-122.7096273, 49.122748], [-122.7091497, 49.1227539], [-122.7085374, 49.1227683], [-122.7085391, 49.123031], [-122.7085005, 49.1230333], [-122.7084652, 49.1230443], [-122.7084361, 49.1230629], [-122.7084223, 49.1230826], [-122.7084186, 49.1230999], [-122.7084213, 49.1231172], [-122.7079628, 49.1231232], [-122.70738, 49.1231267], [-122.7073582, 49.1231274], [-122.7073374, 49.1231328], [-122.7073192, 49.1231438], [-122.7070169, 49.1232966], [-122.7069653, 49.1233079], [-122.706919, 49.123268], [-122.7068489, 49.1232147], [-122.7067744, 49.1231648], [-122.7067076, 49.1231278], [-122.7066319, 49.1230894], [-122.7065408, 49.1230461], [-122.706427, 49.1229969], [-122.7056934, 49.1226654], [-122.7058965, 49.1223873], [-122.7058975, 49.1220099], [-122.7058008, 49.1219076], [-122.7057044, 49.1218157], [-122.7071597, 49.1217799], [-122.7071731, 49.1219485], [-122.7089985, 49.1219501], [-122.7090625, 49.1219077]]]}, "properties": {"leisure": "park", "name": "Hillcrest Park", "osm_id": 481289394, "osm_type": "way"}}, {"type": "Feature", "geometry": {"type": "Polygon", "coordinates": [[[-122.7994697, 49.1619239], [-122.7993547, 49.1619239], [-122.799296, 49.1615835], [-122.7990537, 49.161582], [-122.7984397, 49.1612555], [-122.7985227, 49.1612231], [-122.7987254, 49.1613357], [-122.7993702, 49.1613352], [-122.7994697, 49.1619239]]]}, "properties": {"addr:housenumber": "8715", "addr:street": "August Drive", "description": "Small neighbourhood green space with open lawn and mature vegetation, providing a quiet natural area for nearby residents.", "leisure": "park", "name": "August Drive Park", "operator": "City of Surrey", "operator:type": "government", "operator:wikidata": "Q390583", "start_date": "1985", "osm_id": 481290811, "osm_type": "way"}}, {"type": "Feature", "geometry": {"type": "Polygon", "coordinates": [[[-122.7845601, 49.1722745], [-122.7855238, 49.172298], [-122.7856154, 49.1720234], [-122.785719, 49.1720073], [-122.785628, 49.1723004], [-122.7862108, 49.172299], [-122.7868084, 49.1724759], [-122.7866635, 49.1725907], [-122.7860427, 49.1724017], [-122.7857897, 49.1726252], [-122.7851631, 49.1724675], [-122.7845618, 49.1724625], [-122.7845601, 49.1722745]]]}, "properties": {"addr:city": "Surrey", "addr:housenumber": "9314", "addr:province": "BC", "addr:street": "157 Street", "description": "Small neighbourhood green space with a walking path connecting 157 Street and 158 Street. Provides a quiet pedestrian link through the surrounding residential area.", "leisure": "park", "name": "Bel-Air Park", "operator": "City of Surrey", "operator:type": "government", "operator:wikidata": "Q390583", "website": "https://www.surrey.ca/parks-recreation/parks/bel-air-park", "osm_id": 481291023, "osm_type": "way"}}, {"type": "Feature", "geometry": {"type": "Polygon", "coordinates": [[[-122.7865262, 49.1544533], [-122.7858452, 49.1544492], [-122.7858455, 49.1544257], [-122.7858543, 49.153832], [-122.7858963, 49.1538249], [-122.7859287, 49.15381], [-122.7859611, 49.1537794], [-122.7859827, 49.1537401], [-122.7859791, 49.1536969], [-122.785971, 49.1536816], [-122.7859587, 49.1536569], [-122.7859371, 49.1536286], [-122.7859347, 49.1535674], [-122.7860893, 49.1535667], [-122.7866343, 49.1535644], [-122.787039, 49.1535627], [-122.7870426, 49.1536632], [-122.7865228, 49.1536663], [-122.7865254, 49.1543275], [-122.7865262, 49.1544533]]]}, "properties": {"leisure": "park", "name": "Cedar Greens Park", "osm_id": 481292317, "osm_type": "way"}}, {"type": "Feature", "geometry": {"type": "Polygon", "coordinates": [[[-122.7787128, 49.1444515], [-122.7787128, 49.1445027], [-122.7775028, 49.1445181], [-122.7771901, 49.1446333], [-122.7767739, 49.1447327], [-122.7765226, 49.1447603], [-122.7758534, 49.1446837], [-122.7757361, 49.1450161], [-122.7755472, 49.1449756], [-122.7756751, 49.1446402], [-122.7754619, 49.1445507], [-122.7746131, 49.1445544], [-122.7746127, 49.1445109], [-122.7746125, 49.1444856], [-122.774855, 49.1444841], [-122.7753587, 49.1444475], [-122.775425, 49.1444427], [-122.7753621, 49.1440431], [-122.7756461, 49.1440472], [-122.775628, 49.1444427], [-122.77651, 49.1444698], [-122.7787128, 49.1444515]]]}, "properties": {"leisure": "park", "name": "Cottonwood Park", "osm_id": 481292429, "osm_type": "way"}}, {"type": "Feature", "geometry": {"type": "Polygon", "coordinates": [[[-122.7902181, 49.1497826], [-122.7902051, 49.1491998], [-122.7928055, 49.1492159], [-122.7927946, 49.1483424], [-122.7935755, 49.1483382], [-122.7935824, 49.148747], [-122.7935855, 49.1489337], [-122.7935981, 49.1496747], [-122.7936027, 49.1498551], [-122.7934423, 49.1499544], [-122.7928179, 49.1503586], [-122.7928284, 49.1498038], [-122.7902181, 49.1497826]]]}, "properties": {"leisure": "park", "name": "Coyote Creek Park", "osm_id": 481293586, "osm_type": "way"}}, {"type": "Feature", "geometry": {"type": "Polygon", "coordinates": [[[-122.7662489, 49.1499716], [-122.7657412, 49.1499728], [-122.7657393, 49.1496437], [-122.7644568, 49.1496469], [-122.7644567, 49.1496191], [-122.7641354, 49.149862], [-122.7636493, 49.1498575], [-122.7636484, 49.1499006], [-122.762958, 49.1498942], [-122.764387, 49.1504069], [-122.7644116, 49.1504133], [-122.7644427, 49.1504184], [-122.7644962, 49.150426], [-122.7644953, 49.150443], [-122.7657435, 49.1504469], [-122.7657426, 49.1502818], [-122.7662507, 49.1502806], [-122.7662489, 49.1499716]]]}, "properties": {"leisure": "park", "name": "Coyote Springs Park", "osm_id": 481294233, "osm_type": "way"}}, {"type": "Feature", "geometry": {"type": "Polygon", "coordinates": [[[-122.807023, 49.1660508], [-122.8074824, 49.16605], [-122.8093471, 49.1660467], [-122.8093776, 49.1641518], [-122.8093775, 49.1641234], [-122.809087, 49.1641393], [-122.8088455, 49.1641515], [-122.8085923, 49.1641545], [-122.8083498, 49.16416], [-122.8070272, 49.1641629], [-122.807023, 49.1660508]]]}, "properties": {"leisure": "park", "name": "Maple Green Park", "osm_id": 481295659, "osm_type": "way"}}, {"type": "Feature", "geometry": {"type": "Polygon", "coordinates": [[[-122.8090393, 49.1574227], [-122.8090295, 49.1556443], [-122.8068366, 49.1556406], [-122.806836, 49.156313], [-122.8063993, 49.1561741], [-122.8063843, 49.1561895], [-122.806836, 49.1563432], [-122.8068366, 49.1565106], [-122.8055415, 49.1565172], [-122.8055528, 49.1556324], [-122.8053614, 49.1556304], [-122.8053814, 49.1564762], [-122.8053054, 49.1565178], [-122.8052781, 49.1565179], [-122.8053868, 49.1565769], [-122.8054837, 49.1566225], [-122.805553, 49.1566696], [-122.8056024, 49.1567166], [-122.8061365, 49.1566208], [-122.8066836, 49.1570404], [-122.8068464, 49.1570553], [-122.8068592, 49.1574109], [-122.8090393, 49.1574227]]]}, "properties": {"leisure": "park", "name": "Maple Park", "osm_id": 481296029, "osm_type": "way"}}, {"type": "Feature", "geometry": {"type": "Polygon", "coordinates": [[[-122.8070133, 49.1528049], [-122.8075195, 49.1528037], [-122.8092277, 49.1527997], [-122.8091897, 49.1527443], [-122.8087652, 49.1521127], [-122.8087357, 49.1520555], [-122.8091063, 49.1519513], [-122.8093021, 49.151944], [-122.8092978, 49.1519208], [-122.8086391, 49.151925], [-122.8085613, 49.1519252], [-122.807615, 49.151927], [-122.8070019, 49.1519282], [-122.8070133, 49.1528049]]]}, "properties": {"leisure": "park", "name": "Morningside Park", "osm_id": 481296438, "osm_type": "way"}}, {"type": "Feature", "geometry": {"type": "Polygon", "coordinates": [[[-122.7746329, 49.1500512], [-122.7746167, 49.1491265], [-122.7739588, 49.1491307], [-122.7739555, 49.1490732], [-122.7739099, 49.1490498], [-122.7732456, 49.149054], [-122.7725812, 49.1491669], [-122.7723272, 49.1491861], [-122.7722132, 49.1491755], [-122.7721285, 49.1491435], [-122.7720527, 49.1491047], [-122.7719794, 49.1490513], [-122.7719182, 49.1489838], [-122.7718966, 49.1489265], [-122.7718906, 49.1488849], [-122.771893, 49.1483306], [-122.7718248, 49.1483023], [-122.7716278, 49.1483021], [-122.7711327, 49.1483017], [-122.7711483, 49.1484568], [-122.7712342, 49.1486661], [-122.7712471, 49.1500444], [-122.7712464, 49.1509662], [-122.7712458, 49.1517708], [-122.7726744, 49.1517693], [-122.772647, 49.1500444], [-122.7734708, 49.1500394], [-122.774509, 49.1500369], [-122.7746329, 49.1500512]]]}, "properties": {"leisure": "park", "name": "Walnut Park", "osm_id": 481297906, "osm_type": "way"}}, {"type": "Feature", "geometry": {"type": "Polygon", "coordinates": [[[-122.7889616, 49.1828815], [-122.7887718, 49.1827226], [-122.788582, 49.1826825], [-122.7884396, 49.1826722], [-122.7883368, 49.1826696], [-122.7879651, 49.1827769], [-122.7878584, 49.1829591], [-122.7878227, 49.1830316], [-122.7878289, 49.1831557], [-122.787904, 49.1832624], [-122.7879035, 49.1834336], [-122.7878129, 49.1835019], [-122.7876053, 49.1835057], [-122.7876191, 49.182826], [-122.7871762, 49.1827898], [-122.7871881, 49.1823943], [-122.7876409, 49.182331], [-122.7876468, 49.181783], [-122.7879136, 49.1817855], [-122.7879148, 49.181962], [-122.7878272, 49.1820311], [-122.7877983, 49.1821064], [-122.7878115, 49.1821998], [-122.7878632, 49.1822932], [-122.7879808, 49.1824053], [-122.7881524, 49.1825003], [-122.7885942, 49.1825089], [-122.7887874, 49.1824642], [-122.7889675, 49.1824681], [-122.7889616, 49.1828815]]]}, "properties": {"leisure": "park", "name": "Davidson Park", "osm_id": 481298950, "osm_type": "way"}}, {"type": "Feature", "geometry": {"type": "Polygon", "coordinates": [[[-122.8424259, 49.0367016], [-122.842422, 49.036613], [-122.8422723, 49.0366056], [-122.8420242, 49.0364465], [-122.8407119, 49.0364325], [-122.8405558, 49.0363774], [-122.8393771, 49.0363034], [-122.8393651, 49.0359997], [-122.8389954, 49.036006], [-122.8390098, 49.0364246], [-122.8372234, 49.0364499], [-122.8372141, 49.0370368], [-122.8378839, 49.0369356], [-122.8389594, 49.0369361], [-122.839574, 49.0369093], [-122.8400493, 49.0368967], [-122.8419794, 49.0369282], [-122.8419866, 49.0367], [-122.8424259, 49.0367016]]]}, "properties": {"addr:housenumber": "13829", "addr:street": "18A Avenue", "description": "Tucked-away natural area park with walking paths through trees. Provides a quiet green space for nature observation and walking within the surrounding residential neighbourhood.", "leisure": "park", "name": "Bell Estates Park", "operator": "City of Surrey", "operator:type": "government", "operator:wikidata": "Q390583", "website": "https://www.surrey.ca/parks-recreation/parks/bell-estates-park", "osm_id": 481301532, "osm_type": "way"}}, {"type": "Feature", "geometry": {"type": "Polygon", "coordinates": [[[-122.7789974, 49.0586516], [-122.7787522, 49.0586619], [-122.7786534, 49.0587863], [-122.7783766, 49.0588485], [-122.7782461, 49.0591517], [-122.7774631, 49.0593305], [-122.7772931, 49.0595585], [-122.7770875, 49.0595585], [-122.7770954, 49.0599912], [-122.7761266, 49.0600068], [-122.7761384, 49.0598487], [-122.7762175, 49.0596414], [-122.7770163, 49.0591232], [-122.7771863, 49.0590843], [-122.7779139, 49.0586671], [-122.7779139, 49.0582473], [-122.77704, 49.0582577], [-122.7773174, 49.0579452], [-122.7764167, 49.057586], [-122.7765833, 49.0574024], [-122.7774798, 49.0577553], [-122.7776806, 49.0574959], [-122.7782817, 49.0564309], [-122.7790013, 49.0564153], [-122.7789974, 49.0586516]]]}, "properties": {"check_date": "2024-03-12", "leisure": "park", "name": "Greenridge Park", "osm_id": 481302554, "osm_type": "way"}}, {"type": "Feature", "geometry": {"type": "Polygon", "coordinates": [[[-122.7750233, 49.0478674], [-122.7752346, 49.0478689], [-122.7752202, 49.0492076], [-122.7752393, 49.0501137], [-122.7736407, 49.0501304], [-122.7732662, 49.0503032], [-122.7732345, 49.0502838], [-122.7735291, 49.0500402], [-122.7744643, 49.0497097], [-122.7745572, 49.0496553], [-122.7746264, 49.0496061], [-122.7746581, 49.0495555], [-122.7746877, 49.0494855], [-122.7747174, 49.0481767], [-122.7743911, 49.0479474], [-122.7746581, 49.0479564], [-122.7748479, 49.0479305], [-122.7750233, 49.0478674]]]}, "properties": {"leisure": "park", "name": "Morgan Heights Linear Park", "survey:date": "2023-06-07", "osm_id": 481303011, "osm_type": "way"}}, {"type": "Feature", "geometry": {"type": "Polygon", "coordinates": [[[-122.8669283, 49.0424212], [-122.8672763, 49.0424238], [-122.8672526, 49.04126], [-122.8657776, 49.0412626], [-122.8665408, 49.0419987], [-122.8669125, 49.0420039], [-122.8669283, 49.0424212]]]}, "properties": {"leisure": "park", "name": "Ocean Park Terrace", "osm_id": 481303477, "osm_type": "way"}}, {"type": "Feature", "geometry": {"type": "Polygon", "coordinates": [[[-122.817777, 49.0577134], [-122.8171826, 49.0577073], [-122.8170126, 49.0577799], [-122.8169928, 49.0582567], [-122.8157522, 49.0582465], [-122.8155829, 49.0580673], [-122.8151753, 49.0574557], [-122.8155293, 49.057417], [-122.8156449, 49.057334], [-122.8157546, 49.0571393], [-122.8157975, 49.0570022], [-122.816058, 49.0569016], [-122.8162159, 49.0567561], [-122.8163316, 49.056631], [-122.8164895, 49.0565382], [-122.8167017, 49.0564693], [-122.8170152, 49.0564538], [-122.8171279, 49.0562147], [-122.8173317, 49.0560917], [-122.8174795, 49.0559033], [-122.8174283, 49.0557577], [-122.8170367, 49.0557156], [-122.8169509, 49.0556312], [-122.8171601, 49.0554378], [-122.8172971, 49.0551826], [-122.8172084, 49.0549949], [-122.8173991, 49.0545709], [-122.817501, 49.0542686], [-122.8177585, 49.0542721], [-122.8178929, 49.0544958], [-122.8179194, 49.0546377], [-122.8178055, 49.0549273], [-122.8178575, 49.0551847], [-122.8176751, 49.0552234], [-122.8178038, 49.0556241], [-122.8183778, 49.0555081], [-122.8185334, 49.0558562], [-122.8180077, 49.0561058], [-122.8182544, 49.056285], [-122.8185334, 49.0564503], [-122.8189709, 49.0569143], [-122.8178237, 49.0569197], [-122.8178299, 49.0574873], [-122.817777, 49.0577134]]]}, "properties": {"communication:amateur_radio:pota": "CA-6381", "leisure": "park", "name": "Semiahmoo Trail Park", "osm_id": 481304004, "osm_type": "way"}}, {"type": "Feature", "geometry": {"type": "Polygon", "coordinates": [[[-122.8525061, 49.1109691], [-122.8518176, 49.1109489], [-122.8503036, 49.1109578], [-122.8503232, 49.1100289], [-122.8506866, 49.1100301], [-122.8511488, 49.1100317], [-122.8511498, 49.1099864], [-122.8525266, 49.1099898], [-122.852516, 49.1104971], [-122.8525061, 49.1109691]]]}, "properties": {"leisure": "park", "name": "Aspen Park", "osm_id": 481918324, "osm_type": "way"}}, {"type": "Feature", "geometry": {"type": "Polygon", "coordinates": [[[-122.7976652, 49.1570397], [-122.7965538, 49.156803], [-122.796616, 49.1564155], [-122.7966547, 49.1560252], [-122.7980151, 49.1561044], [-122.7986644, 49.1561081], [-122.7986625, 49.1564609], [-122.7977911, 49.1564582], [-122.7976943, 49.1564878], [-122.7976674, 49.1565405], [-122.7976652, 49.1570397]]]}, "properties": {"leisure": "park", "name": "44E - Detention Pond", "osm_id": 486927253, "osm_type": "way"}}, {"type": "Feature", "geometry": {"type": "Polygon", "coordinates": [[[-122.8170204, 49.1392382], [-122.8161181, 49.1392311], [-122.8150651, 49.139231], [-122.8150826, 49.1387309], [-122.8151603, 49.1385672], [-122.8151016, 49.1378197], [-122.8151091, 49.1374565], [-122.8152618, 49.1374668], [-122.8153955, 49.1374883], [-122.8155027, 49.1375172], [-122.815596, 49.1375467], [-122.8156756, 49.1375743], [-122.8157386, 49.1376009], [-122.8158591, 49.1376629], [-122.8166844, 49.1381955], [-122.8167655, 49.138264], [-122.8168313, 49.1383302], [-122.8168818, 49.1383936], [-122.8169234, 49.1384552], [-122.8169447, 49.1385013], [-122.8169674, 49.1385544], [-122.8169891, 49.1386036], [-122.8170006, 49.1386611], [-122.8170107, 49.1387253], [-122.8170204, 49.1392382]]]}, "properties": {"leisure": "park", "name": "Chimney Heights Park", "osm_id": 488576223, "osm_type": "way"}}, {"type": "Feature", "geometry": {"type": "Polygon", "coordinates": [[[-122.88448, 49.1430507], [-122.884506, 49.1420307], [-122.8843104, 49.1420301], [-122.8841101, 49.1420268], [-122.8826041, 49.14201], [-122.8825998, 49.1421759], [-122.8797513, 49.1421448], [-122.879518, 49.1421422], [-122.879217, 49.1421389], [-122.8792058, 49.1425798], [-122.8791953, 49.142993], [-122.88448, 49.1430507]]]}, "properties": {"leisure": "park", "name": "Strawberry Hill Park", "osm_id": 496524965, "osm_type": "way"}}, {"type": "Feature", "geometry": {"type": "Polygon", "coordinates": [[[-122.8828039, 49.1534233], [-122.8841348, 49.153449], [-122.8841382, 49.1522101], [-122.8828022, 49.1521816], [-122.8828039, 49.1534233]]]}, "properties": {"leisure": "park", "name": "Kennedy Trail Park", "osm_id": 496736024, "osm_type": "way"}}, {"type": "Feature", "geometry": {"type": "Polygon", "coordinates": [[[-122.8868093, 49.1584561], [-122.8865255, 49.1586388], [-122.8865207, 49.1587829], [-122.8855745, 49.1587727], [-122.8855809, 49.1581835], [-122.8849879, 49.1581739], [-122.8849788, 49.1580937], [-122.8855496, 49.1580977], [-122.8855535, 49.1581453], [-122.8859415, 49.1581492], [-122.886243, 49.1580033], [-122.8868093, 49.1584561]]]}, "properties": {"addr:housenumber": "8546", "addr:street": "121A Street", "description": "Small neighbourhood park with a children's playground, grass sports field and open green space.", "leisure": "park", "name": "Amelia Adams Park", "operator": "City of Surrey", "operator:type": "government", "operator:wikidata": "Q390583", "osm_id": 496736276, "osm_type": "way"}}, {"type": "Feature", "geometry": {"type": "Polygon", "coordinates": [[[-122.8490595, 49.1171446], [-122.8489021, 49.1171446], [-122.8489078, 49.1168486], [-122.8483011, 49.1168672], [-122.8482557, 49.1161564], [-122.8483691, 49.1161639], [-122.8483635, 49.1164895], [-122.8485718, 49.1165072], [-122.8488426, 49.1165433], [-122.8490155, 49.1166667], [-122.8490666, 49.1168718], [-122.8490595, 49.1171446]]]}, "properties": {"leisure": "park", "name": "Heritage Woods Park", "osm_id": 496750960, "osm_type": "way"}}, {"type": "Feature", "geometry": {"type": "Polygon", "coordinates": [[[-122.8008011, 49.1167534], [-122.8007904, 49.1186986], [-122.800211, 49.1185862], [-122.799519, 49.1184282], [-122.7986124, 49.1180806], [-122.7977702, 49.117719], [-122.7970782, 49.117403], [-122.7941653, 49.1160758], [-122.7925989, 49.1153665], [-122.792615, 49.1128349], [-122.7933399, 49.1126049], [-122.7933506, 49.1128138], [-122.7931561, 49.1132194], [-122.7930542, 49.113229], [-122.7937409, 49.1138795], [-122.7940869, 49.1141964], [-122.795082, 49.1141903], [-122.7954011, 49.1139304], [-122.7953623, 49.113359], [-122.7956707, 49.1132448], [-122.7964512, 49.1141806], [-122.7967262, 49.1142614], [-122.7970681, 49.1141736], [-122.7970386, 49.1152076], [-122.7980042, 49.1154034], [-122.7980083, 49.116189], [-122.7983932, 49.1161188], [-122.7984589, 49.1162575], [-122.7984803, 49.11657], [-122.7984897, 49.1167394], [-122.8008011, 49.1167534]]]}, "properties": {"addr:housenumber": "6272", "addr:street": "152 Street", "leisure": "park", "name": "Sullivan Park", "website": "https://www.surrey.ca/parks-recreation/parks/sullivan-park", "osm_id": 496753956, "osm_type": "way"}}, {"type": "Feature", "geometry": {"type": "Polygon", "coordinates": [[[-122.8312369, 49.1173312], [-122.8315499, 49.1173307], [-122.8315532, 49.1181983], [-122.8342759, 49.1181939], [-122.8342701, 49.1166623], [-122.8316454, 49.1166666], [-122.8316412, 49.1155594], [-122.8312301, 49.1155601], [-122.8312369, 49.1173312]]]}, "properties": {"leisure": "park", "name": "McLeod Park", "osm_id": 497949616, "osm_type": "way"}}, {"type": "Feature", "geometry": {"type": "Polygon", "coordinates": [[[-122.8713325, 49.1297715], [-122.871338, 49.1286816], [-122.8698572, 49.128669], [-122.8698842, 49.1290675], [-122.8699868, 49.1295171], [-122.8700069, 49.1297662], [-122.8713325, 49.1297715]]]}, "properties": {"leisure": "park", "name": "Evershine Park", "osm_id": 498089610, "osm_type": "way"}}, {"type": "Feature", "geometry": {"type": "Polygon", "coordinates": [[[-122.822598, 49.1562416], [-122.8232021, 49.1562398], [-122.8232208, 49.1562272], [-122.823229, 49.1561836], [-122.8232104, 49.1560444], [-122.8232157, 49.1558994], [-122.8232215, 49.1558371], [-122.8232244, 49.1558057], [-122.8232249, 49.1558], [-122.8232481, 49.1556922], [-122.8232405, 49.1556805], [-122.8232121, 49.1556743], [-122.8232029, 49.1556642], [-122.8231919, 49.1556539], [-122.8231663, 49.1556509], [-122.8227212, 49.155652], [-122.8225917, 49.1556545], [-122.8225958, 49.1560342], [-122.822598, 49.1562416]]]}, "properties": {"addr:city": "Surrey", "addr:housenumber": "8418", "addr:province": "BC", "addr:street": "144 Street", "leisure": "park", "name": "43D - Greenbelt", "osm_id": 499998160, "osm_type": "way"}}, {"type": "Feature", "geometry": {"type": "Polygon", "coordinates": [[[-122.8206347, 49.164801], [-122.8206362, 49.1643883], [-122.820162, 49.1646599], [-122.8201774, 49.1646673], [-122.8201886, 49.1646754], [-122.8201957, 49.1646827], [-122.8202042, 49.1646915], [-122.8202106, 49.1647006], [-122.8202171, 49.1647113], [-122.820221, 49.1647224], [-122.8202237, 49.1647341], [-122.8202227, 49.1647458], [-122.8206347, 49.164801]]]}, "properties": {"addr:city": "Surrey", "addr:housenumber": "14506", "addr:province": "BC", "addr:street": "89 Avenue", "leisure": "park", "name": "33F - Tot-Lot", "osm_id": 500004959, "osm_type": "way"}}, {"type": "Feature", "geometry": {"type": "Polygon", "coordinates": [[[-122.7465754, 49.1551426], [-122.7465811, 49.1550203], [-122.7466897, 49.1547267], [-122.7467431, 49.1546651], [-122.7467516, 49.1546509], [-122.7468144, 49.1545465], [-122.7469388, 49.1544032], [-122.7470247, 49.1543578], [-122.7474729, 49.1541208], [-122.7474952, 49.1541367], [-122.7480508, 49.1539281], [-122.7484437, 49.1539322], [-122.7486483, 49.1537887], [-122.7494947, 49.1538072], [-122.7494916, 49.1542844], [-122.7487143, 49.1542649], [-122.7485657, 49.1542812], [-122.7483856, 49.1542171], [-122.7481151, 49.1542047], [-122.7478105, 49.1543498], [-122.7476162, 49.1545157], [-122.7472706, 49.1547389], [-122.7471776, 49.1549829], [-122.7471649, 49.1551481], [-122.7471629, 49.1551625], [-122.7465754, 49.1551426]]]}, "properties": {"leisure": "park", "name": "46D - Greenbelt", "source": "Surrey GIS FACILITYID 1001486642", "source:url": "http://www.surrey.ca/city-services/665.aspx", "osm_id": 534395117, "osm_type": "way"}}, {"type": "Feature", "geometry": {"type": "Polygon", "coordinates": [[[-122.8342768, 49.1953469], [-122.8368303, 49.1953925], [-122.8367926, 49.1968762], [-122.8357844, 49.1968846], [-122.8357924, 49.1964196], [-122.8342768, 49.1964162], [-122.8342768, 49.1953469]]]}, "properties": {"addr:housenumber": "10632", "addr:street": "139 Street", "leisure": "park", "name": "Forsyth Park", "osm_id": 538606543, "osm_type": "way"}}, {"type": "Feature", "geometry": {"type": "Polygon", "coordinates": [[[-122.837745, 49.040886], [-122.8383284, 49.0407061], [-122.8383284, 49.0402397], [-122.838308, 49.0397693], [-122.8380414, 49.0397709], [-122.8380824, 49.0405222], [-122.8380844, 49.0405821], [-122.8376413, 49.040806], [-122.837745, 49.040886]]]}, "properties": {"leisure": "park", "name": "122l Greenbelt", "osm_id": 542704845, "osm_type": "way"}}, {"type": "Feature", "geometry": {"type": "Polygon", "coordinates": [[[-122.8383013, 49.0396525], [-122.8382776, 49.0385791], [-122.8381063, 49.0385766], [-122.838131, 49.0388311], [-122.8381125, 49.0396471], [-122.8383013, 49.0396525]]]}, "properties": {"leisure": "park", "name": "122l Greenbelt", "osm_id": 542704847, "osm_type": "way"}}, {"type": "Feature", "geometry": {"type": "Polygon", "coordinates": [[[-122.8357634, 49.0395053], [-122.8357634, 49.0392508], [-122.8353813, 49.0392428], [-122.8353998, 49.0385439], [-122.8346386, 49.038546], [-122.8345474, 49.0385815], [-122.8344985, 49.0386475], [-122.8345049, 49.0388873], [-122.8350796, 49.0388912], [-122.835153, 49.0390995], [-122.8351434, 49.0394973], [-122.8357634, 49.0395053]]]}, "properties": {"leisure": "park", "name": "122L Greenbelt", "osm_id": 542705245, "osm_type": "way"}}, {"type": "Feature", "geometry": {"type": "Polygon", "coordinates": [[[-122.8496847, 49.0384147], [-122.8496891, 49.0380223], [-122.8494951, 49.0380213], [-122.8494907, 49.0384138], [-122.8496847, 49.0384147]]]}, "properties": {"leisure": "park", "name": "121R - Greenbelt", "osm_id": 555961152, "osm_type": "way"}}, {"type": "Feature", "geometry": {"type": "Polygon", "coordinates": [[[-122.7655171, 49.0436548], [-122.7655596, 49.0436244], [-122.7655502, 49.0425669], [-122.7654362, 49.0425687], [-122.7652972, 49.0423401], [-122.7626167, 49.0423484], [-122.7626031, 49.0436465], [-122.7626359, 49.043679], [-122.7655171, 49.0436548]]]}, "properties": {"leisure": "park", "name": "Edgewood Park", "osm_id": 575427810, "osm_type": "way"}}, {"type": "Feature", "geometry": {"type": "Polygon", "coordinates": [[[-122.7943852, 49.1111373], [-122.7942484, 49.1115991], [-122.7938434, 49.111585], [-122.7940338, 49.111039], [-122.7943852, 49.1111373]]]}, "properties": {"leisure": "park", "name": "Kettle Crescent Park", "osm_id": 578541478, "osm_type": "way"}}, {"type": "Feature", "geometry": {"type": "Polygon", "coordinates": [[[-122.7944094, 49.1110794], [-122.7946186, 49.1106229], [-122.7954259, 49.1106352], [-122.7954366, 49.1103981], [-122.7955734, 49.1103104], [-122.7980598, 49.110356], [-122.7980357, 49.1111566], [-122.7982449, 49.1111689], [-122.7983442, 49.1103384], [-122.7981484, 49.1100751], [-122.7981302, 49.1095435], [-122.7979604, 49.1095499], [-122.7979686, 49.1100084], [-122.797164, 49.1100435], [-122.7969306, 49.1101541], [-122.7959275, 49.1101278], [-122.7956754, 49.1099645], [-122.795796, 49.1085475], [-122.7963103, 49.1085693], [-122.7962998, 49.108458], [-122.7957231, 49.1084594], [-122.7955922, 49.1080927], [-122.7944254, 49.1080682], [-122.7938489, 49.1079748], [-122.793779, 49.1081811], [-122.7945569, 49.1081981], [-122.7952274, 49.1083298], [-122.7953723, 49.1085703], [-122.7954447, 49.1087793], [-122.7954125, 49.1098064], [-122.7949485, 49.10981], [-122.7947946, 49.1095341], [-122.7946869, 49.1095178], [-122.7945864, 49.1097415], [-122.7939131, 49.1096748], [-122.7936771, 49.1100487], [-122.7944013, 49.1105755], [-122.7941331, 49.1109266], [-122.7940875, 49.1109793], [-122.7944094, 49.1110794]]]}, "properties": {"leisure": "park", "name": "Kettle Crescent Park", "osm_id": 578541479, "osm_type": "way"}}, {"type": "Feature", "geometry": {"type": "Polygon", "coordinates": [[[-122.796491, 49.1086282], [-122.7964849, 49.1084683], [-122.796484, 49.1084567], [-122.796466, 49.1082848], [-122.796938, 49.1083249], [-122.797045, 49.1082595], [-122.7970319, 49.1080224], [-122.797036, 49.1077531], [-122.796442, 49.1077464], [-122.796445, 49.1075935], [-122.797038, 49.10759], [-122.797042, 49.1073542], [-122.797046, 49.1071183], [-122.797107, 49.1070123], [-122.797101, 49.1066886], [-122.797484, 49.1066913], [-122.797603, 49.1071235], [-122.797599, 49.1074527], [-122.797867, 49.1075301], [-122.797861, 49.1075402], [-122.797857, 49.1075507], [-122.797854, 49.1075614], [-122.797852, 49.1075723], [-122.797851, 49.1075832], [-122.797852, 49.1075942], [-122.797855, 49.107605], [-122.797859, 49.1076156], [-122.797864, 49.107626], [-122.797871, 49.107636], [-122.797879, 49.1076456], [-122.797888, 49.1076547], [-122.797596, 49.1076694], [-122.7975919, 49.1080291], [-122.797517, 49.1080982], [-122.797511, 49.1083948], [-122.797671, 49.1084422], [-122.797662, 49.1084516], [-122.797654, 49.1084616], [-122.797647, 49.1084719], [-122.7976427, 49.1084827], [-122.79764, 49.1084933], [-122.797638, 49.1085041], [-122.797637, 49.108515], [-122.797638, 49.1085257], [-122.79764, 49.1085365], [-122.796984, 49.1085285], [-122.796491, 49.1086282]]]}, "properties": {"COMMENTS": "- 15304 58A Ave, 5849 Kettle Cr E added in 2018 - Renamed 74C - Greenbelt, merged with 74E - Greenbelt, 74F - Walkway, 74G - Greenbelt, 74H - Greenbelt, 74H - Greenbelt, 74I - Walkway, 74J - Greenbelt, 74K - Greenbelt", "leisure": "park", "name": "Kettle Crescent Park", "osm_id": 578588919, "osm_type": "way"}}, {"type": "Feature", "geometry": {"type": "Polygon", "coordinates": [[[-122.7926158, 49.110621], [-122.7926437, 49.110083], [-122.7926274, 49.1099153], [-122.7927112, 49.1095785], [-122.792823, 49.1091167], [-122.7928137, 49.1089307], [-122.7927997, 49.108882], [-122.7930674, 49.1081488], [-122.79371, 49.1081732], [-122.7937357, 49.1080681], [-122.7930442, 49.1079629], [-122.7923177, 49.1079126], [-122.791752, 49.1079126], [-122.7917939, 49.1073121], [-122.7916612, 49.1073121], [-122.7914865, 49.1073349], [-122.7914493, 49.107998], [-122.7918311, 49.1080147], [-122.7921897, 49.1081031], [-122.7925343, 49.1081839], [-122.7925575, 49.1082921], [-122.7925413, 49.1085299], [-122.792518, 49.1088606], [-122.7919685, 49.1088347], [-122.7919382, 49.108885], [-122.7923643, 49.10901], [-122.7923433, 49.1094947], [-122.792355, 49.109676], [-122.7921734, 49.1098193], [-122.7920314, 49.1098483], [-122.7919848, 49.1099351], [-122.792178, 49.1100281], [-122.792327, 49.1105737], [-122.7926158, 49.110621]]]}, "properties": {"leisure": "park", "name": "Kilkee Drive Park", "osm_id": 578604327, "osm_type": "way"}}, {"type": "Feature", "geometry": {"type": "Polygon", "coordinates": [[[-122.8207772, 49.1064227], [-122.8207785, 49.1068801], [-122.8206095, 49.1070873], [-122.820399, 49.1072875], [-122.8201455, 49.1075447], [-122.8201402, 49.1077343], [-122.8203896, 49.1077335], [-122.8205049, 49.1078107], [-122.8205613, 49.1078116], [-122.8205626, 49.1077352], [-122.8209301, 49.1072936], [-122.821099, 49.1073024], [-122.8211366, 49.1071944], [-122.8209006, 49.1071233], [-122.8208939, 49.1065719], [-122.8208871, 49.1064253], [-122.8207772, 49.1064227]]]}, "properties": {"leisure": "park", "name": "73C - Greenbelts", "operator": "City of Surrey", "operator:type": "government", "operator:wikidata": "Q390583", "osm_id": 579724283, "osm_type": "way"}}, {"type": "Feature", "geometry": {"type": "Polygon", "coordinates": [[[-122.8203212, 49.1085846], [-122.8204392, 49.1088849], [-122.8204714, 49.1090148], [-122.8203185, 49.1094028], [-122.8201549, 49.1095117], [-122.8205867, 49.109517], [-122.8205921, 49.1096469], [-122.8207745, 49.1096346], [-122.8209354, 49.1096135], [-122.8210883, 49.1096258], [-122.8211098, 49.1099893], [-122.8211205, 49.1102035], [-122.8213297, 49.1106494], [-122.8213029, 49.1108478], [-122.8212707, 49.1110182], [-122.8221049, 49.1110182], [-122.8220432, 49.1108461], [-122.8219869, 49.1106582], [-122.8219305, 49.1105897], [-122.8217428, 49.110351], [-122.8216784, 49.1102263], [-122.8216516, 49.1101122], [-122.821665, 49.109998], [-122.8217025, 49.1098646], [-122.8217991, 49.1097329], [-122.8218152, 49.1096206], [-122.8217776, 49.1093554], [-122.8213485, 49.1093115], [-122.8211232, 49.1092325], [-122.8209918, 49.1091342], [-122.8209542, 49.1090885], [-122.8209569, 49.1086022], [-122.8203212, 49.1085846]]]}, "properties": {"leisure": "park", "name": "73K - Greenbelt", "operator": "City of Surrey", "operator:type": "government", "operator:wikidata": "Q390583", "osm_id": 579728093, "osm_type": "way"}}, {"type": "Feature", "geometry": {"type": "Polygon", "coordinates": [[[-122.8785523, 49.1742925], [-122.878606, 49.174123], [-122.878034, 49.1741223], [-122.8779709, 49.1742925], [-122.878261, 49.1742925], [-122.8785523, 49.1742925]]]}, "properties": {"leisure": "park", "name": "Iona Park", "osm_id": 582677882, "osm_type": "way"}}, {"type": "Feature", "geometry": {"type": "Polygon", "coordinates": [[[-122.821054, 49.1677742], [-122.8214717, 49.1675946], [-122.8214767, 49.1673954], [-122.8219983, 49.1674004], [-122.8219962, 49.1673478], [-122.8215096, 49.1673473], [-122.8215116, 49.1673269], [-122.8210274, 49.1673255], [-122.8210461, 49.167571], [-122.8210023, 49.1677519], [-122.821054, 49.1677742]]]}, "properties": {"addr:city": "Surrey", "addr:housenumber": "14494", "addr:postcode": "V3R 7Y6", "addr:province": "BC", "addr:street": "91 Avenue", "leisure": "park", "name": "33C Tot-Lot", "osm_id": 582777065, "osm_type": "way"}}, {"type": "Feature", "geometry": {"type": "Polygon", "coordinates": [[[-122.8188823, 49.1684174], [-122.8188857, 49.1681635], [-122.8179862, 49.1681582], [-122.8179828, 49.1684121], [-122.8188823, 49.1684174]]]}, "properties": {"leisure": "park", "name": "Blackberry Park", "ref": "33D - Greenbelt", "osm_id": 582777907, "osm_type": "way"}}, {"type": "Feature", "geometry": {"type": "Polygon", "coordinates": [[[-122.822742, 49.1691806], [-122.8232901, 49.1691814], [-122.8232871, 49.1700679], [-122.8225131, 49.1700646], [-122.8222712, 49.1700635], [-122.822515, 49.1698302], [-122.8227255, 49.1696293], [-122.822742, 49.1691806]]]}, "properties": {"addr:city": "Surrey", "addr:housenumber": "9184", "addr:province": "BC", "addr:street": "144 Street", "leisure": "park", "name": "33M - Detention Pond", "osm_id": 582778343, "osm_type": "way"}}, {"type": "Feature", "geometry": {"type": "Polygon", "coordinates": [[[-122.7704231, 49.0308435], [-122.7705608, 49.0308841], [-122.7705479, 49.0307844], [-122.7705083, 49.03062], [-122.7703208, 49.0304413], [-122.7703208, 49.0302863], [-122.77033, 49.0300805], [-122.7702151, 49.0299721], [-122.7702217, 49.0298508], [-122.7702639, 49.0297962], [-122.7702883, 49.0296096], [-122.7701907, 49.0294816], [-122.7700769, 49.0293217], [-122.7699549, 49.0291244], [-122.7698248, 49.0290285], [-122.7697516, 49.0288099], [-122.7696459, 49.0284847], [-122.7695809, 49.0283248], [-122.769524, 49.0281488], [-122.7695484, 49.0279249], [-122.7695971, 49.0277383], [-122.7696622, 49.0276157], [-122.7699605, 49.027637], [-122.770272, 49.0275997], [-122.7704102, 49.0274931], [-122.7704509, 49.0273011], [-122.7703615, 49.0271732], [-122.7700037, 49.0268799], [-122.7681864, 49.0253738], [-122.7679183, 49.0256014], [-122.7669854, 49.0252352], [-122.7663245, 49.0249733], [-122.7659057, 49.0249766], [-122.7652715, 49.0249766], [-122.7646617, 49.0249926], [-122.7653203, 49.0261229], [-122.7658894, 49.0259682], [-122.766296, 49.0257976], [-122.7664179, 49.0255684], [-122.766792, 49.0256857], [-122.767231, 49.0258936], [-122.7675563, 49.0259469], [-122.7678653, 49.0261229], [-122.7681336, 49.0263894], [-122.7684751, 49.0265281], [-122.7689873, 49.0266827], [-122.7691906, 49.026848], [-122.769467, 49.0270239], [-122.7698004, 49.0271945], [-122.7699224, 49.0273065], [-122.7700629, 49.0274165], [-122.769963, 49.027525], [-122.7696297, 49.0275357], [-122.7694589, 49.027589], [-122.769296, 49.0275986], [-122.7692719, 49.0278343], [-122.769215, 49.0280049], [-122.7692313, 49.0282075], [-122.7693532, 49.0285487], [-122.7694996, 49.0287513], [-122.7696134, 49.0289538], [-122.7696459, 49.0291351], [-122.7698899, 49.0294976], [-122.7699874, 49.0295509], [-122.7700037, 49.0298015], [-122.7699061, 49.0299561], [-122.7698817, 49.0301694], [-122.7699468, 49.0303506], [-122.769963, 49.0305319], [-122.7701419, 49.0306172], [-122.7703533, 49.0307824], [-122.7704231, 49.0308435]]]}, "properties": {"leisure": "park", "name": "Carlson Creek protected area park", "osm_id": 584320053, "osm_type": "way"}}, {"type": "Feature", "geometry": {"type": "LineString", "coordinates": [[-122.7092067, 49.1306414], [-122.7085834, 49.1306417], [-122.7085829, 49.1302327], [-122.7086072, 49.1302327], [-122.7086069, 49.1299981], [-122.7089013, 49.1299979], [-122.7089016, 49.1302351], [-122.7092063, 49.130235], [-122.7092067, 49.1306414]]}, "properties": {"addr:housenumber": "18513", "addr:street": "70 Avenue", "barrier": "fence", "email": "surreylawnbowling@hotmail.com", "leisure": "sports_centre", "name": "Surrey Lawn Bowling Club", "sport": "bowls", "website": "https://www.surreylawnbowlingclub.ca", "osm_id": 586192691, "osm_type": "way"}}, {"type": "Feature", "geometry": {"type": "LineString", "coordinates": [[-122.8711417, 49.2022656], [-122.8699902, 49.2022773], [-122.869988, 49.2021835], [-122.8698761, 49.2021847], [-122.8698622, 49.2016073], [-122.8700724, 49.2016051], [-122.8700633, 49.2012271], [-122.8710916, 49.2012165], [-122.8710929, 49.2012697], [-122.871245, 49.2012681], [-122.8712551, 49.2016925], [-122.8711281, 49.2016938], [-122.8711417, 49.2022656]]}, "properties": {"addr:housenumber": "10950", "addr:street": "126A Street", "building": "yes", "building:levels": "3", "leisure": "sports_centre", "name": "North Surrey Sport and Ice Complex", "opening_hours": "Mo-Fr 06:00-21:00; Sa 08:00-21:00; Su 08:00-20:00", "phone": "+1-604-591-4410", "sport": "hockey;exercise", "website": "https://www.surrey.ca/culture-recreation/23437.aspx", "osm_id": 617329163, "osm_type": "way"}}, {"type": "Feature", "geometry": {"type": "LineString", "coordinates": [[-122.7275678, 49.1122981], [-122.7271168, 49.112296], [-122.7271198, 49.1119703], [-122.7275708, 49.1119724], [-122.7275678, 49.1122981]]}, "properties": {"barrier": "fence", "leisure": "sports_centre", "sport": "tennis", "osm_id": 685157029, "osm_type": "way"}}, {"type": "Feature", "geometry": {"type": "LineString", "coordinates": [[-122.7330838, 49.113106], [-122.7329591, 49.1131389], [-122.7329801, 49.113231], [-122.7330155, 49.1133742], [-122.7329727, 49.1135348], [-122.732906, 49.1136706], [-122.7328177, 49.1137907], [-122.7327247, 49.1138729], [-122.7325767, 49.1139716], [-122.7324187, 49.1140455], [-122.7322346, 49.1140946], [-122.7319995, 49.1141464], [-122.7319053, 49.1141555], [-122.7319117, 49.1142223], [-122.7319141, 49.1142449], [-122.7318711, 49.1142423], [-122.7318346, 49.11424], [-122.731828, 49.1151223], [-122.7318015, 49.1152682], [-122.7310049, 49.1156331], [-122.7256125, 49.1156862], [-122.7256109, 49.1134483], [-122.7263762, 49.1134505], [-122.7264163, 49.1125045], [-122.7276187, 49.112509], [-122.7276287, 49.1115216], [-122.7289936, 49.111527], [-122.7293685, 49.1115285], [-122.7330969, 49.1115432], [-122.7330838, 49.113106]]}, "properties": {"leisure": "sports_centre", "sport": "horse_racing", "osm_id": 686020189, "osm_type": "way"}}, {"type": "Feature", "geometry": {"type": "Polygon", "coordinates": [[[-122.7711699, 49.0294735], [-122.7709454, 49.0294759], [-122.7708763, 49.0294411], [-122.7708742, 49.0293573], [-122.7711668, 49.0293541], [-122.7711699, 49.0294735]]]}, "properties": {"leisure": "park", "name": "Wood Playground", "osm_id": 740763270, "osm_type": "way"}}, {"type": "Feature", "geometry": {"type": "Polygon", "coordinates": [[[-122.6834928, 49.1190116], [-122.6840436, 49.1190125], [-122.6840432, 49.1190018], [-122.6840424, 49.1189771], [-122.684042, 49.1189667], [-122.6840137, 49.1181653], [-122.6840134, 49.1181568], [-122.6840132, 49.1181509], [-122.6840111, 49.1180912], [-122.6838081, 49.1180892], [-122.6837568, 49.1180887], [-122.6834871, 49.1180861], [-122.6834874, 49.1181393], [-122.6834875, 49.1181471], [-122.6834875, 49.1181536], [-122.6834901, 49.1185729], [-122.6834902, 49.1185941], [-122.6834925, 49.118964], [-122.6834926, 49.1189721], [-122.6834928, 49.1190041], [-122.6834928, 49.1190116]]]}, "properties": {"leisure": "park", "name": "McIntyre Park", "osm_id": 750258591, "osm_type": "way"}}, {"type": "Feature", "geometry": {"type": "Polygon", "coordinates": [[[-122.8618044, 49.2157105], [-122.8624409, 49.2157067], [-122.8633009, 49.2156884], [-122.863356, 49.2161805], [-122.8617721, 49.2162776], [-122.8618044, 49.2157105]]]}, "properties": {"leisure": "park", "name": "Surrey Public Wharf", "osm_id": 751423566, "osm_type": "way"}}, {"type": "Feature", "geometry": {"type": "Polygon", "coordinates": [[[-122.7679078, 49.0601197], [-122.7666632, 49.0601338], [-122.7666418, 49.0598807], [-122.7665559, 49.0597682], [-122.7665345, 49.0595924], [-122.7666632, 49.0594237], [-122.7679078, 49.0594237], [-122.7679078, 49.0601197]]]}, "properties": {"leisure": "park", "name": "Greenbelt", "osm_id": 753612921, "osm_type": "way"}}, {"type": "Feature", "geometry": {"type": "Polygon", "coordinates": [[[-122.7612103, 49.0565535], [-122.7612237, 49.056963], [-122.7603949, 49.0569683], [-122.7603976, 49.0567873], [-122.7598853, 49.0567873], [-122.7598853, 49.0565728], [-122.7612103, 49.0565535]]]}, "properties": {"check_date": "2024-03-11", "leisure": "park", "name": "Neighbourhood Park", "osm_id": 753615483, "osm_type": "way"}}, {"type": "Feature", "geometry": {"type": "Polygon", "coordinates": [[[-122.7765565, 49.0573054], [-122.7761304, 49.0571449], [-122.7758622, 49.0570606], [-122.7755511, 49.0570324], [-122.7742743, 49.0570816], [-122.7737701, 49.0571168], [-122.7737593, 49.056927], [-122.7749341, 49.0568532], [-122.7754277, 49.0568391], [-122.7759266, 49.0568742], [-122.7761626, 49.0569059], [-122.7767352, 49.0571099], [-122.7765565, 49.0573054]]]}, "properties": {"check_date": "2024-03-12", "leisure": "park", "name": "Greenbelt", "osm_id": 753832779, "osm_type": "way"}}, {"type": "Feature", "geometry": {"type": "Polygon", "coordinates": [[[-122.758721, 49.0459066], [-122.7586664, 49.0459321], [-122.7586644, 49.0466472], [-122.7583441, 49.0466775], [-122.758364, 49.0474647], [-122.7603913, 49.0474527], [-122.7604366, 49.045915], [-122.758721, 49.0459066]]]}, "properties": {"addr:city": "Surrey", "addr:housenumber": "16685", "addr:street": "24 Avenue", "leisure": "park", "name": "Orchard Grove Park", "osm_id": 754699294, "osm_type": "way"}}, {"type": "Feature", "geometry": {"type": "Polygon", "coordinates": [[[-122.7722311, 49.0509595], [-122.7694738, 49.05097], [-122.7694738, 49.0511212], [-122.7695865, 49.0512583], [-122.7695865, 49.0513849], [-122.7728534, 49.0513814], [-122.7722311, 49.0509595]]]}, "properties": {"check_date": "2024-03-12", "leisure": "park", "name": "Greenbelt", "osm_id": 756417120, "osm_type": "way"}}, {"type": "Feature", "geometry": {"type": "Polygon", "coordinates": [[[-122.7746892, 49.0674931], [-122.7743941, 49.0683191], [-122.7738792, 49.0683964], [-122.7738792, 49.068428], [-122.7743459, 49.0684983], [-122.7741742, 49.0690114], [-122.7755582, 49.069022], [-122.7755689, 49.0674931], [-122.7746892, 49.0674931]]]}, "properties": {"leisure": "park", "name": "Greenbelt", "osm_id": 761075888, "osm_type": "way"}}, {"type": "Feature", "geometry": {"type": "Polygon", "coordinates": [[[-122.7618272, 49.0601728], [-122.7584744, 49.060208], [-122.7584208, 49.0586015], [-122.7587533, 49.058598], [-122.7587909, 49.0588019], [-122.7588821, 49.0590128], [-122.7589947, 49.0591956], [-122.7593112, 49.0591886], [-122.7592791, 49.0593714], [-122.7588338, 49.0593819], [-122.758748, 49.0595014], [-122.7587855, 49.0599654], [-122.7609388, 49.0599411], [-122.7609209, 49.0595988], [-122.761811, 49.0595999], [-122.7618272, 49.0601728]]]}, "properties": {"leisure": "park", "name": "115F - Greenbelt", "operator": "City of Surrey", "operator:type": "government", "operator:wikidata": "Q390583", "osm_id": 762367179, "osm_type": "way"}}, {"type": "Feature", "geometry": {"type": "Polygon", "coordinates": [[[-122.763061, 49.0542284], [-122.7627552, 49.0545905], [-122.7627659, 49.0550721], [-122.7633131, 49.0550686], [-122.7633238, 49.0551354], [-122.7629483, 49.0552198], [-122.762929, 49.0552749], [-122.7633507, 49.0554869], [-122.7625245, 49.0554904], [-122.7625245, 49.0545624], [-122.7626265, 49.0542389], [-122.763061, 49.0542284]]]}, "properties": {"leisure": "park", "name": "Greenbelt", "osm_id": 762376407, "osm_type": "way"}}, {"type": "Feature", "geometry": {"type": "Polygon", "coordinates": [[[-122.7625207, 49.0559669], [-122.7606863, 49.0559837], [-122.7606956, 49.0564173], [-122.76253, 49.0564003], [-122.7625207, 49.0559669]]]}, "properties": {"leisure": "park", "name": "Neighbourhood Park", "osm_id": 762376408, "osm_type": "way"}}, {"type": "Feature", "geometry": {"type": "Polygon", "coordinates": [[[-122.7613336, 49.0577895], [-122.7616233, 49.0584222], [-122.7613444, 49.0590058], [-122.7614838, 49.0594417], [-122.7618164, 49.0594417], [-122.7618057, 49.05767], [-122.7613336, 49.0577895]]]}, "properties": {"leisure": "park", "name": "115G - Greenbelt", "operator": "City of Surrey", "operator:type": "government", "operator:wikidata": "Q390583", "osm_id": 762376409, "osm_type": "way"}}, {"type": "Feature", "geometry": {"type": "Polygon", "coordinates": [[[-122.7784006, 49.0554203], [-122.7784757, 49.0554203], [-122.7785508, 49.0555364], [-122.7778427, 49.0555328], [-122.7778266, 49.0553711], [-122.7772151, 49.0552657], [-122.7770434, 49.0553711], [-122.7768557, 49.055343], [-122.7767645, 49.055125], [-122.7762763, 49.0551145], [-122.7759276, 49.0552586], [-122.775933, 49.0555539], [-122.7736746, 49.055568], [-122.7736746, 49.0556137], [-122.7723174, 49.0556278], [-122.772312, 49.0555364], [-122.7736692, 49.0555188], [-122.7736638, 49.0554555], [-122.775064, 49.0554485], [-122.7752249, 49.0554133], [-122.7763246, 49.0549422], [-122.7763192, 49.0548508], [-122.77611, 49.0546469], [-122.7757003, 49.0546478], [-122.7756706, 49.0546045], [-122.7759656, 49.054598], [-122.7762503, 49.0544259], [-122.7765392, 49.0543903], [-122.7768074, 49.0543516], [-122.7774672, 49.0541196], [-122.7776013, 49.054088], [-122.7777837, 49.0540774], [-122.7778052, 49.0541477], [-122.7778642, 49.0541653], [-122.7780573, 49.0544149], [-122.7784167, 49.0544219], [-122.7784704, 49.0544641], [-122.7784865, 49.054654], [-122.7783914, 49.0548366], [-122.7783845, 49.0548508], [-122.7784006, 49.0554203]]]}, "properties": {"check_date": "2024-03-12", "leisure": "park", "name": "Grandview Heights Linear Park", "osm_id": 762379315, "osm_type": "way"}}, {"type": "Feature", "geometry": {"type": "Polygon", "coordinates": [[[-122.7721618, 49.0556278], [-122.7703604, 49.0556506], [-122.7703789, 49.0559917], [-122.7703196, 49.0559871], [-122.7702944, 49.055652], [-122.7690665, 49.055684], [-122.7690344, 49.0552973], [-122.7681439, 49.0552973], [-122.7681439, 49.0551778], [-122.7694936, 49.0551687], [-122.7694946, 49.0555316], [-122.7721618, 49.0555153], [-122.7721618, 49.0556278]]]}, "properties": {"leisure": "park", "name": "Grandview Heights Linear Park", "osm_id": 762379316, "osm_type": "way"}}, {"type": "Feature", "geometry": {"type": "Polygon", "coordinates": [[[-122.8871484, 49.1377324], [-122.8871548, 49.1395724], [-122.8871637, 49.139816], [-122.8871672, 49.1401078], [-122.8870835, 49.1402467], [-122.8869014, 49.1403353], [-122.8865341, 49.1403341], [-122.8863467, 49.1402315], [-122.8862866, 49.1401303], [-122.8862853, 49.1395368], [-122.8862806, 49.1387547], [-122.8862745, 49.1377228], [-122.8871484, 49.1377324]]]}, "properties": {"addr:city": "Surrey", "addr:housenumber": "12140", "addr:province": "BC", "addr:street": "75A Avenue", "leisure": "park", "name": "RA Nicholson Park", "osm_id": 783220311, "osm_type": "way"}}, {"type": "Feature", "geometry": {"type": "Polygon", "coordinates": [[[-122.7891049, 49.0438138], [-122.7897961, 49.0429145], [-122.7898343, 49.0429454], [-122.789747, 49.0431379], [-122.7897433, 49.0432653], [-122.7897486, 49.0433602], [-122.7897647, 49.0434306], [-122.7897701, 49.0435009], [-122.7898023, 49.0435923], [-122.7898683, 49.0437151], [-122.7899417, 49.0438068], [-122.7894237, 49.0438111], [-122.7891049, 49.0438138]]]}, "properties": {"addr:city": "Surrey", "addr:housenumber": "2290", "addr:province": "BC", "addr:street": "156 Street", "check_date": "2024-03-24", "leisure": "park", "name": "Gratitude Garden", "osm_id": 796356716, "osm_type": "way"}}, {"type": "Feature", "geometry": {"type": "Polygon", "coordinates": [[[-122.8641778, 49.1780748], [-122.8641591, 49.1780296], [-122.8632758, 49.1781756], [-122.8632325, 49.1781959], [-122.8634156, 49.1785241], [-122.8636221, 49.1785083], [-122.8636515, 49.1785584], [-122.8636235, 49.1788011], [-122.8636597, 49.1788094], [-122.8636959, 49.1788176], [-122.8638752, 49.1785043], [-122.8636617, 49.1781796], [-122.8641778, 49.1780748]]]}, "properties": {"leisure": "park", "name": "21C Tot-Lot", "osm_id": 804730387, "osm_type": "way"}}, {"type": "Feature", "geometry": {"type": "Polygon", "coordinates": [[[-122.8018469, 49.1505497], [-122.8018483, 49.1501657], [-122.8023308, 49.1501665], [-122.802322, 49.1501902], [-122.8022744, 49.1503307], [-122.8022435, 49.1504217], [-122.8022, 49.1505501], [-122.8018469, 49.1505497]]]}, "properties": {"leisure": "park", "name": "43V - Greenbelt", "osm_id": 805133886, "osm_type": "way"}}, {"type": "Feature", "geometry": {"type": "LineString", "coordinates": [[-122.8141243, 49.0441822], [-122.8136736, 49.0441849], [-122.8136617, 49.0433269], [-122.8138904, 49.0433255], [-122.8141123, 49.0433242], [-122.8141243, 49.0441822]]}, "properties": {"addr:housenumber": "2199", "addr:street": "148 Street", "building": "yes", "leisure": "sports_centre", "name": "BMO Coastal Soccer Centre", "sport": "soccer", "website": "https://www.coastalsoccercentre.ca/", "osm_id": 806259748, "osm_type": "way"}}, {"type": "Feature", "geometry": {"type": "LineString", "coordinates": [[-122.7952265, 49.0507534], [-122.7947639, 49.0507381], [-122.7947892, 49.0504095], [-122.7952518, 49.0504248], [-122.7952265, 49.0507534]]}, "properties": {"barrier": "fence", "leisure": "sports_centre", "sport": "tennis", "osm_id": 806547450, "osm_type": "way"}}, {"type": "Feature", "geometry": {"type": "Polygon", "coordinates": [[[-122.6967459, 49.1345152], [-122.696745, 49.134545], [-122.696745, 49.1345599], [-122.6967452, 49.1354032], [-122.6941183, 49.1354281], [-122.6939531, 49.1354297], [-122.693888, 49.1353562], [-122.6938673, 49.1353222], [-122.6938559, 49.1352867], [-122.6938528, 49.1352458], [-122.6938543, 49.1351069], [-122.6938582, 49.1347854], [-122.6938614, 49.1347465], [-122.6938833, 49.1345946], [-122.693883, 49.1345116], [-122.693883, 49.1344737], [-122.693883, 49.1343835], [-122.693883, 49.1343359], [-122.6938834, 49.1342745], [-122.6938886, 49.1342641], [-122.6939107, 49.1342488], [-122.6939164, 49.1342375], [-122.693918, 49.1338953], [-122.6939137, 49.1338861], [-122.6938922, 49.1338676], [-122.6938877, 49.1338561], [-122.693887, 49.1337684], [-122.6938925, 49.1337432], [-122.6939076, 49.1337225], [-122.6939323, 49.1337019], [-122.6939601, 49.1336856], [-122.6939959, 49.1336711], [-122.6940318, 49.1336633], [-122.6940648, 49.1336594], [-122.6946419, 49.1336472], [-122.6946414, 49.133743], [-122.6946431, 49.1341486], [-122.6949943, 49.1344825], [-122.6950215, 49.1344728], [-122.6950378, 49.1344906], [-122.6950602, 49.1345107], [-122.6950846, 49.1345227], [-122.6951194, 49.1345325], [-122.6951627, 49.1345368], [-122.6952008, 49.1345353], [-122.6952264, 49.1345299], [-122.6952368, 49.1345258], [-122.6952616, 49.1345165], [-122.6952938, 49.1345049], [-122.6953357, 49.1345021], [-122.6955548, 49.1345211], [-122.6956219, 49.1345259], [-122.6956943, 49.1345251], [-122.6960779, 49.1345215], [-122.696144, 49.1345209], [-122.6967459, 49.1345152]]]}, "properties": {"leisure": "park", "name": "Salmonberry Park", "osm_id": 807034877, "osm_type": "way"}}, {"type": "Feature", "geometry": {"type": "Polygon", "coordinates": [[[-122.822813, 49.1668279], [-122.8232805, 49.1668287], [-122.8232824, 49.1662828], [-122.8228919, 49.1663719], [-122.8228865, 49.1664083], [-122.8228769, 49.1664343], [-122.8228511, 49.1664638], [-122.8228147, 49.1664904], [-122.822813, 49.1668279]]]}, "properties": {"addr:city": "Surrey", "addr:housenumber": "14410", "addr:province": "BC", "addr:street": "90 Avenue", "leisure": "park", "name": "33E - Detention Pond", "osm_id": 871073776, "osm_type": "way"}}, {"type": "Feature", "geometry": {"type": "Polygon", "coordinates": [[[-122.818032, 49.1643262], [-122.8188578, 49.1643302], [-122.8188591, 49.1642138], [-122.8180341, 49.1642097], [-122.818032, 49.1643262]]]}, "properties": {"addr:city": "Surrey", "addr:housenumber": "8877", "addr:province": "BC", "addr:street": "146 Street", "leisure": "park", "name": "33G - Detention Pond", "osm_id": 871118250, "osm_type": "way"}}, {"type": "Feature", "geometry": {"type": "Polygon", "coordinates": [[[-122.8121308, 49.1753287], [-122.8114029, 49.1753341], [-122.8114029, 49.1753385], [-122.8072822, 49.1753402], [-122.8072832, 49.175486], [-122.8072823, 49.1756034], [-122.8076307, 49.1756304], [-122.8076459, 49.1756451], [-122.8076469, 49.1756635], [-122.8082382, 49.1756654], [-122.8082393, 49.1756756], [-122.8085389, 49.1756727], [-122.8088219, 49.1756693], [-122.8091048, 49.1756703], [-122.809143, 49.1756713], [-122.8092009, 49.1756721], [-122.81055, 49.1756672], [-122.8105774, 49.1756546], [-122.8109312, 49.1756554], [-122.811228, 49.175663], [-122.811518, 49.1756634], [-122.8118072, 49.1756632], [-122.8121288, 49.1756608], [-122.8121308, 49.1753287]]]}, "properties": {"addr:city": "Surrey", "addr:housenumber": "9522", "addr:province": "BC", "addr:street": "148 Street", "leisure": "park", "name": "33A - Utility ROW", "osm_id": 871444278, "osm_type": "way"}}, {"type": "Feature", "geometry": {"type": "Polygon", "coordinates": [[[-122.7866959, 49.1755706], [-122.7841307, 49.1755775], [-122.7841297, 49.1754417], [-122.7841295, 49.1754189], [-122.7842578, 49.1754185], [-122.7844868, 49.1754177], [-122.7845508, 49.1754175], [-122.7846461, 49.1754173], [-122.7846438, 49.1750404], [-122.7847243, 49.1750402], [-122.7847267, 49.1754154], [-122.7866949, 49.17541], [-122.7866953, 49.1754646], [-122.7866959, 49.1755706]]]}, "properties": {"addr:city": "Surrey", "addr:housenumber": "15811", "addr:province": "BC", "addr:street": "95 Avenue", "leisure": "park", "name": "34K - Greenbelt", "osm_id": 871444279, "osm_type": "way"}}, {"type": "Feature", "geometry": {"type": "Polygon", "coordinates": [[[-122.7846351, 49.1737295], [-122.7846565, 49.1736972], [-122.7841609, 49.1736208], [-122.7841523, 49.1729958], [-122.784134, 49.1729957], [-122.7841335, 49.173661], [-122.7846351, 49.1737295]]]}, "properties": {"addr:city": "Surrey", "addr:housenumber": "15811", "addr:province": "BC", "addr:street": "93A Avenue", "leisure": "park", "name": "34K - Greenbelt", "osm_id": 871444280, "osm_type": "way"}}, {"type": "Feature", "geometry": {"type": "Polygon", "coordinates": [[[-122.7747267, 49.1733715], [-122.7742137, 49.1734452], [-122.7733794, 49.1734475], [-122.7733813, 49.1733474], [-122.7733928, 49.1724116], [-122.774725, 49.172397], [-122.7747271, 49.172689], [-122.7747241, 49.1732223], [-122.7747267, 49.1733715]]]}, "properties": {"leisure": "park", "name": "35E - Greenbelt", "osm_id": 871444283, "osm_type": "way"}}, {"type": "Feature", "geometry": {"type": "LineString", "coordinates": [[-122.8815057, 49.0593679], [-122.8816252, 49.0593537], [-122.8818353, 49.0592033], [-122.8818619, 49.0591321], [-122.8814755, 49.0589066], [-122.8813922, 49.0588681], [-122.881317, 49.058939], [-122.8811525, 49.0590825], [-122.8815057, 49.0593679]]}, "properties": {"addr:city": "Surrey", "leisure": "sports_centre", "name": "Crescent Beach Swimming Club", "sport": "swimming", "osm_id": 874905987, "osm_type": "way"}}, {"type": "Feature", "geometry": {"type": "Polygon", "coordinates": [[[-122.7916831, 49.1667567], [-122.7916144, 49.1667336], [-122.7916434, 49.1666873], [-122.7916917, 49.1665063], [-122.7914556, 49.1665049], [-122.7911466, 49.1665287], [-122.7908827, 49.1666655], [-122.7908838, 49.1665463], [-122.7903012, 49.1665463], [-122.7903055, 49.1664361], [-122.7908849, 49.1664383], [-122.7908849, 49.1664109], [-122.7911273, 49.1664143], [-122.7923096, 49.1664102], [-122.7924963, 49.166399], [-122.7939737, 49.166396], [-122.7939759, 49.1664472], [-122.7925178, 49.1664425], [-122.7926235, 49.1666526], [-122.7926304, 49.1667055], [-122.79258, 49.1667132], [-122.7923826, 49.1665477], [-122.7919309, 49.1665764], [-122.7917464, 49.1666754], [-122.7916831, 49.1667567]]]}, "properties": {"leisure": "park", "name": "34H - Greenbelt", "osm_id": 884907156, "osm_type": "way"}}, {"type": "Feature", "geometry": {"type": "Polygon", "coordinates": [[[-122.8510858, 49.1946204], [-122.8511589, 49.1945647], [-122.8536918, 49.1945596], [-122.8537065, 49.1974562], [-122.8536773, 49.1974508], [-122.8517279, 49.1974461], [-122.8510688, 49.1974445], [-122.8510858, 49.1946204]]]}, "properties": {"leisure": "park", "name": "Whalley Athletic Park", "website": "https://www.surrey.ca/parks-recreation/parks/whalley-athletic-park", "osm_id": 888733670, "osm_type": "way"}}, {"type": "Feature", "geometry": {"type": "Polygon", "coordinates": [[[-122.8266669, 49.1916323], [-122.8292662, 49.1916251], [-122.8293033, 49.1938065], [-122.8292265, 49.1937947], [-122.8291585, 49.1937811], [-122.8290879, 49.1937653], [-122.8290204, 49.1937474], [-122.8289487, 49.193726], [-122.8288856, 49.1937047], [-122.8288084, 49.1936741], [-122.828749, 49.1936468], [-122.8286911, 49.1936177], [-122.8286387, 49.1935891], [-122.8285912, 49.1935602], [-122.8285501, 49.1935344], [-122.8285109, 49.1935044], [-122.8280458, 49.1931478], [-122.8276438, 49.1928395], [-122.8275691, 49.1928801], [-122.8279714, 49.1931899], [-122.8284535, 49.1935612], [-122.8284969, 49.1935902], [-122.8285498, 49.1936234], [-122.8286029, 49.1936544], [-122.8286559, 49.1936825], [-122.8287161, 49.1937117], [-122.8287675, 49.193733], [-122.8288356, 49.1937596], [-122.8289017, 49.1937829], [-122.8289703, 49.1938045], [-122.8290389, 49.1938229], [-122.8291102, 49.1938396], [-122.8291803, 49.1938544], [-122.8292445, 49.1938647], [-122.8293044, 49.1938729], [-122.829372, 49.1938807], [-122.8294257, 49.1938853], [-122.8294772, 49.1938887], [-122.8295354, 49.193891], [-122.829597, 49.1938918], [-122.8298953, 49.1938906], [-122.8318946, 49.1938804], [-122.8319406, 49.1938818], [-122.8319906, 49.1938833], [-122.8320405, 49.1938862], [-122.8320981, 49.1938894], [-122.8321516, 49.1938959], [-122.8321342, 49.195139], [-122.8300111, 49.1951174], [-122.8271363, 49.1951347], [-122.827101, 49.1978907], [-122.8265349, 49.1978957], [-122.826523, 49.1981982], [-122.8248548, 49.1982111], [-122.824839, 49.1986816], [-122.8232206, 49.1986771], [-122.8232186, 49.1982494], [-122.8237213, 49.1982422], [-122.8237103, 49.1979238], [-122.8241137, 49.1979281], [-122.8241317, 49.1970466], [-122.8231657, 49.1970509], [-122.8231782, 49.196528], [-122.8241417, 49.1965233], [-122.8241714, 49.1954718], [-122.8243153, 49.1954646], [-122.8243142, 49.1951149], [-122.8242039, 49.1951121], [-122.824195, 49.1937765], [-122.8232451, 49.193779], [-122.823223, 49.1928468], [-122.8238293, 49.1927892], [-122.8245039, 49.192625], [-122.8264771, 49.1926062], [-122.826713, 49.1926192], [-122.8266669, 49.1916323]]]}, "properties": {"addr:housenumber": "10513", "addr:street": "144 Street", "leisure": "park", "name": "Hawthorne Rotary Park", "operator": "City of Surrey", "operator:type": "public", "operator:wikidata": "Q390583", "operator:wikipedia": "en:Surrey, British Columbia", "osm_id": 888764962, "osm_type": "way"}}, {"type": "Feature", "geometry": {"type": "Polygon", "coordinates": [[[-122.8062113, 49.2088015], [-122.806303, 49.2087305], [-122.8063765, 49.2086545], [-122.8063518, 49.2086377], [-122.8063277, 49.2086179], [-122.8063077, 49.2085847], [-122.8062997, 49.2085522], [-122.8062979, 49.2084301], [-122.8062942, 49.2080172], [-122.8062931, 49.2075702], [-122.8062914, 49.2073556], [-122.8062889, 49.2068852], [-122.8062817, 49.2061923], [-122.8062742, 49.2061685], [-122.8062573, 49.2061488], [-122.8062297, 49.2061325], [-122.8061945, 49.2061224], [-122.8061562, 49.2061163], [-122.8044461, 49.2060993], [-122.8044158, 49.2060959], [-122.8043867, 49.2060892], [-122.8043601, 49.2060782], [-122.8043394, 49.2060671], [-122.804319, 49.2060498], [-122.8043003, 49.2060331], [-122.8042584, 49.2059955], [-122.804222, 49.2059628], [-122.8036471, 49.2059788], [-122.803567, 49.205981], [-122.8035463, 49.2060089], [-122.8034549, 49.2060436], [-122.8034251, 49.2061728], [-122.8046791, 49.2073111], [-122.8053206, 49.2079375], [-122.8054894, 49.208121], [-122.8056869, 49.2082923], [-122.8061067, 49.2086269], [-122.8060559, 49.2086509], [-122.8062113, 49.2088015]]]}, "properties": {"leisure": "park", "name": "Robin Park", "source": "City of Surrey 2011 GIS Data (ID: 92)", "surrey:objectid": "82148", "osm_id": 889073311, "osm_type": "way"}}, {"type": "Feature", "geometry": {"type": "Polygon", "coordinates": [[[-122.8556021, 49.1907575], [-122.8553735, 49.1907107], [-122.855232, 49.1906884], [-122.8550879, 49.19068], [-122.8544616, 49.1906844], [-122.8544562, 49.1907896], [-122.8544307, 49.1908255], [-122.8543999, 49.1908457], [-122.854394, 49.1910104], [-122.8549939, 49.191011], [-122.8549896, 49.1908083], [-122.8553285, 49.1907634], [-122.8555289, 49.1907804], [-122.8556045, 49.1907866], [-122.8556021, 49.1907575]]]}, "properties": {"addr:housenumber": "13231", "addr:street": "Central Avenue", "leisure": "park", "name": "West Village Park", "opening_hours": "sunrise-sunset", "operator": "City of Surrey", "operator:type": "public", "operator:wikidata": "Q390583", "operator:wikipedia": "en:Surrey, British Columbia", "website": "https://www.surrey.ca/parks-recreation/parks/west-village-park", "osm_id": 892971938, "osm_type": "way"}}, {"type": "Feature", "geometry": {"type": "Polygon", "coordinates": [[[-122.8382466, 49.0509275], [-122.8377207, 49.0507354], [-122.8378655, 49.0504722], [-122.8378053, 49.0504542], [-122.8376372, 49.0507321], [-122.8372024, 49.0507303], [-122.8371993, 49.0522509], [-122.838562, 49.052249], [-122.8385716, 49.0512554], [-122.8387638, 49.0512555], [-122.8387663, 49.0507208], [-122.8392586, 49.0505116], [-122.8392589, 49.0504698], [-122.8385901, 49.0504681], [-122.8385766, 49.0509306], [-122.8382466, 49.0509275]]]}, "properties": {"leisure": "park", "name": "Buchamer Park", "osm_id": 897309837, "osm_type": "way"}}, {"type": "Feature", "geometry": {"type": "Polygon", "coordinates": [[[-122.6914977, 49.0384848], [-122.6997721, 49.03852], [-122.6997923, 49.0389044], [-122.6996457, 49.0391591], [-122.6995761, 49.0399321], [-122.698702, 49.0399247], [-122.6981611, 49.0395973], [-122.6968941, 49.0395956], [-122.6968922, 49.0388544], [-122.6915037, 49.03885], [-122.6914977, 49.0384848]]]}, "properties": {"leisure": "park", "name": "128A - Greenbelt", "osm_id": 898237049, "osm_type": "way"}}, {"type": "Feature", "geometry": {"type": "Polygon", "coordinates": [[[-122.8163649, 49.1390552], [-122.8152924, 49.1391095], [-122.8151599, 49.1379897], [-122.8162325, 49.1379354], [-122.8163649, 49.1390552]]]}, "properties": {"description": "I come here to jog every day during Covid-19", "leisure": "park", "name": "CHIMNEY HEIGTS PARK", "opening_hours": "24/7", "osm_id": 903622696, "osm_type": "way"}}, {"type": "Feature", "geometry": {"type": "Polygon", "coordinates": [[[-122.8187978, 49.1593126], [-122.818815, 49.1587864], [-122.8185371, 49.1587843], [-122.8181831, 49.1587816], [-122.818161, 49.1587815], [-122.8181757, 49.1588117], [-122.8181542, 49.1591699], [-122.8181347, 49.1591845], [-122.8181281, 49.1591886], [-122.8181309, 49.1592825], [-122.8181466, 49.1593021], [-122.8182002, 49.1593029], [-122.8187978, 49.1593126]]]}, "properties": {"addr:city": "Surrey", "addr:housenumber": "14584", "addr:province": "BC", "addr:street": "86A Avenue", "leisure": "park", "name": "43B - Greenbelt", "osm_id": 912228536, "osm_type": "way"}}, {"type": "Feature", "geometry": {"type": "Polygon", "coordinates": [[[-122.8125438, 49.1615049], [-122.8125417, 49.1613954], [-122.8151381, 49.1614249], [-122.8151885, 49.1614782], [-122.8152175, 49.1615315], [-122.8125438, 49.1615049]]]}, "properties": {"addr:city": "Surrey", "addr:housenumber": "8727", "addr:postcode": "V3S 3G6", "addr:province": "BC", "addr:street": "148 Street", "leisure": "park", "name": "43H - Greenbelt", "osm_id": 912228541, "osm_type": "way"}}, {"type": "Feature", "geometry": {"type": "Polygon", "coordinates": [[[-122.8087112, 49.1627149], [-122.8078496, 49.1627145], [-122.8079776, 49.1626449], [-122.807965, 49.1626126], [-122.8079652, 49.1625816], [-122.8079815, 49.1625513], [-122.8080064, 49.1625239], [-122.8080855, 49.1625859], [-122.8092341, 49.1619565], [-122.8092339, 49.1617901], [-122.8098034, 49.1616468], [-122.8098009, 49.1615192], [-122.8097997, 49.161461], [-122.8097983, 49.1613892], [-122.8099044, 49.1613593], [-122.8100155, 49.1614089], [-122.8102176, 49.1614998], [-122.8103262, 49.1614227], [-122.8105007, 49.1612951], [-122.810619, 49.1610814], [-122.8106946, 49.1610768], [-122.8107532, 49.1610576], [-122.8108018, 49.1610202], [-122.8108216, 49.1609527], [-122.8112907, 49.1609539], [-122.811369, 49.1608164], [-122.8116968, 49.1605962], [-122.8117219, 49.1605299], [-122.8118531, 49.1605316], [-122.8119685, 49.1603872], [-122.8120206, 49.1602772], [-122.8122762, 49.1602374], [-122.8122746, 49.160527], [-122.8120251, 49.1605276], [-122.8120236, 49.1605988], [-122.8118326, 49.1606006], [-122.8116275, 49.1608268], [-122.8116499, 49.1608657], [-122.8115239, 49.1609381], [-122.8115575, 49.1609395], [-122.8115443, 49.1609557], [-122.8115439, 49.1609775], [-122.8115489, 49.1609973], [-122.8115603, 49.161017], [-122.8112238, 49.1611656], [-122.8109524, 49.1611823], [-122.8108315, 49.1614164], [-122.8122742, 49.1614278], [-122.8122703, 49.1614959], [-122.8108288, 49.1614833], [-122.8104361, 49.1614799], [-122.8100467, 49.1618477], [-122.8098401, 49.1618491], [-122.8098401, 49.1619855], [-122.8091902, 49.1622921], [-122.8087084, 49.1625957], [-122.8087112, 49.1627149]]]}, "properties": {"leisure": "park", "name": "43C - Greenbelt", "osm_id": 912531333, "osm_type": "way"}}, {"type": "Feature", "geometry": {"type": "Polygon", "coordinates": [[[-122.811871, 49.1595183], [-122.8118716, 49.1595089], [-122.8118694, 49.1592847], [-122.8122884, 49.159283], [-122.8122905, 49.1595075], [-122.8122906, 49.1595166], [-122.811871, 49.1595183]]]}, "properties": {"addr:city": "Surrey", "addr:housenumber": "8614", "addr:province": "BC", "addr:street": "148 Street", "leisure": "park", "name": "43L - Detention Pond", "osm_id": 912531340, "osm_type": "way"}}, {"type": "Feature", "geometry": {"type": "Polygon", "coordinates": [[[-122.803913, 49.1618634], [-122.8039165, 49.1615519], [-122.8036765, 49.1615511], [-122.8036465, 49.1615742], [-122.8036465, 49.1618282], [-122.8036969, 49.1618626], [-122.803913, 49.1618634]]]}, "properties": {"addr:city": "Surrey", "addr:housenumber": "15112", "addr:province": "BC", "addr:street": "87B Avenue", "leisure": "park", "name": "Evergreen Tot-Lot", "osm_id": 912653488, "osm_type": "way"}}, {"type": "Feature", "geometry": {"type": "Polygon", "coordinates": [[[-122.8068919, 49.1582405], [-122.8069547, 49.15824], [-122.8069427, 49.157587], [-122.8068797, 49.1575875], [-122.8068919, 49.1582405]]]}, "properties": {"leisure": "park", "name": "43N - Walkway", "osm_id": 912653514, "osm_type": "way"}}, {"type": "Feature", "geometry": {"type": "Polygon", "coordinates": [[[-122.8053428, 49.1582119], [-122.8055519, 49.1582126], [-122.8055606, 49.1569195], [-122.8053418, 49.1567616], [-122.8053428, 49.1582119]]]}, "properties": {"leisure": "park", "name": "43M - Greenbelt", "osm_id": 912653515, "osm_type": "way"}}, {"type": "Feature", "geometry": {"type": "Polygon", "coordinates": [[[-122.8000424, 49.1560516], [-122.800023, 49.1556468], [-122.8000081, 49.1556467], [-122.7991347, 49.1556419], [-122.7991487, 49.1560516], [-122.8000424, 49.1560516]]]}, "properties": {"addr:city": "Surrey", "addr:housenumber": "15265", "addr:province": "BC", "addr:street": "84 Avenue", "leisure": "park", "name": "44B - Detention Pond", "osm_id": 912900101, "osm_type": "way"}}, {"type": "Feature", "geometry": {"type": "Polygon", "coordinates": [[[-122.797292, 49.1582329], [-122.7972928, 49.1582117], [-122.797294, 49.1581753], [-122.7976793, 49.1582146], [-122.7980559, 49.1583044], [-122.7980507, 49.1583339], [-122.7980462, 49.1583591], [-122.7976621, 49.1584209], [-122.7976675, 49.1582707], [-122.797292, 49.1582329]]]}, "properties": {"addr:city": "Surrey", "addr:housenumber": "15333", "addr:province": "BC", "addr:street": "85A Avenue", "leisure": "park", "name": "44D - Walkway", "osm_id": 912900120, "osm_type": "way"}}, {"type": "Feature", "geometry": {"type": "Polygon", "coordinates": [[[-122.7683929, 49.1621957], [-122.7683924, 49.1620091], [-122.7679179, 49.1620095], [-122.7678949, 49.1620095], [-122.7678949, 49.1620253], [-122.7678952, 49.1621649], [-122.7678953, 49.1621962], [-122.7679448, 49.1621961], [-122.7683929, 49.1621957]]]}, "properties": {"addr:city": "Surrey", "addr:housenumber": "8767", "addr:postcode": "V4N 1C9", "addr:province": "BC", "addr:street": "164 Street", "leisure": "park", "name": "45P - Greenbelt", "osm_id": 913266859, "osm_type": "way"}}, {"type": "Feature", "geometry": {"type": "Polygon", "coordinates": [[[-122.8131542, 49.1459283], [-122.8130341, 49.145929], [-122.8129944, 49.1459494], [-122.8124944, 49.1459466], [-122.8125019, 49.1463634], [-122.8131771, 49.1463581], [-122.8142796, 49.1463494], [-122.8143021, 49.1463312], [-122.8142721, 49.1462975], [-122.8142721, 49.1462638], [-122.8142807, 49.146228], [-122.8142646, 49.1462013], [-122.8141562, 49.1463192], [-122.8137035, 49.1461831], [-122.8135629, 49.1463199], [-122.8132164, 49.1462266], [-122.8132239, 49.1460083], [-122.8131767, 49.1459746], [-122.8131656, 49.1459518], [-122.8131542, 49.1459283]]]}, "properties": {"leisure": "park", "name": "53H - Greenbelt", "osm_id": 919597961, "osm_type": "way"}}, {"type": "Feature", "geometry": {"type": "Polygon", "coordinates": [[[-122.7997728, 49.1518107], [-122.7998365, 49.1518115], [-122.7998461, 49.1514904], [-122.8000174, 49.1514009], [-122.8000453, 49.1512543], [-122.8000561, 49.1511329], [-122.8000432, 49.1511069], [-122.7999906, 49.1509918], [-122.8000003, 49.1509195], [-122.8000239, 49.1508037], [-122.8000807, 49.1507322], [-122.8001108, 49.1507013], [-122.8001902, 49.150549], [-122.8002535, 49.1504381], [-122.8003447, 49.1503329], [-122.8004734, 49.1502269], [-122.8005625, 49.1501729], [-122.80057, 49.1500915], [-122.7998706, 49.1500812], [-122.7998511, 49.1500809], [-122.7998222, 49.1500971], [-122.7997943, 49.1501666], [-122.7996537, 49.1502985], [-122.799628, 49.1504388], [-122.7995701, 49.1504985], [-122.7994756, 49.1505771], [-122.7994424, 49.1506901], [-122.7994327, 49.1508297], [-122.7994338, 49.150975], [-122.799452, 49.1510795], [-122.7995722, 49.1512297], [-122.7994982, 49.1513757], [-122.799378, 49.1513953], [-122.7995389, 49.1515062], [-122.7997785, 49.1515081], [-122.7997728, 49.1518107]]]}, "properties": {"leisure": "park", "name": "44A - Greenbelt", "osm_id": 931906362, "osm_type": "way"}}, {"type": "Feature", "geometry": {"type": "Polygon", "coordinates": [[[-122.7928254, 49.1508799], [-122.7928547, 49.150894], [-122.7932839, 49.1508996], [-122.7932826, 49.1509422], [-122.7928237, 49.1509363], [-122.7928254, 49.1508799]]]}, "properties": {"leisure": "park", "name": "44H - Walkway", "osm_id": 932242624, "osm_type": "way"}}, {"type": "Feature", "geometry": {"type": "Polygon", "coordinates": [[[-122.795215, 49.1445772], [-122.7952444, 49.1445774], [-122.7956059, 49.14458], [-122.7956023, 49.1441095], [-122.7956022, 49.1440657], [-122.795601, 49.1438877], [-122.7956004, 49.1437812], [-122.7956009, 49.1437085], [-122.7955988, 49.1431593], [-122.7952821, 49.1431582], [-122.7952817, 49.1433564], [-122.7952804, 49.1440651], [-122.795215, 49.1445772]]]}, "properties": {"leisure": "park", "name": "54D - Greenbelt", "osm_id": 932279026, "osm_type": "way"}}, {"type": "Feature", "geometry": {"type": "Polygon", "coordinates": [[[-122.7951875, 49.1429165], [-122.7952809, 49.1430562], [-122.7957637, 49.1430569], [-122.7959051, 49.1430576], [-122.796078, 49.1430737], [-122.7962415, 49.143106], [-122.796339, 49.1431327], [-122.7963793, 49.1431441], [-122.7964196, 49.1431583], [-122.7964329, 49.1431555], [-122.7964349, 49.1431471], [-122.7963968, 49.1431253], [-122.7963569, 49.1431032], [-122.796284, 49.1430667], [-122.796196, 49.1430295], [-122.7960887, 49.1429979], [-122.7959643, 49.1429649], [-122.7958398, 49.1429425], [-122.7956499, 49.1429193], [-122.7951875, 49.1429165]]]}, "properties": {"leisure": "park", "name": "54E - Greenbelt", "osm_id": 932651412, "osm_type": "way"}}, {"type": "Feature", "geometry": {"type": "Polygon", "coordinates": [[[-122.7955014, 49.1428257], [-122.795598, 49.1428277], [-122.7955922, 49.1421464], [-122.7952053, 49.1421394], [-122.7955078, 49.142364], [-122.7955014, 49.1428257]]]}, "properties": {"leisure": "park", "name": "54F - Greenbelt", "osm_id": 932651425, "osm_type": "way"}}, {"type": "Feature", "geometry": {"type": "Polygon", "coordinates": [[[-122.7902086, 49.1411987], [-122.790214, 49.1410442], [-122.7923632, 49.141054], [-122.7928936, 49.1410564], [-122.7929568, 49.1410567], [-122.7955845, 49.1410687], [-122.7955882, 49.1416663], [-122.7939363, 49.1416565], [-122.7934567, 49.1416536], [-122.7933424, 49.1413771], [-122.7929148, 49.1412454], [-122.792826, 49.1415354], [-122.7925954, 49.1415317], [-122.7926009, 49.1413761], [-122.7926073, 49.1412127], [-122.7902086, 49.1411987]]]}, "properties": {"leisure": "park", "name": "54A - Greenbelt", "osm_id": 932676475, "osm_type": "way"}}, {"type": "Feature", "geometry": {"type": "Polygon", "coordinates": [[[-122.7898845, 49.1430899], [-122.7898848, 49.1430294], [-122.7878893, 49.1430255], [-122.787889, 49.1430858], [-122.7898845, 49.1430899]]]}, "properties": {"leisure": "park", "name": "54B - Greenbelt", "osm_id": 933767577, "osm_type": "way"}}, {"type": "Feature", "geometry": {"type": "LineString", "coordinates": [[-122.7659019, 49.1542185], [-122.7658851, 49.1525466], [-122.7658844, 49.1524793], [-122.7635244, 49.1515957], [-122.7635324, 49.1517005], [-122.7634721, 49.1516993], [-122.762516, 49.1516796], [-122.7625048, 49.1526927], [-122.7620048, 49.1526941], [-122.7619919, 49.1526927], [-122.7620102, 49.1527355], [-122.7620059, 49.152798], [-122.7619865, 49.1528331], [-122.7619565, 49.1528738], [-122.7619104, 49.1528976], [-122.7618471, 49.1529131], [-122.7617773, 49.1529187], [-122.7617226, 49.152912], [-122.7617313, 49.1533741], [-122.7617341, 49.1541663], [-122.7617348, 49.1542395], [-122.7639789, 49.1542282], [-122.7644466, 49.1542259], [-122.7646806, 49.1542247], [-122.7649251, 49.1542235], [-122.7659019, 49.1542185]]}, "properties": {"leisure": "sports_centre", "osm_id": 935559083, "osm_type": "way"}}, {"type": "Feature", "geometry": {"type": "Polygon", "coordinates": [[[-122.7787107, 49.1462363], [-122.7787107, 49.1463373], [-122.7761219, 49.1463294], [-122.77608, 49.1463292], [-122.7733648, 49.1463247], [-122.7733629, 49.1462239], [-122.7745973, 49.1462222], [-122.7760747, 49.1462273], [-122.7761144, 49.1462274], [-122.7787107, 49.1462363]]]}, "properties": {"leisure": "park", "name": "55A - Utility ROW", "osm_id": 936187147, "osm_type": "way"}}, {"type": "Feature", "geometry": {"type": "Polygon", "coordinates": [[[-122.7759445, 49.1433534], [-122.7757744, 49.1433542], [-122.7757229, 49.1433499], [-122.775592, 49.1431913], [-122.7755791, 49.1427786], [-122.7761585, 49.1427772], [-122.7761606, 49.1427548], [-122.775772, 49.1427539], [-122.7757656, 49.1426577], [-122.7756956, 49.1425728], [-122.7757591, 49.1424079], [-122.7755717, 49.1421657], [-122.7747402, 49.1421671], [-122.774738, 49.1431519], [-122.7753112, 49.14315], [-122.7754429, 49.1433454], [-122.7752804, 49.1436225], [-122.7748865, 49.1437998], [-122.7750285, 49.1438401], [-122.775184, 49.1438689], [-122.7759277, 49.143878], [-122.7759445, 49.1433534]]]}, "properties": {"leisure": "park", "name": "55I - Greenbelt", "osm_id": 936187157, "osm_type": "way"}}, {"type": "Feature", "geometry": {"type": "Polygon", "coordinates": [[[-122.7749286, 49.1409827], [-122.7746633, 49.1409824], [-122.774625, 49.1409824], [-122.7746293, 49.1415849], [-122.7750831, 49.1415828], [-122.7751421, 49.1415624], [-122.7750563, 49.1414691], [-122.7750885, 49.141262], [-122.7749426, 49.1411736], [-122.7749286, 49.1409827]]]}, "properties": {"leisure": "park", "name": "55D - Greenbelt", "osm_id": 936439665, "osm_type": "way"}}, {"type": "Feature", "geometry": {"type": "Polygon", "coordinates": [[[-122.7714667, 49.1481319], [-122.7718379, 49.1481354], [-122.771839, 49.148129], [-122.7720074, 49.1481301], [-122.7720072, 49.1481219], [-122.7719999, 49.1478659], [-122.7720196, 49.1478079], [-122.7720659, 49.1476721], [-122.7720934, 49.1476119], [-122.7721614, 49.147463], [-122.7719693, 49.1470914], [-122.7721184, 49.1470916], [-122.7721217, 49.1468235], [-122.7720847, 49.1468138], [-122.7721007, 49.1462945], [-122.7730588, 49.146298], [-122.7730599, 49.1461962], [-122.7725374, 49.1461934], [-122.7725369, 49.1460587], [-122.7725363, 49.1459232], [-122.7726672, 49.1456986], [-122.7727166, 49.1455323], [-122.772899, 49.1455169], [-122.773, 49.1454484], [-122.7732058, 49.1454109], [-122.7732125, 49.1453914], [-122.7732164, 49.1445212], [-122.7732648, 49.1428311], [-122.7725245, 49.1428297], [-122.772237, 49.1429383], [-122.7725117, 49.1431355], [-122.7726211, 49.1431741], [-122.7726501, 49.1432921], [-122.7725567, 49.1434415], [-122.7725385, 49.1435567], [-122.7724902, 49.143617], [-122.772429, 49.1437651], [-122.7724451, 49.1439399], [-122.7725428, 49.1440718], [-122.7725739, 49.1442964], [-122.7725774, 49.144308], [-122.772634, 49.1444957], [-122.772635, 49.1445182], [-122.7725363, 49.1445196], [-122.772546, 49.145107], [-122.7722939, 49.145147], [-122.7721522, 49.1453611], [-122.7718465, 49.1454256], [-122.7718497, 49.144648], [-122.7717167, 49.1446466], [-122.7717392, 49.1446508], [-122.7717596, 49.1446592], [-122.7717741, 49.1446715], [-122.7717821, 49.1446866], [-122.7717682, 49.1458264], [-122.7714581, 49.1461948], [-122.770132, 49.1461948], [-122.7701352, 49.1462552], [-122.7713941, 49.1462558], [-122.7715384, 49.146644], [-122.7712477, 49.1472152], [-122.7712412, 49.1473184], [-122.7713056, 49.1473324], [-122.7713528, 49.1473549], [-122.7713721, 49.1473809], [-122.7713743, 49.147423], [-122.7713582, 49.1474693], [-122.7713292, 49.1474988], [-122.7713024, 49.1475184], [-122.771236, 49.1475433], [-122.7712922, 49.1478176], [-122.7714667, 49.1481319]]]}, "properties": {"leisure": "park", "name": "55C - Greenbelt", "osm_id": 936579894, "osm_type": "way"}}, {"type": "Feature", "geometry": {"type": "Polygon", "coordinates": [[[-122.7677493, 49.1423058], [-122.7677231, 49.1410141], [-122.7718496, 49.1409782], [-122.7718448, 49.1421117], [-122.7715862, 49.1417608], [-122.7712335, 49.1417578], [-122.771097, 49.1416699], [-122.7705447, 49.1416656], [-122.7703165, 49.141819], [-122.7701537, 49.1418267], [-122.7699582, 49.1417092], [-122.7694674, 49.1418315], [-122.769317, 49.1420958], [-122.7688982, 49.1423001], [-122.7689093, 49.1427191], [-122.7689866, 49.1428201], [-122.7688417, 49.1428657], [-122.7688245, 49.1423084], [-122.7685665, 49.1421749], [-122.7680317, 49.1421783], [-122.7678375, 49.1423064], [-122.7677493, 49.1423058]]]}, "properties": {"leisure": "park", "name": "55E - Greenbelt", "osm_id": 936609559, "osm_type": "way"}}, {"type": "Feature", "geometry": {"type": "Polygon", "coordinates": [[[-122.7601522, 49.1461698], [-122.7603457, 49.1461701], [-122.761208, 49.1461712], [-122.7612102, 49.146103], [-122.7606973, 49.146096], [-122.760648, 49.146023], [-122.7605428, 49.1459893], [-122.7605221, 49.1459572], [-122.7602682, 49.145564], [-122.7602698, 49.1453907], [-122.7602703, 49.1453338], [-122.760076, 49.1452831], [-122.7599635, 49.1452538], [-122.7597574, 49.145132], [-122.7596974, 49.1450966], [-122.7597232, 49.1449689], [-122.759721, 49.1449296], [-122.7596674, 49.1448987], [-122.7596738, 49.1447752], [-122.7597425, 49.1447008], [-122.7597446, 49.1446306], [-122.7596974, 49.1445871], [-122.7595515, 49.1445913], [-122.7595779, 49.1452895], [-122.7595815, 49.1453866], [-122.7597073, 49.145423], [-122.7598318, 49.1454735], [-122.7599509, 49.1455577], [-122.7600217, 49.1456125], [-122.7600528, 49.1456265], [-122.7601118, 49.1456827], [-122.760188, 49.1457528], [-122.7602083, 49.1458006], [-122.7602502, 49.1459164], [-122.760277, 49.1459634], [-122.7602716, 49.146089], [-122.7601522, 49.1461698]]]}, "properties": {"leisure": "park", "name": "55K - Greenbelt", "osm_id": 937478511, "osm_type": "way"}}, {"type": "Feature", "geometry": {"type": "Polygon", "coordinates": [[[-122.685069, 49.1482743], [-122.6852384, 49.1482753], [-122.6851888, 49.1518449], [-122.6851853, 49.1520976], [-122.6851838, 49.1522049], [-122.6851806, 49.15244], [-122.6851545, 49.1543111], [-122.6851438, 49.1550844], [-122.6851356, 49.1556711], [-122.684964, 49.15567], [-122.6849832, 49.1543139], [-122.6850117, 49.1523088], [-122.6850182, 49.1518484], [-122.685069, 49.1482743]]]}, "properties": {"leisure": "park", "name": "49A - Greenbelt", "osm_id": 942017934, "osm_type": "way"}}, {"type": "Feature", "geometry": {"type": "Polygon", "coordinates": [[[-122.7126197, 49.1378664], [-122.7126475, 49.1378665], [-122.7180832, 49.137897], [-122.7180488, 49.1405178], [-122.7146423, 49.1404985], [-122.7146532, 49.1396762], [-122.7133177, 49.1396686], [-122.7133272, 49.1389494], [-122.7126056, 49.1389453], [-122.7126197, 49.1378664]]]}, "properties": {"leisure": "park", "name": "57C - Greenbelt", "osm_id": 947159626, "osm_type": "way"}}, {"type": "Feature", "geometry": {"type": "Polygon", "coordinates": [[[-122.7160396, 49.1352202], [-122.7167294, 49.1352186], [-122.7166951, 49.1361171], [-122.7160375, 49.1360827], [-122.7160396, 49.1352202]]]}, "properties": {"leisure": "park", "name": "57B - Neighbourhood Park", "osm_id": 947605693, "osm_type": "way"}}, {"type": "Feature", "geometry": {"type": "Polygon", "coordinates": [[[-122.6967234, 49.1408871], [-122.6944446, 49.1409498], [-122.6944506, 49.1416425], [-122.6937991, 49.1416601], [-122.6938062, 49.1426351], [-122.6952599, 49.1425975], [-122.6952783, 49.1441573], [-122.7014387, 49.1440772], [-122.701423, 49.1425464], [-122.7014219, 49.1424381], [-122.700572, 49.1424646], [-122.6973594, 49.1425433], [-122.6972543, 49.1425459], [-122.6968981, 49.1425551], [-122.6967434, 49.1425591], [-122.6967234, 49.1408871]]]}, "properties": {"leisure": "park", "name": "58A - Neighbourhood Park", "osm_id": 949228761, "osm_type": "way"}}, {"type": "Feature", "geometry": {"type": "Polygon", "coordinates": [[[-122.7099797, 49.1373722], [-122.7107908, 49.1375407], [-122.7123085, 49.1375176], [-122.7123163, 49.1370528], [-122.7099196, 49.1370845], [-122.7099689, 49.1371406], [-122.7099797, 49.1373722]]]}, "properties": {"leisure": "park", "name": "58C - Neighbourhood Park", "osm_id": 950213737, "osm_type": "way"}}, {"type": "Feature", "geometry": {"type": "Polygon", "coordinates": [[[-122.7043422, 49.1406018], [-122.7051246, 49.1405871], [-122.7051158, 49.1388831], [-122.7043329, 49.1388991], [-122.7043422, 49.1406018]]]}, "properties": {"leisure": "park", "name": "58D - Neighbourhood Park", "osm_id": 950213757, "osm_type": "way"}}, {"type": "Feature", "geometry": {"type": "Polygon", "coordinates": [[[-122.7053559, 49.1371882], [-122.705422, 49.1371891], [-122.705423, 49.1387789], [-122.7052272, 49.1387794], [-122.7053592, 49.138692], [-122.7053559, 49.1371882]]]}, "properties": {"leisure": "park", "name": "58E - Greenbelt", "osm_id": 951358498, "osm_type": "way"}}, {"type": "Feature", "geometry": {"type": "Polygon", "coordinates": [[[-122.6908403, 49.1209967], [-122.690806, 49.1209967], [-122.6900617, 49.12099], [-122.6881881, 49.1209731], [-122.6881595, 49.1199013], [-122.6881624, 49.1197093], [-122.6880644, 49.119689], [-122.6879588, 49.1196511], [-122.6878834, 49.1196396], [-122.687792, 49.119643], [-122.687596, 49.119678], [-122.687168, 49.1196663], [-122.6870681, 49.1196298], [-122.6869958, 49.1196228], [-122.6868221, 49.119545], [-122.68678, 49.1195129], [-122.6867503, 49.1194934], [-122.6867217, 49.119486], [-122.6864065, 49.1194822], [-122.6862426, 49.1194087], [-122.6861594, 49.1193877], [-122.6861058, 49.1193795], [-122.6860549, 49.1193832], [-122.6860037, 49.1193784], [-122.6859599, 49.1193715], [-122.6859265, 49.1193602], [-122.6858372, 49.1192711], [-122.6858373, 49.1192642], [-122.6858383, 49.1191941], [-122.6855909, 49.1191951], [-122.6855625, 49.1191983], [-122.6855374, 49.1192056], [-122.6855161, 49.1192165], [-122.685499, 49.1192303], [-122.6854842, 49.1192508], [-122.6854774, 49.1192755], [-122.6854763, 49.1196375], [-122.685476, 49.1198484], [-122.6854734, 49.1200771], [-122.6854686, 49.1204364], [-122.6854595, 49.1207683], [-122.6854563, 49.1208825], [-122.6854547, 49.1209785], [-122.6854545, 49.1209883], [-122.6854524, 49.121], [-122.6854456, 49.1210094], [-122.6854285, 49.1210278], [-122.6854213, 49.1210376], [-122.6854175, 49.1210483], [-122.6854171, 49.121079], [-122.6854184, 49.1210875], [-122.6854212, 49.1210968], [-122.6854417, 49.1211157], [-122.6854513, 49.1211255], [-122.6854521, 49.1211383], [-122.685451, 49.121243], [-122.6854814, 49.1212429], [-122.6856324, 49.1212426], [-122.686324, 49.1212426], [-122.6870842, 49.1213594], [-122.6875005, 49.1214239], [-122.6875005, 49.1214534], [-122.687533, 49.1214954], [-122.6885658, 49.1214954], [-122.6885669, 49.121518], [-122.6886152, 49.1215187], [-122.6886029, 49.1221681], [-122.6886281, 49.1221684], [-122.6887589, 49.1221696], [-122.6887987, 49.12217], [-122.6888189, 49.1215893], [-122.6888223, 49.1214903], [-122.688829, 49.1210629], [-122.6903505, 49.1210674], [-122.6908355, 49.1213826], [-122.6908403, 49.1209967]]]}, "properties": {"leisure": "park", "name": "69B Neighbourhood Park", "osm_id": 962398580, "osm_type": "way"}}, {"type": "Feature", "geometry": {"type": "Polygon", "coordinates": [[[-122.8343232, 49.0541739], [-122.8339678, 49.054103], [-122.8336557, 49.0541047], [-122.8336281, 49.0539147], [-122.8343264, 49.0539087], [-122.8343232, 49.0541739]]]}, "properties": {"addr:city": "Surrey", "addr:housenumber": "2860", "addr:province": "BC", "addr:street": "140 Street", "leisure": "park", "name": "Spirit Garden", "operator": "Built and maintained on City Property by the community.", "osm_id": 970192095, "osm_type": "way"}}, {"type": "Feature", "geometry": {"type": "LineString", "coordinates": [[-122.7974342, 49.180802], [-122.7974336, 49.1810861], [-122.7974554, 49.1810859], [-122.7974616, 49.1813861], [-122.7966803, 49.1813929], [-122.7966741, 49.1810927], [-122.7969713, 49.1810901], [-122.7969661, 49.1808054], [-122.7974342, 49.180802]]}, "properties": {"barrier": "fence", "leisure": "sports_centre", "sport": "tennis;basketball", "osm_id": 1061582312, "osm_type": "way"}}, {"type": "Feature", "geometry": {"type": "LineString", "coordinates": [[-122.7881465, 49.0620487], [-122.7877393, 49.061922], [-122.7875351, 49.0622037], [-122.7879423, 49.0623304], [-122.7881465, 49.0620487]]}, "properties": {"barrier": "fence", "leisure": "sports_centre", "osm_id": 1078062849, "osm_type": "way"}}, {"type": "Feature", "geometry": {"type": "LineString", "coordinates": [[-122.8190468, 49.041585], [-122.8185004, 49.0413891], [-122.8180556, 49.041922], [-122.8186021, 49.042118], [-122.8190468, 49.041585]]}, "properties": {"email": "surreypickleballclub@gmail.com", "leisure": "sports_centre", "name": "Surrey Pickleball Club", "sport": "pickleball", "website": "https://www.surreypickleball.com/", "osm_id": 1078076488, "osm_type": "way"}}, {"type": "Feature", "geometry": {"type": "LineString", "coordinates": [[-122.7898613, 49.1463999], [-122.7898606, 49.1461377], [-122.7893618, 49.1461382], [-122.7893625, 49.1464005], [-122.7898613, 49.1463999]]}, "properties": {"barrier": "fence", "leisure": "sports_centre", "osm_id": 1078306505, "osm_type": "way"}}, {"type": "Feature", "geometry": {"type": "LineString", "coordinates": [[-122.6873415, 49.1612835], [-122.6873369, 49.1611164], [-122.6868693, 49.1611154], [-122.6867975, 49.1610985], [-122.6866479, 49.1610992], [-122.6866502, 49.1613009], [-122.6867997, 49.1613002], [-122.6868515, 49.1612888], [-122.6873415, 49.1612835]]}, "properties": {"addr:housenumber": "19340", "addr:street": "88 Avenue", "leisure": "sports_centre", "name": "Port Kells Outdoor Pool", "phone": "+1-604-888-8650", "sport": "swimming", "website": "https://www.surrey.ca/parks-recreation/recreation-facilities/port-kells-outdoor-pool", "osm_id": 1078311578, "osm_type": "way"}}, {"type": "Feature", "geometry": {"type": "LineString", "coordinates": [[-122.8160679, 49.1897604], [-122.8160257, 49.1897842], [-122.8150525, 49.1897876], [-122.8150521, 49.1897432], [-122.8150102, 49.1897433], [-122.8150093, 49.1896174], [-122.815049, 49.1896173], [-122.8150442, 49.1889859], [-122.8150076, 49.188986], [-122.8150066, 49.1888601], [-122.8150447, 49.18886], [-122.8150442, 49.1888006], [-122.8160115, 49.1887972], [-122.8160585, 49.1888257], [-122.8160679, 49.1897604]]}, "properties": {"barrier": "fence", "leisure": "sports_centre", "name": "Hjorth Road Park Turf #1", "sport": "soccer", "osm_id": 1079633860, "osm_type": "way"}}, {"type": "Feature", "geometry": {"type": "LineString", "coordinates": [[-122.8172925, 49.1887882], [-122.8172618, 49.1887679], [-122.8169911, 49.1887691], [-122.8169914, 49.1887968], [-122.8165735, 49.1887986], [-122.8165732, 49.188771], [-122.8163027, 49.1887722], [-122.8162645, 49.1887961], [-122.8162747, 49.1897599], [-122.8163264, 49.1897861], [-122.8170028, 49.1897849], [-122.8170029, 49.1898077], [-122.8172694, 49.1898072], [-122.817294, 49.1897806], [-122.8172925, 49.1887882]]}, "properties": {"barrier": "fence", "leisure": "sports_centre", "name": "Hjorth Road Park Turf #2", "sport": "soccer;field_hockey", "osm_id": 1079633862, "osm_type": "way"}}, {"type": "Feature", "geometry": {"type": "LineString", "coordinates": [[-122.7536844, 49.1182297], [-122.7536496, 49.118246], [-122.7527261, 49.1182426], [-122.7527011, 49.1182242], [-122.7527022, 49.1181511], [-122.7526497, 49.1181508], [-122.7526516, 49.1180232], [-122.7526863, 49.1180234], [-122.7526873, 49.1179566], [-122.7526624, 49.1179564], [-122.7526647, 49.1177943], [-122.7526973, 49.1177889], [-122.7526975, 49.1175439], [-122.7526701, 49.1175439], [-122.7526703, 49.1173442], [-122.7527064, 49.1173442], [-122.7527064, 49.1172697], [-122.7527367, 49.1172534], [-122.7536806, 49.1172593], [-122.7537026, 49.1172767], [-122.7536918, 49.1178694], [-122.7537231, 49.1178696], [-122.753721, 49.1179823], [-122.7536891, 49.117982], [-122.7536844, 49.1182297]]}, "properties": {"barrier": "fence", "leisure": "sports_centre", "name": "Field #3", "osm_id": 1079881425, "osm_type": "way"}}, {"type": "Feature", "geometry": {"type": "LineString", "coordinates": [[-122.7557399, 49.1186875], [-122.7556826, 49.1187234], [-122.7547815, 49.1187204], [-122.7547288, 49.1186867], [-122.7547322, 49.1185923], [-122.7546922, 49.1185593], [-122.7546899, 49.1178923], [-122.7547219, 49.1178593], [-122.7547357, 49.1174891], [-122.7547849, 49.1174576], [-122.7556987, 49.1174614], [-122.7557456, 49.1174883], [-122.7557399, 49.1186875]]}, "properties": {"barrier": "fence", "leisure": "sports_centre", "name": "Field #2", "osm_id": 1079881457, "osm_type": "way"}}, {"type": "Feature", "geometry": {"type": "LineString", "coordinates": [[-122.7557718, 49.1174326], [-122.7548008, 49.1174282], [-122.7548014, 49.1173634], [-122.7547519, 49.1173632], [-122.7547535, 49.1172119], [-122.754806, 49.1172121], [-122.7548094, 49.1168717], [-122.7547889, 49.1168716], [-122.7547899, 49.1167651], [-122.7548123, 49.1167652], [-122.7548177, 49.1162173], [-122.7557814, 49.1162215], [-122.755781, 49.116266], [-122.7558158, 49.1162662], [-122.7558139, 49.1164537], [-122.7557823, 49.1164536], [-122.7557718, 49.1174326]]}, "properties": {"barrier": "fence", "leisure": "sports_centre", "name": "Field #1", "osm_id": 1079881464, "osm_type": "way"}}, {"type": "Feature", "geometry": {"type": "LineString", "coordinates": [[-122.7267552, 49.1120538], [-122.7264967, 49.112055], [-122.7264944, 49.1117469], [-122.7264696, 49.1117162], [-122.7264709, 49.1116027], [-122.7267757, 49.1116023], [-122.7267791, 49.1117176], [-122.7267531, 49.1117422], [-122.7267552, 49.1120538]]}, "properties": {"addr:city": "Surrey", "addr:housenumber": "17901", "addr:street": "60 Avenue", "barrier": "fence", "leisure": "sports_centre", "name": "Greenaway Outdoor Pool", "phone": "+1-604-502-6257", "sport": "swimming", "surrey:addrid": "43203", "surrey:date": "19860806", "osm_id": 1082729400, "osm_type": "way"}}, {"type": "Feature", "geometry": {"type": "LineString", "coordinates": [[-122.8504883, 49.1952708], [-122.8500801, 49.1952666], [-122.8500798, 49.1952787], [-122.849898, 49.1952771], [-122.8498982, 49.1952648], [-122.8489398, 49.1952579], [-122.8489508, 49.1946082], [-122.8491533, 49.1946096], [-122.8491529, 49.1946318], [-122.8493995, 49.1946337], [-122.8493998, 49.1946194], [-122.8495681, 49.1946208], [-122.8495678, 49.1946355], [-122.8498572, 49.194638], [-122.8498575, 49.1946256], [-122.8500157, 49.1946272], [-122.8500155, 49.1946368], [-122.8504653, 49.1946416], [-122.850453, 49.1951309], [-122.8504917, 49.1951313], [-122.8504883, 49.1952708]]}, "properties": {"leisure": "sports_centre", "sport": "soccer", "osm_id": 1083360334, "osm_type": "way"}}, {"type": "Feature", "geometry": {"type": "LineString", "coordinates": [[-122.8608235, 49.1924814], [-122.860671, 49.1924809], [-122.8606123, 49.1924641], [-122.8601407, 49.1924587], [-122.8601418, 49.192286], [-122.8606149, 49.1922904], [-122.8606726, 49.1922718], [-122.860825, 49.1922723], [-122.8608235, 49.1924814]]}, "properties": {"leisure": "sports_centre", "name": "Kwantlen Outdoor Pool", "phone": "+1-604-502-6252", "seasonal": "yes", "sport": "swimming", "website": "https://www.surrey.ca/parks-recreation/recreation-facilities/kwantlen-outdoor-pool", "osm_id": 1083360335, "osm_type": "way"}}, {"type": "Feature", "geometry": {"type": "Polygon", "coordinates": [[[-122.8027566, 49.1070825], [-122.8027494, 49.1071611], [-122.802972, 49.1076531], [-122.8032811, 49.1077976], [-122.803228, 49.107836], [-122.803173, 49.1078731], [-122.8031161, 49.1079091], [-122.8030573, 49.1079437], [-122.8029406, 49.1078404], [-122.8028408, 49.1076197], [-122.8026127, 49.1071156], [-122.8025919, 49.1071082], [-122.8019583, 49.1072318], [-122.8019425, 49.107224], [-122.8019461, 49.1069243], [-122.8020516, 49.1069035], [-122.8021547, 49.1068782], [-122.8022549, 49.1068483], [-122.802352, 49.1068141], [-122.8024453, 49.1067756], [-122.8025345, 49.1067332], [-122.8026191, 49.1066868], [-122.8026669, 49.1067925], [-122.8027365, 49.1069462], [-122.8027165, 49.106994], [-122.8027566, 49.1070825]]]}, "properties": {"addr:city": "Surrey", "addr:housenumber": "15149", "addr:province": "BC", "addr:street": "Edmund Drive", "leisure": "park", "name": "Edmund Park", "old_name": "73N - Greenbelt", "operator": "City of Surrey", "operator:type": "government", "operator:wikidata": "Q390583", "osm_id": 1098127262, "osm_type": "way"}}, {"type": "Feature", "geometry": {"type": "LineString", "coordinates": [[-122.8387629, 49.1613225], [-122.838732, 49.1613111], [-122.8385067, 49.1610524], [-122.8387682, 49.1609594], [-122.8388567, 49.1608463], [-122.8390619, 49.1609085], [-122.8390518, 49.1609314], [-122.8391142, 49.1609506], [-122.8393208, 49.1611936], [-122.8392033, 49.1612347], [-122.8390271, 49.1610506], [-122.8390009, 49.1610587], [-122.8391048, 49.1611751], [-122.8390954, 49.1611997], [-122.8391703, 49.16129], [-122.8390503, 49.1613325], [-122.8390089, 49.1612825], [-122.8389774, 49.1612383], [-122.8387629, 49.1613225]]}, "properties": {"addr:housenumber": "13820", "addr:street": "88 Avenue", "leisure": "sports_centre", "name": "Bear Creek Outdoor Pool", "phone": "+1-604-501-5154", "seasonal": "yes", "sport": "swimming", "osm_id": 1121930299, "osm_type": "way"}}, {"type": "Feature", "geometry": {"type": "LineString", "coordinates": [[-122.8119266, 49.1960075], [-122.8116901, 49.1960036], [-122.811678, 49.1963166], [-122.8116649, 49.1963164], [-122.8116635, 49.1963532], [-122.8116612, 49.1964111], [-122.8116989, 49.1964117], [-122.811781, 49.1964131], [-122.8118719, 49.1964147], [-122.8119107, 49.1964153], [-122.8119128, 49.1963611], [-122.8119144, 49.1963212], [-122.8119266, 49.1960075]]}, "properties": {"addr:housenumber": "10662", "addr:street": "148 Street", "leisure": "sports_centre", "name": "Holly Outdoor Pool", "phone": "+1-604-502-6251", "sport": "swimming", "website": "https://www.surrey.ca/parks-recreation/recreation-facilities/holly-outdoor-pool", "osm_id": 1122535888, "osm_type": "way"}}, {"type": "Feature", "geometry": {"type": "Polygon", "coordinates": [[[-122.7511421, 49.1510144], [-122.7511376, 49.151231], [-122.7506933, 49.1512471], [-122.7502946, 49.1512299], [-122.7501424, 49.1511677], [-122.7497354, 49.1511739], [-122.7497411, 49.1509349], [-122.7503439, 49.1509613], [-122.7506341, 49.1510128], [-122.7511421, 49.1510144]]]}, "properties": {"addr:city": "Surrey", "addr:housenumber": "8157", "addr:province": "BC", "addr:street": "170A Street", "leisure": "park", "name": "46H - Neighbourhood Park", "osm_id": 1123018135, "osm_type": "way"}}, {"type": "Feature", "geometry": {"type": "Polygon", "coordinates": [[[-122.7612377, 49.0339846], [-122.7612409, 49.0335539], [-122.7601245, 49.0335476], [-122.7601277, 49.0340411], [-122.7607624, 49.0340369], [-122.7612377, 49.0339846]]]}, "properties": {"addr:housenumber": "1765", "addr:street": "167 Street", "description": "Neighbourhood park with an open grassy field, children's playground and walking paths. Temporary amenities serve the growing community while the park is expanded in future.", "leisure": "park", "name": "125G - Neighbourhood Park", "operator": "City of Surrey", "operator:type": "government", "operator:wikidata": "Q390583", "website": "https://www.surrey.ca/parks-recreation/parks/125g-neighbourhood-park", "osm_id": 1159085966, "osm_type": "way"}}, {"type": "Feature", "geometry": {"type": "Polygon", "coordinates": [[[-122.798401, 49.1141828], [-122.798007, 49.1144376], [-122.798005, 49.1141838], [-122.798401, 49.1141828]]]}, "properties": {"leisure": "park", "name": "74L - Greenbelt", "osm_id": 1162618097, "osm_type": "way"}}, {"type": "Feature", "geometry": {"type": "Polygon", "coordinates": [[[-122.798005, 49.1141838], [-122.798004, 49.1138558], [-122.7975, 49.1141393], [-122.797483, 49.1141249], [-122.797467, 49.1141104], [-122.797451, 49.1140957], [-122.797921, 49.113831], [-122.797921, 49.1137717], [-122.797918, 49.1132824], [-122.797916, 49.1128236], [-122.797497, 49.1129646], [-122.797491, 49.1129567], [-122.797484, 49.112949], [-122.797476, 49.1129417], [-122.797915, 49.112718], [-122.797914, 49.1125944], [-122.797997, 49.1125942], [-122.799467, 49.1125891], [-122.799506, 49.1127539], [-122.799899, 49.1129184], [-122.799891, 49.1129273], [-122.799885, 49.1129367], [-122.79988, 49.1129464], [-122.799876, 49.1129564], [-122.799873, 49.1129665], [-122.799872, 49.1129768], [-122.799872, 49.112987], [-122.79946, 49.1128911], [-122.799291, 49.1128548], [-122.798902, 49.1127708], [-122.798486, 49.1127723], [-122.798197, 49.1129051], [-122.798198, 49.1131306], [-122.798199, 49.1131781], [-122.7982, 49.1133882], [-122.7982, 49.1135064], [-122.798202, 49.1138156], [-122.798203, 49.1140617], [-122.798313, 49.1141332], [-122.798478, 49.1141326], [-122.798401, 49.1141828], [-122.798005, 49.1141838]]]}, "properties": {"leisure": "park", "name": "74A - Greenbelt", "osm_id": 1162618098, "osm_type": "way"}}, {"type": "Feature", "geometry": {"type": "Polygon", "coordinates": [[[-122.6804475, 49.0457909], [-122.6804473, 49.0458074], [-122.6804162, 49.0492217], [-122.6804663, 49.052789], [-122.6804668, 49.0528223], [-122.6809783, 49.0528282], [-122.6827804, 49.0528324], [-122.6827971, 49.0528311], [-122.6828074, 49.0528299], [-122.6828217, 49.0528279], [-122.6828411, 49.0528238], [-122.6828691, 49.0528124], [-122.6828969, 49.0527972], [-122.682915, 49.0527818], [-122.6829238, 49.0527653], [-122.6829266, 49.0527504], [-122.6829281, 49.0527331], [-122.6829297, 49.0526834], [-122.6829287, 49.0526743], [-122.6829229, 49.0526682], [-122.6829102, 49.0526599], [-122.682902, 49.0526522], [-122.6829004, 49.0526436], [-122.6829019, 49.0523728], [-122.681967, 49.0523671], [-122.6813826, 49.0522223], [-122.6813919, 49.0494149], [-122.6815617, 49.0491839], [-122.6815766, 49.0476882], [-122.6813692, 49.0476837], [-122.6813756, 49.0464023], [-122.681484, 49.0463971], [-122.6814775, 49.0457563], [-122.6805838, 49.0457565], [-122.6804475, 49.0457909]]]}, "properties": {"leisure": "park", "name": "Latimer Pond Park", "osm_id": 1189905795, "osm_type": "way"}}, {"type": "Feature", "geometry": {"type": "Polygon", "coordinates": [[[-122.6914327, 49.052749], [-122.6914266, 49.0527671], [-122.6914156, 49.0527812], [-122.6914011, 49.0527964], [-122.6913837, 49.0528097], [-122.6913612, 49.0528213], [-122.6913317, 49.0528288], [-122.6913001, 49.0528325], [-122.6912692, 49.0528344], [-122.6898246, 49.052819], [-122.6897456, 49.0528181], [-122.688361, 49.0528034], [-122.6882934, 49.0528027], [-122.6876025, 49.0528688], [-122.6859468, 49.0528684], [-122.6859091, 49.0528643], [-122.685835, 49.0528412], [-122.6857951, 49.0528356], [-122.6832217, 49.0528357], [-122.6831905, 49.0528334], [-122.6831747, 49.0528322], [-122.683161, 49.0528278], [-122.6831376, 49.0528203], [-122.6831093, 49.052803], [-122.6830885, 49.0527859], [-122.683077, 49.0527703], [-122.6830736, 49.0527608], [-122.6830706, 49.0527516], [-122.6830695, 49.0527342], [-122.6830695, 49.0527218], [-122.6830687, 49.0524263], [-122.6830806, 49.0523146], [-122.6831002, 49.0522414], [-122.6831289, 49.0521634], [-122.6831791, 49.0520751], [-122.6832353, 49.0519956], [-122.6833042, 49.0519161], [-122.6837696, 49.0514825], [-122.6838913, 49.051368], [-122.6839948, 49.0512511], [-122.6840783, 49.0511252], [-122.6841343, 49.0509909], [-122.6844899, 49.0498963], [-122.6845249, 49.0498154], [-122.6845671, 49.0497353], [-122.6846181, 49.0496557], [-122.6846854, 49.0495732], [-122.6849429, 49.0492914], [-122.6849528, 49.0492806], [-122.68497, 49.0492619], [-122.685388, 49.0488056], [-122.6854872, 49.0486871], [-122.6855754, 49.0485676], [-122.6856281, 49.0484656], [-122.6856723, 49.0483444], [-122.6857006, 49.0482222], [-122.685713, 49.0480764], [-122.6857232, 49.0458442], [-122.6857244, 49.0458344], [-122.6857267, 49.0458265], [-122.6857372, 49.0458075], [-122.6857437, 49.0458005], [-122.6857684, 49.0457808], [-122.6858006, 49.0457657], [-122.6858166, 49.045761], [-122.6858333, 49.0457558], [-122.6858436, 49.0457543], [-122.6858544, 49.0457527], [-122.6858733, 49.0457518], [-122.6863001, 49.0457522], [-122.6864423, 49.0457523], [-122.6869439, 49.0457527], [-122.686944, 49.0457699], [-122.6869441, 49.0457917], [-122.6869491, 49.0468473], [-122.6869521, 49.0474827], [-122.686953, 49.0476811], [-122.6869544, 49.0479681], [-122.686957, 49.0485276], [-122.6874197, 49.0486235], [-122.6889807, 49.0486214], [-122.6912201, 49.0486183], [-122.6913971, 49.0486181], [-122.6914181, 49.0519246], [-122.6914327, 49.052749]]]}, "properties": {"leisure": "park", "name": "Latimer Pond Park", "website": "https://www.surrey.ca/parks-recreation/parks/latimer-park", "osm_id": 1201741805, "osm_type": "way"}}, {"type": "Feature", "geometry": {"type": "Polygon", "coordinates": [[[-122.8097103, 49.1685492], [-122.8101271, 49.1687099], [-122.8101643, 49.1686686], [-122.8097475, 49.1685079], [-122.8097103, 49.1685492]]]}, "properties": {"addr:city": "Surrey", "addr:housenumber": "9123", "addr:postcode": "V3R 3Z5", "addr:province": "BC", "addr:street": "149 Street", "leisure": "park", "name": "33N - Greenbelt", "source": "City of Surrey 2010 GIS Data", "surrey:addrid": "75457", "surrey:date": "19850801", "osm_id": 1237855098, "osm_type": "way"}}, {"type": "Feature", "geometry": {"type": "Polygon", "coordinates": [[[-122.7865941, 49.158479], [-122.7877318, 49.1589068], [-122.7875517, 49.1591117], [-122.7864139, 49.158684], [-122.7865941, 49.158479]]]}, "properties": {"addr:city": "Surrey", "addr:housenumber": "15788", "addr:province": "BC", "addr:street": "85 Avenue", "leisure": "park", "name": "44I - Greenbelt", "osm_id": 1237855149, "osm_type": "way"}}, {"type": "Feature", "geometry": {"type": "Polygon", "coordinates": [[[-122.6869446, 49.0456291], [-122.6865168, 49.0456151], [-122.6862201, 49.0455988], [-122.6859961, 49.0455891], [-122.6860202, 49.0418855], [-122.6861594, 49.0419831], [-122.6862908, 49.0420651], [-122.6863723, 49.0420825], [-122.6869134, 49.0420787], [-122.6869136, 49.0420965], [-122.6869137, 49.0421105], [-122.6869138, 49.0421227], [-122.6869141, 49.0421556], [-122.6869146, 49.0422165], [-122.6869165, 49.0424335], [-122.6869288, 49.043832], [-122.6869446, 49.0456291]]]}, "properties": {"leisure": "park", "name": "129A - Greenbelt", "osm_id": 1249278476, "osm_type": "way"}}, {"type": "Feature", "geometry": {"type": "Polygon", "coordinates": [[[-122.6869814, 49.0419687], [-122.6863935, 49.0419689], [-122.6862853, 49.0419329], [-122.6862185, 49.0418943], [-122.686133, 49.0418464], [-122.6860377, 49.0417847], [-122.6860274, 49.0392905], [-122.6860277, 49.0389492], [-122.6860239, 49.0384328], [-122.6912304, 49.0383839], [-122.6913061, 49.0383832], [-122.6913104, 49.0389231], [-122.6911366, 49.0389232], [-122.6884091, 49.0389239], [-122.6870066, 49.0389243], [-122.6870069, 49.0390046], [-122.6870087, 49.0394532], [-122.6870094, 49.0396473], [-122.6870101, 49.0398252], [-122.6870109, 49.0400191], [-122.6870117, 49.0402236], [-122.6870121, 49.0403308], [-122.687017, 49.0415744], [-122.6870183, 49.0419049], [-122.6869814, 49.0419687]]]}, "properties": {"leisure": "park", "name": "129B - Greembelt", "osm_id": 1249278477, "osm_type": "way"}}, {"type": "Feature", "geometry": {"type": "Polygon", "coordinates": [[[-122.7693007, 49.1918173], [-122.7689339, 49.192289], [-122.7689443, 49.1922643], [-122.7689447, 49.1922423], [-122.7689407, 49.1922172], [-122.7689286, 49.192196], [-122.768917, 49.1921842], [-122.7692161, 49.1918159], [-122.768171, 49.1918101], [-122.768172, 49.1917259], [-122.7681766, 49.1915509], [-122.7695248, 49.1915459], [-122.7702396, 49.1915432], [-122.7702472, 49.1918162], [-122.7693007, 49.1918173]]]}, "properties": {"addr:housenumber": "16341", "addr:street": "104 Avenue", "leisure": "park", "name": "15-H - Greenbelt", "operator": "City of Surrey", "operator:type": "government", "operator:wikidata": "Q390583", "osm_id": 1290572402, "osm_type": "way"}}, {"type": "Feature", "geometry": {"type": "Polygon", "coordinates": [[[-122.8340329, 49.1787783], [-122.8340013, 49.1788199], [-122.8339831, 49.1788439], [-122.833335, 49.1790757], [-122.8329464, 49.1791941], [-122.8324921, 49.1793586], [-122.8315155, 49.1797352], [-122.8314643, 49.1797989], [-122.8314536, 49.1798121], [-122.8290975, 49.1789204], [-122.8290731, 49.1789094], [-122.8290462, 49.1788938], [-122.8289118, 49.1788181], [-122.8288991, 49.1788115], [-122.8287068, 49.1787325], [-122.8286779, 49.1787221], [-122.8284227, 49.1786465], [-122.8283951, 49.1786371], [-122.8283436, 49.1786176], [-122.8257899, 49.1775256], [-122.8252817, 49.1773147], [-122.8252117, 49.1772848], [-122.8251816, 49.1772681], [-122.8251546, 49.177245], [-122.8251297, 49.177212], [-122.8251157, 49.1771806], [-122.8251133, 49.177157], [-122.8251189, 49.1771355], [-122.8251308, 49.1771217], [-122.8251457, 49.177106], [-122.8251821, 49.1770941], [-122.8252191, 49.1770906], [-122.8269777, 49.1770893], [-122.8272182, 49.1770822], [-122.8273866, 49.1770672], [-122.8275308, 49.1770501], [-122.8276541, 49.1770263], [-122.8277936, 49.1769941], [-122.8279438, 49.176951], [-122.8280476, 49.1769122], [-122.8281392, 49.1768752], [-122.8282078, 49.1768444], [-122.8282823, 49.1768263], [-122.8283806, 49.1768127], [-122.8284546, 49.1768067], [-122.8286028, 49.176847], [-122.8288809, 49.176917], [-122.8340329, 49.1787783]]]}, "properties": {"addr:city": "Surrey", "addr:housenumber": "14600", "addr:province": "BC", "addr:street": "100 Avenue", "leisure": "park", "name": "Green Timbers Urban Forest", "opening_hours": "sunrise-sunset", "operator": "City of Surrey", "operator:type": "government", "operator:wikidata": "Q390583", "operator:wikipedia": "en:Surrey, British Columbia", "osm_id": 1299993597, "osm_type": "way"}}, {"type": "Feature", "geometry": {"type": "Polygon", "coordinates": [[[-122.8343015, 49.177069], [-122.8343352, 49.1770708], [-122.8343604, 49.1770775], [-122.8343838, 49.1770886], [-122.8344037, 49.1771046], [-122.8344182, 49.1771256], [-122.8344221, 49.1771456], [-122.8344102, 49.1779127], [-122.8344056, 49.1781078], [-122.8344014, 49.1781894], [-122.8343945, 49.1782787], [-122.8343838, 49.1783437], [-122.8343658, 49.1784265], [-122.8343447, 49.1785056], [-122.8343294, 49.1785549], [-122.8343172, 49.1785751], [-122.8342942, 49.1785929], [-122.8342671, 49.1786072], [-122.8342349, 49.1786179], [-122.8341894, 49.1786217], [-122.8341496, 49.1786184], [-122.8341105, 49.1786062], [-122.8314598, 49.1776271], [-122.8288307, 49.1766105], [-122.8288011, 49.1765952], [-122.8287825, 49.1765737], [-122.8287752, 49.1765478], [-122.8287778, 49.1765213], [-122.8287875, 49.1765018], [-122.82881, 49.1764805], [-122.8288403, 49.1764627], [-122.8288978, 49.1764366], [-122.829017, 49.1763867], [-122.8291712, 49.1763369], [-122.8293071, 49.176303], [-122.8294682, 49.1762741], [-122.8296616, 49.1762542], [-122.8298035, 49.1762479], [-122.829953, 49.1762513], [-122.8301088, 49.1762646], [-122.8302812, 49.17629], [-122.8304517, 49.176325], [-122.8306088, 49.1763682], [-122.8307906, 49.1764218], [-122.8310128, 49.1764935], [-122.8312544, 49.1765728], [-122.8317491, 49.1767396], [-122.8320152, 49.1768289], [-122.8322192, 49.1768923], [-122.8324176, 49.1769457], [-122.832614, 49.1769883], [-122.8327967, 49.1770185], [-122.8329877, 49.1770413], [-122.8331728, 49.1770554], [-122.8333828, 49.1770634], [-122.8342944, 49.177069], [-122.8343015, 49.177069]]]}, "properties": {"addr:city": "Surrey", "addr:housenumber": "14600", "addr:province": "BC", "addr:street": "100 Avenue", "leisure": "park", "name": "Green Timbers Urban Forest", "opening_hours": "sunrise-sunset", "operator": "City of Surrey", "operator:type": "government", "operator:wikidata": "Q390583", "operator:wikipedia": "en:Surrey, British Columbia", "osm_id": 1299993598, "osm_type": "way"}}, {"type": "Feature", "geometry": {"type": "Polygon", "coordinates": [[[-122.8141181, 49.1701494], [-122.8139226, 49.1701438], [-122.8138571, 49.1701375], [-122.8138185, 49.17013], [-122.8137878, 49.1701218], [-122.8137511, 49.1701351], [-122.8137029, 49.1701465], [-122.813654, 49.1701494], [-122.8127027, 49.1701481], [-122.8125589, 49.1701479], [-122.8124728, 49.1701915], [-122.8124408, 49.1702077], [-122.8124504, 49.1702295], [-122.8124671, 49.1702458], [-122.8124882, 49.1702593], [-122.812516, 49.170271], [-122.8134551, 49.1706173], [-122.8138463, 49.1707498], [-122.8141879, 49.1708779], [-122.8148755, 49.1711441], [-122.8154986, 49.1713868], [-122.816294, 49.1716944], [-122.8170879, 49.172002], [-122.8176933, 49.1722367], [-122.8183283, 49.172483], [-122.819014, 49.1727487], [-122.8199146, 49.1730987], [-122.8211143, 49.173564], [-122.8231464, 49.1743524], [-122.8231889, 49.1743676], [-122.8232347, 49.174378], [-122.8232625, 49.1743761], [-122.8232919, 49.1743669], [-122.8233185, 49.1743506], [-122.8233406, 49.1743265], [-122.823352, 49.1743021], [-122.8233559, 49.1742695], [-122.823365, 49.1738753], [-122.8233665, 49.1724449], [-122.8233735, 49.1702211], [-122.8233602, 49.1702025], [-122.8233341, 49.1701845], [-122.8233091, 49.1701761], [-122.8232737, 49.1701659], [-122.8232255, 49.1701607], [-122.8231581, 49.1701606], [-122.822684, 49.17016], [-122.821402, 49.1701585], [-122.8181883, 49.1701545], [-122.8141181, 49.1701494]]]}, "properties": {"addr:city": "Surrey", "addr:housenumber": "14600", "addr:province": "BC", "addr:street": "100 Avenue", "leisure": "park", "name": "Green Timbers Urban Forest", "opening_hours": "sunrise-sunset", "operator": "City of Surrey", "operator:type": "government", "operator:wikidata": "Q390583", "operator:wikipedia": "en:Surrey, British Columbia", "osm_id": 1300141465, "osm_type": "way"}}, {"type": "Feature", "geometry": {"type": "Polygon", "coordinates": [[[-122.8228816, 49.1841209], [-122.822924, 49.1841252], [-122.822962, 49.18414], [-122.8229967, 49.1841612], [-122.8230116, 49.184181], [-122.8230188, 49.1842044], [-122.8230204, 49.1844669], [-122.8230535, 49.184644], [-122.8230579, 49.1860125], [-122.8230485, 49.1860377], [-122.823027, 49.1860579], [-122.8230133, 49.1860676], [-122.8229819, 49.1860795], [-122.8229466, 49.1860834], [-122.822907, 49.1860845], [-122.8205582, 49.1860784], [-122.8204762, 49.1860831], [-122.820447, 49.1860921], [-122.8204293, 49.1861043], [-122.8204183, 49.1861288], [-122.8204123, 49.1861583], [-122.8203489, 49.1885808], [-122.8203368, 49.1885942], [-122.8177601, 49.1885928], [-122.8176301, 49.1885927], [-122.8176317, 49.1884653], [-122.8176421, 49.1876579], [-122.8176609, 49.1862055], [-122.8176532, 49.186163], [-122.8176361, 49.1861194], [-122.8176179, 49.1861072], [-122.81757, 49.1860949], [-122.8175133, 49.1860935], [-122.8122386, 49.1860809], [-122.8121813, 49.1860737], [-122.8121383, 49.1860582], [-122.8121108, 49.1860247], [-122.812108, 49.1859963], [-122.8121114, 49.1859265], [-122.8121196, 49.185916], [-122.8121383, 49.185902], [-122.8121461, 49.1858901], [-122.8121543, 49.1850311], [-122.8121334, 49.18503], [-122.8121378, 49.1849598], [-122.8121521, 49.1849141], [-122.8121797, 49.1848503], [-122.8121923, 49.1848154], [-122.8121967, 49.184765], [-122.8122009, 49.1843356], [-122.8122002, 49.1843205], [-122.812203, 49.1843064], [-122.8122169, 49.1842882], [-122.8122204, 49.1842836], [-122.8122358, 49.1842692], [-122.8122465, 49.1842592], [-122.8122551, 49.1842545], [-122.8122956, 49.1842383], [-122.8123344, 49.184234], [-122.8143505, 49.184208], [-122.815798, 49.184185], [-122.8184849, 49.1841414], [-122.8199639, 49.1841306], [-122.8216869, 49.1841242], [-122.8228816, 49.1841209]]]}, "properties": {"addr:city": "Surrey", "addr:housenumber": "14600", "addr:province": "BC", "addr:street": "100 Avenue", "leisure": "park", "name": "Green Timbers Urban Forest", "opening_hours": "sunrise-sunset", "operator": "City of Surrey", "operator:type": "government", "operator:wikidata": "Q390583", "operator:wikipedia": "en:Surrey, British Columbia", "osm_id": 1300655587, "osm_type": "way"}}, {"type": "Feature", "geometry": {"type": "Polygon", "coordinates": [[[-122.8271867, 49.1769014], [-122.8272872, 49.1768909], [-122.8274039, 49.1768729], [-122.8275085, 49.1768545], [-122.8276064, 49.1768326], [-122.8276983, 49.1768094], [-122.8277781, 49.1767835], [-122.8278559, 49.1767537], [-122.8279078, 49.1767245], [-122.8279323, 49.1766976], [-122.8279494, 49.1766597], [-122.8279591, 49.1766228], [-122.8279585, 49.1765897], [-122.8279524, 49.1765577], [-122.827933, 49.1765295], [-122.8279021, 49.1765019], [-122.8278522, 49.1764712], [-122.8277563, 49.1764234], [-122.8276379, 49.1763682], [-122.8274254, 49.1762724], [-122.8271793, 49.1761597], [-122.8270053, 49.1760801], [-122.8267354, 49.175969], [-122.8264873, 49.1758682], [-122.8262211, 49.1757696], [-122.8258301, 49.1756157], [-122.8254493, 49.1754789], [-122.8251428, 49.1753689], [-122.824951, 49.1753001], [-122.8247834, 49.1752396], [-122.8246614, 49.1751914], [-122.8245628, 49.175151], [-122.8244722, 49.1751092], [-122.8244089, 49.1750797], [-122.8243465, 49.1750474], [-122.824278, 49.1750118], [-122.824171, 49.174958], [-122.8240949, 49.174918], [-122.824019, 49.1748829], [-122.8239358, 49.1748477], [-122.8237159, 49.1747613], [-122.8231043, 49.1745241], [-122.8211128, 49.1737508], [-122.819258, 49.1730317], [-122.8177848, 49.1724615], [-122.815173, 49.171448], [-122.8140549, 49.171028], [-122.8138192, 49.1709471], [-122.8136884, 49.170903], [-122.8134698, 49.1708287], [-122.8134092, 49.1708123], [-122.81332, 49.170786], [-122.8131466, 49.1707316], [-122.8129317, 49.170659], [-122.8127289, 49.1705613], [-122.81269, 49.1705472], [-122.8126504, 49.1705415], [-122.8126052, 49.1705437], [-122.8125559, 49.1705492], [-122.812514, 49.1705595], [-122.8124649, 49.1705906], [-122.8124429, 49.1706159], [-122.8124258, 49.1706454], [-122.8124198, 49.1706768], [-122.8124194, 49.1707081], [-122.8123678, 49.1722697], [-122.8123618, 49.1731649], [-122.8123455, 49.1742437], [-122.8123738, 49.1753066], [-122.812376, 49.1753883], [-122.812378, 49.1754528], [-122.8123851, 49.1756754], [-122.8123715, 49.1759583], [-122.8123688, 49.1760499], [-122.8123488, 49.1767149], [-122.8123584, 49.176736], [-122.8123748, 49.176758], [-122.8124, 49.1767779], [-122.8124176, 49.1767865], [-122.8124364, 49.1767895], [-122.8134182, 49.1768023], [-122.8141625, 49.1768291], [-122.8147427, 49.1768361], [-122.8150161, 49.1768394], [-122.8157745, 49.1768461], [-122.8166984, 49.1768544], [-122.8179833, 49.1768658], [-122.8198247, 49.1768822], [-122.8203101, 49.1768865], [-122.8211663, 49.1768927], [-122.8220442, 49.176899], [-122.8229296, 49.1769054], [-122.823989, 49.176913], [-122.8249009, 49.1769196], [-122.824919, 49.1769197], [-122.8268588, 49.1769196], [-122.8269667, 49.1769174], [-122.8270891, 49.17691], [-122.8271867, 49.1769014]]]}, "properties": {"addr:city": "Surrey", "addr:housenumber": "14600", "addr:province": "BC", "addr:street": "100 Avenue", "leisure": "park", "name": "Green Timbers Urban Forest", "opening_hours": "sunrise-sunset", "operator": "City of Surrey", "operator:type": "government", "operator:wikidata": "Q390583", "operator:wikipedia": "en:Surrey, British Columbia", "osm_id": 1300830317, "osm_type": "way"}}, {"type": "Feature", "geometry": {"type": "Polygon", "coordinates": [[[-122.8304549, 49.1691367], [-122.8277034, 49.1691237], [-122.8277141, 49.170095], [-122.8277165, 49.1701608], [-122.8236051, 49.170167], [-122.8235639, 49.1701705], [-122.8235301, 49.1701822], [-122.8235068, 49.1702004], [-122.823488, 49.1702208], [-122.8234792, 49.1702377], [-122.8234628, 49.1737968], [-122.8234551, 49.1743546], [-122.8234587, 49.1743848], [-122.8234747, 49.1744141], [-122.8235154, 49.1744683], [-122.823552, 49.1744994], [-122.8235909, 49.1745254], [-122.8237921, 49.174606], [-122.8260604, 49.175542], [-122.8275226, 49.1760943], [-122.8281086, 49.1762963], [-122.8282407, 49.1763246], [-122.8283491, 49.1763333], [-122.828447, 49.1763297], [-122.8285253, 49.1763192], [-122.8286176, 49.1762981], [-122.8287043, 49.1762702], [-122.8287757, 49.1762403], [-122.8288995, 49.1761971], [-122.8290895, 49.1761403], [-122.8292352, 49.1761094], [-122.8295843, 49.1760649], [-122.8297409, 49.1760613], [-122.8299473, 49.1760685], [-122.8302035, 49.1760982], [-122.8303419, 49.1761221], [-122.8304864, 49.1761546], [-122.8306897, 49.1762026], [-122.8309235, 49.1762705], [-122.8312331, 49.1763745], [-122.8322396, 49.1767094], [-122.8323586, 49.1767475], [-122.8325055, 49.1767872], [-122.8326645, 49.1768193], [-122.8328302, 49.1768499], [-122.8329838, 49.1768662], [-122.8331356, 49.1768765], [-122.8341935, 49.1768959], [-122.8342374, 49.1768967], [-122.8342957, 49.1768963], [-122.8343449, 49.1768852], [-122.8343776, 49.1768713], [-122.8344135, 49.1768431], [-122.8344219, 49.1768098], [-122.8344256, 49.1767777], [-122.8344195, 49.1751307], [-122.8343823, 49.1751307], [-122.8340278, 49.1751304], [-122.833416, 49.1751299], [-122.8330803, 49.1750974], [-122.8328392, 49.1747805], [-122.8329088, 49.1743305], [-122.8338767, 49.1740987], [-122.8339076, 49.1740913], [-122.8343877, 49.1739763], [-122.8344222, 49.173968], [-122.834427, 49.1735422], [-122.833102, 49.1736525], [-122.8329196, 49.1735508], [-122.8328351, 49.1733276], [-122.8325903, 49.1732632], [-122.8318387, 49.1731378], [-122.8318522, 49.172137], [-122.831659, 49.1721357], [-122.8316588, 49.1721114], [-122.8316569, 49.1717953], [-122.8312143, 49.1717966], [-122.8312097, 49.1712537], [-122.8309348, 49.1712541], [-122.8307584, 49.1712902], [-122.8306137, 49.1712757], [-122.8305117, 49.1711929], [-122.8305049, 49.1709448], [-122.8306179, 49.1707971], [-122.8306162, 49.170194], [-122.8304938, 49.1701936], [-122.8304926, 49.1700844], [-122.8304744, 49.1696575], [-122.8304627, 49.1693158], [-122.8304549, 49.1691367]]]}, "properties": {"addr:city": "Surrey", "addr:housenumber": "14600", "addr:province": "BC", "addr:street": "100 Avenue", "leisure": "park", "name": "Green Timbers Urban Forest", "opening_hours": "sunrise-sunset", "operator": "City of Surrey", "operator:type": "government", "operator:wikidata": "Q390583", "operator:wikipedia": "en:Surrey, British Columbia", "osm_id": 1300906527, "osm_type": "way"}}, {"type": "Feature", "geometry": {"type": "Polygon", "coordinates": [[[-122.7206499, 49.1186914], [-122.7206402, 49.1186728], [-122.7206308, 49.1186548], [-122.7204535, 49.1183142], [-122.7200629, 49.1183156], [-122.7200346, 49.11832], [-122.7200108, 49.1183338], [-122.7199978, 49.1183545], [-122.7199927, 49.1183771], [-122.719994, 49.1185768], [-122.7199944, 49.1186354], [-122.7200001, 49.1186499], [-122.7200136, 49.1186647], [-122.7200208, 49.1186704], [-122.7200295, 49.1186774], [-122.7200442, 49.1186832], [-122.7200674, 49.1186877], [-122.7206499, 49.1186914]]]}, "properties": {"leisure": "park", "name": "Henry Houston Scott Park", "operator": "City of Surrey", "operator:type": "government", "operator:wikidata": "Q390583", "operator:wikipedia": "en:Surrey, British Columbia", "osm_id": 1301027252, "osm_type": "way"}}, {"type": "Feature", "geometry": {"type": "Polygon", "coordinates": [[[-122.7206308, 49.1186548], [-122.7200001, 49.1186499], [-122.7199944, 49.1186354], [-122.719994, 49.1185768], [-122.7200075, 49.1185461], [-122.7200254, 49.1184844], [-122.7200301, 49.1184495], [-122.7200258, 49.1184224], [-122.7200062, 49.1183645], [-122.7200075, 49.1183534], [-122.7200198, 49.1183355], [-122.7200412, 49.1183226], [-122.7200629, 49.1183156], [-122.7204535, 49.1183142], [-122.7206308, 49.1186548]]]}, "properties": {"leisure": "park", "name": "Henry Houston Scott Park", "osm_id": 1301087887, "osm_type": "way"}}, {"type": "Feature", "geometry": {"type": "Polygon", "coordinates": [[[-122.7915182, 49.1968524], [-122.7915869, 49.1968264], [-122.7917113, 49.1967793], [-122.7912338, 49.1965164], [-122.7912975, 49.1966816], [-122.7913424, 49.196798], [-122.7913628, 49.196796], [-122.7913841, 49.1967962], [-122.7914155, 49.1968003], [-122.7914477, 49.1968086], [-122.7914765, 49.1968203], [-122.791501, 49.1968356], [-122.7915182, 49.1968524]]]}, "properties": {"addr:city": "Surrey", "addr:housenumber": "10669", "addr:province": "British Columbia", "addr:street": "155A Street", "leisure": "park", "name": "14G - Greenbelt", "operator": "City of Surrey", "operator:type": "public", "operator:wikidata": "Q390583", "osm_id": 1309020964, "osm_type": "way"}}, {"type": "Feature", "geometry": {"type": "Polygon", "coordinates": [[[-122.7928711, 49.1975023], [-122.7922236, 49.1970601], [-122.7921242, 49.1969838], [-122.7920339, 49.1971114], [-122.7919139, 49.1973096], [-122.7919195, 49.1975333], [-122.7921344, 49.1975323], [-122.7921742, 49.1975323], [-122.7926259, 49.1975261], [-122.7928711, 49.1975023]]]}, "properties": {"leisure": "park", "name": "14G - Greenbelt", "operator": "City of Surrey", "operator:type": "public", "operator:wikidata": "Q390583", "osm_id": 1309021472, "osm_type": "way"}}, {"type": "Feature", "geometry": {"type": "LineString", "coordinates": [[-122.8729689, 49.1194667], [-122.8725825, 49.1194632], [-122.872583, 49.1194438], [-122.8719527, 49.1194379], [-122.8719523, 49.1194587], [-122.8715655, 49.1194551], [-122.8715534, 49.1200101], [-122.8729568, 49.1200231], [-122.8729689, 49.1194667]]}, "properties": {"barrier": "fence", "leisure": "sports_centre", "osm_id": 1313896639, "osm_type": "way"}}, {"type": "Feature", "geometry": {"type": "LineString", "coordinates": [[-122.8741421, 49.1210891], [-122.8737208, 49.1210881], [-122.8737207, 49.1211045], [-122.8731857, 49.1211033], [-122.8731858, 49.1210851], [-122.8727561, 49.1210841], [-122.8727591, 49.1205403], [-122.8741451, 49.1205435], [-122.8741421, 49.1210891]]}, "properties": {"barrier": "fence", "leisure": "sports_centre", "osm_id": 1313896640, "osm_type": "way"}}, {"type": "Feature", "geometry": {"type": "Polygon", "coordinates": [[[-122.8412707, 49.1153484], [-122.8412636, 49.1150194], [-122.8411468, 49.1150194], [-122.840984, 49.115119], [-122.8408035, 49.1151538], [-122.8407504, 49.1153484], [-122.8412707, 49.1153484]]]}, "properties": {"leisure": "park", "name": "Whippletree Park", "osm_id": 1356271841, "osm_type": "way"}}, {"type": "Feature", "geometry": {"type": "Polygon", "coordinates": [[[-122.8078326, 49.0672157], [-122.8080568, 49.0672173], [-122.8082401, 49.0672185], [-122.8082572, 49.0672186], [-122.8083252, 49.0672171], [-122.8083931, 49.0672134], [-122.8084605, 49.0672075], [-122.808494, 49.0672037], [-122.8085274, 49.0671993], [-122.8085605, 49.0671944], [-122.8086534, 49.0671799], [-122.8088318, 49.0671519], [-122.8090102, 49.067124], [-122.8090817, 49.0671128], [-122.80919, 49.0671001], [-122.8093619, 49.0670809], [-122.8095426, 49.0670616], [-122.8097025, 49.0670624], [-122.8098431, 49.0671145], [-122.8099586, 49.0671574], [-122.8102809, 49.0671281], [-122.8105418, 49.0669651], [-122.8102817, 49.0667854], [-122.8102357, 49.0668141], [-122.8102362, 49.0668031], [-122.8102353, 49.0667921], [-122.8102329, 49.0667812], [-122.8102291, 49.0667704], [-122.8102239, 49.06676], [-122.8102173, 49.0667498], [-122.8102093, 49.0667401], [-122.8102001, 49.0667308], [-122.8101898, 49.0667222], [-122.8101782, 49.0667141], [-122.8101657, 49.0667068], [-122.8101522, 49.0667002], [-122.810138, 49.0666944], [-122.810123, 49.0666894], [-122.8101073, 49.0666853], [-122.8100913, 49.0666822], [-122.8100748, 49.0666799], [-122.8100581, 49.0666787], [-122.8100945, 49.066656], [-122.8098372, 49.0664781], [-122.8091938, 49.0660335], [-122.808944, 49.0658609], [-122.8086961, 49.0656896], [-122.8084837, 49.0655429], [-122.8081605, 49.0653199], [-122.8078013, 49.0650719], [-122.8073747, 49.0647774], [-122.8071185, 49.0646006], [-122.8069519, 49.0645987], [-122.8069355, 49.0645985], [-122.8069395, 49.0641352], [-122.8069425, 49.0637834], [-122.8069435, 49.0636719], [-122.8069469, 49.0632893], [-122.8075111, 49.0636789], [-122.8081937, 49.0641501], [-122.8087167, 49.0646188], [-122.8100181, 49.0655603], [-122.8098169, 49.065558], [-122.8105649, 49.0660293], [-122.8107661, 49.0660315], [-122.8115865, 49.0664932], [-122.8112471, 49.0664903], [-122.8112448, 49.0667901], [-122.8119566, 49.0667964], [-122.8120754, 49.0669496], [-122.8120728, 49.0673271], [-122.8120727, 49.0673315], [-122.8110648, 49.0673266], [-122.8077865, 49.0673106], [-122.8078025, 49.0672879], [-122.8078156, 49.0672645], [-122.8078257, 49.0672403], [-122.8078326, 49.0672157]]]}, "properties": {"leisure": "park", "name": "103D - Utility ROW", "operator": "City of Surrey", "operator:type": "government", "operator:wikidata": "Q390583", "osm_id": 1374246989, "osm_type": "way"}}, {"type": "Feature", "geometry": {"type": "Polygon", "coordinates": [[[-122.8282604, 49.0700081], [-122.8281248, 49.0698725], [-122.8279819, 49.0697491], [-122.8278755, 49.0696366], [-122.8277117, 49.0695642], [-122.8275533, 49.069512], [-122.8273852, 49.069438], [-122.8272912, 49.0693961], [-122.8271872, 49.0693663], [-122.8270152, 49.0693179], [-122.8268241, 49.0692862], [-122.8268147, 49.0692851], [-122.8266782, 49.0692512], [-122.8264734, 49.0692096], [-122.8263066, 49.0691794], [-122.8262662, 49.0691747], [-122.826187, 49.0691588], [-122.8256035, 49.0690678], [-122.8254697, 49.0690412], [-122.8256012, 49.0687469], [-122.8256022, 49.0688891], [-122.8256025, 49.0689297], [-122.8256462, 49.0689346], [-122.8258282, 49.0689551], [-122.8259201, 49.0689655], [-122.8260698, 49.0689823], [-122.8262234, 49.0689996], [-122.826343, 49.0690212], [-122.8264519, 49.0690409], [-122.8266238, 49.0690694], [-122.8267343, 49.0690877], [-122.8269118, 49.0691485], [-122.8269851, 49.0691737], [-122.8271189, 49.0691481], [-122.8271781, 49.0691712], [-122.8273147, 49.0692243], [-122.8274826, 49.0692897], [-122.8276917, 49.0693678], [-122.8277738, 49.0693985], [-122.8279547, 49.0694916], [-122.8280876, 49.0695601], [-122.8280946, 49.0695671], [-122.8280991, 49.0695761], [-122.8281048, 49.0695848], [-122.8281117, 49.0695932], [-122.8281196, 49.0696011], [-122.8281286, 49.0696085], [-122.8281385, 49.0696154], [-122.8281493, 49.0696217], [-122.8282254, 49.0696976], [-122.828411, 49.0698821], [-122.8284847, 49.0699495], [-122.8286894, 49.0699498], [-122.8287979, 49.069891], [-122.8287959, 49.0702236], [-122.8287956, 49.07027], [-122.8287953, 49.0703222], [-122.8287947, 49.0704043], [-122.8286399, 49.0703817], [-122.8285323, 49.0702977], [-122.828508, 49.0702453], [-122.8283647, 49.0700983], [-122.8282604, 49.0700081]]]}, "properties": {"addr:city": "Surrey", "addr:country": "CA", "addr:housenumber": "3711", "addr:province": "BC", "addr:street": "Elgin Road", "leisure": "park", "name": "102G - Greenbelt", "operator": "City of Surrey", "operator:type": "government", "operator:wikidata": "Q390583", "osm_id": 1374246996, "osm_type": "way"}}, {"type": "Feature", "geometry": {"type": "Polygon", "coordinates": [[[-122.8221732, 49.067615], [-122.8223993, 49.0670191], [-122.8224914, 49.0667762], [-122.8225021, 49.0667485], [-122.8225442, 49.06673], [-122.8226145, 49.0667179], [-122.822841, 49.0667318], [-122.8232614, 49.0669227], [-122.8232615, 49.0669521], [-122.8239242, 49.0673422], [-122.8236186, 49.0675666], [-122.8232593, 49.0673554], [-122.823259, 49.0674663], [-122.8232583, 49.0675889], [-122.8232571, 49.0679184], [-122.823256, 49.0684525], [-122.8232544, 49.0688855], [-122.8229405, 49.0689358], [-122.8229208, 49.06894], [-122.8218984, 49.0681101], [-122.8220026, 49.0680644], [-122.8221732, 49.067615]]]}, "properties": {"addr:city": "Surrey", "addr:country": "CA", "addr:housenumber": "14389", "addr:province": "BC", "addr:street": "Crescent Road", "leisure": "park", "name": "103I - Greenbelt", "operator": "City of Surrey", "operator:type": "government", "operator:wikidata": "Q390583", "osm_id": 1374246997, "osm_type": "way"}}, {"type": "Feature", "geometry": {"type": "Polygon", "coordinates": [[[-122.8253053, 49.0687454], [-122.8251213, 49.0691768], [-122.8250654, 49.0691854], [-122.8244572, 49.0690353], [-122.8238466, 49.0689043], [-122.8234174, 49.0688593], [-122.8232544, 49.0688855], [-122.823256, 49.0684525], [-122.8232576, 49.0679186], [-122.8235379, 49.0679195], [-122.8235412, 49.0679457], [-122.8235528, 49.067969], [-122.8235831, 49.0679961], [-122.8236209, 49.0680112], [-122.8236664, 49.068019], [-122.8236991, 49.0680206], [-122.8237051, 49.0680443], [-122.8237994, 49.0684188], [-122.8250625, 49.0683396], [-122.8253053, 49.0687454]]]}, "properties": {"addr:city": "Surrey", "addr:country": "CA", "addr:housenumber": "3652", "addr:province": "BC", "addr:street": "Elgin Road", "leisure": "park", "name": "102I - Greenbelt", "operator": "City of Surrey", "operator:type": "government", "operator:wikidata": "Q390583", "osm_id": 1374246998, "osm_type": "way"}}, {"type": "Feature", "geometry": {"type": "Polygon", "coordinates": [[[-122.8648498, 49.0444209], [-122.8648564, 49.0443664], [-122.8648388, 49.0443362], [-122.8647688, 49.0443003], [-122.8649637, 49.0439888], [-122.8653077, 49.0439862], [-122.8653052, 49.0443864], [-122.8650863, 49.0443865], [-122.8649724, 49.0443893], [-122.8648498, 49.0444209]]]}, "properties": {"leisure": "park", "name": "121X - Greenbelt", "osm_id": 1499498155, "osm_type": "way"}}, {"type": "Feature", "geometry": {"type": "Polygon", "coordinates": [[[-122.7991384, 49.1451461], [-122.7989142, 49.1451965], [-122.7988488, 49.1451965], [-122.7987274, 49.145111], [-122.7991384, 49.1451064], [-122.7991384, 49.1451461]]]}, "properties": {"artwork_type": "sculpture", "leisure": "park", "name": "In The Spirit", "osm_id": 1531109202, "osm_type": "way"}}]}