{"type": "FeatureCollection", "features": [{"type": "Feature", "geometry": {"type": "Polygon", "coordinates": [[[-122.689438187328, 49.0595506348963], [-122.689336460274, 49.059601770647], [-122.689211805646, 49.0596128593869], [-122.689110493881, 49.059597354382], [-122.689052784339, 49.0595591180899], [-122.688959797701, 49.0596026605308], [-122.688881510924, 49.0596119695076], [-122.688811975483, 49.0596117820449], [-122.688699134978, 49.0595867256118], [-122.688632710059, 49.0595522734148], [-122.688592624043, 49.0594760027062], [-122.688595960559, 49.0594055613188], [-122.68850020694, 49.0594281516036], [-122.688413252256, 49.0594336290553], [-122.68832066872, 49.0594124347499], [-122.688251347912, 49.0593779745117], [-122.688179392871, 49.0593016166716], [-122.688197253034, 49.059225503261], [-122.688238302867, 49.0591475472331], [-122.688357388617, 49.0591002671324], [-122.688542804475, 49.0591026719956], [-122.688632369486, 49.0591428988466], [-122.688687073453, 49.0591982646539], [-122.688713493859, 49.059143117675], [-122.688760183729, 49.0590899297081], [-122.688832794468, 49.0590615646448], [-122.688948791612, 49.0590447408121], [-122.689070407358, 49.0590564928486], [-122.689139621419, 49.0591080888184], [-122.689185620817, 49.0591653353005], [-122.689191000766, 49.0592319914679], [-122.689190822674, 49.0592605527359], [-122.689260345761, 49.0592626433942], [-122.689361585692, 49.0592895733142], [-122.689436677559, 49.0593278553282], [-122.689459582618, 49.0593717108584], [-122.689496844656, 49.0594365493304], [-122.689484851714, 49.0595012552843], [-122.689438187328, 49.0595506348963]]]}, "properties": {"PLAN_AREA": "Campbell Heights", "PLAN_TYPE": "Local Area Plan", "PLAN_YEAR": 2000, "PLAN_STATUS": "Stage 2 Approved (See Surrey 2025 OCP)", "LAND_USE": "Tree Preservation Opportunities"}}, {"type": "Feature", "geometry": {"type": "Polygon", "coordinates": [[[-122.685132299621, 49.0578666678474], [-122.685032093316, 49.0579063796261], [-122.684919093104, 49.0579074996852], [-122.684845322593, 49.0578901617555], [-122.68477817853, 49.057855705363], [-122.684712782271, 49.057888371269], [-122.68466052411, 49.0579053650136], [-122.684595273641, 49.0579151834657], [-122.684467172208, 49.0578991243994], [-122.684395655459, 49.057868940408], [-122.684354615085, 49.0578302705686], [-122.684324547121, 49.0577744942116], [-122.684327017767, 49.0577273751049], [-122.684333727049, 49.0576974050048], [-122.684266185625, 49.0577257811127], [-122.684157485001, 49.0577340519525], [-122.684079323968, 49.0577238412818], [-122.683996925795, 49.0576964833419], [-122.683947139963, 49.0576663576683], [-122.683914971409, 49.0575991520066], [-122.683930761837, 49.0575078005038], [-122.683985463625, 49.0574479715918], [-122.684057423009, 49.0574081833974], [-122.684183504651, 49.0573999602139], [-122.684276894171, 49.0574073563885], [-122.684348410187, 49.0574375404544], [-122.68439809658, 49.0574833746062], [-122.68441753574, 49.0575019918693], [-122.684433016485, 49.05745919291], [-122.684465917816, 49.0574107294043], [-122.684533547702, 49.0573680729907], [-122.684655310503, 49.0573555529083], [-122.684724860832, 49.0573528868323], [-122.684811651121, 49.0573731164838], [-122.684883149353, 49.0574061571552], [-122.684908926111, 49.0574533524977], [-122.68492162044, 49.0575076536839], [-122.684921214269, 49.057571914056], [-122.685005938356, 49.057575001405], [-122.68509274582, 49.0575923748051], [-122.685159925824, 49.0576211189428], [-122.685201038797, 49.057648364352], [-122.68522882725, 49.0577212698791], [-122.685228466556, 49.0577783906092], [-122.685182465158, 49.0578368162455], [-122.685132299621, 49.0578666678474]]]}, "properties": {"PLAN_AREA": "Campbell Heights", "PLAN_TYPE": "Local Area Plan", "PLAN_YEAR": 2000, "PLAN_STATUS": "Stage 2 Approved (See Surrey 2025 OCP)", "LAND_USE": "Tree Preservation Opportunities"}}, {"type": "Feature", "geometry": {"type": "Polygon", "coordinates": [[[-122.683301885135, 49.056879878589], [-122.6832103799, 49.0569181841751], [-122.683127755239, 49.0569265256156], [-122.683049550285, 49.0569234547897], [-122.682986655964, 49.0569047179419], [-122.682930397675, 49.0568674342805], [-122.682880221317, 49.0568987133719], [-122.682819235775, 49.0569213944776], [-122.68274313169, 49.0569297535624], [-122.68266061739, 49.0569209584547], [-122.682571691594, 49.0568950091371], [-122.682502460129, 49.0568476928338], [-122.682468158259, 49.0567747687164], [-122.682481531955, 49.0567219665641], [-122.682418356083, 49.0567474975191], [-122.682346632941, 49.0567501562248], [-122.682255391176, 49.0567470489786], [-122.68215781364, 49.0567153633491], [-122.68210807406, 49.0566780972369], [-122.68208451806, 49.0566237667121], [-122.682071936326, 49.0565523298945], [-122.682109348952, 49.056478174701], [-122.682196526741, 49.0564370019824], [-122.682283613379, 49.0564101084797], [-122.682396592041, 49.0564118479297], [-122.68249847072, 49.0564506849581], [-122.682556918564, 49.0564851187692], [-122.682578319669, 49.0565365871857], [-122.682593857612, 49.0564852203631], [-122.682615904271, 49.0564352999299], [-122.682653061466, 49.0564011281678], [-122.682761921632, 49.0563671544051], [-122.682870590875, 49.0563631693729], [-122.682987715355, 49.0563963356873], [-122.683043909598, 49.0564436159006], [-122.683076112547, 49.0565051106411], [-122.68307577664, 49.0565579468668], [-122.683071258444, 49.0565850677301], [-122.683162481813, 49.0565910303674], [-122.683266706012, 49.0566027407843], [-122.683338165835, 49.0566414935864], [-122.683371435387, 49.0566918052053], [-122.683383778607, 49.056744200349], [-122.68336975112, 49.0568000943801], [-122.683354215246, 49.0568514613095], [-122.683301885135, 49.056879878589]]]}, "properties": {"PLAN_AREA": "Campbell Heights", "PLAN_TYPE": "Local Area Plan", "PLAN_YEAR": 2000, "PLAN_STATUS": "Stage 2 Approved (See Surrey 2025 OCP)", "LAND_USE": "Tree Preservation Opportunities"}}, {"type": "Feature", "geometry": {"type": "Polygon", "coordinates": [[[-122.68485709747, 49.05579358379], [-122.684764496624, 49.0558337928789], [-122.684673872029, 49.0558478257488], [-122.684576178753, 49.0558344675742], [-122.684502090893, 49.055810464647], [-122.684473247605, 49.0557901548077], [-122.684431383638, 49.0558245517715], [-122.684369736485, 49.0558374735192], [-122.684262815983, 49.0558514614997], [-122.684174182952, 49.055836938559], [-122.684091050224, 49.0558117205054], [-122.684058766521, 49.0557628402782], [-122.684026491787, 49.0557127708545], [-122.684032210774, 49.0556675649879], [-122.684046944609, 49.0556283334559], [-122.683968843451, 49.0556662013786], [-122.683885514921, 49.0556719228303], [-122.683775116484, 49.0556632905211], [-122.683702855156, 49.055636911862], [-122.683648905671, 49.0555784512509], [-122.683622024687, 49.0555343470522], [-122.683629728503, 49.0554617749876], [-122.683662720039, 49.0553987940247], [-122.683739055531, 49.055353780802], [-122.683833301041, 49.0553397585846], [-122.68392202226, 49.0553400015959], [-122.684016065405, 49.0553581098779], [-122.684070203622, 49.055386819856], [-122.684115108407, 49.0554440645063], [-122.684133599386, 49.055383423043], [-122.684202798224, 49.0553217302243], [-122.684295329369, 49.0552922323929], [-122.684387718627, 49.0552853453123], [-122.684505359438, 49.0552939968346], [-122.6845937055, 49.0553537402648], [-122.684627746181, 49.0554109550253], [-122.684625543931, 49.0554728311893], [-122.684625325614, 49.0555073411173], [-122.684688668799, 49.0555122755332], [-122.684777302774, 49.0555267980825], [-122.684851381453, 49.0555519909205], [-122.684887353706, 49.0555901699982], [-122.684928571711, 49.0556581152631], [-122.684928045236, 49.0557414162053], [-122.68485709747, 49.05579358379]]]}, "properties": {"PLAN_AREA": "Campbell Heights", "PLAN_TYPE": "Local Area Plan", "PLAN_YEAR": 2000, "PLAN_STATUS": "Stage 2 Approved (See Surrey 2025 OCP)", "LAND_USE": "Tree Preservation Opportunities"}}, {"type": "Feature", "geometry": {"type": "Polygon", "coordinates": [[[-122.697095246715, 49.0493854060725], [-122.702366043401, 49.0493865049657], [-122.702364581833, 49.052747333692], [-122.702124258399, 49.0527456369051], [-122.697112216161, 49.0527457310041], [-122.697095246715, 49.0493854060725]]]}, "properties": {"PLAN_AREA": "Campbell Heights", "PLAN_TYPE": "Local Area Plan", "PLAN_YEAR": 2000, "PLAN_STATUS": "Stage 2 Approved (See Surrey 2025 OCP)", "LAND_USE": "Technology Park or Business Park"}}, {"type": "Feature", "geometry": {"type": "Polygon", "coordinates": [[[-122.70676886808, 49.0561754831375], [-122.706803745555, 49.0561427820824], [-122.706885564394, 49.0555785158009], [-122.706912755714, 49.0554557686595], [-122.70691766884, 49.0546200579201], [-122.704263942369, 49.054617645027], [-122.70278680396, 49.0546154418462], [-122.702649933501, 49.0546133333634], [-122.702647995516, 49.0530060647385], [-122.702784858886, 49.0530063264222], [-122.70795458197, 49.0530145899106], [-122.707953809168, 49.0546224568778], [-122.707948874566, 49.0546237037676], [-122.707952159382, 49.0546237120798], [-122.707047691141, 49.0553785858231], [-122.707017431657, 49.0558005782462], [-122.706979800246, 49.0560555037358], [-122.706912223444, 49.056538296674], [-122.706746851079, 49.0565367440627], [-122.706677486618, 49.0565365983802], [-122.706755586318, 49.0562915144157], [-122.70676886808, 49.0561754831375]]]}, "properties": {"PLAN_AREA": "Campbell Heights", "PLAN_TYPE": "Local Area Plan", "PLAN_YEAR": 2000, "PLAN_STATUS": "Stage 2 Approved (See Surrey 2025 OCP)", "LAND_USE": "Open Space Corridors/Buffers"}}, {"type": "Feature", "geometry": {"type": "Polygon", "coordinates": [[[-122.707434202311, 49.0528144711737], [-122.70743101922, 49.0514460220019], [-122.707054493839, 49.0514450668908], [-122.706802360686, 49.0515619472313], [-122.706684828336, 49.0516164306011], [-122.706681932671, 49.0516177725747], [-122.706634505476, 49.051639758599], [-122.706633610627, 49.05179184233], [-122.705836448995, 49.051789813257], [-122.705837435686, 49.0516225749573], [-122.7056882333, 49.0516221945709], [-122.70568917331, 49.0514629477974], [-122.706281093617, 49.0509168892146], [-122.706876167108, 49.050800929197], [-122.707429268706, 49.0506931455225], [-122.707428952684, 49.0505573802217], [-122.707426034829, 49.049303498589], [-122.707975462059, 49.0493045752812], [-122.70798356387, 49.0528331321382], [-122.707434226894, 49.0528305732715], [-122.707434202311, 49.0528144711737]]]}, "properties": {"PLAN_AREA": "Campbell Heights", "PLAN_TYPE": "Local Area Plan", "PLAN_YEAR": 2000, "PLAN_STATUS": "Stage 2 Approved (See Surrey 2025 OCP)", "LAND_USE": "Open Space Corridors/Buffers"}}, {"type": "Feature", "geometry": {"type": "Polygon", "coordinates": [[[-122.691177696224, 49.0389224149187], [-122.691187537517, 49.0400976193469], [-122.691105926205, 49.0401516451339], [-122.691096966987, 49.0389224714237], [-122.691177696224, 49.0389224149187]]]}, "properties": {"PLAN_AREA": "Campbell Heights", "PLAN_TYPE": "Local Area Plan", "PLAN_YEAR": 2000, "PLAN_STATUS": "Stage 2 Approved (See Surrey 2025 OCP)", "LAND_USE": "Landscaping Strips"}}, {"type": "Feature", "geometry": {"type": "Polygon", "coordinates": [[[-122.699646040754, 49.0591505353382], [-122.699647521619, 49.0598961211153], [-122.697169035146, 49.059894369087], [-122.69716608769, 49.0591441673917], [-122.699646040754, 49.0591505353382]]]}, "properties": {"PLAN_AREA": "Campbell Heights", "PLAN_TYPE": "Local Area Plan", "PLAN_YEAR": 2000, "PLAN_STATUS": "Stage 2 Approved (See Surrey 2025 OCP)", "LAND_USE": "Business Park (Office)"}}, {"type": "Feature", "geometry": {"type": "Polygon", "coordinates": [[[-122.694433517541, 49.0591370605308], [-122.696891801427, 49.0591434572737], [-122.696894324328, 49.0598020751623], [-122.696894586851, 49.0598941892902], [-122.696467105136, 49.0598937863904], [-122.694437585584, 49.0598920212328], [-122.694433517541, 49.0591370605308]]]}, "properties": {"PLAN_AREA": "Campbell Heights", "PLAN_TYPE": "Local Area Plan", "PLAN_YEAR": 2000, "PLAN_STATUS": "Stage 2 Approved (See Surrey 2025 OCP)", "LAND_USE": "Business Park (Office)"}}, {"type": "Feature", "geometry": {"type": "Polygon", "coordinates": [[[-122.702235274044, 49.0538569017458], [-122.697145105778, 49.0538497810225], [-122.697142256314, 49.0531294593184], [-122.702234162139, 49.0531365172314], [-122.702235274044, 49.0538569017458]]]}, "properties": {"PLAN_AREA": "Campbell Heights", "PLAN_TYPE": "Local Area Plan", "PLAN_YEAR": 2000, "PLAN_STATUS": "Stage 2 Approved (See Surrey 2025 OCP)", "LAND_USE": "Business Park (Office)"}}, {"type": "Feature", "geometry": {"type": "Polygon", "coordinates": [[[-122.696871068418, 49.0538493917306], [-122.693101183532, 49.0538439614861], [-122.693104231067, 49.053122544374], [-122.696868253365, 49.0531294641127], [-122.696871068418, 49.0538493917306]]]}, "properties": {"PLAN_AREA": "Campbell Heights", "PLAN_TYPE": "Local Area Plan", "PLAN_YEAR": 2000, "PLAN_STATUS": "Stage 2 Approved (See Surrey 2025 OCP)", "LAND_USE": "Business Park (Office)"}}, {"type": "Feature", "geometry": {"type": "Polygon", "coordinates": [[[-122.691150668869, 49.0591216917862], [-122.691157584323, 49.0598897991456], [-122.690020162555, 49.0598889915982], [-122.690015277954, 49.0591187162904], [-122.691150668869, 49.0591216917862]]]}, "properties": {"PLAN_AREA": "Campbell Heights", "PLAN_TYPE": "Local Area Plan", "PLAN_YEAR": 2000, "PLAN_STATUS": "Stage 2 Approved (See Surrey 2025 OCP)", "LAND_USE": "Business Park (Office)"}}, {"type": "Feature", "geometry": {"type": "Polygon", "coordinates": [[[-122.691203350248, 49.0644456235978], [-122.690049021677, 49.064447044341], [-122.690023400821, 49.0603994900602], [-122.691162496418, 49.0604011179424], [-122.691203350248, 49.0644456235978]]]}, "properties": {"PLAN_AREA": "Campbell Heights", "PLAN_TYPE": "Local Area Plan", "PLAN_YEAR": 2000, "PLAN_STATUS": "Stage 2 Approved (See Surrey 2025 OCP)", "LAND_USE": "Business Park (Office)"}}, {"type": "Feature", "geometry": {"type": "Polygon", "coordinates": [[[-122.704263942369, 49.054617645027], [-122.70691766884, 49.0546200579201], [-122.706912755714, 49.0554557686595], [-122.706885564394, 49.0555785158009], [-122.706803745555, 49.0561427820824], [-122.70676886808, 49.0561754831375], [-122.70678198963, 49.0560608493562], [-122.706796809485, 49.0558215182314], [-122.706780847515, 49.0555799508632], [-122.706776541768, 49.0555205702172], [-122.706729209249, 49.0552596690552], [-122.70666680065, 49.0549325223171], [-122.706157398035, 49.054952100668], [-122.705865271979, 49.0549601757789], [-122.705564615048, 49.0549526651907], [-122.705245584502, 49.0549972819712], [-122.705001164066, 49.0549228067395], [-122.704263942369, 49.054617645027]]]}, "properties": {"PLAN_AREA": "Campbell Heights", "PLAN_TYPE": "Local Area Plan", "PLAN_YEAR": 2000, "PLAN_STATUS": "Stage 2 Approved (See Surrey 2025 OCP)", "LAND_USE": "Business Park"}}, {"type": "Feature", "geometry": {"type": "Polygon", "coordinates": [[[-122.706765562143, 49.056178582699], [-122.706755586318, 49.0562915144157], [-122.706677486618, 49.0565365983802], [-122.706384356813, 49.0565359852598], [-122.706765562143, 49.056178582699]]]}, "properties": {"PLAN_AREA": "Campbell Heights", "PLAN_TYPE": "Local Area Plan", "PLAN_YEAR": 2000, "PLAN_STATUS": "Stage 2 Approved (See Surrey 2025 OCP)", "LAND_USE": "Open Space Corridors/Buffers"}}, {"type": "Feature", "geometry": {"type": "Polygon", "coordinates": [[[-122.699864440637, 49.0454202762737], [-122.702079379387, 49.045422947825], [-122.702224702749, 49.045422883897], [-122.702225575236, 49.0455130486729], [-122.699947544547, 49.0455105955251], [-122.699864851773, 49.0454565564485], [-122.699864440637, 49.0454202762737]]]}, "properties": {"PLAN_AREA": "Campbell Heights", "PLAN_TYPE": "Local Area Plan", "PLAN_YEAR": 2000, "PLAN_STATUS": "Stage 2 Approved (See Surrey 2025 OCP)", "LAND_USE": "Business Park"}}, {"type": "Feature", "geometry": {"type": "Polygon", "coordinates": [[[-122.699859512086, 49.0449865774513], [-122.69982478747, 49.0419296903303], [-122.699187670498, 49.0419249774059], [-122.699071759039, 49.0419286557558], [-122.698991632503, 49.0419366471528], [-122.698838455468, 49.0419561898008], [-122.698723177889, 49.0419708962228], [-122.698587784424, 49.0419789949226], [-122.697456480478, 49.0419706481324], [-122.697449164916, 49.0419738691577], [-122.697437001265, 49.0415868667813], [-122.697400898603, 49.0412014981749], [-122.697388609944, 49.0410805681906], [-122.69739237457, 49.0409332324212], [-122.697784569354, 49.0406799769551], [-122.698159543087, 49.0408736893019], [-122.698208407353, 49.0408921806527], [-122.698563372594, 49.0410265756384], [-122.699159506517, 49.0411025047662], [-122.699838805887, 49.0411382561428], [-122.700681572361, 49.0409759916381], [-122.700682923095, 49.040975729772], [-122.701701414677, 49.0407646168263], [-122.702020431858, 49.0405703261636], [-122.702039230835, 49.0421020286724], [-122.702064658202, 49.0441744919924], [-122.702073408268, 49.0448879554735], [-122.701841009623, 49.0449864000502], [-122.701447557346, 49.0450140823277], [-122.701222761027, 49.0449391999171], [-122.700720329305, 49.0450214722651], [-122.700245077907, 49.0449064494604], [-122.699859512086, 49.0449865774513]]]}, "properties": {"PLAN_AREA": "Campbell Heights", "PLAN_TYPE": "Local Area Plan", "PLAN_YEAR": 2000, "PLAN_STATUS": "Stage 2 Approved (See Surrey 2025 OCP)", "LAND_USE": "Business Park"}}, {"type": "Feature", "geometry": {"type": "Polygon", "coordinates": [[[-122.699859512395, 49.0449865261774], [-122.700245077907, 49.0449064494604], [-122.700720329305, 49.0450214722651], [-122.701222761027, 49.0449391999171], [-122.701447557346, 49.0450140823277], [-122.701841009623, 49.0449864000502], [-122.702073408268, 49.0448879554735], [-122.702064658202, 49.0441744919924], [-122.702039230835, 49.0421020286724], [-122.702207748656, 49.0421045434132], [-122.702217434018, 49.0454276246942], [-122.702072109269, 49.045427689509], [-122.699864494163, 49.0454250251706], [-122.699859512395, 49.0449865261774]]]}, "properties": {"PLAN_AREA": "Campbell Heights", "PLAN_TYPE": "Local Area Plan", "PLAN_YEAR": 2000, "PLAN_STATUS": "Stage 2 Approved (See Surrey 2025 OCP)", "LAND_USE": "Business Park"}}, {"type": "Feature", "geometry": {"type": "Polygon", "coordinates": [[[-122.697466382205, 49.0421506052512], [-122.697481140704, 49.0423636580957], [-122.697417188038, 49.0426893090029], [-122.697455767487, 49.0427811631371], [-122.697456694522, 49.0427860186761], [-122.697489590426, 49.0429585517336], [-122.697476985619, 49.043184035757], [-122.69747609347, 49.0431995957489], [-122.697474445718, 49.0432133933276], [-122.697474348276, 49.043214343004], [-122.69746942434, 49.0432557079041], [-122.697447411614, 49.043439700388], [-122.697418730845, 49.0436798050129], [-122.697420265878, 49.0438334524036], [-122.697475342365, 49.043958452546], [-122.697473478038, 49.0441011155281], [-122.697471318198, 49.044262489407], [-122.69748791807, 49.0448213364985], [-122.697445705492, 49.0449225167928], [-122.697432158247, 49.045013157461], [-122.697898379385, 49.0450136474892], [-122.698339250709, 49.0450882836761], [-122.699003521991, 49.0450147989827], [-122.699586101421, 49.0450122257676], [-122.69959073662, 49.045419943752], [-122.698342596095, 49.0454184260012], [-122.697101066602, 49.0454169022079], [-122.697067457984, 49.042201603551], [-122.697148955325, 49.0421482596322], [-122.697466382205, 49.0421506052512]]]}, "properties": {"PLAN_AREA": "Campbell Heights", "PLAN_TYPE": "Local Area Plan", "PLAN_YEAR": 2000, "PLAN_STATUS": "Stage 2 Approved (See Surrey 2025 OCP)", "LAND_USE": "Business Park"}}, {"type": "Feature", "geometry": {"type": "Polygon", "coordinates": [[[-122.697101066602, 49.0454169022079], [-122.698342596095, 49.0454184260012], [-122.69959073662, 49.045419943752], [-122.699591257174, 49.0454657415183], [-122.69952337339, 49.0455106217711], [-122.698338147869, 49.0455092740595], [-122.697266848709, 49.0455080448623], [-122.697170411056, 49.0455079339802], [-122.697101546725, 49.0454628968837], [-122.697101066602, 49.0454169022079]]]}, "properties": {"PLAN_AREA": "Campbell Heights", "PLAN_TYPE": "Local Area Plan", "PLAN_YEAR": 2000, "PLAN_STATUS": "Stage 2 Approved (See Surrey 2025 OCP)", "LAND_USE": "Business Park"}}, {"type": "Feature", "geometry": {"type": "Polygon", "coordinates": [[[-122.697458779989, 49.0421505484401], [-122.698584724292, 49.0421588596174], [-122.698775382664, 49.0421474553828], [-122.698931412869, 49.0421275343522], [-122.699043889016, 49.0421131739427], [-122.699184495085, 49.042104804035], [-122.699471020319, 49.0421069232573], [-122.699553695801, 49.0421614798515], [-122.699586155164, 49.0450169341855], [-122.698996251641, 49.0450195404728], [-122.698331980285, 49.0450930251242], [-122.697891110305, 49.0450183880136], [-122.697424887748, 49.0450178988519], [-122.697438436376, 49.0449272581882], [-122.697480648979, 49.0448260769972], [-122.697464047819, 49.0442672299017], [-122.697466209045, 49.0441058569262], [-122.697468073398, 49.0439631930448], [-122.697412996925, 49.0438381928991], [-122.697411461908, 49.043684546408], [-122.697440142721, 49.0434444408856], [-122.697462154102, 49.0432604492993], [-122.69746707805, 49.0432190835], [-122.697467175492, 49.0432181338236], [-122.697469716766, 49.0431887762568], [-122.697482321608, 49.0429632922344], [-122.69744942572, 49.0427907600745], [-122.697409917878, 49.0426940503954], [-122.697473871966, 49.0423683994962], [-122.697458779989, 49.0421505484401]]]}, "properties": {"PLAN_AREA": "Campbell Heights", "PLAN_TYPE": "Local Area Plan", "PLAN_YEAR": 2000, "PLAN_STATUS": "Stage 2 Approved (See Surrey 2025 OCP)", "LAND_USE": "Business Park"}}, {"type": "Feature", "geometry": {"type": "Polygon", "coordinates": [[[-122.702207748656, 49.0421045434132], [-122.702251524361, 49.0421048650607], [-122.702209346379, 49.0387186399569], [-122.701197024191, 49.0387048130119], [-122.700952789538, 49.0389046458317], [-122.699764580418, 49.0388883596916], [-122.699624049338, 49.0391443732288], [-122.69954522545, 49.0399286251166], [-122.69871188803, 49.0399264624136], [-122.698141896331, 49.0395850869232], [-122.696897393256, 49.0395818394098], [-122.696889535977, 49.0388190724368], [-122.696888776284, 49.0388193484047], [-122.694586854198, 49.0388574908301], [-122.693533869082, 49.0388748665053], [-122.692638112335, 49.0388896792982], [-122.691635619561, 49.0389062725645], [-122.691546810223, 49.0389077434871], [-122.691543186033, 49.038473785487], [-122.696556186043, 49.0385423129467], [-122.696886728197, 49.0385468634939], [-122.702003855836, 49.0386167527981], [-122.702003817143, 49.038623229511], [-122.702413345888, 49.0386219897025], [-122.702456679105, 49.0421063459118], [-122.7024978498, 49.0454227634558], [-122.702224702749, 49.045422883897], [-122.702207748656, 49.0421045434132]]]}, "properties": {"PLAN_AREA": "Campbell Heights", "PLAN_TYPE": "Local Area Plan", "PLAN_YEAR": 2000, "PLAN_STATUS": "Stage 2 Approved (See Surrey 2025 OCP)", "LAND_USE": "Open Space Corridors/Buffers"}}, {"type": "Feature", "geometry": {"type": "Polygon", "coordinates": [[[-122.681116251848, 49.0638395097936], [-122.680705023203, 49.0638403096366], [-122.680689273005, 49.0603941235674], [-122.68069023118, 49.0603941271179], [-122.680689589863, 49.060259193113], [-122.681171976316, 49.0602596190241], [-122.682162469942, 49.0602604654662], [-122.682155716145, 49.0603952558561], [-122.681179963273, 49.060394484261], [-122.681180004149, 49.0603960118169], [-122.681172612792, 49.0603959419237], [-122.68117598616, 49.0604249654629], [-122.681086599694, 49.0606391722215], [-122.681174232693, 49.0607423197267], [-122.681103365898, 49.0609501908098], [-122.681104037157, 49.0611236239935], [-122.681104685187, 49.0612581118147], [-122.681105540044, 49.0614458538026], [-122.68117744878, 49.061589442271], [-122.681107267011, 49.061775638667], [-122.681151476458, 49.0628057644026], [-122.681200146381, 49.0629015223144], [-122.6812486804, 49.0629973688845], [-122.681114249613, 49.0634046834007], [-122.681116251848, 49.0638395097936]]]}, "properties": {"PLAN_AREA": "Campbell Heights", "PLAN_TYPE": "Local Area Plan", "PLAN_YEAR": 2000, "PLAN_STATUS": "Stage 2 Approved (See Surrey 2025 OCP)", "LAND_USE": "Open Space Corridors/Buffers"}}, {"type": "Feature", "geometry": {"type": "Polygon", "coordinates": [[[-122.680985585581, 49.0638397640029], [-122.680981731846, 49.0644417966907], [-122.680707941317, 49.0644423052786], [-122.680705023203, 49.0638403096366], [-122.680985585581, 49.0638397640029]]]}, "properties": {"PLAN_AREA": "Campbell Heights", "PLAN_TYPE": "Local Area Plan", "PLAN_YEAR": 2000, "PLAN_STATUS": "Stage 2 Approved (See Surrey 2025 OCP)", "LAND_USE": "Open Space Corridors/Buffers"}}, {"type": "Feature", "geometry": {"type": "Polygon", "coordinates": [[[-122.680985585581, 49.0638397640029], [-122.681116251848, 49.0638395097936], [-122.681117003003, 49.0640028150366], [-122.681239679743, 49.0644412266091], [-122.680981731846, 49.0644417966907], [-122.680985585581, 49.0638397640029]]]}, "properties": {"PLAN_AREA": "Campbell Heights", "PLAN_TYPE": "Local Area Plan", "PLAN_YEAR": 2000, "PLAN_STATUS": "Stage 2 Approved (See Surrey 2025 OCP)", "LAND_USE": "Business Park"}}, {"type": "Feature", "geometry": {"type": "Polygon", "coordinates": [[[-122.698490344385, 49.0681424657042], [-122.698674691783, 49.0682072084709], [-122.698711969729, 49.0683322590586], [-122.698673353292, 49.0684285516219], [-122.698488335427, 49.0684744790764], [-122.698357975023, 49.0684669987158], [-122.698238851101, 49.0683988556628], [-122.69817871623, 49.0684593894518], [-122.698069615076, 49.068530507002], [-122.697895657268, 49.068544332214], [-122.697749301355, 49.0684868274506], [-122.697695594492, 49.0683831536752], [-122.697723303338, 49.0682939735213], [-122.697816018003, 49.0682370946948], [-122.69786502582, 49.0682193722669], [-122.697881759949, 49.0681480140692], [-122.69792572485, 49.0680660161636], [-122.69806723143, 49.0680271155447], [-122.698203044608, 49.0680310410672], [-122.698344030824, 49.0680778202517], [-122.698381588757, 49.0681564619551], [-122.698490344385, 49.0681424657042]]]}, "properties": {"PLAN_AREA": "Campbell Heights", "PLAN_TYPE": "Local Area Plan", "PLAN_YEAR": 2000, "PLAN_STATUS": "Stage 2 Approved (See Surrey 2025 OCP)", "LAND_USE": "Tree Preservation Opportunities"}}, {"type": "Feature", "geometry": {"type": "Polygon", "coordinates": [[[-122.696793297707, 49.0684379085036], [-122.696689671865, 49.0685018984847], [-122.696548249832, 49.0685265172357], [-122.696450513983, 49.068515550164], [-122.696352189425, 49.0686009739329], [-122.696243411809, 49.068618538436], [-122.696123875403, 49.0686182237875], [-122.696020945258, 49.0685679709035], [-122.695961591677, 49.0684999828981], [-122.695857985065, 49.0685604018584], [-122.695716671463, 49.0685671691519], [-122.695570143523, 49.06853822197], [-122.695489144165, 49.0684558953274], [-122.695478843886, 49.0683630460014], [-122.695539134609, 49.0682775226518], [-122.695691487958, 49.0682422229824], [-122.695827368268, 49.0682354414015], [-122.695913975875, 49.0682892208852], [-122.695903631266, 49.0682035112286], [-122.695963944226, 49.0681144164893], [-122.696094650332, 49.0680647797618], [-122.696273885616, 49.068075961628], [-122.69634969397, 49.0681190022922], [-122.696403700891, 49.0681726965381], [-122.696408808368, 49.0682262612491], [-122.696533971881, 49.0681944601718], [-122.69665889618, 49.0682019283068], [-122.696761805865, 49.0682557499969], [-122.696810118963, 49.0683522702919], [-122.696793297707, 49.0684379085036]]]}, "properties": {"PLAN_AREA": "Campbell Heights", "PLAN_TYPE": "Local Area Plan", "PLAN_YEAR": 2000, "PLAN_STATUS": "Stage 2 Approved (See Surrey 2025 OCP)", "LAND_USE": "Tree Preservation Opportunities"}}, {"type": "Feature", "geometry": {"type": "Polygon", "coordinates": [[[-122.695114454655, 49.068419205641], [-122.695032494863, 49.0684939614398], [-122.694885552199, 49.0685328439672], [-122.694814939104, 49.0685290878555], [-122.694765447424, 49.0686253494578], [-122.694629326613, 49.0686714009262], [-122.69450435631, 49.068671070224], [-122.694390428752, 49.0686422078264], [-122.694331143016, 49.0685635081871], [-122.694320583436, 49.0685134992716], [-122.694211914847, 49.0685132114245], [-122.694119807816, 49.068470126166], [-122.69406041312, 49.0684092759219], [-122.694039227465, 49.0683199670367], [-122.694061333717, 49.0682593346063], [-122.694181218435, 49.0682025307112], [-122.694284585398, 49.0681813834943], [-122.694409357423, 49.0682138450371], [-122.694485205413, 49.0682497463806], [-122.694533624887, 49.0683284171876], [-122.694533559233, 49.0683391270893], [-122.694604172032, 49.0683428842722], [-122.694653552992, 49.0682644722676], [-122.694724384406, 49.0682325294037], [-122.694811516948, 49.0682006287001], [-122.694925618599, 49.0682009303436], [-122.695050389726, 49.0682333911906], [-122.695120390815, 49.0683371083453], [-122.695114454655, 49.068419205641]]]}, "properties": {"PLAN_AREA": "Campbell Heights", "PLAN_TYPE": "Local Area Plan", "PLAN_YEAR": 2000, "PLAN_STATUS": "Stage 2 Approved (See Surrey 2025 OCP)", "LAND_USE": "Tree Preservation Opportunities"}}, {"type": "Feature", "geometry": {"type": "Polygon", "coordinates": [[[-122.693843032532, 49.06841584017], [-122.693744967012, 49.0684584212086], [-122.69365794445, 49.068472470673], [-122.69358187582, 49.0684722687524], [-122.69357057057, 49.0685436407398], [-122.693488760612, 49.0685934053652], [-122.693352749936, 49.0686216048967], [-122.693233345429, 49.0685998665553], [-122.693157475829, 49.0685675346586], [-122.693103689123, 49.0684781389299], [-122.693038597992, 49.0684601142142], [-122.692940951057, 49.0684348640059], [-122.692854412432, 49.0683703723987], [-122.692833118919, 49.068298913729], [-122.692849968938, 49.0682097058394], [-122.692915499699, 49.0681563289272], [-122.693024321453, 49.068131627026], [-122.69318727979, 49.0681392009683], [-122.693273840419, 49.0682001229613], [-122.693322367797, 49.0682609429398], [-122.693333037543, 49.0682931024159], [-122.693403670781, 49.0682932900626], [-122.693420323461, 49.0682362126931], [-122.693513019586, 49.0681829075954], [-122.693594762982, 49.0681438537485], [-122.693719688069, 49.0681513250672], [-122.693828136505, 49.0681873142465], [-122.693892964407, 49.0682481772232], [-122.693908672155, 49.0683446122596], [-122.693843032532, 49.06841584017]]]}, "properties": {"PLAN_AREA": "Campbell Heights", "PLAN_TYPE": "Local Area Plan", "PLAN_YEAR": 2000, "PLAN_STATUS": "Stage 2 Approved (See Surrey 2025 OCP)", "LAND_USE": "Tree Preservation Opportunities"}}, {"type": "Feature", "geometry": {"type": "Polygon", "coordinates": [[[-122.685747079464, 49.0683600946372], [-122.685694585474, 49.0684127887393], [-122.685579135098, 49.0684538879117], [-122.685455207405, 49.0684606900025], [-122.685426557645, 49.0685234456907], [-122.685361022902, 49.0685761049969], [-122.685247827118, 49.068604357172], [-122.685145741027, 49.0685940820085], [-122.685058968552, 49.0685681405487], [-122.684974613979, 49.0685036489879], [-122.684964116613, 49.0684450702387], [-122.684892430943, 49.0684391623934], [-122.684762272866, 49.0684002503436], [-122.684693149889, 49.0683329431942], [-122.684693782418, 49.0682329812055], [-122.684766035534, 49.0681489246376], [-122.684868346411, 49.0681234992955], [-122.685022637096, 49.0681267765299], [-122.68512665124, 49.0681756137011], [-122.685167557711, 49.0682371305696], [-122.685191211354, 49.0682771802137], [-122.685267261586, 49.0682802436948], [-122.685298130536, 49.0682103543427], [-122.685374557997, 49.068153441091], [-122.685487699974, 49.0681337568852], [-122.685631123283, 49.068137003693], [-122.685726327543, 49.0682043804011], [-122.685762823651, 49.0682758817803], [-122.685747079464, 49.0683600946372]]]}, "properties": {"PLAN_AREA": "Campbell Heights", "PLAN_TYPE": "Local Area Plan", "PLAN_YEAR": 2000, "PLAN_STATUS": "Stage 2 Approved (See Surrey 2025 OCP)", "LAND_USE": "Tree Preservation Opportunities"}}, {"type": "Feature", "geometry": {"type": "Polygon", "coordinates": [[[-122.684161582759, 49.0688741460025], [-122.684096064332, 49.0689239476534], [-122.684048059653, 49.0689538055482], [-122.684004283965, 49.0690022399717], [-122.683921432417, 49.0690434258271], [-122.683804040652, 49.0690473888632], [-122.683717168388, 49.0690371541145], [-122.683630468432, 49.0689997865613], [-122.683536739855, 49.0690423717157], [-122.683430135431, 49.0690592158588], [-122.683315070592, 49.0690389076485], [-122.683226316245, 49.0689829700834], [-122.683185520525, 49.0689043154567], [-122.683188057771, 49.068847200816], [-122.683100940772, 49.0688755224643], [-122.683005239144, 49.0688866839888], [-122.682907572411, 49.0688649955621], [-122.682825329201, 49.0688105040639], [-122.682795292747, 49.0687490153441], [-122.682789362819, 49.0686561768854], [-122.682854992637, 49.0685892388974], [-122.682946510533, 49.0685523612812], [-122.683059580331, 49.0685441035791], [-122.683189773762, 49.0685773054849], [-122.683274126137, 49.0686417992443], [-122.683309281324, 49.06858191802], [-122.683372655992, 49.0685278263612], [-122.683501047413, 49.0685024737739], [-122.683635796298, 49.0685028431933], [-122.683757079014, 49.0685702929997], [-122.68378257949, 49.0686617583367], [-122.683876263208, 49.0686263135082], [-122.684004473512, 49.0686295206688], [-122.684119409586, 49.0686698204035], [-122.68416031384, 49.0687313385177], [-122.684188070669, 49.0688099562259], [-122.684161582759, 49.0688741460025]]]}, "properties": {"PLAN_AREA": "Campbell Heights", "PLAN_TYPE": "Local Area Plan", "PLAN_YEAR": 2000, "PLAN_STATUS": "Stage 2 Approved (See Surrey 2025 OCP)", "LAND_USE": "Tree Preservation Opportunities"}}, {"type": "Feature", "geometry": {"type": "Polygon", "coordinates": [[[-122.68190344886, 49.0681842098955], [-122.681812512243, 49.0682434601714], [-122.681698311811, 49.0682586167033], [-122.681624009223, 49.0682655515235], [-122.681592869622, 49.0683202070192], [-122.68155637499, 49.0683629475459], [-122.681480054223, 49.0684020078365], [-122.681362246044, 49.0684147738627], [-122.681233847095, 49.0683846684118], [-122.681168873247, 49.0683487883934], [-122.681122203727, 49.0682832070952], [-122.681111511411, 49.0682558059574], [-122.681019220908, 49.0682436507514], [-122.680907211137, 49.0681993107246], [-122.680849682277, 49.0681325091834], [-122.680844705868, 49.0680610934048], [-122.680879589168, 49.0679874076206], [-122.680950489934, 49.067945952525], [-122.681044874305, 49.0679140822525], [-122.681204169498, 49.0679276126362], [-122.681274605603, 49.0679587481866], [-122.681339440668, 49.0680160488205], [-122.681351745078, 49.0680743945139], [-122.681431412664, 49.0680781847545], [-122.681455307346, 49.0680235084059], [-122.681475488217, 49.0679831031064], [-122.681535445019, 49.0679535185357], [-122.681653335691, 49.0679276622647], [-122.681758320976, 49.0679374717505], [-122.68183781848, 49.0679674418322], [-122.681897275037, 49.0680163974655], [-122.681918698434, 49.0680652482606], [-122.681930881997, 49.0681426343959], [-122.68190344886, 49.0681842098955]]]}, "properties": {"PLAN_AREA": "Campbell Heights", "PLAN_TYPE": "Local Area Plan", "PLAN_YEAR": 2000, "PLAN_STATUS": "Stage 2 Approved (See Surrey 2025 OCP)", "LAND_USE": "Tree Preservation Opportunities"}}, {"type": "Feature", "geometry": {"type": "Polygon", "coordinates": [[[-122.683293148823, 49.0657463843285], [-122.683189503753, 49.0658115522828], [-122.683064427231, 49.0658290596334], [-122.682952301291, 49.0658037602972], [-122.682887308213, 49.0657714506034], [-122.682798248926, 49.0658211877617], [-122.682696731085, 49.0658363792386], [-122.682593608042, 49.065819435067], [-122.682510533938, 49.0657823158996], [-122.68246028064, 49.0657107756089], [-122.68244808167, 49.0656357687732], [-122.682462713573, 49.0656131987554], [-122.682375586657, 49.0656439000595], [-122.68227594849, 49.0656483853576], [-122.682165611734, 49.0656266614078], [-122.682077197294, 49.0655752468113], [-122.682037742005, 49.0655144452591], [-122.682058141555, 49.0654395290779], [-122.682101993404, 49.0653789587988], [-122.682185658489, 49.0653232567751], [-122.68234866524, 49.0653213252912], [-122.682464374157, 49.0653525847204], [-122.682509331505, 49.065402690281], [-122.682543490309, 49.065442055141], [-122.682561988336, 49.0653814140504], [-122.682618614652, 49.0653054081884], [-122.682707544393, 49.0652759008652], [-122.682821669509, 49.0652714550066], [-122.682959110904, 49.0653027736599], [-122.683023891488, 49.0653684030898], [-122.683045199964, 49.0654351041199], [-122.683041176531, 49.0654981652555], [-122.683113648523, 49.0654936038152], [-122.6831986988, 49.0655045482732], [-122.68328361299, 49.06553691156], [-122.683332118009, 49.0655989267239], [-122.683351615849, 49.0656656218272], [-122.683342289241, 49.0657084374671], [-122.683293148823, 49.0657463843285]]]}, "properties": {"PLAN_AREA": "Campbell Heights", "PLAN_TYPE": "Local Area Plan", "PLAN_YEAR": 2000, "PLAN_STATUS": "Stage 2 Approved (See Surrey 2025 OCP)", "LAND_USE": "Tree Preservation Opportunities"}}, {"type": "Feature", "geometry": {"type": "Polygon", "coordinates": [[[-122.683273523768, 49.0644172088041], [-122.683184242066, 49.0644455245916], [-122.683099441491, 49.0644524315456], [-122.682993082919, 49.064432146895], [-122.682919376123, 49.064403383605], [-122.682849587299, 49.0644417494218], [-122.682782155412, 49.06445155995], [-122.682690844968, 49.0644570211204], [-122.68261051801, 49.0644439483363], [-122.682541148706, 49.0644166243237], [-122.682487219936, 49.0643536421651], [-122.682461441943, 49.0643064454363], [-122.682481427542, 49.0642393829283], [-122.682402956346, 49.0642762960994], [-122.682335559636, 49.0642803942985], [-122.682244313191, 49.0642758594526], [-122.682164041293, 49.0642542173614], [-122.682103419875, 49.0642183498256], [-122.682060293317, 49.0641653930562], [-122.682067232599, 49.0640997222705], [-122.682080608711, 49.0640469220359], [-122.682124454755, 49.0639870641649], [-122.682239896229, 49.0639459683968], [-122.682383335924, 49.0639449356219], [-122.682506907097, 49.0639924005226], [-122.682532748651, 49.0640296006796], [-122.682562900207, 49.0640725257494], [-122.682576403127, 49.0639997323279], [-122.682622411924, 49.0639413087067], [-122.682748764857, 49.0638931026764], [-122.682870416824, 49.0639005776543], [-122.682976721077, 49.0639294305197], [-122.683035024973, 49.0639881398955], [-122.683056393425, 49.0640453211289], [-122.68306690444, 49.0641010440533], [-122.683058066426, 49.0641238684452], [-122.683121134676, 49.0641169009585], [-122.683223191652, 49.0641300339299], [-122.683298999487, 49.0641702271228], [-122.683344408753, 49.0642060522963], [-122.68335714843, 49.0642532130592], [-122.683365451037, 49.064314641161], [-122.683321542675, 49.0643844951671], [-122.683273523768, 49.0644172088041]]]}, "properties": {"PLAN_AREA": "Campbell Heights", "PLAN_TYPE": "Local Area Plan", "PLAN_YEAR": 2000, "PLAN_STATUS": "Stage 2 Approved (See Surrey 2025 OCP)", "LAND_USE": "Tree Preservation Opportunities"}}, {"type": "Feature", "geometry": {"type": "Polygon", "coordinates": [[[-122.683441260291, 49.0627695148621], [-122.683466143616, 49.062843365408], [-122.683462039173, 49.0629195166704], [-122.68340004281, 49.0629859882673], [-122.683298449117, 49.0630142703751], [-122.683178835522, 49.0630282225145], [-122.683066768782, 49.0629945944673], [-122.682980146415, 49.0629467548867], [-122.682962536873, 49.0628681637786], [-122.682962960787, 49.0628015233002], [-122.68297037151, 49.0627753630428], [-122.682883704182, 49.0627346639222], [-122.682829739075, 49.0626773930716], [-122.682808492629, 49.0626011730607], [-122.682848802287, 49.0625275006291], [-122.682925194875, 49.0624753492902], [-122.68299055458, 49.0624493482128], [-122.682983582936, 49.0624064878122], [-122.682947607255, 49.0623683072797], [-122.68293342319, 49.0623206666236], [-122.682882838225, 49.0623014876921], [-122.682847103647, 49.0622252269757], [-122.682847482273, 49.062165726125], [-122.68284789119, 49.0621014649177], [-122.682906083437, 49.0620635439927], [-122.68297507979, 49.062035172694], [-122.683036801716, 49.0620115418162], [-122.683008084118, 49.0619710010123], [-122.682964925217, 49.0619232816737], [-122.682947240354, 49.0618565905412], [-122.682973032203, 49.0617876386151], [-122.683063985898, 49.0617236269747], [-122.683201674846, 49.0617144850076], [-122.683303131205, 49.0617076227824], [-122.683379021755, 49.0617340116142], [-122.683451048506, 49.0617984715154], [-122.683465022679, 49.0618794319134], [-122.683450050843, 49.0619555542829], [-122.683395406948, 49.0620053854149], [-122.683533081503, 49.0619986232325], [-122.683641418533, 49.0620489012487], [-122.683680880617, 49.0621085112991], [-122.68370214329, 49.0621823518796], [-122.683661804966, 49.0622607840735], [-122.683596264546, 49.0623153458711], [-122.683501945318, 49.0623388876632], [-122.683451240557, 49.0623387486094], [-122.683476306435, 49.0623840388249], [-122.683490444328, 49.0624388190455], [-122.683580840848, 49.0624628681994], [-122.683627789066, 49.0624844170749], [-122.683652840063, 49.062532088329], [-122.683666964453, 49.0625892487088], [-122.683677466791, 49.0626463991596], [-122.683644538414, 49.0626986701363], [-122.683560903411, 49.0627508029924], [-122.683441260291, 49.0627695148621]]]}, "properties": {"PLAN_AREA": "Campbell Heights", "PLAN_TYPE": "Local Area Plan", "PLAN_YEAR": 2000, "PLAN_STATUS": "Stage 2 Approved (See Surrey 2025 OCP)", "LAND_USE": "Tree Preservation Opportunities"}}, {"type": "Feature", "geometry": {"type": "Polygon", "coordinates": [[[-122.694082469439, 49.0583320837753], [-122.694095557459, 49.0584124459699], [-122.694063319789, 49.0585016125022], [-122.693922619093, 49.0585607413748], [-122.693831988424, 49.0585753769196], [-122.693732394618, 49.0585751126792], [-122.693619550293, 49.0585212618105], [-122.693579247524, 49.0584497517913], [-122.693570686864, 49.0583694015585], [-122.693589032114, 49.0583307748241], [-122.693507730601, 49.0583008070905], [-122.693457818554, 49.0582605706023], [-122.693438517602, 49.0582191065527], [-122.693434681137, 49.0581362698925], [-122.693465444493, 49.0580806565912], [-122.693515701855, 49.0580350926969], [-122.693591895002, 49.0580124463205], [-122.69367669938, 49.0580026755826], [-122.693587768621, 49.0579767347497], [-122.693564181933, 49.0579252625926], [-122.69354934975, 49.0578638169272], [-122.693545355101, 49.0578066846138], [-122.693610937225, 49.0577425963614], [-122.69370677305, 49.0577057216247], [-122.693824214928, 49.0576888967253], [-122.693908897318, 49.0576991180908], [-122.69400859652, 49.0577407952476], [-122.694056084838, 49.0577923315762], [-122.694059992427, 49.0578637440674], [-122.694059659379, 49.057918008805], [-122.693983186055, 49.0579863521115], [-122.694104842881, 49.0579909582921], [-122.69417647084, 49.0580040009455], [-122.694237040881, 49.0580484302975], [-122.694282469983, 49.0580813960709], [-122.694290750028, 49.0581485364545], [-122.694283837836, 49.0582127805107], [-122.694224774052, 49.0582768855102], [-122.694161575903, 49.058306707402], [-122.694082469439, 49.0583320837753]]]}, "properties": {"PLAN_AREA": "Campbell Heights", "PLAN_TYPE": "Local Area Plan", "PLAN_YEAR": 2000, "PLAN_STATUS": "Stage 2 Approved (See Surrey 2025 OCP)", "LAND_USE": "Tree Preservation Opportunities"}}, {"type": "Feature", "geometry": {"type": "Polygon", "coordinates": [[[-122.69251090001, 49.0578282104231], [-122.692428003591, 49.0578808266696], [-122.692347483299, 49.0579006046585], [-122.692288768634, 49.0579075887957], [-122.692191032509, 49.0579001875139], [-122.692126039288, 49.0578685972212], [-122.692074180615, 49.0578213339154], [-122.692041939242, 49.057764126183], [-122.692029325314, 49.0576955455748], [-122.692064321068, 49.0576585098404], [-122.691968934159, 49.0576225546824], [-122.691904082657, 49.0575681159569], [-122.69190240471, 49.0574881410823], [-122.691920211463, 49.0574196425618], [-122.691994451411, 49.0573612896044], [-122.69205543334, 49.057338603645], [-122.692142401619, 49.0573302674006], [-122.692064354233, 49.0573014983336], [-122.692021267134, 49.0572414055666], [-122.692012910883, 49.0571871176397], [-122.692026336336, 49.0571243195791], [-122.692072310042, 49.0570687490244], [-122.692168145708, 49.0570318746612], [-122.692324629027, 49.0570265797538], [-122.692422311962, 49.0570425490402], [-122.692476395199, 49.0570812507661], [-122.692502196605, 49.0571255883906], [-122.692512700512, 49.0571841665824], [-122.692499240419, 49.0572526767775], [-122.692459802602, 49.0573054088307], [-122.69240310498, 49.0573381031717], [-122.692535791155, 49.0573156080386], [-122.692633518753, 49.0573244366002], [-122.692702866165, 49.0573546097111], [-122.69273948765, 49.0574061167524], [-122.692754293662, 49.0574718470359], [-122.692740842621, 49.0575389296868], [-122.692703603448, 49.0575873839955], [-122.692616335419, 49.0576442733174], [-122.692514113029, 49.057659709044], [-122.692537802833, 49.0576940451809], [-122.692546150928, 49.0577497615353], [-122.692545860269, 49.0577968866199], [-122.69251090001, 49.0578282104231]]]}, "properties": {"PLAN_AREA": "Campbell Heights", "PLAN_TYPE": "Local Area Plan", "PLAN_YEAR": 2000, "PLAN_STATUS": "Stage 2 Approved (See Surrey 2025 OCP)", "LAND_USE": "Tree Preservation Opportunities"}}, {"type": "Feature", "geometry": {"type": "Polygon", "coordinates": [[[-122.694398175288, 49.0573912377937], [-122.694397475261, 49.0572582646927], [-122.694404301833, 49.0571693141274], [-122.694421783887, 49.0570935864389], [-122.694438883031, 49.0570242697579], [-122.694447672685, 49.0569618288594], [-122.694450322751, 49.0569006175888], [-122.694449320427, 49.0566878684761], [-122.694531156788, 49.056634237764], [-122.69675961633, 49.0566429137676], [-122.696841794497, 49.0566971838887], [-122.696882232953, 49.0566976202377], [-122.69689088264, 49.0589037767372], [-122.696891801427, 49.0591434572737], [-122.694433517541, 49.0591370605308], [-122.694430223597, 49.0585255672013], [-122.694426960637, 49.0584672467525], [-122.694418227166, 49.058414862371], [-122.694411217062, 49.058376762077], [-122.694406025147, 49.0583374773856], [-122.694398175288, 49.0573912377937]]]}, "properties": {"PLAN_AREA": "Campbell Heights", "PLAN_TYPE": "Local Area Plan", "PLAN_YEAR": 2000, "PLAN_STATUS": "Stage 2 Approved (See Surrey 2025 OCP)", "LAND_USE": "Business Park"}}, {"type": "Feature", "geometry": {"type": "Polygon", "coordinates": [[[-122.68580820166, 49.0602635075734], [-122.685805150356, 49.0602852450889], [-122.685887652416, 49.0603390920749], [-122.685888094032, 49.0603980392599], [-122.685705661011, 49.0603979114316], [-122.683986476883, 49.0603965741932], [-122.682748075985, 49.0603957099143], [-122.682746965255, 49.0602609599425], [-122.683985274088, 49.0602619993967], [-122.685704454382, 49.0602634257015], [-122.68580820166, 49.0602635075734]]]}, "properties": {"PLAN_AREA": "Campbell Heights", "PLAN_TYPE": "Local Area Plan", "PLAN_YEAR": 2000, "PLAN_STATUS": "Stage 2 Approved (See Surrey 2025 OCP)", "LAND_USE": "Landscaping Strips"}}, {"type": "Feature", "geometry": {"type": "Polygon", "coordinates": [[[-122.682913100676, 49.0535324288217], [-122.682913521138, 49.0536259945152], [-122.682995212829, 49.0537633111417], [-122.683036776123, 49.0538329231316], [-122.683096863531, 49.0539511403611], [-122.683129572793, 49.0540464336913], [-122.68313890328, 49.0540978688849], [-122.683150066786, 49.0541645412767], [-122.683154071026, 49.0548451475474], [-122.683116299444, 49.0573691155395], [-122.683103040981, 49.0574607113686], [-122.68308431343, 49.0575582436306], [-122.683043750916, 49.0576723756771], [-122.682970639413, 49.0577792785393], [-122.682892346174, 49.0578468961627], [-122.682785125616, 49.0579072926664], [-122.682687003231, 49.0579605752193], [-122.682599653589, 49.0580281668436], [-122.682510389457, 49.058112413784], [-122.682450064676, 49.0582015007235], [-122.682393285624, 49.058302497594], [-122.68233985647, 49.0584463458366], [-122.682317300492, 49.0585759977077], [-122.682309217649, 49.0586604121375], [-122.68231398299, 49.0598828026685], [-122.681799544813, 49.0598823624319], [-122.681576213743, 49.0597644500158], [-122.681385445712, 49.0595634173891], [-122.681347760999, 49.0595699709528], [-122.681194488245, 49.0593708415256], [-122.681233792401, 49.0590463944682], [-122.681326782223, 49.0587174161411], [-122.681703057416, 49.0584623477079], [-122.682118709811, 49.0581914688832], [-122.682067765101, 49.0580662958757], [-122.681875556333, 49.0580490381243], [-122.681673516564, 49.0580065663103], [-122.681511099299, 49.0579540385211], [-122.681459329708, 49.0578294926507], [-122.681479722321, 49.0576578302565], [-122.681601189648, 49.0572619241926], [-122.681589967837, 49.0571109542555], [-122.681626716564, 49.0569285422806], [-122.681589841632, 49.0566359170459], [-122.681533262563, 49.0565145054528], [-122.68155860243, 49.0563396182598], [-122.681534150974, 49.0561813253956], [-122.681476559182, 49.0559179675088], [-122.681563053756, 49.0556399828525], [-122.681586626421, 49.0550544510986], [-122.68154338243, 49.0549243496819], [-122.681610230246, 49.0547224076927], [-122.681621961666, 49.0545564748424], [-122.681669841855, 49.0543668943413], [-122.681851037508, 49.054090334586], [-122.682047485662, 49.0538040123026], [-122.682176271605, 49.0532450334698], [-122.68218414438, 49.0531260466824], [-122.682910325637, 49.0531269070805], [-122.682913100676, 49.0535324288217]]]}, "properties": {"PLAN_AREA": "Campbell Heights", "PLAN_TYPE": "Local Area Plan", "PLAN_YEAR": 2000, "PLAN_STATUS": "Stage 2 Approved (See Surrey 2025 OCP)", "LAND_USE": "Business Park"}}, {"type": "Feature", "geometry": {"type": "Polygon", "coordinates": [[[-122.702350461589, 49.0458909874502], [-122.702364102258, 49.0458910010408], [-122.702364117142, 49.0458999714536], [-122.702350461589, 49.0458909874502]]]}, "properties": {"PLAN_AREA": "Campbell Heights", "PLAN_TYPE": "Local Area Plan", "PLAN_YEAR": 2000, "PLAN_STATUS": "Stage 2 Approved (See Surrey 2025 OCP)", "LAND_USE": "Technology Park or Business Park"}}, {"type": "Feature", "geometry": {"type": "Polygon", "coordinates": [[[-122.68588805992, 49.0603934604366], [-122.685890580463, 49.0607296270657], [-122.685888101116, 49.0608054869091], [-122.685876274913, 49.0608794286513], [-122.685857505696, 49.0609453472621], [-122.68581754906, 49.0610375435394], [-122.685775420573, 49.0611079161055], [-122.685713603737, 49.0611966956919], [-122.68566140367, 49.0612777787647], [-122.68561781282, 49.0613644238176], [-122.685591978362, 49.0614320655709], [-122.68556836071, 49.0615208681674], [-122.685555053125, 49.0616236041521], [-122.685554903072, 49.0617797438161], [-122.685566011978, 49.0629565946798], [-122.685566856371, 49.0629583673019], [-122.685557929764, 49.0629674581608], [-122.685542812944, 49.062998452479], [-122.685541069578, 49.0630363189408], [-122.685556308312, 49.0630727923836], [-122.685581064575, 49.0630978674199], [-122.685594002428, 49.0631086973086], [-122.685604220054, 49.0643757868779], [-122.684017949362, 49.0643770583606], [-122.682860478349, 49.0643794303928], [-122.682778183306, 49.0643256466198], [-122.682776441455, 49.0638362361041], [-122.682748071545, 49.0603951170959], [-122.683986377641, 49.0603906368641], [-122.68588805992, 49.0603934604366]]]}, "properties": {"PLAN_AREA": "Campbell Heights", "PLAN_TYPE": "Local Area Plan", "PLAN_YEAR": 2000, "PLAN_STATUS": "Stage 2 Approved (See Surrey 2025 OCP)", "LAND_USE": "Business Park"}}, {"type": "Feature", "geometry": {"type": "Polygon", "coordinates": [[[-122.686299333998, 49.0602638926838], [-122.687382444059, 49.0602647364254], [-122.687383341609, 49.060283135638], [-122.687424646193, 49.0603100551207], [-122.687425489442, 49.0603991069649], [-122.687424854294, 49.0603991070439], [-122.686216485787, 49.0603982695573], [-122.686216042374, 49.0603386764891], [-122.686297734757, 49.0602846221605], [-122.686299333998, 49.0602638926838]]]}, "properties": {"PLAN_AREA": "Campbell Heights", "PLAN_TYPE": "Local Area Plan", "PLAN_YEAR": 2000, "PLAN_STATUS": "Stage 2 Approved (See Surrey 2025 OCP)", "LAND_USE": "Landscaping Strips"}}, {"type": "Feature", "geometry": {"type": "Polygon", "coordinates": [[[-122.686216452786, 49.0603939444113], [-122.687425457302, 49.0603957191571], [-122.687436671803, 49.0615791218315], [-122.687355082517, 49.0616331835308], [-122.68596563586, 49.061635060596], [-122.685888813063, 49.061581333484], [-122.685896828907, 49.0615381632164], [-122.685907885843, 49.0614955148693], [-122.685933072331, 49.0614254982596], [-122.685958019126, 49.061372872968], [-122.685993541065, 49.0613123279831], [-122.686043576017, 49.0612430464171], [-122.686083827815, 49.061185449514], [-122.686117022549, 49.0611300948831], [-122.686142071924, 49.0610813415088], [-122.686171490761, 49.0610114874766], [-122.686192676426, 49.0609452263589], [-122.686206682997, 49.0608838608817], [-122.686216117957, 49.0608152514584], [-122.686219091611, 49.060748856261], [-122.686216452786, 49.0603939444113]]]}, "properties": {"PLAN_AREA": "Campbell Heights", "PLAN_TYPE": "Local Area Plan", "PLAN_YEAR": 2000, "PLAN_STATUS": "Stage 2 Approved (See Surrey 2025 OCP)", "LAND_USE": "Business Park"}}, {"type": "Feature", "geometry": {"type": "Polygon", "coordinates": [[[-122.685884399923, 49.0598857933784], [-122.685910790989, 49.0598858157256], [-122.685911722947, 49.0600207495921], [-122.685803029229, 49.0600206597446], [-122.685803115884, 49.0599956208897], [-122.685884812199, 49.0599415758565], [-122.685884399923, 49.0598857933784]]]}, "properties": {"PLAN_AREA": "Campbell Heights", "PLAN_TYPE": "Local Area Plan", "PLAN_YEAR": 2000, "PLAN_STATUS": "Stage 2 Approved (See Surrey 2025 OCP)", "LAND_USE": "Landscaping Strips"}}, {"type": "Feature", "geometry": {"type": "Polygon", "coordinates": [[[-122.686189893023, 49.0567803198726], [-122.68980855708, 49.0567726922708], [-122.689917513947, 49.0567691673458], [-122.690024762371, 49.0567562130955], [-122.690132375504, 49.0567330209936], [-122.690287609357, 49.0566810925806], [-122.690511794481, 49.0566014662788], [-122.690625179633, 49.056573550341], [-122.690765524952, 49.0565551077764], [-122.691127415507, 49.0565519011065], [-122.691150668869, 49.0591216917862], [-122.690015277954, 49.0591187162904], [-122.690020162555, 49.0598889915982], [-122.68999444219, 49.0598889737912], [-122.686213270014, 49.05988604298], [-122.686189893023, 49.0567803198726]]]}, "properties": {"PLAN_AREA": "Campbell Heights", "PLAN_TYPE": "Local Area Plan", "PLAN_YEAR": 2000, "PLAN_STATUS": "Stage 2 Approved (See Surrey 2025 OCP)", "LAND_USE": "Business Park"}}, {"type": "Feature", "geometry": {"type": "Polygon", "coordinates": [[[-122.691125759723, 49.0563704717889], [-122.69110316283, 49.0538713128983], [-122.689926613078, 49.0538759156786], [-122.68992331335, 49.0531261464817], [-122.686162421823, 49.0531303485468], [-122.686161405734, 49.052995415192], [-122.689918672541, 49.0529912034281], [-122.689922660019, 49.0529882456091], [-122.689991093571, 49.0529880687274], [-122.690001748986, 49.0538325781518], [-122.691198566537, 49.0538259598604], [-122.691306693745, 49.0538256176306], [-122.691308062395, 49.0538256212914], [-122.691308451226, 49.0538735677178], [-122.691307082575, 49.0538735640571], [-122.691330279864, 49.0563746729414], [-122.691202829935, 49.0563701760692], [-122.691125759723, 49.0563704717889]]]}, "properties": {"PLAN_AREA": "Campbell Heights", "PLAN_TYPE": "Local Area Plan", "PLAN_YEAR": 2000, "PLAN_STATUS": "Stage 2 Approved (See Surrey 2025 OCP)", "LAND_USE": "Landscaping Strips"}}, {"type": "Feature", "geometry": {"type": "Polygon", "coordinates": [[[-122.697119144692, 49.0458853971945], [-122.702350461589, 49.0458909874502], [-122.702364117142, 49.0458999714536], [-122.702366425588, 49.0473630604004], [-122.702284413248, 49.0474168995853], [-122.699736119037, 49.0474132905397], [-122.697194646152, 49.0474096062416], [-122.697112298267, 49.0473555364302], [-122.697104933936, 49.045894754864], [-122.697119144692, 49.0458853971945]]]}, "properties": {"PLAN_AREA": "Campbell Heights", "PLAN_TYPE": "Local Area Plan", "PLAN_YEAR": 2000, "PLAN_STATUS": "Stage 2 Approved (See Surrey 2025 OCP)", "LAND_USE": "Technology Park or Business Park"}}, {"type": "Feature", "geometry": {"type": "Polygon", "coordinates": [[[-122.702350461589, 49.0458909874502], [-122.697119144692, 49.0458853971945], [-122.697186734649, 49.0458408936008], [-122.702282584639, 49.0458463329121], [-122.702350461589, 49.0458909874502]]]}, "properties": {"PLAN_AREA": "Campbell Heights", "PLAN_TYPE": "Local Area Plan", "PLAN_YEAR": 2000, "PLAN_STATUS": "Stage 2 Approved (See Surrey 2025 OCP)", "LAND_USE": "Landscaping Strips"}}, {"type": "Feature", "geometry": {"type": "Polygon", "coordinates": [[[-122.68231398299, 49.0598828026685], [-122.682314508294, 49.0600177291544], [-122.681882201547, 49.0600173588041], [-122.681883100997, 49.0598824335438], [-122.68231398299, 49.0598828026685]]]}, "properties": {"PLAN_AREA": "Campbell Heights", "PLAN_TYPE": "Local Area Plan", "PLAN_YEAR": 2000, "PLAN_STATUS": "Stage 2 Approved (See Surrey 2025 OCP)", "LAND_USE": "Landscaping Strips"}}, {"type": "Feature", "geometry": {"type": "Polygon", "coordinates": [[[-122.682909399078, 49.0529913316547], [-122.682910320508, 49.0531262072124], [-122.682341817325, 49.0531253995009], [-122.682184007517, 49.0531260463055], [-122.68219071171, 49.0529902678962], [-122.682283549087, 49.0529903993659], [-122.682322828631, 49.0529905074915], [-122.682323788037, 49.0529905101323], [-122.682909399078, 49.0529913316547]]]}, "properties": {"PLAN_AREA": "Campbell Heights", "PLAN_TYPE": "Local Area Plan", "PLAN_YEAR": 2000, "PLAN_STATUS": "Stage 2 Approved (See Surrey 2025 OCP)", "LAND_USE": "Landscaping Strips"}}, {"type": "Feature", "geometry": {"type": "Polygon", "coordinates": [[[-122.706597491063, 49.0458501050896], [-122.706597436652, 49.0458774955367], [-122.702679583211, 49.0458735064641], [-122.702720305018, 49.0458467542168], [-122.706597491063, 49.0458501050896]]]}, "properties": {"PLAN_AREA": "Campbell Heights", "PLAN_TYPE": "Local Area Plan", "PLAN_YEAR": 2000, "PLAN_STATUS": "Stage 2 Approved (See Surrey 2025 OCP)", "LAND_USE": "Landscaping Strips"}}, {"type": "Feature", "geometry": {"type": "Polygon", "coordinates": [[[-122.702366121199, 49.0492065589501], [-122.697094337473, 49.0492054898417], [-122.697086426002, 49.0476372877298], [-122.697168229421, 49.0475834561865], [-122.699736712809, 49.047587180753], [-122.702284660096, 49.0475907897844], [-122.702366799137, 49.04764485626], [-122.702366121199, 49.0492065589501]]]}, "properties": {"PLAN_AREA": "Campbell Heights", "PLAN_TYPE": "Local Area Plan", "PLAN_YEAR": 2000, "PLAN_STATUS": "Stage 2 Approved (See Surrey 2025 OCP)", "LAND_USE": "Technology Park or Business Park"}}, {"type": "Feature", "geometry": {"type": "Polygon", "coordinates": [[[-122.700660371694, 49.0643989991213], [-122.702213145067, 49.064403015807], [-122.702214228412, 49.0644033910172], [-122.702214743301, 49.0644913407724], [-122.702215271763, 49.0645822887725], [-122.702214277749, 49.0645827710671], [-122.700659412501, 49.064578748975], [-122.7006598911, 49.0644972452894], [-122.700660371694, 49.0643989991213]]]}, "properties": {"PLAN_AREA": "Campbell Heights", "PLAN_TYPE": "Local Area Plan", "PLAN_YEAR": 2000, "PLAN_STATUS": "Stage 2 Approved (See Surrey 2025 OCP)", "LAND_USE": "Open Space Corridors/Buffers"}}, {"type": "Feature", "geometry": {"type": "Polygon", "coordinates": [[[-122.700660371694, 49.0643989991213], [-122.700663712976, 49.0638299431273], [-122.700673232566, 49.0622084559876], [-122.700676051069, 49.0617282050662], [-122.700678870871, 49.0612479532085], [-122.700681690598, 49.0607677013105], [-122.700683736416, 49.0604190476119], [-122.702190898638, 49.0604159919319], [-122.702214228412, 49.0644033910172], [-122.702213145067, 49.064403015807], [-122.700660371694, 49.0643989991213]]]}, "properties": {"PLAN_AREA": "Campbell Heights", "PLAN_TYPE": "Local Area Plan", "PLAN_YEAR": 2000, "PLAN_STATUS": "Stage 2 Approved (See Surrey 2025 OCP)", "LAND_USE": "Business Park"}}, {"type": "Feature", "geometry": {"type": "Polygon", "coordinates": [[[-122.70028264814, 49.0675075679056], [-122.700307357834, 49.0674459191438], [-122.700300380555, 49.0673866105983], [-122.700261005512, 49.0673276551043], [-122.70119474087, 49.0673307922167], [-122.701151724514, 49.0674339189293], [-122.70111954239, 49.0675103794494], [-122.70028264814, 49.0675075679056]]]}, "properties": {"PLAN_AREA": "Campbell Heights", "PLAN_TYPE": "Local Area Plan", "PLAN_YEAR": 2000, "PLAN_STATUS": "Stage 2 Approved (See Surrey 2025 OCP)", "LAND_USE": "Open Space Corridors/Buffers"}}, {"type": "Feature", "geometry": {"type": "Polygon", "coordinates": [[[-122.700261005512, 49.0673276551043], [-122.700219015334, 49.0672951576498], [-122.700143263698, 49.0672619104031], [-122.700065265614, 49.0672470792125], [-122.700000664835, 49.0672461476007], [-122.699915882461, 49.0672603155529], [-122.699849209417, 49.0672868067356], [-122.699794253562, 49.0673260858155], [-122.697235772078, 49.0673174463876], [-122.697153985117, 49.0672632172655], [-122.697169670063, 49.0646235971307], [-122.697252093535, 49.064569861749], [-122.700659412501, 49.064578748975], [-122.702214277749, 49.0645827710671], [-122.702215271763, 49.0645822887725], [-122.702221013619, 49.0655717383473], [-122.701967809898, 49.0660149090157], [-122.701398381742, 49.0668425732499], [-122.70119474087, 49.0673307922167], [-122.700261005512, 49.0673276551043]]]}, "properties": {"PLAN_AREA": "Campbell Heights", "PLAN_TYPE": "Local Area Plan", "PLAN_YEAR": 2000, "PLAN_STATUS": "Stage 2 Approved (See Surrey 2025 OCP)", "LAND_USE": "Business Park"}}, {"type": "Feature", "geometry": {"type": "Polygon", "coordinates": [[[-122.696839211002, 49.0709707795615], [-122.696840580216, 49.0709707678654], [-122.69888829446, 49.0709592749419], [-122.698830999233, 49.071049544858], [-122.698765627161, 49.071139820652], [-122.696275337009, 49.0711508070251], [-122.696356864822, 49.0711426305054], [-122.69644837772, 49.0711275005619], [-122.696546117471, 49.0711038231787], [-122.696617559989, 49.0710810382163], [-122.696668358301, 49.0710616541388], [-122.696743755706, 49.0710272464807], [-122.69680216463, 49.0709950961028], [-122.696839211002, 49.0709707795615]]]}, "properties": {"PLAN_AREA": "Campbell Heights", "PLAN_TYPE": "Local Area Plan", "PLAN_YEAR": 2000, "PLAN_STATUS": "Stage 2 Approved (See Surrey 2025 OCP)", "LAND_USE": "Open Space Corridors/Buffers"}}, {"type": "Feature", "geometry": {"type": "Polygon", "coordinates": [[[-122.696275337009, 49.0711508070251], [-122.698765627161, 49.071139820652], [-122.698550841535, 49.071436825493], [-122.698428035844, 49.0716065857378], [-122.698343055543, 49.0717240565885], [-122.698139365815, 49.0720138779256], [-122.698033057078, 49.0721651393086], [-122.697961297106, 49.0722672423223], [-122.697835990376, 49.0724107455406], [-122.697618830679, 49.0726594382268], [-122.697511410952, 49.0728901374439], [-122.697324965343, 49.0730424106047], [-122.697215491398, 49.0732074809287], [-122.697011056397, 49.0734171652654], [-122.696527599291, 49.0739130289499], [-122.69595204952, 49.0744980319878], [-122.695223499173, 49.0745217190066], [-122.694825807376, 49.0745125578658], [-122.694592668413, 49.0745071655081], [-122.694369442803, 49.0745109230834], [-122.694378681706, 49.0730048925036], [-122.694461128931, 49.0729511592451], [-122.695627918105, 49.0729542419604], [-122.69566955879, 49.0729832741565], [-122.695746814349, 49.0730106397992], [-122.695837825595, 49.073017046095], [-122.695911557607, 49.0730043785732], [-122.695966511654, 49.0729817358864], [-122.696004229098, 49.0729552336773], [-122.696045540594, 49.0728921579375], [-122.696041753096, 49.0728262269895], [-122.696011877932, 49.0727816897501], [-122.695968868422, 49.0727492267775], [-122.695901833882, 49.072722579067], [-122.695817555188, 49.0727119590709], [-122.695742081382, 49.0727200153354], [-122.695669880121, 49.0727461944594], [-122.695629016763, 49.072774406409], [-122.6944622318, 49.0727713237132], [-122.694380446771, 49.0727171556547], [-122.694389696025, 49.0712092877469], [-122.694458402817, 49.0711639424012], [-122.696217109989, 49.07115371047], [-122.696275337009, 49.0711508070251]]]}, "properties": {"PLAN_AREA": "Campbell Heights", "PLAN_TYPE": "Local Area Plan", "PLAN_YEAR": 2000, "PLAN_STATUS": "Stage 2 Approved (See Surrey 2025 OCP)", "LAND_USE": "Business Park"}}, {"type": "Feature", "geometry": {"type": "Polygon", "coordinates": [[[-122.68588911199, 49.0421283071195], [-122.68691311608, 49.0421259190554], [-122.686917424011, 49.0421252074986], [-122.686916230232, 49.0421274792396], [-122.686930428182, 49.043837853262], [-122.686944622169, 49.0455483149198], [-122.685921537725, 49.0455486629188], [-122.685916914208, 49.0450903451992], [-122.68588911199, 49.0421283071195]]]}, "properties": {"PLAN_AREA": "Campbell Heights", "PLAN_TYPE": "Local Area Plan", "PLAN_YEAR": 2000, "PLAN_STATUS": "Stage 2 Approved (See Surrey 2025 OCP)", "LAND_USE": "Open Space Corridors/Buffers"}}, {"type": "Feature", "geometry": {"type": "Polygon", "coordinates": [[[-122.685590411205, 49.0452723198], [-122.68559322113, 49.0455431236385], [-122.685353444504, 49.0455390770354], [-122.685353882575, 49.0454041438605], [-122.685590411205, 49.0452723198]]]}, "properties": {"PLAN_AREA": "Campbell Heights", "PLAN_TYPE": "Local Area Plan", "PLAN_YEAR": 2000, "PLAN_STATUS": "Stage 2 Approved (See Surrey 2025 OCP)", "LAND_USE": "Open Space Corridors/Buffers"}}, {"type": "Feature", "geometry": {"type": "Polygon", "coordinates": [[[-122.697468542321, 49.0404418367737], [-122.697499686727, 49.0401965201294], [-122.697506905427, 49.0401395098264], [-122.697526384909, 49.0401071750267], [-122.697636139077, 49.0399249433879], [-122.697768956181, 49.0398190517936], [-122.698270256501, 49.0398259273153], [-122.698700318019, 49.0400974416215], [-122.698950682132, 49.0402851021365], [-122.699055903455, 49.0403523908792], [-122.699099120127, 49.0403800264175], [-122.699425914748, 49.0402585292623], [-122.699694706381, 49.0401903265467], [-122.699743163409, 49.0401780297473], [-122.700085699467, 49.0401010115976], [-122.700694185497, 49.0398716696166], [-122.700969684878, 49.0395635676252], [-122.70117993978, 49.0393247526542], [-122.701189139551, 49.0393143299169], [-122.701202411604, 49.0393143633814], [-122.701511364395, 49.0393151583928], [-122.701813238801, 49.0393556029627], [-122.701994325786, 49.0394827229806], [-122.701994427092, 49.0394870654049], [-122.702001621491, 49.0397974006249], [-122.702024023331, 49.0400108289248], [-122.70201656263, 49.0401838817501], [-122.70200591212, 49.0404561447783], [-122.701637592695, 49.0406806239224], [-122.701062016073, 49.0408056184318], [-122.700822819719, 49.0408516864924], [-122.700818981085, 49.0408524555574], [-122.699831842489, 49.0410425341642], [-122.699185375195, 49.0410084875325], [-122.69861918523, 49.0409364130795], [-122.698243617081, 49.0407942156088], [-122.697846810562, 49.0405892621786], [-122.697468542321, 49.0404418367737]]]}, "properties": {"PLAN_AREA": "Campbell Heights", "PLAN_TYPE": "Local Area Plan", "PLAN_YEAR": 2000, "PLAN_STATUS": "Stage 2 Approved (See Surrey 2025 OCP)", "LAND_USE": "Business Park"}}, {"type": "Feature", "geometry": {"type": "Polygon", "coordinates": [[[-122.689959756783, 49.0475521379124], [-122.689970500915, 49.0486196761789], [-122.689970420173, 49.048619675962], [-122.688981376366, 49.0486198295222], [-122.687381686782, 49.0486199557133], [-122.686970455172, 49.0485300656678], [-122.686961047291, 49.0474759349734], [-122.686953255673, 49.0466003730899], [-122.686946519198, 49.0458405868431], [-122.69109805157, 49.0458353809379], [-122.691158155037, 49.0458752104312], [-122.691172059511, 49.0473690542898], [-122.691167524612, 49.0473721006453], [-122.689175799502, 49.047372298489], [-122.689162704779, 49.0473605977771], [-122.68914806677, 49.0473497160007], [-122.689132002624, 49.0473397398323], [-122.689114643206, 49.0473307514833], [-122.689096127655, 49.0473228223929], [-122.689076604742, 49.0473160159303], [-122.68905623286, 49.0473103882942], [-122.689035174582, 49.0473059840006], [-122.689013600751, 49.0473028376923], [-122.688991684999, 49.0473009759244], [-122.688969602399, 49.0473004135613], [-122.688948272891, 49.0473011000085], [-122.68892711372, 49.0473029995126], [-122.688906282365, 49.0473060954065], [-122.688885939063, 49.0473103674326], [-122.688866237297, 49.0473157818219], [-122.688847321011, 49.0473222975832], [-122.688829334199, 49.047329866529], [-122.688812414065, 49.0473384314581], [-122.688796686912, 49.0473479279437], [-122.68878226951, 49.0473582843364], [-122.688769271825, 49.047369422672], [-122.68875779154, 49.0473812595558], [-122.688747914064, 49.0473937052628], [-122.688739715235, 49.0474066682432], [-122.688733254529, 49.0474200479077], [-122.688728584565, 49.0474337454471], [-122.688725736097, 49.0474476574958], [-122.688724730301, 49.047461680662], [-122.688725601444, 49.0474758060425], [-122.688728346216, 49.0474899067911], [-122.688732965785, 49.0475037958031], [-122.688739419779, 49.047517364123], [-122.688747659579, 49.0475305081706], [-122.688757622877, 49.0475431252279], [-122.688769232259, 49.0475551206324], [-122.688782398008, 49.0475663978892], [-122.688797019374, 49.0475768739668], [-122.688812980553, 49.0475864657934], [-122.688830162941, 49.0475951001845], [-122.688848431479, 49.0476027093087], [-122.6888676442, 49.0476092361109], [-122.688887654995, 49.0476146289219], [-122.688908309477, 49.0476188468452], [-122.688929444992, 49.0476218579575], [-122.688950902947, 49.0476236375432], [-122.688972515091, 49.0476241734543], [-122.68899432395, 49.0476234487139], [-122.68901595049, 49.0476214569031], [-122.689037222177, 49.0476182137491], [-122.689057974638, 49.0476137439969], [-122.689078042059, 49.0476080831823], [-122.689097268148, 49.0476012767619], [-122.689115502045, 49.0475933765041], [-122.689132598293, 49.0475844458859], [-122.689148423706, 49.0475745556141], [-122.689162854645, 49.0475637818184], [-122.689175775619, 49.0475522105458], [-122.689959756783, 49.0475521379124]]]}, "properties": {"PLAN_AREA": "Campbell Heights", "PLAN_TYPE": "Local Area Plan", "PLAN_YEAR": 2000, "PLAN_STATUS": "Stage 2 Approved (See Surrey 2025 OCP)", "LAND_USE": "Business Park"}}, {"type": "Feature", "geometry": {"type": "Polygon", "coordinates": [[[-122.691183761086, 49.0486207386166], [-122.689970501819, 49.0486197508445], [-122.689959775942, 49.0475521379638], [-122.691169145624, 49.047552737644], [-122.691173778954, 49.0475558975893], [-122.691183761086, 49.0486207386166]]]}, "properties": {"PLAN_AREA": "Campbell Heights", "PLAN_TYPE": "Local Area Plan", "PLAN_YEAR": 2000, "PLAN_STATUS": "Stage 2 Approved (See Surrey 2025 OCP)", "LAND_USE": "Business Park"}}, {"type": "Feature", "geometry": {"type": "Polygon", "coordinates": [[[-122.697155135179, 49.0563805006235], [-122.697145105778, 49.0538497810225], [-122.702235274044, 49.0538569017458], [-122.702239240511, 49.0564376581094], [-122.697271838554, 49.0564325131918], [-122.697189303136, 49.0563784646272], [-122.697155135179, 49.0563805006235]]]}, "properties": {"PLAN_AREA": "Campbell Heights", "PLAN_TYPE": "Local Area Plan", "PLAN_YEAR": 2000, "PLAN_STATUS": "Stage 2 Approved (See Surrey 2025 OCP)", "LAND_USE": "Business Park"}}, {"type": "Feature", "geometry": {"type": "Polygon", "coordinates": [[[-122.696881188373, 49.0564311370392], [-122.694337157338, 49.0564221389949], [-122.693597925441, 49.0564229773589], [-122.692996816578, 49.0563921840193], [-122.691907723944, 49.0563934036367], [-122.691885824478, 49.0539745887582], [-122.691885547317, 49.0538858945875], [-122.693092697496, 49.0538889157736], [-122.693100942629, 49.0538835403686], [-122.693101183532, 49.0538439614861], [-122.696871068418, 49.0538493917306], [-122.696881188373, 49.0564311370392]]]}, "properties": {"PLAN_AREA": "Campbell Heights", "PLAN_TYPE": "Local Area Plan", "PLAN_YEAR": 2000, "PLAN_STATUS": "Stage 2 Approved (See Surrey 2025 OCP)", "LAND_USE": "Business Park"}}, {"type": "Feature", "geometry": {"type": "Polygon", "coordinates": [[[-122.69112577341, 49.0563704718256], [-122.690837053725, 49.056371577055], [-122.690713895584, 49.0563760075255], [-122.690568920361, 49.0563946598046], [-122.690420206527, 49.0564323418481], [-122.690249644331, 49.056489005939], [-122.690042736232, 49.0565669932679], [-122.689904972524, 49.0565904236238], [-122.688770742916, 49.0565944015189], [-122.686188530831, 49.0565992448028], [-122.686162421823, 49.0531303485468], [-122.68992331335, 49.0531261464817], [-122.689926613078, 49.0538759156786], [-122.69110316283, 49.0538713128983], [-122.69112577341, 49.0563704718256]]]}, "properties": {"PLAN_AREA": "Campbell Heights", "PLAN_TYPE": "Local Area Plan", "PLAN_YEAR": 2000, "PLAN_STATUS": "Stage 2 Approved (See Surrey 2025 OCP)", "LAND_USE": "Business Park"}}, {"type": "Feature", "geometry": {"type": "Polygon", "coordinates": [[[-122.706201570496, 49.0574407705048], [-122.706181302942, 49.0574665748008], [-122.706181605394, 49.0576711711076], [-122.706073754671, 49.0579600600225], [-122.705830791086, 49.0583112395885], [-122.705975000974, 49.0583118508383], [-122.705709249751, 49.0588575654271], [-122.705116258821, 49.0590485501606], [-122.705115061579, 49.0599445910846], [-122.7051131447, 49.0599446761424], [-122.702793569001, 49.0599433005799], [-122.702791538216, 49.0583056903451], [-122.702796648926, 49.0574340479602], [-122.703831265989, 49.0574361003565], [-122.705405956948, 49.0574392075271], [-122.706201570496, 49.0574407705048]]]}, "properties": {"PLAN_AREA": "Campbell Heights", "PLAN_TYPE": "Local Area Plan", "PLAN_YEAR": 2000, "PLAN_STATUS": "Stage 2 Approved (See Surrey 2025 OCP)", "LAND_USE": "Business Park"}}, {"type": "Feature", "geometry": {"type": "Polygon", "coordinates": [[[-122.686784498467, 49.0390665412054], [-122.686783632465, 49.0392048916884], [-122.686756055703, 49.0393041288781], [-122.68668803391, 49.0393944414988], [-122.686593078482, 49.0394810827073], [-122.686457612357, 49.0395694137941], [-122.686262573724, 49.0396877188537], [-122.686172267235, 49.039469330648], [-122.686105234901, 49.0394017714928], [-122.685978819842, 49.0393339625726], [-122.685784874211, 49.0392997930237], [-122.685698558929, 49.0392959615467], [-122.685547699718, 49.0392423876401], [-122.685486475927, 49.039121590148], [-122.685556868212, 49.0390898467794], [-122.685594586961, 49.0390970560502], [-122.685643026656, 49.0391185066209], [-122.685721220903, 49.0391080130605], [-122.685775868138, 49.0390124480546], [-122.68585204185, 49.0389097442626], [-122.685995358106, 49.0388568778021], [-122.686248984183, 49.0388434409696], [-122.68647294401, 49.0388475552131], [-122.686610287362, 49.0388745533659], [-122.68672580432, 49.0389564559685], [-122.686784498467, 49.0390665412054]]]}, "properties": {"PLAN_AREA": "Campbell Heights", "PLAN_TYPE": "Local Area Plan", "PLAN_YEAR": 2000, "PLAN_STATUS": "Stage 2 Approved (See Surrey 2025 OCP)", "LAND_USE": "Stormwater Management Facilities"}}, {"type": "Feature", "geometry": {"type": "Polygon", "coordinates": [[[-122.702190300225, 49.0602907113094], [-122.702190898638, 49.0604159919319], [-122.700683739619, 49.0604185141847], [-122.700684189045, 49.0603418499648], [-122.700766604667, 49.0602880634439], [-122.702190300225, 49.0602907113094]]]}, "properties": {"PLAN_AREA": "Campbell Heights", "PLAN_TYPE": "Local Area Plan", "PLAN_YEAR": 2000, "PLAN_STATUS": "Stage 2 Approved (See Surrey 2025 OCP)", "LAND_USE": "Landscaping Strips"}}, {"type": "Feature", "geometry": {"type": "Polygon", "coordinates": [[[-122.697171283812, 49.064335945791], [-122.697194511106, 49.0604260453736], [-122.700410072024, 49.0604196005512], [-122.700387009174, 49.0643443382187], [-122.700304589446, 49.0643980758487], [-122.697253067753, 49.0643901119549], [-122.697171283812, 49.064335945791]]]}, "properties": {"PLAN_AREA": "Campbell Heights", "PLAN_TYPE": "Local Area Plan", "PLAN_YEAR": 2000, "PLAN_STATUS": "Stage 2 Approved (See Surrey 2025 OCP)", "LAND_USE": "Business Park"}}, {"type": "Feature", "geometry": {"type": "Polygon", "coordinates": [[[-122.696759456651, 49.0645712833452], [-122.696841239705, 49.0646249100644], [-122.696825660187, 49.0672441168875], [-122.696743230829, 49.0672977898584], [-122.693880394062, 49.0672880403013], [-122.693798610811, 49.0672338088087], [-122.693814215573, 49.0646368330157], [-122.693896643257, 49.0645825594075], [-122.696759456651, 49.0645712833452]]]}, "properties": {"PLAN_AREA": "Campbell Heights", "PLAN_TYPE": "Local Area Plan", "PLAN_YEAR": 2000, "PLAN_STATUS": "Stage 2 Approved (See Surrey 2025 OCP)", "LAND_USE": "Business Park"}}, {"type": "Feature", "geometry": {"type": "Polygon", "coordinates": [[[-122.69888829446, 49.0709592749419], [-122.696840580216, 49.0709707678654], [-122.696839211002, 49.0709707795615], [-122.696863482877, 49.070954849269], [-122.696943155074, 49.0708888244464], [-122.697002972895, 49.0708230712887], [-122.697050479169, 49.0707517067621], [-122.697085142651, 49.0706729384785], [-122.697102274434, 49.0706006765169], [-122.697106237556, 49.0705557173929], [-122.697108396055, 49.0702229408312], [-122.69711283544, 49.0694926390768], [-122.697119499492, 49.0683960874808], [-122.697124636969, 49.0675508577535], [-122.697207073178, 49.0674971854302], [-122.699769807825, 49.0675058428482], [-122.699822468722, 49.0675575799673], [-122.699900494255, 49.0675956558377], [-122.69998074724, 49.0676128309376], [-122.700083655727, 49.0676115160738], [-122.700161931189, 49.067592630932], [-122.700234994479, 49.0675548802716], [-122.70028264814, 49.0675075679056], [-122.70111954239, 49.0675103794494], [-122.700987933805, 49.0678230613651], [-122.700826947986, 49.068117881915], [-122.700664348409, 49.0681782620091], [-122.700514086383, 49.0686705482366], [-122.70020153323, 49.0691029802638], [-122.69970341083, 49.0698206806149], [-122.699605246704, 49.0698724957727], [-122.699474947788, 49.0701438358233], [-122.699099952834, 49.0706260246303], [-122.69888829446, 49.0709592749419]]]}, "properties": {"PLAN_AREA": "Campbell Heights", "PLAN_TYPE": "Local Area Plan", "PLAN_YEAR": 2000, "PLAN_STATUS": "Stage 2 Approved (See Surrey 2025 OCP)", "LAND_USE": "Business Park"}}, {"type": "Feature", "geometry": {"type": "Polygon", "coordinates": [[[-122.702190300257, 49.0602907059122], [-122.702372274935, 49.0602911897121], [-122.702372746386, 49.0603724755218], [-122.702421731526, 49.0603725730448], [-122.702450466077, 49.0604372998677], [-122.702472298775, 49.0604976964293], [-122.702499340531, 49.060526588743], [-122.702534031071, 49.0674462306902], [-122.702252441848, 49.0683759687173], [-122.701958407916, 49.0691647066978], [-122.701121532448, 49.0707011920812], [-122.700733219434, 49.0712277895353], [-122.700394265848, 49.0716729234907], [-122.699728335191, 49.0725299117667], [-122.69876714349, 49.0734457104168], [-122.698399458975, 49.0737961808958], [-122.698220466491, 49.073939000874], [-122.697278509155, 49.0746117594515], [-122.697124890379, 49.0746129972399], [-122.697126934968, 49.0746113699184], [-122.697126314323, 49.0745799010692], [-122.69586545948, 49.0745907752397], [-122.69595204952, 49.0744980319878], [-122.696335240786, 49.0741103219067], [-122.696681098929, 49.073755590754], [-122.697215491398, 49.0732074809287], [-122.697324965343, 49.0730424106047], [-122.697511410952, 49.0728901374439], [-122.697618830679, 49.0726594382268], [-122.697961297106, 49.0722672423223], [-122.69815816548, 49.0719520244072], [-122.698637579871, 49.0713169212875], [-122.698830999233, 49.071049544858], [-122.699099952834, 49.0706260246303], [-122.699474947788, 49.0701438358233], [-122.699605246704, 49.0698724957727], [-122.69970341083, 49.0698206806149], [-122.70020153323, 49.0691029802638], [-122.700514086383, 49.0686705482366], [-122.700664348409, 49.0681782620091], [-122.700826947986, 49.068117881915], [-122.700948216317, 49.0678957988522], [-122.701151724514, 49.0674339189293], [-122.701398381742, 49.0668425732499], [-122.701967809898, 49.0660149090157], [-122.702221013619, 49.0655717383473], [-122.702214743301, 49.0644913407724], [-122.702190300257, 49.0602907059122]]]}, "properties": {"PLAN_AREA": "Campbell Heights", "PLAN_TYPE": "Local Area Plan", "PLAN_YEAR": 2000, "PLAN_STATUS": "Stage 2 Approved (See Surrey 2025 OCP)", "LAND_USE": "Open Space Corridors/Buffers"}}, {"type": "Feature", "geometry": {"type": "Polygon", "coordinates": [[[-122.692098153718, 49.0711771033601], [-122.694047808584, 49.0711662352832], [-122.694115963553, 49.0712108160266], [-122.694106719848, 49.0727164305542], [-122.694024272632, 49.0727701635618], [-122.693237655745, 49.0727680756452], [-122.693171216754, 49.0727274398954], [-122.693075810177, 49.0727056536593], [-122.692959143212, 49.0727164762271], [-122.692872796181, 49.0727576276977], [-122.692832149209, 49.0728020059843], [-122.692816281521, 49.0728568742152], [-122.692839849927, 49.0729245355778], [-122.692903435202, 49.0729767708448], [-122.693008356044, 49.0730080098332], [-122.693105752997, 49.0730057285028], [-122.693189351462, 49.0729793851763], [-122.693236548457, 49.0729479111567], [-122.694023168182, 49.0729499990864], [-122.694104953203, 49.0730041673958], [-122.694095673282, 49.0745155303937], [-122.693794325725, 49.0745206018294], [-122.693592050731, 49.0745268098845], [-122.692624889968, 49.0745599407083], [-122.692288671218, 49.0745269299707], [-122.692189715801, 49.0744760240521], [-122.69218111697, 49.0744715933167], [-122.692081206658, 49.0744201450269], [-122.692090730912, 49.0742081586503], [-122.692130148416, 49.073322980524], [-122.692024258768, 49.0725106327777], [-122.692073778501, 49.0722737472904], [-122.692098153718, 49.0711771033601]]]}, "properties": {"PLAN_AREA": "Campbell Heights", "PLAN_TYPE": "Local Area Plan", "PLAN_YEAR": 2000, "PLAN_STATUS": "Stage 2 Approved (See Surrey 2025 OCP)", "LAND_USE": "Business Park"}}, {"type": "Feature", "geometry": {"type": "Polygon", "coordinates": [[[-122.691951172434, 49.0712318735293], [-122.692032799277, 49.0711774660348], [-122.69209785113, 49.071177104352], [-122.692073778501, 49.0722737472904], [-122.692024258768, 49.0725106327777], [-122.692130148416, 49.073322980524], [-122.692081206658, 49.0744201450269], [-122.692288671218, 49.0745269299707], [-122.692624889968, 49.0745599407083], [-122.693093416715, 49.0745422113941], [-122.693794325725, 49.0745206018294], [-122.694095673282, 49.0745155303937], [-122.694095394092, 49.0745609984001], [-122.694026681055, 49.0746065413911], [-122.692063774721, 49.0746230841956], [-122.691981174734, 49.0745697749508], [-122.691951172434, 49.0712318735293]]]}, "properties": {"PLAN_AREA": "Campbell Heights", "PLAN_TYPE": "Local Area Plan", "PLAN_YEAR": 2000, "PLAN_STATUS": "Stage 2 Approved (See Surrey 2025 OCP)", "LAND_USE": "Landscaping Strips"}}, {"type": "Feature", "geometry": {"type": "Polygon", "coordinates": [[[-122.69205991364, 49.0674976114887], [-122.69676905285, 49.0675136856293], [-122.696850832955, 49.0675679150039], [-122.696839489322, 49.0694324565213], [-122.696832722676, 49.0705445914843], [-122.696827362537, 49.0705979181644], [-122.696810965814, 49.070653041945], [-122.696764450919, 49.0707344686732], [-122.69669948167, 49.0708034564555], [-122.696613272443, 49.0708648528234], [-122.696532726564, 49.0709052135917], [-122.696442366008, 49.0709373472729], [-122.696331823809, 49.0709621270218], [-122.696261294289, 49.0709708056314], [-122.696181412643, 49.0709744598693], [-122.692102132231, 49.0709972358805], [-122.692112506008, 49.0705093822943], [-122.692041528311, 49.0702536300771], [-122.692035268515, 49.0696954419129], [-122.692030080803, 49.0692296289209], [-122.692107515762, 49.0688413897605], [-122.69205991364, 49.0674976114887]]]}, "properties": {"PLAN_AREA": "Campbell Heights", "PLAN_TYPE": "Local Area Plan", "PLAN_YEAR": 2000, "PLAN_STATUS": "Stage 2 Approved (See Surrey 2025 OCP)", "LAND_USE": "Business Park"}}, {"type": "Feature", "geometry": {"type": "Polygon", "coordinates": [[[-122.691915226479, 49.0672273585857], [-122.691891891997, 49.064644534262], [-122.691974344586, 49.0645905589445], [-122.691984431396, 49.0645905174973], [-122.691986904427, 49.064841807137], [-122.692058342825, 49.0651112358722], [-122.691995899108, 49.0656902952039], [-122.692051428972, 49.0672686553214], [-122.692052088511, 49.0672817806595], [-122.69199782499, 49.0672815899916], [-122.691915226479, 49.0672273585857]]]}, "properties": {"PLAN_AREA": "Campbell Heights", "PLAN_TYPE": "Local Area Plan", "PLAN_YEAR": 2000, "PLAN_STATUS": "Stage 2 Approved (See Surrey 2025 OCP)", "LAND_USE": "Landscaping Strips"}}, {"type": "Feature", "geometry": {"type": "Polygon", "coordinates": [[[-122.691918155008, 49.067551076833], [-122.69199978635, 49.0674974051773], [-122.692059753447, 49.06749761376], [-122.692107515762, 49.0688413897605], [-122.692030080803, 49.0692296289209], [-122.692041528311, 49.0702536300771], [-122.692112506008, 49.0705093822943], [-122.692101798148, 49.0709972376879], [-122.692031247862, 49.0709976296797], [-122.691948649566, 49.0709441359704], [-122.691918155008, 49.067551076833]]]}, "properties": {"PLAN_AREA": "Campbell Heights", "PLAN_TYPE": "Local Area Plan", "PLAN_YEAR": 2000, "PLAN_STATUS": "Stage 2 Approved (See Surrey 2025 OCP)", "LAND_USE": "Landscaping Strips"}}, {"type": "Feature", "geometry": {"type": "Polygon", "coordinates": [[[-122.700410075814, 49.0604189699738], [-122.69719452185, 49.0604242768786], [-122.69719510618, 49.0603258393183], [-122.697263788076, 49.060281018402], [-122.700328752001, 49.0602871882886], [-122.70041053169, 49.0603413027688], [-122.700410075814, 49.0604189699738]]]}, "properties": {"PLAN_AREA": "Campbell Heights", "PLAN_TYPE": "Local Area Plan", "PLAN_YEAR": 2000, "PLAN_STATUS": "Stage 2 Approved (See Surrey 2025 OCP)", "LAND_USE": "Landscaping Strips"}}, {"type": "Feature", "geometry": {"type": "Polygon", "coordinates": [[[-122.69586545948, 49.0745907752397], [-122.697126314323, 49.0745799010692], [-122.697126934968, 49.0746113699184], [-122.697124890379, 49.0746129972399], [-122.695835020717, 49.0746233766482], [-122.69586545948, 49.0745907752397]]]}, "properties": {"PLAN_AREA": "Campbell Heights", "PLAN_TYPE": "Local Area Plan", "PLAN_YEAR": 2000, "PLAN_STATUS": "Stage 2 Approved (See Surrey 2025 OCP)", "LAND_USE": "Open Space Corridors/Buffers"}}, {"type": "Feature", "geometry": {"type": "Polygon", "coordinates": [[[-122.694369442803, 49.0745109230834], [-122.694592668413, 49.0745071655081], [-122.695223499173, 49.0745217190066], [-122.69595204952, 49.0744980319878], [-122.69586545948, 49.0745907752397], [-122.694437310832, 49.0746030765452], [-122.694369149768, 49.074558688509], [-122.694369442803, 49.0745109230834]]]}, "properties": {"PLAN_AREA": "Campbell Heights", "PLAN_TYPE": "Local Area Plan", "PLAN_YEAR": 2000, "PLAN_STATUS": "Stage 2 Approved (See Surrey 2025 OCP)", "LAND_USE": "Landscaping Strips"}}, {"type": "Feature", "geometry": {"type": "Polygon", "coordinates": [[[-122.693459200389, 49.0645843885481], [-122.693540524719, 49.0646379066444], [-122.693524916678, 49.0672328736987], [-122.6934424838, 49.0672865434058], [-122.692052280196, 49.0672817775727], [-122.691998015781, 49.0657465238283], [-122.692058342825, 49.0651112358722], [-122.691986904427, 49.064841807137], [-122.691984431396, 49.0645905174973], [-122.693459200389, 49.0645843885481]]]}, "properties": {"PLAN_AREA": "Campbell Heights", "PLAN_TYPE": "Local Area Plan", "PLAN_YEAR": 2000, "PLAN_STATUS": "Stage 2 Approved (See Surrey 2025 OCP)", "LAND_USE": "Business Park"}}, {"type": "Feature", "geometry": {"type": "Polygon", "coordinates": [[[-122.691127400451, 49.0565519010662], [-122.691227167044, 49.0565510165896], [-122.691331950244, 49.0565547493642], [-122.691364136292, 49.0600249168758], [-122.691225878338, 49.0600248223393], [-122.686240974483, 49.0600209965541], [-122.68622800898, 49.0600090098297], [-122.686214128205, 49.0599997741509], [-122.686213270019, 49.0598860420805], [-122.691157584323, 49.0598897991456], [-122.691127400451, 49.0565519010662]]]}, "properties": {"PLAN_AREA": "Campbell Heights", "PLAN_TYPE": "Local Area Plan", "PLAN_YEAR": 2000, "PLAN_STATUS": "Stage 2 Approved (See Surrey 2025 OCP)", "LAND_USE": "Landscaping Strips"}}, {"type": "Feature", "geometry": {"type": "Polygon", "coordinates": [[[-122.681883100997, 49.0598824335438], [-122.681882201547, 49.0600173588041], [-122.681030618036, 49.0600166240694], [-122.680688267126, 49.0600163125099], [-122.680643636282, 49.0529880501404], [-122.680985778601, 49.0529916005875], [-122.680993325609, 49.0529885629601], [-122.68219071171, 49.0529902678962], [-122.682184007517, 49.0531260463055], [-122.682177964427, 49.053237122045], [-122.682047485662, 49.0538040123026], [-122.681669841855, 49.0543668943413], [-122.681621961666, 49.0545564748424], [-122.681610230246, 49.0547224076927], [-122.68154338243, 49.0549243496819], [-122.681586626421, 49.0550544510986], [-122.681564167197, 49.0554650278868], [-122.681563053756, 49.0556399828525], [-122.681518324336, 49.055786033506], [-122.681476559182, 49.0559179675088], [-122.681534150974, 49.0561813253956], [-122.68155860243, 49.0563396182598], [-122.681533262563, 49.0565145054528], [-122.681589841632, 49.0566359170459], [-122.681624506343, 49.0569102752228], [-122.681626716564, 49.0569285422806], [-122.681589967837, 49.0571109542555], [-122.681595646484, 49.0571864398614], [-122.681601189648, 49.0572619241926], [-122.681568760465, 49.0573676187542], [-122.681497894639, 49.0575984225456], [-122.681479722321, 49.0576578302565], [-122.681459329708, 49.0578294926507], [-122.681511099299, 49.0579540385211], [-122.681673516564, 49.0580065663103], [-122.681875556333, 49.0580490381243], [-122.682067765101, 49.0580662958757], [-122.682118709811, 49.0581914688832], [-122.681703057416, 49.0584623477079], [-122.681407256947, 49.058655118378], [-122.681326782223, 49.0587174161411], [-122.681279431115, 49.0588873893343], [-122.681235814555, 49.0590298482523], [-122.681194488245, 49.0593708415256], [-122.681347760999, 49.0595699709528], [-122.681385445712, 49.0595634173891], [-122.681576213743, 49.0597644500158], [-122.681799681694, 49.0598823628093], [-122.681883100997, 49.0598824335438]]]}, "properties": {"PLAN_AREA": "Campbell Heights", "PLAN_TYPE": "Local Area Plan", "PLAN_YEAR": 2000, "PLAN_STATUS": "Stage 2 Approved (See Surrey 2025 OCP)", "LAND_USE": "Open Space Corridors/Buffers"}}, {"type": "Feature", "geometry": {"type": "Polygon", "coordinates": [[[-122.681026807252, 49.067515565409], [-122.681025172838, 49.0676055710716], [-122.680971740185, 49.0676970905483], [-122.680985425189, 49.0680822387138], [-122.681051558119, 49.0686363814753], [-122.681096236776, 49.0689921080739], [-122.681214597721, 49.069578598033], [-122.680968672123, 49.0700103434317], [-122.681042623961, 49.0707319107604], [-122.680973068776, 49.0713503533958], [-122.680944208292, 49.0719421890161], [-122.681187996898, 49.0724842195398], [-122.681272362528, 49.0726718292759], [-122.681258824853, 49.0729246587275], [-122.681148387217, 49.073256202108], [-122.681107458986, 49.0739986756096], [-122.680968523149, 49.0744599453744], [-122.681128273638, 49.074636430032], [-122.68138117338, 49.0748281923474], [-122.681434043053, 49.0753354201734], [-122.681434995281, 49.0757395950306], [-122.681586497902, 49.075964001456], [-122.681666772937, 49.0765321143627], [-122.681749274123, 49.0771164243227], [-122.681618224552, 49.0775204167338], [-122.681533409723, 49.0782090664551], [-122.681735686118, 49.0785044073499], [-122.68127302177, 49.0796455779277], [-122.681893546326, 49.0802360450054], [-122.682391207681, 49.0805119557116], [-122.683220126519, 49.0804912869163], [-122.684074057731, 49.0806492379051], [-122.68475825369, 49.0807960162792], [-122.685125258071, 49.0809263716323], [-122.685523900981, 49.080926550746], [-122.686363057954, 49.0807388172745], [-122.686949913707, 49.0803862976268], [-122.687833183468, 49.0798926899046], [-122.688884399394, 49.0795842869876], [-122.689718617947, 49.0791557365368], [-122.690298747912, 49.0790185279704], [-122.691045272785, 49.0787258481722], [-122.691247888909, 49.0787577648673], [-122.691092998834, 49.0811204916513], [-122.691033183621, 49.0820278370444], [-122.689372337356, 49.0820397378727], [-122.68449780081, 49.0821065367762], [-122.680869628027, 49.0821500330801], [-122.680126945334, 49.0818130719034], [-122.680188530837, 49.0807993371078], [-122.680329739032, 49.078399161652], [-122.680388254529, 49.0775445609114], [-122.680552175255, 49.0748143030803], [-122.680557723781, 49.0746335975491], [-122.680559349883, 49.072067517045], [-122.680582171981, 49.0675595491068], [-122.680582180142, 49.0675155600844], [-122.681026807252, 49.067515565409]]]}, "properties": {"PLAN_AREA": "Campbell Heights", "PLAN_TYPE": "Local Area Plan", "PLAN_YEAR": 2000, "PLAN_STATUS": "Stage 2 Approved (See Surrey 2025 OCP)", "LAND_USE": "Open Space Corridors/Buffers"}}, {"type": "Feature", "geometry": {"type": "Polygon", "coordinates": [[[-122.696792789193, 49.049148151927], [-122.696711033856, 49.0492019131525], [-122.695941784461, 49.0492005394342], [-122.695114234129, 49.0491990983405], [-122.694286546215, 49.0491975591936], [-122.693458852396, 49.0491960968542], [-122.691717248637, 49.0491928350426], [-122.69163478489, 49.0491387322423], [-122.691619902879, 49.0474908706037], [-122.691605020718, 49.0458429293296], [-122.691686639731, 49.0457890813701], [-122.693427990395, 49.0457916935711], [-122.695100237582, 49.045793561715], [-122.696693799452, 49.045794663624], [-122.696776126354, 49.0458487615818], [-122.696780048499, 49.0466013424129], [-122.696783693171, 49.0473545548043], [-122.696701941596, 49.0474084060036], [-122.696694688684, 49.0474083869425], [-122.696691510863, 49.0458786761652], [-122.696647486702, 49.0458495956427], [-122.691737491171, 49.045842469145], [-122.691693248633, 49.0458713184745], [-122.691735000311, 49.0491106621585], [-122.691787783002, 49.0491397679293], [-122.696654062126, 49.0491410434074], [-122.696698131468, 49.0491179497937], [-122.696694964785, 49.0475882125136], [-122.696702901963, 49.0475882333729], [-122.696785231816, 49.0476423331122], [-122.696789008421, 49.0483954674525], [-122.696792789193, 49.049148151927]]]}, "properties": {"PLAN_AREA": "Campbell Heights", "PLAN_TYPE": "Local Area Plan", "PLAN_YEAR": 2000, "PLAN_STATUS": "Stage 2 Approved (See Surrey 2025 OCP)", "LAND_USE": "Landscaping Strips"}}, {"type": "Feature", "geometry": {"type": "Polygon", "coordinates": [[[-122.696773596438, 49.0454987366794], [-122.696692120225, 49.0455525877111], [-122.695028231084, 49.0455507620166], [-122.693261978928, 49.0455488265192], [-122.691684709752, 49.045547005598], [-122.691602250932, 49.0454930835603], [-122.69159304536, 49.0443891214572], [-122.691586621615, 49.0436332977191], [-122.691574374743, 49.0421790432799], [-122.691655984994, 49.0421256450667], [-122.693233353235, 49.042137372636], [-122.696656824371, 49.0421625366484], [-122.696739417561, 49.0422170842492], [-122.696755412684, 49.0437566114553], [-122.696764769361, 49.0446524081344], [-122.696773596438, 49.0454987366794]], [[-122.696624348967, 49.0454903419914], [-122.69669121924, 49.0454530035584], [-122.696653499305, 49.0422599490147], [-122.696596741337, 49.0422097862502], [-122.691720931479, 49.0421782618424], [-122.691654061912, 49.0422155956191], [-122.691672194982, 49.0454461318929], [-122.691757452363, 49.0454900753804], [-122.696624348967, 49.0454903419914]]]}, "properties": {"PLAN_AREA": "Campbell Heights", "PLAN_TYPE": "Local Area Plan", "PLAN_YEAR": 2000, "PLAN_STATUS": "Stage 2 Approved (See Surrey 2025 OCP)", "LAND_USE": "Landscaping Strips"}}, {"type": "Feature", "geometry": {"type": "Polygon", "coordinates": [[[-122.687020368506, 49.0419294957519], [-122.685887254439, 49.0419304840828], [-122.685871580695, 49.0402604936468], [-122.685304921438, 49.0403107724178], [-122.685480658539, 49.04025988408], [-122.685627450926, 49.0401769823463], [-122.685715938907, 49.040074672031], [-122.685716744423, 49.0399463955526], [-122.685692560663, 49.0398752646609], [-122.685668918843, 49.0398052147081], [-122.685513765653, 49.0396509685981], [-122.685398189539, 49.0394262131169], [-122.685271793313, 49.039355344978], [-122.685262684122, 49.0392591565465], [-122.685205306368, 49.0390923111527], [-122.685020996675, 49.0389187342925], [-122.684777875069, 49.0388282964292], [-122.68459277514, 49.0388021559948], [-122.684163692141, 49.0388009878774], [-122.683627134976, 49.0388315496272], [-122.683275636761, 49.0388947284281], [-122.683011819883, 49.0389837826224], [-122.682933223, 49.0390797312036], [-122.682932349971, 49.0392177218222], [-122.682932289933, 49.0392271670107], [-122.682999657352, 49.0393491530599], [-122.683027761836, 49.0395351705768], [-122.682988076362, 49.0396440897262], [-122.682987508533, 49.0397338648941], [-122.683064891169, 49.0398302410199], [-122.683201079095, 49.0398882756805], [-122.682395925834, 49.0398319146712], [-122.682342091703, 49.0399060708406], [-122.682226614943, 49.040077661935], [-122.682010633967, 49.0404540777847], [-122.681469773022, 49.0410732942071], [-122.681372971503, 49.0419426414573], [-122.681373187481, 49.0421234548197], [-122.681343941503, 49.0434483485679], [-122.681522191291, 49.0438217095986], [-122.681510211867, 49.0440909174723], [-122.681344384425, 49.0442590411431], [-122.681407181396, 49.0443039224857], [-122.681409006208, 49.0444899576439], [-122.681314106758, 49.0447580360729], [-122.681258251666, 49.0451044845766], [-122.681344928162, 49.0453961811555], [-122.681339533388, 49.0455341591286], [-122.680558974747, 49.0455331796501], [-122.680523023654, 49.0421241719351], [-122.680521170717, 49.0419432640817], [-122.680509503168, 49.0408343305775], [-122.680499412236, 49.0398856150962], [-122.681098394624, 49.0389700641669], [-122.681415496156, 49.0384853525244], [-122.681447372155, 49.0383947462195], [-122.685851616847, 49.0383888939017], [-122.691179898066, 49.0383817840782], [-122.691181082619, 49.0389224239807], [-122.68979282558, 49.0389236743274], [-122.688425091367, 49.0389248698307], [-122.686995510241, 49.0389260586087], [-122.687006264227, 49.0402253265755], [-122.687013847353, 49.0411346249502], [-122.687020368506, 49.0419294957519]], [[-122.686476330398, 49.0388475644131], [-122.686252370571, 49.0388434501762], [-122.685998744495, 49.0388568870162], [-122.685855428243, 49.0389097534809], [-122.685779254537, 49.0390124572752], [-122.685724607309, 49.0391080222826], [-122.685646413062, 49.0391185158452], [-122.685597973366, 49.039097065276], [-122.685560254617, 49.0390898560064], [-122.685489862334, 49.039121599377], [-122.685551086133, 49.0392423968673], [-122.685701945347, 49.0392959707695], [-122.68578826063, 49.039299802244], [-122.685982206263, 49.0393339717873], [-122.686108621327, 49.0394017807038], [-122.686175653666, 49.039469339857], [-122.68626596017, 49.0396877280601], [-122.686460998794, 49.0395694229946], [-122.686596464913, 49.0394810919039], [-122.686691420335, 49.0393944506926], [-122.686759442123, 49.0393041380698], [-122.686787018878, 49.0392049008794], [-122.686787884871, 49.0390665503963], [-122.686729190716, 49.0389564651611], [-122.686613673752, 49.038874562562], [-122.686476330398, 49.0388475644131]]]}, "properties": {"PLAN_AREA": "Campbell Heights", "PLAN_TYPE": "Local Area Plan", "PLAN_YEAR": 2000, "PLAN_STATUS": "Stage 2 Approved (See Surrey 2025 OCP)", "LAND_USE": "Open Space Corridors/Buffers"}}, {"type": "Feature", "geometry": {"type": "Polygon", "coordinates": [[[-122.685409937142, 49.0458101585494], [-122.685483352137, 49.0458585011077], [-122.685482977582, 49.0459745212724], [-122.685449765484, 49.0459169733906], [-122.685409937142, 49.0458101585494]]]}, "properties": {"PLAN_AREA": "Campbell Heights", "PLAN_TYPE": "Local Area Plan", "PLAN_YEAR": 2000, "PLAN_STATUS": "Stage 2 Approved (See Surrey 2025 OCP)", "LAND_USE": "Open Space Corridors/Buffers"}}, {"type": "Feature", "geometry": {"type": "Polygon", "coordinates": [[[-122.697456480478, 49.0419706481324], [-122.696921783378, 49.0419666994036], [-122.696897393256, 49.0395818394098], [-122.698141896331, 49.0395850869232], [-122.69871188803, 49.0399264624136], [-122.69954522545, 49.0399286251166], [-122.699624049338, 49.0391443732288], [-122.699764580418, 49.0388883596916], [-122.700952789538, 49.0389046458317], [-122.701197024191, 49.0387048130119], [-122.702209346379, 49.0387186399569], [-122.702251524361, 49.0421048650607], [-122.702207748656, 49.0421045434132], [-122.702039230835, 49.0421020286724], [-122.702020353626, 49.0405701370546], [-122.70200591212, 49.0404561447783], [-122.70201656263, 49.0401838817501], [-122.702024023331, 49.0400108289248], [-122.702001621491, 49.0397974006249], [-122.701994427092, 49.0394870654049], [-122.701991041969, 49.0394827145008], [-122.701813238801, 49.0393556029627], [-122.701511364395, 49.0393151583928], [-122.701202411604, 49.0393143633814], [-122.701189139551, 49.0393143299169], [-122.70117993978, 49.0393247526542], [-122.700702822315, 49.039868903389], [-122.700085699467, 49.0401010115976], [-122.699694706381, 49.0401903265467], [-122.699425914748, 49.0402585292623], [-122.69909732888, 49.0403820907284], [-122.699055903455, 49.0403523908792], [-122.698950682132, 49.0402851021365], [-122.698700318019, 49.0400974416215], [-122.698270256501, 49.0398259273153], [-122.697768956181, 49.0398190517936], [-122.697636139077, 49.0399249433879], [-122.697526384909, 49.0401071750267], [-122.697506905427, 49.0401395098264], [-122.697499686727, 49.0401965201294], [-122.697468542321, 49.0404418367737], [-122.69739237457, 49.0409332324212], [-122.697399420141, 49.0409372755136], [-122.697395878497, 49.0410758276936], [-122.697408167178, 49.0411967567777], [-122.697442888993, 49.0415379544161], [-122.697444269893, 49.0415821253823], [-122.697456480478, 49.0419706481324]]]}, "properties": {"PLAN_AREA": "Campbell Heights", "PLAN_TYPE": "Local Area Plan", "PLAN_YEAR": 2000, "PLAN_STATUS": "Stage 2 Approved (See Surrey 2025 OCP)", "LAND_USE": "Business Park"}}, {"type": "Feature", "geometry": {"type": "Polygon", "coordinates": [[[-122.696801804197, 49.0509089927635], [-122.696720734912, 49.0509622160502], [-122.696712243265, 49.0494535274652], [-122.696664595933, 49.0494346024274], [-122.691747921564, 49.0494341796336], [-122.691719164141, 49.0494592013264], [-122.691736222858, 49.0509536885868], [-122.69173334886, 49.0509536809103], [-122.691650745335, 49.0508995777665], [-122.691637522992, 49.0494271407441], [-122.691719010447, 49.0493733823956], [-122.693408615641, 49.0493764178952], [-122.696711858777, 49.0493817401097], [-122.696794323247, 49.0494364698666], [-122.696791110942, 49.0502138709127], [-122.696798227407, 49.050213889609], [-122.696801804197, 49.0509089927635]]]}, "properties": {"PLAN_AREA": "Campbell Heights", "PLAN_TYPE": "Local Area Plan", "PLAN_YEAR": 2000, "PLAN_STATUS": "Stage 2 Approved (See Surrey 2025 OCP)", "LAND_USE": "Landscaping Strips"}}, {"type": "Feature", "geometry": {"type": "Polygon", "coordinates": [[[-122.691045272785, 49.0787258481722], [-122.691257691775, 49.075487149753], [-122.691106003794, 49.0752836386289], [-122.691015588144, 49.0750700310478], [-122.691022927146, 49.0748581243878], [-122.691085065859, 49.0746857602674], [-122.691166989462, 49.0745023845595], [-122.691303614155, 49.0743522532078], [-122.69129521987, 49.0738501314597], [-122.691286442201, 49.0729452135125], [-122.691269193526, 49.0711131815538], [-122.691231453831, 49.0676056366136], [-122.686089432105, 49.0676057705888], [-122.681025172838, 49.0676055710716], [-122.681026807252, 49.067515565409], [-122.681073254945, 49.0675155660247], [-122.691439710943, 49.0675147836753], [-122.691459142628, 49.0694309757364], [-122.691476070642, 49.0711144435673], [-122.691481410206, 49.0722388073573], [-122.691489356892, 49.0729463722448], [-122.691508851859, 49.0746872175194], [-122.691501567695, 49.0748687168124], [-122.691376809032, 49.0767901872451], [-122.691247888909, 49.0787577648673], [-122.691045272785, 49.0787258481722]]]}, "properties": {"PLAN_AREA": "Campbell Heights", "PLAN_TYPE": "Local Area Plan", "PLAN_YEAR": 2000, "PLAN_STATUS": "Stage 2 Approved (See Surrey 2025 OCP)", "LAND_USE": "Landscaping Strips"}}, {"type": "Feature", "geometry": {"type": "Polygon", "coordinates": [[[-122.681209234711, 49.0673177638381], [-122.681292776241, 49.0672276767185], [-122.685625952275, 49.067224721435], [-122.685625906925, 49.0673182784276], [-122.682379347076, 49.0673180149305], [-122.681209234711, 49.0673177638381]]]}, "properties": {"PLAN_AREA": "Campbell Heights", "PLAN_TYPE": "Local Area Plan", "PLAN_YEAR": 2000, "PLAN_STATUS": "Stage 2 Approved (See Surrey 2025 OCP)", "LAND_USE": "Landscaping Strips"}}, {"type": "Feature", "geometry": {"type": "Polygon", "coordinates": [[[-122.685350057661, 49.0455390678015], [-122.681336146547, 49.0455341497769], [-122.681341541331, 49.0453961718041], [-122.685350495742, 49.0454041346266], [-122.685350057661, 49.0455390678015]]]}, "properties": {"PLAN_AREA": "Campbell Heights", "PLAN_TYPE": "Local Area Plan", "PLAN_YEAR": 2000, "PLAN_STATUS": "Stage 2 Approved (See Surrey 2025 OCP)", "LAND_USE": "Landscaping Strips"}}, {"type": "Feature", "geometry": {"type": "Polygon", "coordinates": [[[-122.681363412031, 49.0470182718075], [-122.681370211605, 49.0471656909697], [-122.681364455454, 49.0473385706854], [-122.681362891163, 49.0473861322006], [-122.681363412031, 49.0470182718075]]]}, "properties": {"PLAN_AREA": "Campbell Heights", "PLAN_TYPE": "Local Area Plan", "PLAN_YEAR": 2000, "PLAN_STATUS": "Stage 2 Approved (See Surrey 2025 OCP)", "LAND_USE": "Open Space Corridors/Buffers"}}, {"type": "Feature", "geometry": {"type": "Polygon", "coordinates": [[[-122.680640756947, 49.052743782306], [-122.680600818533, 49.0493711845794], [-122.680598692829, 49.0491902770999], [-122.680598514775, 49.0491753439785], [-122.680595898798, 49.0489639392888], [-122.680565011876, 49.0463489204456], [-122.680559342885, 49.045866019268], [-122.680627115673, 49.0458057431506], [-122.681314900685, 49.0458055862528], [-122.68147999509, 49.0458055481672], [-122.681479313924, 49.0459121950014], [-122.681476209391, 49.046398248243], [-122.681364289189, 49.0463980373432], [-122.681363412031, 49.0470182718075], [-122.681363388552, 49.0470350106857], [-122.681362891163, 49.0473861322006], [-122.68136286758, 49.0473874670769], [-122.681362458378, 49.0476924451809], [-122.681570535719, 49.0476930194833], [-122.681568831653, 49.0479598735086], [-122.681560974228, 49.0491902825518], [-122.681373166813, 49.0493711389612], [-122.681382225829, 49.0523784226503], [-122.681511544255, 49.0524167030461], [-122.681644722387, 49.0524217670647], [-122.682698910889, 49.0524224410595], [-122.6828312243, 49.0524225375847], [-122.682830787043, 49.0524288809473], [-122.682832211233, 49.0524300443882], [-122.682830808888, 49.0524299649717], [-122.682828817733, 49.0527384449271], [-122.682746389481, 49.0527922789493], [-122.680710543666, 49.0527893597617], [-122.680641599452, 49.0527443000826], [-122.680640756947, 49.052743782306]]]}, "properties": {"PLAN_AREA": "Campbell Heights", "PLAN_TYPE": "Local Area Plan", "PLAN_YEAR": 2000, "PLAN_STATUS": "Stage 2 Approved (See Surrey 2025 OCP)", "LAND_USE": "Open Space Corridors/Buffers"}}, {"type": "Feature", "geometry": {"type": "Polygon", "coordinates": [[[-122.685567703335, 49.0486830099263], [-122.685641648186, 49.0485705014997], [-122.685699962733, 49.0484540922624], [-122.685717714105, 49.0484038968035], [-122.685742178626, 49.0483347165008], [-122.685758730812, 49.048256768265], [-122.685770592967, 49.0481779625731], [-122.685777086281, 49.0480909230177], [-122.685782680657, 49.0463569636406], [-122.685784333187, 49.0458449298644], [-122.685865595309, 49.0457916031904], [-122.686946008718, 49.0457911098569], [-122.686953255673, 49.0466003730899], [-122.686961047291, 49.0474759349734], [-122.686970455172, 49.0485300656678], [-122.687381686782, 49.0486199557133], [-122.688981376366, 49.0486198295222], [-122.689970461228, 49.0486196760723], [-122.689976264702, 49.0491922652723], [-122.686151497167, 49.0491875991743], [-122.685111861563, 49.0491908536735], [-122.685281030082, 49.0490063403349], [-122.685478722273, 49.048790712379], [-122.685567703335, 49.0486830099263]], [[-122.686023400947, 49.0484184911513], [-122.685961235829, 49.0473228390156], [-122.685999552868, 49.0480605810833], [-122.686023400947, 49.0484184911513]]]}, "properties": {"PLAN_AREA": "Campbell Heights", "PLAN_TYPE": "Local Area Plan", "PLAN_YEAR": 2000, "PLAN_STATUS": "Stage 2 Approved (See Surrey 2025 OCP)", "LAND_USE": "Open Space Corridors/Buffers"}}, {"type": "Feature", "geometry": {"type": "Polygon", "coordinates": [[[-122.685857688708, 49.0527966732391], [-122.68376380272, 49.0527937254784], [-122.683211539387, 49.0527929422576], [-122.683129797241, 49.0527388740735], [-122.683133818593, 49.0524472483608], [-122.683137279282, 49.0523534477263], [-122.683152816411, 49.0522777891955], [-122.683178260416, 49.0522032975946], [-122.683213418826, 49.0521305328119], [-122.683258026719, 49.0520600419409], [-122.68331175087, 49.0519923529949], [-122.683374187013, 49.0519279749001], [-122.683831660381, 49.0514985119782], [-122.68392972309, 49.0514064528962], [-122.684002045568, 49.0513324034226], [-122.684065107237, 49.0512547825038], [-122.684118499858, 49.0511740891905], [-122.684161880774, 49.0510908416019], [-122.684541404646, 49.0499353460392], [-122.684577603917, 49.0498426378092], [-122.684625396648, 49.0497522272289], [-122.684684451749, 49.0496647385707], [-122.684754362986, 49.0495807779081], [-122.68496035774, 49.0493689732609], [-122.685111861563, 49.0491908536735], [-122.686438479213, 49.049188102181], [-122.687272061337, 49.0491891729516], [-122.691266439032, 49.0491941595102], [-122.691267249174, 49.0492845679355], [-122.691274788737, 49.0501246903996], [-122.691298792327, 49.0527973437685], [-122.685857688708, 49.0527966732391]], [[-122.683898498318, 49.0518131616785], [-122.684136203206, 49.0512193753943], [-122.684133798477, 49.051224143654], [-122.683898498318, 49.0518131616785]], [[-122.686570059148, 49.0522117626356], [-122.686823084314, 49.0521956224303], [-122.687306892759, 49.0521969234678], [-122.687705163766, 49.052110107188], [-122.688256964135, 49.0521377634671], [-122.688508894874, 49.0520556791997], [-122.688685691237, 49.0517533631778], [-122.68896533219, 49.0516605570884], [-122.689360899089, 49.0517649741917], [-122.689304617701, 49.0519239549457], [-122.689380001143, 49.0520606186132], [-122.689670829603, 49.0522158492463], [-122.689847322508, 49.0522037272078], [-122.689925465722, 49.052050111413], [-122.690000082038, 49.0516707885321], [-122.689852749485, 49.0513291031501], [-122.689953841183, 49.0510500609853], [-122.690071481722, 49.0504419139659], [-122.689958287973, 49.0499141122865], [-122.689779525316, 49.0497859885548], [-122.688949942248, 49.0497569686973], [-122.688267042458, 49.0497756531079], [-122.688160274874, 49.0497786057693], [-122.687442404934, 49.0497649885084], [-122.686934586571, 49.0497554396362], [-122.686701955568, 49.0498167040931], [-122.686637319389, 49.0500410595255], [-122.686429621049, 49.0503381619792], [-122.686552144941, 49.0506162722048], [-122.686584026892, 49.0509446938926], [-122.686663321489, 49.0511546828641], [-122.686742479897, 49.0513646705039], [-122.686603039497, 49.0515793783616], [-122.686560474202, 49.0516449303193], [-122.686784925993, 49.0517548302711], [-122.68675906904, 49.0519933213001], [-122.68655012284, 49.0521169862071], [-122.686570059148, 49.0522117626356]]]}, "properties": {"PLAN_AREA": "Campbell Heights", "PLAN_TYPE": "Local Area Plan", "PLAN_YEAR": 2000, "PLAN_STATUS": "Stage 2 Approved (See Surrey 2025 OCP)", "LAND_USE": "City Park"}}, {"type": "Feature", "geometry": {"type": "Polygon", "coordinates": [[[-122.681568831653, 49.0479598735086], [-122.681570535719, 49.0476930194833], [-122.681362458378, 49.0476924451809], [-122.681362889475, 49.0473874671374], [-122.681370211605, 49.0471656909697], [-122.681363388552, 49.0470350106857], [-122.681364289189, 49.0463980373432], [-122.681476209391, 49.046398248243], [-122.681479313924, 49.0459121950014], [-122.68147999509, 49.0458055481672], [-122.685401449684, 49.0458045689581], [-122.685409937142, 49.0458101585494], [-122.685449765484, 49.0459169733906], [-122.685482977582, 49.0459745212724], [-122.685476136946, 49.0480903731014], [-122.68545965275, 49.0481590002847], [-122.68544019721, 49.048224846035], [-122.685410052063, 49.0483089200324], [-122.685371505065, 49.0483978269192], [-122.685333547683, 49.0484726501518], [-122.68528301971, 49.0485547165], [-122.685234322499, 49.0486201154479], [-122.68515950756, 49.0487051092201], [-122.685056949441, 49.0488169716365], [-122.684760519469, 49.0491908012768], [-122.684594699784, 49.0493716663057], [-122.684496594298, 49.0494786692866], [-122.684405728295, 49.0495890931999], [-122.684324208078, 49.049716546907], [-122.684233105761, 49.0499372016004], [-122.684023222173, 49.0505855828573], [-122.683939429392, 49.0508444362404], [-122.683900593251, 49.0509644088612], [-122.683844761434, 49.0510906803753], [-122.68375399714, 49.0512191149281], [-122.683644023369, 49.0513297485217], [-122.683523189217, 49.0514431849286], [-122.683339047017, 49.0516160511723], [-122.683127636786, 49.0518145137691], [-122.68298121, 49.0519821639059], [-122.682880563792, 49.0521696651063], [-122.682843466705, 49.0522994742654], [-122.6828312243, 49.0524225375847], [-122.682698910889, 49.0524224410595], [-122.681644722387, 49.0524217670647], [-122.681511544255, 49.0524167030461], [-122.681382225829, 49.0523784226503], [-122.681373166813, 49.0493711389612], [-122.681560974228, 49.0491902825518], [-122.681568831653, 49.0479598735086]]]}, "properties": {"PLAN_AREA": "Campbell Heights", "PLAN_TYPE": "Local Area Plan", "PLAN_YEAR": 2000, "PLAN_STATUS": "Stage 2 Approved (See Surrey 2025 OCP)", "LAND_USE": "Business Park"}}, {"type": "Feature", "geometry": {"type": "Polygon", "coordinates": [[[-122.682473195586, 49.0602607288288], [-122.68247430951, 49.0603955057991], [-122.682155716145, 49.0603952558561], [-122.682162469942, 49.0602604654662], [-122.682473195586, 49.0602607288288]]]}, "properties": {"PLAN_AREA": "Campbell Heights", "PLAN_TYPE": "Local Area Plan", "PLAN_YEAR": 2000, "PLAN_STATUS": "Stage 2 Approved (See Surrey 2025 OCP)", "LAND_USE": "Landscaping Strips"}}, {"type": "Feature", "geometry": {"type": "Polygon", "coordinates": [[[-122.682474311319, 49.0603956515319], [-122.682502764784, 49.0638368041331], [-122.68250490091, 49.0644386041602], [-122.68250571116, 49.0645600407179], [-122.684019003285, 49.0645569413639], [-122.685605668721, 49.0645556331569], [-122.685626649445, 49.0671576139763], [-122.685625952275, 49.067224721435], [-122.68129305177, 49.0672274076134], [-122.681292694162, 49.0669840703065], [-122.68112790474, 49.0664205677202], [-122.681197574721, 49.0651959751284], [-122.681240417194, 49.0644438607394], [-122.681117003003, 49.0640028150366], [-122.681114249613, 49.0634046834007], [-122.6812486804, 49.0629973688845], [-122.681151476458, 49.0628057644026], [-122.681107267011, 49.061775638667], [-122.68117744878, 49.061589442271], [-122.681105540044, 49.0614458538026], [-122.681104685187, 49.0612581118147], [-122.681103365898, 49.0609501908098], [-122.681174232693, 49.0607423197267], [-122.681086599694, 49.0606391722215], [-122.681180004149, 49.0603960118169], [-122.682474311319, 49.0603956515319]]]}, "properties": {"PLAN_AREA": "Campbell Heights", "PLAN_TYPE": "Local Area Plan", "PLAN_YEAR": 2000, "PLAN_STATUS": "Stage 2 Approved (See Surrey 2025 OCP)", "LAND_USE": "Business Park"}}, {"type": "Feature", "geometry": {"type": "Polygon", "coordinates": [[[-122.699919752247, 49.0591512347174], [-122.702243419719, 49.0591571476017], [-122.70224454397, 49.0598978999958], [-122.699921219739, 49.059896311306], [-122.699919752247, 49.0591512347174]]]}, "properties": {"PLAN_AREA": "Campbell Heights", "PLAN_TYPE": "Local Area Plan", "PLAN_YEAR": 2000, "PLAN_STATUS": "Stage 2 Approved (See Surrey 2025 OCP)", "LAND_USE": "Business Park (Office)"}}, {"type": "Feature", "geometry": {"type": "Polygon", "coordinates": [[[-122.690050160631, 49.064626880724], [-122.691205166906, 49.0646254590812], [-122.691231385944, 49.0672208787375], [-122.690066586666, 49.0672216950731], [-122.690050160631, 49.064626880724]]]}, "properties": {"PLAN_AREA": "Campbell Heights", "PLAN_TYPE": "Local Area Plan", "PLAN_YEAR": 2000, "PLAN_STATUS": "Stage 2 Approved (See Surrey 2025 OCP)", "LAND_USE": "Business Park (Office)"}}, {"type": "Feature", "geometry": {"type": "Polygon", "coordinates": [[[-122.691205158693, 49.0646254590593], [-122.691206786408, 49.0646254571172], [-122.691289378119, 49.0646793049304], [-122.691411198027, 49.0646928928131], [-122.69143674852, 49.067220698396], [-122.691231385944, 49.0672208787375], [-122.691205158693, 49.0646254590593]]]}, "properties": {"PLAN_AREA": "Campbell Heights", "PLAN_TYPE": "Local Area Plan", "PLAN_YEAR": 2000, "PLAN_STATUS": "Stage 2 Approved (See Surrey 2025 OCP)", "LAND_USE": "Landscaping Strips"}}, {"type": "Feature", "geometry": {"type": "Polygon", "coordinates": [[[-122.685908186923, 49.0646093127659], [-122.685989856204, 49.0645553126007], [-122.686180967443, 49.0645551945992], [-122.686282361973, 49.0645600948466], [-122.686402640399, 49.0645792988399], [-122.686518295876, 49.0646000319863], [-122.686610689528, 49.0646095096136], [-122.686680708574, 49.0646127078173], [-122.687467330162, 49.0646295041427], [-122.689738741163, 49.0646272620026], [-122.690050160631, 49.064626880724], [-122.690066586666, 49.0672216950731], [-122.685938794186, 49.0672245323252], [-122.685935704654, 49.0672225152165], [-122.685908186923, 49.0646093127659]]]}, "properties": {"PLAN_AREA": "Campbell Heights", "PLAN_TYPE": "Local Area Plan", "PLAN_YEAR": 2000, "PLAN_STATUS": "Stage 2 Approved (See Surrey 2025 OCP)", "LAND_USE": "Business Park"}}, {"type": "Feature", "geometry": {"type": "Polygon", "coordinates": [[[-122.699647521354, 49.0598961651927], [-122.699647789555, 49.0600311151875], [-122.697173553772, 49.0600293131526], [-122.697169035146, 49.059894369087], [-122.699647521354, 49.0598961651927]]]}, "properties": {"PLAN_AREA": "Campbell Heights", "PLAN_TYPE": "Local Area Plan", "PLAN_YEAR": 2000, "PLAN_STATUS": "Stage 2 Approved (See Surrey 2025 OCP)", "LAND_USE": "Landscaping Strips"}}, {"type": "Feature", "geometry": {"type": "Polygon", "coordinates": [[[-122.699921219441, 49.0598963607807], [-122.702244543701, 49.0598979449728], [-122.702239567865, 49.0566175050939], [-122.702296507504, 49.0566175548282], [-122.702376931591, 49.0566704239695], [-122.702381664969, 49.0599950456756], [-122.702381575189, 49.0600330066226], [-122.702257973133, 49.0600329576958], [-122.699965712745, 49.0600313429908], [-122.699962480452, 49.0600034484135], [-122.699921378181, 49.0599764026117], [-122.699921219441, 49.0598963607807]]]}, "properties": {"PLAN_AREA": "Campbell Heights", "PLAN_TYPE": "Local Area Plan", "PLAN_YEAR": 2000, "PLAN_STATUS": "Stage 2 Approved (See Surrey 2025 OCP)", "LAND_USE": "Landscaping Strips"}}, {"type": "Feature", "geometry": {"type": "Polygon", "coordinates": [[[-122.702239515854, 49.0566175049597], [-122.702243419719, 49.0591571476017], [-122.699919752247, 49.0591512347174], [-122.699914863192, 49.0566694055274], [-122.699996847056, 49.0566155275476], [-122.702239515854, 49.0566175049597]]]}, "properties": {"PLAN_AREA": "Campbell Heights", "PLAN_TYPE": "Local Area Plan", "PLAN_YEAR": 2000, "PLAN_STATUS": "Stage 2 Approved (See Surrey 2025 OCP)", "LAND_USE": "Business Park"}}, {"type": "Feature", "geometry": {"type": "Polygon", "coordinates": [[[-122.697156052792, 49.0566122489868], [-122.699641005707, 49.0566152344259], [-122.699646040754, 49.0591505353382], [-122.69716608769, 49.0591441673917], [-122.697156052792, 49.0566122489868]]]}, "properties": {"PLAN_AREA": "Campbell Heights", "PLAN_TYPE": "Local Area Plan", "PLAN_YEAR": 2000, "PLAN_STATUS": "Stage 2 Approved (See Surrey 2025 OCP)", "LAND_USE": "Business Park"}}, {"type": "Feature", "geometry": {"type": "Polygon", "coordinates": [[[-122.699646040754, 49.0591505353382], [-122.699680420824, 49.059150623903], [-122.699652791625, 49.0598961249344], [-122.699647521619, 49.0598961211153], [-122.699646040754, 49.0591505353382]]]}, "properties": {"PLAN_AREA": "Campbell Heights", "PLAN_TYPE": "Local Area Plan", "PLAN_YEAR": 2000, "PLAN_STATUS": "Stage 2 Approved (See Surrey 2025 OCP)", "LAND_USE": "Business Park (Office)"}}, {"type": "Feature", "geometry": {"type": "Polygon", "coordinates": [[[-122.699647521354, 49.0598961651927], [-122.699652791359, 49.0598961690119], [-122.699647789555, 49.0600311151875], [-122.699647521354, 49.0598961651927]]]}, "properties": {"PLAN_AREA": "Campbell Heights", "PLAN_TYPE": "Local Area Plan", "PLAN_YEAR": 2000, "PLAN_STATUS": "Stage 2 Approved (See Surrey 2025 OCP)", "LAND_USE": "Landscaping Strips"}}, {"type": "Feature", "geometry": {"type": "Polygon", "coordinates": [[[-122.694269801347, 49.0591366323684], [-122.694273726911, 49.059891877859], [-122.691939345786, 49.059889799652], [-122.691932507587, 49.0591304982901], [-122.694269801347, 49.0591366323684]]]}, "properties": {"PLAN_AREA": "Campbell Heights", "PLAN_TYPE": "Local Area Plan", "PLAN_YEAR": 2000, "PLAN_STATUS": "Stage 2 Approved (See Surrey 2025 OCP)", "LAND_USE": "Business Park (Office)"}}, {"type": "Feature", "geometry": {"type": "Polygon", "coordinates": [[[-122.694437585474, 49.0598920392235], [-122.696894586851, 49.0598941892902], [-122.696895137617, 49.0600289430359], [-122.694516995846, 49.0600269504629], [-122.694517195926, 49.0599943043756], [-122.694437846622, 49.0599405420729], [-122.694437585474, 49.0598920392235]]]}, "properties": {"PLAN_AREA": "Campbell Heights", "PLAN_TYPE": "Local Area Plan", "PLAN_YEAR": 2000, "PLAN_STATUS": "Stage 2 Approved (See Surrey 2025 OCP)", "LAND_USE": "Landscaping Strips"}}, {"type": "Feature", "geometry": {"type": "Polygon", "coordinates": [[[-122.691703303336, 49.0566541658003], [-122.691752585718, 49.0566525271104], [-122.691845425231, 49.0565730421025], [-122.691907803407, 49.0565730017371], [-122.691937827302, 49.0598918645734], [-122.691939345786, 49.059889799652], [-122.694273726812, 49.0598918940508], [-122.694273979086, 49.0599404787365], [-122.694191859703, 49.059994462014], [-122.694189874375, 49.0600266724842], [-122.691940703331, 49.0600247363939], [-122.691939060747, 49.0600247320096], [-122.691733871306, 49.0600251736592], [-122.691703303336, 49.0566541658003]]]}, "properties": {"PLAN_AREA": "Campbell Heights", "PLAN_TYPE": "Local Area Plan", "PLAN_YEAR": 2000, "PLAN_STATUS": "Stage 2 Approved (See Surrey 2025 OCP)", "LAND_USE": "Landscaping Strips"}}, {"type": "Feature", "geometry": {"type": "Polygon", "coordinates": [[[-122.691909350094, 49.0565730013681], [-122.692995217321, 49.0565723002922], [-122.69357085214, 49.0566028227066], [-122.694201908346, 49.0566021009463], [-122.694284275087, 49.056655957796], [-122.694285559117, 49.0569027818858], [-122.694282200267, 49.0569674932412], [-122.6942732969, 49.0570234453389], [-122.694260039913, 49.0570750869314], [-122.694243648242, 49.0571417112938], [-122.694234694383, 49.0572078911881], [-122.694232691916, 49.0572607715929], [-122.694241031658, 49.0583352799734], [-122.694246161775, 49.0583741300239], [-122.694252889155, 49.0584089848866], [-122.694262917191, 49.0584685340621], [-122.6942666517, 49.0585307292457], [-122.694269801347, 49.0591366323684], [-122.691932507587, 49.0591304982901], [-122.691909350094, 49.0565730013681]]]}, "properties": {"PLAN_AREA": "Campbell Heights", "PLAN_TYPE": "Local Area Plan", "PLAN_YEAR": 2000, "PLAN_STATUS": "Stage 2 Approved (See Surrey 2025 OCP)", "LAND_USE": "Business Park"}}, {"type": "Feature", "geometry": {"type": "Polygon", "coordinates": [[[-122.690083115856, 49.067605692957], [-122.691231453831, 49.0676056366136], [-122.691243306173, 49.0687149591133], [-122.691269193526, 49.0711131815538], [-122.691286442201, 49.0729452135125], [-122.69129521987, 49.0738501314597], [-122.691305664636, 49.0743527975232], [-122.691169333303, 49.0744997821302], [-122.691085065759, 49.0746857764591], [-122.690164437918, 49.0746812956864], [-122.690083115856, 49.067605692957]]]}, "properties": {"PLAN_AREA": "Campbell Heights", "PLAN_TYPE": "Local Area Plan", "PLAN_YEAR": 2000, "PLAN_STATUS": "Stage 2 Approved (See Surrey 2025 OCP)", "LAND_USE": "Technology Park or Business Park (Office)"}}, {"type": "Feature", "geometry": {"type": "Polygon", "coordinates": [[[-122.683257680266, 49.0529918184521], [-122.685749421297, 49.0529952719687], [-122.685777788476, 49.053012556798], [-122.685833878086, 49.0530493258923], [-122.685834487267, 49.0531303199087], [-122.683252998004, 49.0531266939198], [-122.68325218867, 49.0530087123218], [-122.683257680266, 49.0529918184521]]]}, "properties": {"PLAN_AREA": "Campbell Heights", "PLAN_TYPE": "Local Area Plan", "PLAN_YEAR": 2000, "PLAN_STATUS": "Stage 2 Approved (See Surrey 2025 OCP)", "LAND_USE": "Landscaping Strips"}}, {"type": "Feature", "geometry": {"type": "MultiPolygon", "coordinates": [[[[-122.691546810223, 49.0389077434871], [-122.691635619561, 49.0389062725645], [-122.691645984582, 49.0401534384296], [-122.691639280038, 49.0401534205153], [-122.691556834051, 49.0400988687329], [-122.691546810223, 49.0389077434871]]], [[[-122.694837651715, 49.0419513381987], [-122.694755061051, 49.0418967892395], [-122.694754955048, 49.0418917514404], [-122.696825875077, 49.0419042665194], [-122.696920716815, 49.0419017243077], [-122.696921417642, 49.0419667632111], [-122.695888633581, 49.0419591239136], [-122.694837651715, 49.0419513381987]]], [[[-122.691640906301, 49.0403332454467], [-122.691647474046, 49.0403332620959], [-122.691659786513, 49.0418197159097], [-122.691686414597, 49.0418730408232], [-122.694481432085, 49.0418900444385], [-122.694481540264, 49.0418947224209], [-122.694399934786, 49.0419481208456], [-122.693259467885, 49.0419396303855], [-122.692332863679, 49.0419327748734], [-122.691654194034, 49.0419277377575], [-122.691571745101, 49.0418731868962], [-122.691565513908, 49.0411312192184], [-122.691559299536, 49.0403865528179], [-122.691640906301, 49.0403332454467]]]]}, "properties": {"PLAN_AREA": "Campbell Heights", "PLAN_TYPE": "Local Area Plan", "PLAN_YEAR": 2000, "PLAN_STATUS": "Stage 2 Approved (See Surrey 2025 OCP)", "LAND_USE": "Landscaping Strips"}}, {"type": "Feature", "geometry": {"type": "Polygon", "coordinates": [[[-122.691232771467, 49.0454928260682], [-122.691151151895, 49.0455467636635], [-122.690118378596, 49.0455471733135], [-122.68902402384, 49.0455475895115], [-122.686941235326, 49.0455483057326], [-122.686940691674, 49.0454820969039], [-122.687042621466, 49.0454851592841], [-122.69111318293, 49.0454904406717], [-122.691146982571, 49.0454684910998], [-122.691125069378, 49.0422132949584], [-122.691058121998, 49.0421745274665], [-122.686913339366, 49.0421792858781], [-122.686912843621, 49.042127470052], [-122.688995489127, 49.0421256808805], [-122.690089769393, 49.0421247286663], [-122.691122473772, 49.0421237829982], [-122.691204928444, 49.0421776154475], [-122.691211737245, 49.0429810269862], [-122.691218780251, 49.0438352639898], [-122.691225962191, 49.0446894121817], [-122.691232771467, 49.0454928260682]]]}, "properties": {"PLAN_AREA": "Campbell Heights", "PLAN_TYPE": "Local Area Plan", "PLAN_YEAR": 2000, "PLAN_STATUS": "Stage 2 Approved (See Surrey 2025 OCP)", "LAND_USE": "Landscaping Strips"}}, {"type": "Feature", "geometry": {"type": "Polygon", "coordinates": [[[-122.702372894369, 49.052753394742], [-122.702371790955, 49.0528238279621], [-122.697194537992, 49.0528057773355], [-122.697112180011, 49.0527516814668], [-122.702372894369, 49.052753394742]]]}, "properties": {"PLAN_AREA": "Campbell Heights", "PLAN_TYPE": "Local Area Plan", "PLAN_YEAR": 2000, "PLAN_STATUS": "Stage 2 Approved (See Surrey 2025 OCP)", "LAND_USE": "Landscaping Strips"}}, {"type": "Feature", "geometry": {"type": "Polygon", "coordinates": [[[-122.687641881552, 49.0603991404762], [-122.68764300884, 49.0603898511331], [-122.687644701804, 49.0603101723119], [-122.687685490379, 49.0602831503409], [-122.68768553448, 49.0602649704714], [-122.688211987117, 49.0602653755469], [-122.689000331813, 49.0602660353325], [-122.691366466475, 49.0602678027141], [-122.691367829158, 49.0604016600038], [-122.691408434917, 49.0644194994496], [-122.691237812352, 49.0644239996747], [-122.691205165514, 49.0644456203584], [-122.691203340666, 49.0644456235721], [-122.6911624875, 49.060402557205], [-122.689999075003, 49.0603994804975], [-122.687641881552, 49.0603991404762]]]}, "properties": {"PLAN_AREA": "Campbell Heights", "PLAN_TYPE": "Local Area Plan", "PLAN_YEAR": 2000, "PLAN_STATUS": "Stage 2 Approved (See Surrey 2025 OCP)", "LAND_USE": "Landscaping Strips"}}, {"type": "Feature", "geometry": {"type": "Polygon", "coordinates": [[[-122.691700483616, 49.0563432280973], [-122.691679013945, 49.0539753884873], [-122.691678191109, 49.053886242181], [-122.691678196116, 49.0538854325948], [-122.691679842909, 49.0538404610394], [-122.693033024753, 49.0538437811214], [-122.693037168178, 49.0531223669252], [-122.693037719716, 49.052987438712], [-122.696868794546, 49.0529945340618], [-122.696868253365, 49.0531294641127], [-122.693104231343, 49.053122499397], [-122.693100909404, 49.0538889376106], [-122.691885547317, 49.0538858945875], [-122.69188431896, 49.053974584739], [-122.691884311176, 49.0539758440953], [-122.691906179989, 49.0563934058121], [-122.691862719377, 49.0563934544058], [-122.691779804923, 49.0563396825171], [-122.691700483616, 49.0563432280973]]]}, "properties": {"PLAN_AREA": "Campbell Heights", "PLAN_TYPE": "Local Area Plan", "PLAN_YEAR": 2000, "PLAN_STATUS": "Stage 2 Approved (See Surrey 2025 OCP)", "LAND_USE": "Landscaping Strips"}}, {"type": "Feature", "geometry": {"type": "Polygon", "coordinates": [[[-122.685938809188, 49.0672245413616], [-122.69143674852, 49.067220698396], [-122.691437694674, 49.0673106598224], [-122.687820004402, 49.067315231874], [-122.686000974981, 49.0673174643139], [-122.686004474786, 49.0672674083106], [-122.685938809188, 49.0672245413616]]]}, "properties": {"PLAN_AREA": "Campbell Heights", "PLAN_TYPE": "Local Area Plan", "PLAN_YEAR": 2000, "PLAN_STATUS": "Stage 2 Approved (See Surrey 2025 OCP)", "LAND_USE": "Landscaping Strips"}}, {"type": "Feature", "geometry": {"type": "MultiPolygon", "coordinates": [[[[-122.691260534866, 49.04862085227], [-122.691183761086, 49.0486207386166], [-122.691173778954, 49.0475558975893], [-122.691251464952, 49.0476075591529], [-122.691260534866, 49.04862085227]]], [[[-122.691249147164, 49.0473181630615], [-122.691172059511, 49.0473690542898], [-122.691158155037, 49.0458752104312], [-122.69109805157, 49.0458353809379], [-122.686946519198, 49.0458405868431], [-122.686946008718, 49.0457911098569], [-122.687965923706, 49.0457906983258], [-122.688956005844, 49.0457903790908], [-122.690056113326, 49.0457899789843], [-122.691153210302, 49.045789559435], [-122.691235805972, 49.0458434812574], [-122.691242638389, 49.0465987687864], [-122.691249147164, 49.0473181630615]]]]}, "properties": {"PLAN_AREA": "Campbell Heights", "PLAN_TYPE": "Local Area Plan", "PLAN_YEAR": 2000, "PLAN_STATUS": "Stage 2 Approved (See Surrey 2025 OCP)", "LAND_USE": "Landscaping Strips"}}, {"type": "Feature", "geometry": {"type": "Polygon", "coordinates": [[[-122.702656838786, 49.0600331736727], [-122.702654659872, 49.0583052703187], [-122.702653985745, 49.0578315363041], [-122.702653471707, 49.0574337646347], [-122.702649936167, 49.0546151810559], [-122.702649933501, 49.0546133333634], [-122.70278680396, 49.0546154418462], [-122.702789963085, 49.0571012936603], [-122.702796648926, 49.0574340479602], [-122.702791538216, 49.0583056903451], [-122.702793569001, 49.0599433005799], [-122.705113143636, 49.0599448560504], [-122.705113144893, 49.0599437181179], [-122.705115061579, 49.0599445910846], [-122.705319832429, 49.0599454100396], [-122.705319847686, 49.0600349804658], [-122.70513081541, 49.0600348565968], [-122.702656838786, 49.0600331736727]]]}, "properties": {"PLAN_AREA": "Campbell Heights", "PLAN_TYPE": "Local Area Plan", "PLAN_YEAR": 2000, "PLAN_STATUS": "Stage 2 Approved (See Surrey 2025 OCP)", "LAND_USE": "Landscaping Strips"}}, {"type": "Feature", "geometry": {"type": "Polygon", "coordinates": [[[-122.702376525508, 49.0563849250018], [-122.702296190846, 49.0564377159675], [-122.70223929526, 49.0564376582506], [-122.702234289332, 49.0531381367587], [-122.701796059853, 49.0531359312172], [-122.697142256314, 49.0531294593184], [-122.69714279539, 49.0529949790388], [-122.702213190349, 49.0530036006357], [-122.702371678043, 49.0530039168033], [-122.702371397173, 49.053074351242], [-122.70237189025, 49.053129314429], [-122.702376525508, 49.0563849250018]]]}, "properties": {"PLAN_AREA": "Campbell Heights", "PLAN_TYPE": "Local Area Plan", "PLAN_YEAR": 2000, "PLAN_STATUS": "Stage 2 Approved (See Surrey 2025 OCP)", "LAND_USE": "Landscaping Strips"}}, {"type": "Feature", "geometry": {"type": "Polygon", "coordinates": [[[-122.68129305177, 49.0672274076134], [-122.681209234711, 49.0673177638381], [-122.68072117507, 49.0673177659161], [-122.68072079276, 49.0672280776138], [-122.68129305177, 49.0672274076134]]]}, "properties": {"PLAN_AREA": "Campbell Heights", "PLAN_TYPE": "Local Area Plan", "PLAN_YEAR": 2000, "PLAN_STATUS": "Stage 2 Approved (See Surrey 2025 OCP)", "LAND_USE": "Open Space Corridors/Buffers"}}, {"type": "Feature", "geometry": {"type": "Polygon", "coordinates": [[[-122.691107413711, 49.0403314706023], [-122.691189864049, 49.0403853021699], [-122.691202435417, 49.0418719393308], [-122.691120822572, 49.0419259660089], [-122.687016981909, 49.0419294865674], [-122.68701649904, 49.0418756017935], [-122.691086537475, 49.0418718117675], [-122.691120761622, 49.0418469847451], [-122.691107413711, 49.0403314706023]]]}, "properties": {"PLAN_AREA": "Campbell Heights", "PLAN_TYPE": "Local Area Plan", "PLAN_YEAR": 2000, "PLAN_STATUS": "Stage 2 Approved (See Surrey 2025 OCP)", "LAND_USE": "Landscaping Strips"}}, {"type": "Feature", "geometry": {"type": "Polygon", "coordinates": [[[-122.69269574812, 49.0527415662806], [-122.692696271605, 49.0527976369524], [-122.691749903856, 49.052795842748], [-122.691667297265, 49.0527417405267], [-122.691653349258, 49.0511873543332], [-122.691734976433, 49.0511335972608], [-122.691738261014, 49.0511336060339], [-122.691756279748, 49.0527162491373], [-122.691823050083, 49.0527415250408], [-122.69269574812, 49.0527415662806]]]}, "properties": {"PLAN_AREA": "Campbell Heights", "PLAN_TYPE": "Local Area Plan", "PLAN_YEAR": 2000, "PLAN_STATUS": "Stage 2 Approved (See Surrey 2025 OCP)", "LAND_USE": "Landscaping Strips"}}, {"type": "Feature", "geometry": {"type": "Polygon", "coordinates": [[[-122.693033024753, 49.0538437811214], [-122.691677789934, 49.0538404555549], [-122.691670044546, 49.0529848922489], [-122.693037719716, 49.052987438712], [-122.693033024753, 49.0538437811214]]]}, "properties": {"PLAN_AREA": "Campbell Heights", "PLAN_TYPE": "Local Area Plan", "PLAN_YEAR": 2000, "PLAN_STATUS": "Stage 2 Approved (See Surrey 2025 OCP)", "LAND_USE": "Commercial"}}, {"type": "Feature", "geometry": {"type": "Polygon", "coordinates": [[[-122.690001748986, 49.0538325781518], [-122.689991093571, 49.0529880687274], [-122.691300504021, 49.0529855299046], [-122.691308062952, 49.0538255313373], [-122.691198703402, 49.0538259602266], [-122.690001748986, 49.0538325781518]]]}, "properties": {"PLAN_AREA": "Campbell Heights", "PLAN_TYPE": "Local Area Plan", "PLAN_YEAR": 2000, "PLAN_STATUS": "Stage 2 Approved (See Surrey 2025 OCP)", "LAND_USE": "Commercial"}}, {"type": "Feature", "geometry": {"type": "Polygon", "coordinates": [[[-122.690083115856, 49.067605692957], [-122.690164437918, 49.0746812956864], [-122.691085065759, 49.0746857764591], [-122.691022601979, 49.0748663984945], [-122.691016240965, 49.0750751593409], [-122.691107400363, 49.0752792345628], [-122.691257691775, 49.075487149753], [-122.691187660934, 49.0765541949546], [-122.691047331806, 49.0787250440873], [-122.690805584562, 49.0788198643425], [-122.690298747912, 49.0790185279704], [-122.689718617947, 49.0791557365368], [-122.688884399394, 49.0795842869876], [-122.687833183468, 49.0798926899046], [-122.687002687951, 49.0803568410171], [-122.686363057954, 49.0807388172745], [-122.685523900981, 49.080926550746], [-122.685125258071, 49.0809263716323], [-122.68475825369, 49.0807960162792], [-122.683220126519, 49.0804912869163], [-122.682391207681, 49.0805119557116], [-122.681893546326, 49.0802360450054], [-122.68127302177, 49.0796455779277], [-122.681735686118, 49.0785044073499], [-122.681533409723, 49.0782090664551], [-122.681618224552, 49.0775204167338], [-122.681749274123, 49.0771164243227], [-122.681586497902, 49.075964001456], [-122.681434995281, 49.0757395950306], [-122.681434043053, 49.0753354201734], [-122.68138117338, 49.0748281923474], [-122.681128273638, 49.074636430032], [-122.680968523149, 49.0744599453744], [-122.681107458986, 49.0739986756096], [-122.681135681659, 49.0734856445636], [-122.681148387217, 49.073256202108], [-122.681258824853, 49.0729246587275], [-122.681272362528, 49.0726718292759], [-122.681190728312, 49.072485306547], [-122.680944208292, 49.0719421890161], [-122.680973068776, 49.0713503533958], [-122.68101605429, 49.0709676154565], [-122.681042623961, 49.0707319107604], [-122.680968672123, 49.0700103434317], [-122.681214597721, 49.069578598033], [-122.681145864196, 49.0692378302984], [-122.681096236776, 49.0689921080739], [-122.681064712635, 49.0687411284801], [-122.680985425189, 49.0680822387138], [-122.680971740185, 49.0676970905483], [-122.681025172838, 49.0676055710716], [-122.686089432105, 49.0676057705888], [-122.687476177534, 49.0676057844661], [-122.690083115856, 49.067605692957]]]}, "properties": {"PLAN_AREA": "Campbell Heights", "PLAN_TYPE": "Local Area Plan", "PLAN_YEAR": 2000, "PLAN_STATUS": "Stage 2 Approved (See Surrey 2025 OCP)", "LAND_USE": "Technology Park or Business Park"}}, {"type": "Feature", "geometry": {"type": "Polygon", "coordinates": [[[-122.68258609018, 49.0598830340869], [-122.685884399923, 49.0598857933784], [-122.685884812199, 49.0599415758565], [-122.685803115884, 49.0599956208897], [-122.685803029229, 49.0600206597446], [-122.682666304299, 49.0600180294754], [-122.682668960605, 49.0599992055106], [-122.68258650509, 49.0599453464508], [-122.68258609018, 49.0598830340869]]]}, "properties": {"PLAN_AREA": "Campbell Heights", "PLAN_TYPE": "Local Area Plan", "PLAN_YEAR": 2000, "PLAN_STATUS": "Stage 2 Approved (See Surrey 2025 OCP)", "LAND_USE": "Landscaping Strips"}}, {"type": "Feature", "geometry": {"type": "Polygon", "coordinates": [[[-122.702646613747, 49.0528239930255], [-122.702646950026, 49.0527442024532], [-122.706910892155, 49.0527515346848], [-122.707434059063, 49.0527528189045], [-122.707434202311, 49.0528144711737], [-122.707434226894, 49.0528305732715], [-122.707183889522, 49.0528294067658], [-122.706908450383, 49.0528290818252], [-122.702646613747, 49.0528239930255]]]}, "properties": {"PLAN_AREA": "Campbell Heights", "PLAN_TYPE": "Local Area Plan", "PLAN_YEAR": 2000, "PLAN_STATUS": "Stage 2 Approved (See Surrey 2025 OCP)", "LAND_USE": "Landscaping Strips"}}, {"type": "Feature", "geometry": {"type": "Polygon", "coordinates": [[[-122.702646950026, 49.0527442024532], [-122.702641040608, 49.0476502831575], [-122.702723057038, 49.0475964464305], [-122.705502261122, 49.0476002731284], [-122.705521218896, 49.0476153476845], [-122.705551374681, 49.0476330478259], [-122.705579095734, 49.0476447534045], [-122.705613082438, 49.0476547289212], [-122.705655739664, 49.0476617454136], [-122.70569515209, 49.0476634444369], [-122.705738569271, 49.0476601863103], [-122.705768062502, 49.04765474453], [-122.705798480969, 49.0476460325164], [-122.705828338713, 49.0476337775141], [-122.705859150418, 49.0476159323963], [-122.705883651495, 49.0475958429882], [-122.705902617039, 49.047573421313], [-122.705916542468, 49.0475468083545], [-122.705922770569, 49.0475194156559], [-122.705922194145, 49.0474967228893], [-122.705914229373, 49.0474686643355], [-122.705900978208, 49.0474454616058], [-122.705882015456, 49.0474237978519], [-122.70585936566, 49.0474054386617], [-122.705843570433, 49.047395471804], [-122.705827253665, 49.0473869222143], [-122.705806359936, 49.0473780308181], [-122.705772513249, 49.0473675438674], [-122.705728901029, 49.0473598350232], [-122.705691350907, 49.0473577494535], [-122.705646326001, 49.0473605446883], [-122.705606025075, 49.047368217654], [-122.705567945301, 49.0473807412806], [-122.705538375203, 49.0473950524352], [-122.705515718551, 49.0474098570884], [-122.705502829169, 49.04742043536], [-122.70272206272, 49.0474166064442], [-122.702639926399, 49.0473625411257], [-122.702638291219, 49.0459006332423], [-122.702679558483, 49.0458735225924], [-122.706597436652, 49.0458774955367], [-122.706597315089, 49.0459400242751], [-122.706825622923, 49.0459402185687], [-122.707418053031, 49.045940717212], [-122.707419893964, 49.0467157326162], [-122.707214703474, 49.0467154560205], [-122.707215662724, 49.0471200940285], [-122.707284059194, 49.0471201865656], [-122.707287419507, 49.0485377664584], [-122.707424217707, 49.0485379514179], [-122.707426034829, 49.049303498589], [-122.707428952684, 49.0505573802217], [-122.707429268706, 49.0506931455225], [-122.706876167108, 49.050800929197], [-122.706281093617, 49.0509168892146], [-122.70568917331, 49.0514629477974], [-122.7056882333, 49.0516221945709], [-122.705837435686, 49.0516225749573], [-122.705836448995, 49.051789813257], [-122.706633610627, 49.05179184233], [-122.706634505476, 49.051639758599], [-122.706681932671, 49.0516177725747], [-122.706684828336, 49.0516164306011], [-122.706802360686, 49.0515619472313], [-122.707054493839, 49.0514450668908], [-122.70743101922, 49.0514460220019], [-122.707434059063, 49.0527528189045], [-122.706910892155, 49.0527515346848], [-122.702646950026, 49.0527442024532]]]}, "properties": {"PLAN_AREA": "Campbell Heights", "PLAN_TYPE": "Local Area Plan", "PLAN_YEAR": 2000, "PLAN_STATUS": "Stage 2 Approved (See Surrey 2025 OCP)", "LAND_USE": "Technology Park or Business Park"}}, {"type": "Feature", "geometry": {"type": "Polygon", "coordinates": [[[-122.685883948499, 49.0419304867788], [-122.685555813174, 49.0419392580192], [-122.68559039025, 49.0452704342724], [-122.685350495742, 49.0454041346266], [-122.684975956442, 49.0454036606973], [-122.681341541331, 49.0453961718041], [-122.681254864854, 49.0451044752226], [-122.68131071997, 49.0447580267206], [-122.681405619438, 49.0444899482944], [-122.681403794639, 49.0443039131361], [-122.681340997671, 49.0442590317917], [-122.681506825124, 49.0440909081258], [-122.681518804566, 49.0438217002525], [-122.681340554798, 49.0434483401161], [-122.681369800872, 49.0421234454695], [-122.681369584906, 49.0419426321071], [-122.681466386484, 49.0410732848598], [-122.681597743059, 49.0409229679164], [-122.681629031642, 49.0408870710489], [-122.682007247471, 49.0404540684534], [-122.682223228473, 49.0400776526101], [-122.682262510616, 49.0400111017717], [-122.68239253938, 49.0398319053513], [-122.683197692637, 49.0398882663842], [-122.683382835018, 49.0399080232079], [-122.684395628792, 49.0401287493564], [-122.684697575365, 49.0402000955097], [-122.684853197098, 49.0402581813093], [-122.685086947305, 49.0403165673768], [-122.685301534951, 49.0403107631832], [-122.685868194211, 49.0402604844289], [-122.685883948499, 49.0419304867788]]]}, "properties": {"PLAN_AREA": "Campbell Heights", "PLAN_TYPE": "Local Area Plan", "PLAN_YEAR": 2000, "PLAN_STATUS": "Stage 2 Approved (See Surrey 2025 OCP)", "LAND_USE": "Business Park"}}, {"type": "Feature", "geometry": {"type": "Polygon", "coordinates": [[[-122.680981729407, 49.0644417499071], [-122.681239679743, 49.0644412266091], [-122.681240417194, 49.0644438607394], [-122.681231158585, 49.0646082789531], [-122.681223912719, 49.0647358210267], [-122.681197574721, 49.0651959751284], [-122.681128365521, 49.0664127419804], [-122.681292694162, 49.0669840703065], [-122.68129305177, 49.0672274076134], [-122.680994593149, 49.0672279918024], [-122.680981729407, 49.0644417499071]]]}, "properties": {"PLAN_AREA": "Campbell Heights", "PLAN_TYPE": "Local Area Plan", "PLAN_YEAR": 2000, "PLAN_STATUS": "Stage 2 Approved (See Surrey 2025 OCP)", "LAND_USE": "Business Park"}}, {"type": "Feature", "geometry": {"type": "Polygon", "coordinates": [[[-122.680707941317, 49.0644423052786], [-122.680981729407, 49.0644417499071], [-122.680994593149, 49.0672279918024], [-122.680720789878, 49.0672285273824], [-122.680707941317, 49.0644423052786]]]}, "properties": {"PLAN_AREA": "Campbell Heights", "PLAN_TYPE": "Local Area Plan", "PLAN_YEAR": 2000, "PLAN_STATUS": "Stage 2 Approved (See Surrey 2025 OCP)", "LAND_USE": "Open Space Corridors/Buffers"}}, {"type": "Feature", "geometry": {"type": "Polygon", "coordinates": [[[-122.689970501819, 49.0486197508445], [-122.691183761086, 49.0486207386166], [-122.691260534866, 49.04862085227], [-122.691266439032, 49.0491941595102], [-122.689976312617, 49.0491922627023], [-122.689970501819, 49.0486197508445]]]}, "properties": {"PLAN_AREA": "Campbell Heights", "PLAN_TYPE": "Local Area Plan", "PLAN_YEAR": 2000, "PLAN_STATUS": "Stage 2 Approved (See Surrey 2025 OCP)", "LAND_USE": "Open Space Corridors/Buffers"}}, {"type": "Feature", "geometry": {"type": "Polygon", "coordinates": [[[-122.693412453855, 49.0527415959365], [-122.69269574812, 49.0527415662806], [-122.692680769926, 49.0511352893293], [-122.693397813063, 49.0511365649745], [-122.693405548248, 49.0519941353009], [-122.693412453855, 49.0527415959365]]]}, "properties": {"PLAN_AREA": "Campbell Heights", "PLAN_TYPE": "Local Area Plan", "PLAN_YEAR": 2000, "PLAN_STATUS": "Stage 2 Approved (See Surrey 2025 OCP)", "LAND_USE": "Technology Park or Business Park"}}, {"type": "Feature", "geometry": {"type": "Polygon", "coordinates": [[[-122.702224702749, 49.045422883897], [-122.7024978498, 49.0454227634558], [-122.70249760137, 49.045552722608], [-122.702218015796, 49.0455527220877], [-122.702225575236, 49.0455130486729], [-122.702224702749, 49.045422883897]]]}, "properties": {"PLAN_AREA": "Campbell Heights", "PLAN_TYPE": "Local Area Plan", "PLAN_YEAR": 2000, "PLAN_STATUS": "Stage 2 Approved (See Surrey 2025 OCP)", "LAND_USE": "Open Space Corridors/Buffers"}}, {"type": "Feature", "geometry": {"type": "Polygon", "coordinates": [[[-122.697399420141, 49.0409372755136], [-122.69739237457, 49.0409332324212], [-122.697468542321, 49.0404418367737], [-122.697846810562, 49.0405892621786], [-122.698243617081, 49.0407942156088], [-122.69861918523, 49.0409364130795], [-122.699185375195, 49.0410084875325], [-122.699831842489, 49.0410425341642], [-122.700818981085, 49.0408524555574], [-122.700822819719, 49.0408516864924], [-122.701637592695, 49.0406806239224], [-122.70200591212, 49.0404561447783], [-122.702020353626, 49.0405701370546], [-122.701701414677, 49.0407646168263], [-122.701102827018, 49.0408915400777], [-122.700682923095, 49.040975729772], [-122.699838805887, 49.0411382561428], [-122.699159506517, 49.0411025047662], [-122.698563372594, 49.0410265756384], [-122.698208407353, 49.0408921806527], [-122.698159543087, 49.0408736893019], [-122.697784569354, 49.0406799769551], [-122.697399644469, 49.0409284919274], [-122.697399420141, 49.0409372755136]]]}, "properties": {"PLAN_AREA": "Campbell Heights", "PLAN_TYPE": "Local Area Plan", "PLAN_YEAR": 2000, "PLAN_STATUS": "Stage 2 Approved (See Surrey 2025 OCP)", "LAND_USE": "Business Park"}}, {"type": "Feature", "geometry": {"type": "Polygon", "coordinates": [[[-122.685893134108, 49.0629556907884], [-122.685894414058, 49.0629552552895], [-122.685883140709, 49.061761563466], [-122.68596524038, 49.0617071704614], [-122.687437924351, 49.0617052867604], [-122.687588350667, 49.0617056382607], [-122.687585435225, 49.0614026893927], [-122.687579216241, 49.0607567352155], [-122.687582576324, 49.0606893290312], [-122.687596390757, 49.0606120335603], [-122.68761262242, 49.0605467707677], [-122.687626333413, 49.0604916454215], [-122.687636883046, 49.0604403364213], [-122.687642258276, 49.0603960362349], [-122.690023400821, 49.0603994900602], [-122.690049021677, 49.064447044341], [-122.687465627816, 49.0644501816467], [-122.687465463025, 49.0644330186196], [-122.686631309241, 49.0644300651008], [-122.686599386066, 49.0644270683675], [-122.686524180992, 49.064415922867], [-122.686404216382, 49.0643925891025], [-122.686308468069, 49.0643809009844], [-122.686180710381, 49.064375356966], [-122.685988484124, 49.0643754755314], [-122.685906016696, 49.0643215756803], [-122.685897828412, 49.0631066081972], [-122.685897507908, 49.0630836120336], [-122.68589903898, 49.063081994305], [-122.685912443188, 49.0630620606904], [-122.685920379154, 49.0630409418745], [-122.685922193599, 49.0630136903345], [-122.68591024451, 49.0629765062491], [-122.685893134108, 49.0629556907884]]]}, "properties": {"PLAN_AREA": "Campbell Heights", "PLAN_TYPE": "Local Area Plan", "PLAN_YEAR": 2000, "PLAN_STATUS": "Stage 2 Approved (See Surrey 2025 OCP)", "LAND_USE": "Business Park"}}, {"type": "Feature", "geometry": {"type": "Polygon", "coordinates": [[[-122.689670829603, 49.0522158492463], [-122.689380001143, 49.0520606186132], [-122.689304617701, 49.0519239549457], [-122.689360899089, 49.0517649741917], [-122.68896533219, 49.0516605570884], [-122.688685691237, 49.0517533631778], [-122.688508894874, 49.0520556791997], [-122.688256964135, 49.0521377634671], [-122.687705163766, 49.052110107188], [-122.687306892759, 49.0521969234678], [-122.686823084314, 49.0521956224303], [-122.686570059148, 49.0522117626356], [-122.68655012284, 49.0521169862071], [-122.68675906904, 49.0519933213001], [-122.686784925993, 49.0517548302711], [-122.686560474202, 49.0516449303193], [-122.686742479897, 49.0513646705039], [-122.686584026892, 49.0509446938926], [-122.686552144941, 49.0506162722048], [-122.686429621049, 49.0503381619792], [-122.686637319389, 49.0500410595255], [-122.686701955568, 49.0498167040931], [-122.686934586571, 49.0497554396362], [-122.688160274874, 49.0497786057693], [-122.688984435567, 49.0497560712467], [-122.689779525316, 49.0497859885548], [-122.689958287973, 49.0499141122865], [-122.690071481722, 49.0504419139659], [-122.689953841183, 49.0510500609853], [-122.689852749485, 49.0513291031501], [-122.690000082038, 49.0516707885321], [-122.689925465722, 49.052050111413], [-122.689847322508, 49.0522037272078], [-122.689670829603, 49.0522158492463]]]}, "properties": {"PLAN_AREA": "Campbell Heights", "PLAN_TYPE": "Local Area Plan", "PLAN_YEAR": 2000, "PLAN_STATUS": "Stage 2 Approved (See Surrey 2025 OCP)", "LAND_USE": "Stormwater Management Facilities"}}, {"type": "Feature", "geometry": {"type": "Polygon", "coordinates": [[[-122.692680769926, 49.0511352893293], [-122.69269574812, 49.0527415662806], [-122.691823050083, 49.0527415250408], [-122.691756279748, 49.0527162491373], [-122.691738261014, 49.0511336060339], [-122.692680769926, 49.0511352893293]]]}, "properties": {"PLAN_AREA": "Campbell Heights", "PLAN_TYPE": "Local Area Plan", "PLAN_YEAR": 2000, "PLAN_STATUS": "Stage 2 Approved (See Surrey 2025 OCP)", "LAND_USE": "Commercial"}}, {"type": "Feature", "geometry": {"type": "Polygon", "coordinates": [[[-122.696730564527, 49.0527230494839], [-122.696721688801, 49.0511431209586], [-122.696803204752, 49.051196767832], [-122.696807218705, 49.0520002693313], [-122.696811006664, 49.0527511452466], [-122.696729245427, 49.0528049055401], [-122.695943241925, 49.0528034815449], [-122.695108653239, 49.0528020138117], [-122.694274065183, 49.0528004500894], [-122.693412924034, 49.0527988988536], [-122.692696271605, 49.0527976369524], [-122.69269574812, 49.0527415662806], [-122.693412453855, 49.0527415959365], [-122.696682685315, 49.0527417252643], [-122.696730564527, 49.0527230494839]]]}, "properties": {"PLAN_AREA": "Campbell Heights", "PLAN_TYPE": "Local Area Plan", "PLAN_YEAR": 2000, "PLAN_STATUS": "Stage 2 Approved (See Surrey 2025 OCP)", "LAND_USE": "Landscaping Strips"}}, {"type": "Feature", "geometry": {"type": "Polygon", "coordinates": [[[-122.69669121924, 49.0454530035584], [-122.696624348967, 49.0454903419914], [-122.691757452363, 49.0454900753804], [-122.691672194982, 49.0454461318929], [-122.691654061912, 49.0422155956191], [-122.691720931479, 49.0421782618424], [-122.696596741337, 49.0422097862502], [-122.696653499305, 49.0422599490147], [-122.69669121924, 49.0454530035584]]]}, "properties": {"PLAN_AREA": "Campbell Heights", "PLAN_TYPE": "Local Area Plan", "PLAN_YEAR": 2000, "PLAN_STATUS": "Stage 2 Approved (See Surrey 2025 OCP)", "LAND_USE": "Business Park"}}, {"type": "Feature", "geometry": {"type": "Polygon", "coordinates": [[[-122.691146982571, 49.0454684910998], [-122.69111318293, 49.0454904406717], [-122.687042621466, 49.0454851592841], [-122.686940691674, 49.0454820969039], [-122.686927041455, 49.0438378440746], [-122.686913339366, 49.0421792858781], [-122.691058121998, 49.0421745274665], [-122.691125069378, 49.0422132949584], [-122.691146982571, 49.0454684910998]]]}, "properties": {"PLAN_AREA": "Campbell Heights", "PLAN_TYPE": "Local Area Plan", "PLAN_YEAR": 2000, "PLAN_STATUS": "Stage 2 Approved (See Surrey 2025 OCP)", "LAND_USE": "Business Park"}}, {"type": "Feature", "geometry": {"type": "Polygon", "coordinates": [[[-122.695953203987, 49.0432157436979], [-122.695846432534, 49.0432697281082], [-122.695750817727, 49.0432751882607], [-122.695668306244, 49.0432692585188], [-122.695616257507, 49.0432548407898], [-122.695566479004, 49.043224720967], [-122.695509825621, 49.0432531324306], [-122.695435828877, 49.0432757859125], [-122.69534891183, 49.0432798401895], [-122.69526209947, 49.0432667590221], [-122.695179736437, 49.0432365520868], [-122.695130079058, 49.0431864397477], [-122.695110826142, 49.043137835312], [-122.695121992322, 49.0430878827412], [-122.695122131993, 49.0430650343695], [-122.695041521826, 49.0431033790868], [-122.6949524583, 49.0431031437041], [-122.694841769615, 49.0430871421141], [-122.694781103538, 49.0430612768509], [-122.69472493938, 49.0430097186306], [-122.694707797315, 49.0429711155841], [-122.694710449652, 49.0428925805015], [-122.694765228654, 49.0428156108946], [-122.694850181699, 49.0427772778518], [-122.694967614214, 49.0427561680542], [-122.695102120442, 49.0427850844197], [-122.695156209185, 49.0428209280165], [-122.695199305142, 49.0428781637], [-122.695230100664, 49.0428154109909], [-122.695269480403, 49.0427698174963], [-122.695352278859, 49.0427286232014], [-122.695460961026, 49.0427174856773], [-122.695576019741, 49.0427292136135], [-122.695658322552, 49.0427694159851], [-122.69570354705, 49.0428337968756], [-122.69570316369, 49.0428966299038], [-122.695702928443, 49.0429351869841], [-122.695783293938, 49.0429368264563], [-122.695880914217, 49.0429585048917], [-122.695948028559, 49.0429958109363], [-122.695978187753, 49.0430373041829], [-122.69600397636, 49.0430830695977], [-122.696005817183, 49.043137340205], [-122.695996858284, 49.0431815855902], [-122.695953203987, 49.0432157436979]]]}, "properties": {"PLAN_AREA": "Campbell Heights", "PLAN_TYPE": "Local Area Plan", "PLAN_YEAR": 2000, "PLAN_STATUS": "Stage 2 Approved (See Surrey 2025 OCP)", "LAND_USE": "Tree Preservation Opportunities"}}, {"type": "Feature", "geometry": {"type": "Polygon", "coordinates": [[[-122.695810693627, 49.0413529544617], [-122.695703924648, 49.0414069387617], [-122.695608313399, 49.0414123988049], [-122.695525805014, 49.0414064689654], [-122.695473759628, 49.0413920511751], [-122.695423981702, 49.0413619303818], [-122.695367330359, 49.0413903417887], [-122.695293336319, 49.0414129951919], [-122.695206422502, 49.041417050269], [-122.695119613425, 49.0414039680972], [-122.695037253544, 49.0413737619562], [-122.694987599528, 49.0413236486476], [-122.694968346094, 49.0412750441705], [-122.694979513353, 49.0412250925], [-122.69497965308, 49.0412022441211], [-122.694899044459, 49.0412405878539], [-122.694809985629, 49.0412403523714], [-122.694699299748, 49.0412243515439], [-122.694638636006, 49.0411984862021], [-122.694582474085, 49.0411469279002], [-122.694565332769, 49.0411083239221], [-122.694567986586, 49.0410297888211], [-122.69462276238, 49.0409528192497], [-122.694707713722, 49.0409144862968], [-122.694825141908, 49.0408933766287], [-122.694959643035, 49.0409222931594], [-122.695013728292, 49.0409581368268], [-122.695056822486, 49.0410153725785], [-122.695087617026, 49.0409526198851], [-122.695126995417, 49.0409070264217], [-122.69520979089, 49.0408658322098], [-122.695318469028, 49.0408546948082], [-122.695433524782, 49.0408664228852], [-122.695515823042, 49.0409066253615], [-122.695561047046, 49.0409710063286], [-122.695560663532, 49.0410338393763], [-122.69556042819, 49.0410723964686], [-122.69564078931, 49.041074036031], [-122.695738407253, 49.0410957145902], [-122.69580551762, 49.0411330207209], [-122.695835675576, 49.0411745140157], [-122.695861463097, 49.0412202794751], [-122.695863305073, 49.0412745501054], [-122.695854346385, 49.0413187963938], [-122.695810693627, 49.0413529544617]]]}, "properties": {"PLAN_AREA": "Campbell Heights", "PLAN_TYPE": "Local Area Plan", "PLAN_YEAR": 2000, "PLAN_STATUS": "Stage 2 Approved (See Surrey 2025 OCP)", "LAND_USE": "Tree Preservation Opportunities"}}, {"type": "Feature", "geometry": {"type": "Polygon", "coordinates": [[[-122.69550237904, 49.0399657430864], [-122.695395614073, 49.040019727123], [-122.695300005451, 49.0400251869173], [-122.695217499398, 49.0400192568606], [-122.695165454178, 49.0400048389272], [-122.69511567782, 49.0399747179968], [-122.695059027881, 49.040003129262], [-122.694985035763, 49.0400257824769], [-122.69489812434, 49.0400298373275], [-122.694811317757, 49.0400167549256], [-122.694728960351, 49.0399865485623], [-122.69467930802, 49.0399364351123], [-122.694660055416, 49.0398878305738], [-122.694671222666, 49.039837878921], [-122.694671362528, 49.0398150305372], [-122.694590755917, 49.0398533740681], [-122.694501699567, 49.0398531383525], [-122.694391016862, 49.0398371372318], [-122.694330354964, 49.0398112717254], [-122.694274194918, 49.0397597132648], [-122.694257054307, 49.0397211101325], [-122.694259708531, 49.039642574121], [-122.694314483267, 49.0395656046752], [-122.694399432472, 49.0395272728353], [-122.694516857524, 49.0395061625699], [-122.694651354733, 49.0395350794592], [-122.694705438263, 49.0395709241758], [-122.694748530912, 49.0396281600533], [-122.694779324975, 49.0395654074261], [-122.694818702546, 49.0395198140553], [-122.694901495971, 49.0394786191509], [-122.695010171152, 49.0394674820311], [-122.695125223634, 49.0394792104117], [-122.695207520729, 49.0395194131161], [-122.695252741711, 49.0395837951123], [-122.695252357827, 49.0396466281733], [-122.695252122264, 49.0396851843743], [-122.695332482501, 49.0396868250504], [-122.695430096234, 49.0397085029668], [-122.695497205876, 49.0397458092853], [-122.695527362742, 49.0397873026685], [-122.695553149269, 49.0398330682057], [-122.695554989497, 49.0398873388497], [-122.69554603079, 49.0399315851248], [-122.69550237904, 49.0399657430864]]]}, "properties": {"PLAN_AREA": "Campbell Heights", "PLAN_TYPE": "Local Area Plan", "PLAN_YEAR": 2000, "PLAN_STATUS": "Stage 2 Approved (See Surrey 2025 OCP)", "LAND_USE": "Tree Preservation Opportunities"}}, {"type": "Feature", "geometry": {"type": "Polygon", "coordinates": [[[-122.698490344385, 49.0681424657042], [-122.698674691783, 49.0682072084709], [-122.698711969729, 49.0683322590586], [-122.698673353292, 49.0684285516219], [-122.698488335427, 49.0684744790764], [-122.698357975023, 49.0684669987158], [-122.698238851101, 49.0683988556628], [-122.69817871623, 49.0684593894518], [-122.698069615076, 49.068530507002], [-122.697895657268, 49.068544332214], [-122.697749301355, 49.0684868274506], [-122.697695594492, 49.0683831536752], [-122.697723303338, 49.0682939735213], [-122.697816018003, 49.0682370946948], [-122.69786502582, 49.0682193722669], [-122.697881759949, 49.0681480140692], [-122.69792572485, 49.0680660161636], [-122.69806723143, 49.0680271155447], [-122.698203044608, 49.0680310410672], [-122.698344030824, 49.0680778202517], [-122.698381588757, 49.0681564619551], [-122.698490344385, 49.0681424657042]]]}, "properties": {"PLAN_AREA": "Campbell Heights", "PLAN_TYPE": "Local Area Plan", "PLAN_YEAR": 2000, "PLAN_STATUS": "Stage 2 Approved (See Surrey 2025 OCP)", "LAND_USE": "Tree Preservation Opportunities"}}, {"type": "Feature", "geometry": {"type": "Polygon", "coordinates": [[[-122.696793297707, 49.0684379085036], [-122.696689671865, 49.0685018984847], [-122.696548249832, 49.0685265172357], [-122.696450513983, 49.068515550164], [-122.696352189425, 49.0686009739329], [-122.696243411809, 49.068618538436], [-122.696123875403, 49.0686182237875], [-122.696020945258, 49.0685679709035], [-122.695961591677, 49.0684999828981], [-122.695857985065, 49.0685604018584], [-122.695716671463, 49.0685671691519], [-122.695570143523, 49.06853822197], [-122.695489144165, 49.0684558953274], [-122.695478843886, 49.0683630460014], [-122.695539134609, 49.0682775226518], [-122.695691487958, 49.0682422229824], [-122.695827368268, 49.0682354414015], [-122.695913975875, 49.0682892208852], [-122.695903631266, 49.0682035112286], [-122.695963944226, 49.0681144164893], [-122.696094650332, 49.0680647797618], [-122.696273885616, 49.068075961628], [-122.69634969397, 49.0681190022922], [-122.696403700891, 49.0681726965381], [-122.696408808368, 49.0682262612491], [-122.696533971881, 49.0681944601718], [-122.69665889618, 49.0682019283068], [-122.696761805865, 49.0682557499969], [-122.696810118963, 49.0683522702919], [-122.696793297707, 49.0684379085036]]]}, "properties": {"PLAN_AREA": "Campbell Heights", "PLAN_TYPE": "Local Area Plan", "PLAN_YEAR": 2000, "PLAN_STATUS": "Stage 2 Approved (See Surrey 2025 OCP)", "LAND_USE": "Tree Preservation Opportunities"}}, {"type": "Feature", "geometry": {"type": "Polygon", "coordinates": [[[-122.695114454655, 49.068419205641], [-122.695032494863, 49.0684939614398], [-122.694885552199, 49.0685328439672], [-122.694814939104, 49.0685290878555], [-122.694765447424, 49.0686253494578], [-122.694629326613, 49.0686714009262], [-122.69450435631, 49.068671070224], [-122.694390428752, 49.0686422078264], [-122.694331143016, 49.0685635081871], [-122.694320583436, 49.0685134992716], [-122.694211914847, 49.0685132114245], [-122.694119807816, 49.068470126166], [-122.69406041312, 49.0684092759219], [-122.694039227465, 49.0683199670367], [-122.694061333717, 49.0682593346063], [-122.694181218435, 49.0682025307112], [-122.694284585398, 49.0681813834943], [-122.694409357423, 49.0682138450371], [-122.694485205413, 49.0682497463806], [-122.694533624887, 49.0683284171876], [-122.694533559233, 49.0683391270893], [-122.694604172032, 49.0683428842722], [-122.694653552992, 49.0682644722676], [-122.694724384406, 49.0682325294037], [-122.694811516948, 49.0682006287001], [-122.694925618599, 49.0682009303436], [-122.695050389726, 49.0682333911906], [-122.695120390815, 49.0683371083453], [-122.695114454655, 49.068419205641]]]}, "properties": {"PLAN_AREA": "Campbell Heights", "PLAN_TYPE": "Local Area Plan", "PLAN_YEAR": 2000, "PLAN_STATUS": "Stage 2 Approved (See Surrey 2025 OCP)", "LAND_USE": "Tree Preservation Opportunities"}}, {"type": "Feature", "geometry": {"type": "Polygon", "coordinates": [[[-122.695412941633, 49.0472009550752], [-122.695306161044, 49.0472549389301], [-122.695210538537, 49.0472603986157], [-122.695128020529, 49.0472544684787], [-122.695075967794, 49.047240050508], [-122.695026185652, 49.0472099304658], [-122.694969527425, 49.0472383416348], [-122.694895524515, 49.0472609947422], [-122.694808600479, 49.0472650485956], [-122.694721781329, 49.0472519670173], [-122.694639412055, 49.0472217597047], [-122.69458975127, 49.047171647161], [-122.694570497361, 49.0471230426668], [-122.694581664992, 49.0470730901859], [-122.69458180493, 49.0470502418311], [-122.694501187894, 49.0470885861307], [-122.694412117255, 49.0470883503169], [-122.694301419906, 49.0470723482024], [-122.694240749272, 49.047046482664], [-122.694184581205, 49.0469949242085], [-122.694167438203, 49.0469563211067], [-122.694170091637, 49.0468777851935], [-122.694224875878, 49.0468008159069], [-122.694309836134, 49.0467624842023], [-122.694427278273, 49.0467413740889], [-122.694561794923, 49.0467702910851], [-122.69461588758, 49.0468061358177], [-122.694658986339, 49.0468633716689], [-122.694689785024, 49.0468006191537], [-122.69472916842, 49.0467550258824], [-122.694811973958, 49.0467138311183], [-122.694920664933, 49.0467026941283], [-122.695035732709, 49.0467144226131], [-122.695118041644, 49.0467546253543], [-122.695163269028, 49.0468190073174], [-122.695162884934, 49.0468818402987], [-122.695162649241, 49.0469203964508], [-122.695243021133, 49.0469220372104], [-122.695340648974, 49.0469437152034], [-122.69540776826, 49.0469810215462], [-122.695437929393, 49.0470225158087], [-122.695463719548, 49.0470682813156], [-122.69546555991, 49.047122551893], [-122.6954565998, 49.0471667972032], [-122.695412941633, 49.0472009550752]]]}, "properties": {"PLAN_AREA": "Campbell Heights", "PLAN_TYPE": "Local Area Plan", "PLAN_YEAR": 2000, "PLAN_STATUS": "Stage 2 Approved (See Surrey 2025 OCP)", "LAND_USE": "Tree Preservation Opportunities"}}, {"type": "Feature", "geometry": {"type": "Polygon", "coordinates": [[[-122.693843032532, 49.06841584017], [-122.693744967012, 49.0684584212086], [-122.69365794445, 49.068472470673], [-122.69358187582, 49.0684722687524], [-122.69357057057, 49.0685436407398], [-122.693488760612, 49.0685934053652], [-122.693352749936, 49.0686216048967], [-122.693233345429, 49.0685998665553], [-122.693157475829, 49.0685675346586], [-122.693103689123, 49.0684781389299], [-122.693038597992, 49.0684601142142], [-122.692940951057, 49.0684348640059], [-122.692854412432, 49.0683703723987], [-122.692833118919, 49.068298913729], [-122.692849968938, 49.0682097058394], [-122.692915499699, 49.0681563289272], [-122.693024321453, 49.068131627026], [-122.69318727979, 49.0681392009683], [-122.693273840419, 49.0682001229613], [-122.693322367797, 49.0682609429398], [-122.693333037543, 49.0682931024159], [-122.693403670781, 49.0682932900626], [-122.693420323461, 49.0682362126931], [-122.693513019586, 49.0681829075954], [-122.693594762982, 49.0681438537485], [-122.693719688069, 49.0681513250672], [-122.693828136505, 49.0681873142465], [-122.693892964407, 49.0682481772232], [-122.693908672155, 49.0683446122596], [-122.693843032532, 49.06841584017]]]}, "properties": {"PLAN_AREA": "Campbell Heights", "PLAN_TYPE": "Local Area Plan", "PLAN_YEAR": 2000, "PLAN_STATUS": "Stage 2 Approved (See Surrey 2025 OCP)", "LAND_USE": "Tree Preservation Opportunities"}}, {"type": "Feature", "geometry": {"type": "Polygon", "coordinates": [[[-122.685747079464, 49.0683600946372], [-122.685694585474, 49.0684127887393], [-122.685579135098, 49.0684538879117], [-122.685455207405, 49.0684606900025], [-122.685426557645, 49.0685234456907], [-122.685361022902, 49.0685761049969], [-122.685247827118, 49.068604357172], [-122.685145741027, 49.0685940820085], [-122.685058968552, 49.0685681405487], [-122.684974613979, 49.0685036489879], [-122.684964116613, 49.0684450702387], [-122.684892430943, 49.0684391623934], [-122.684762272866, 49.0684002503436], [-122.684693149889, 49.0683329431942], [-122.684693782418, 49.0682329812055], [-122.684766035534, 49.0681489246376], [-122.684868346411, 49.0681234992955], [-122.685022637096, 49.0681267765299], [-122.68512665124, 49.0681756137011], [-122.685167557711, 49.0682371305696], [-122.685191211354, 49.0682771802137], [-122.685267261586, 49.0682802436948], [-122.685298130536, 49.0682103543427], [-122.685374557997, 49.068153441091], [-122.685487699974, 49.0681337568852], [-122.685631123283, 49.068137003693], [-122.685726327543, 49.0682043804011], [-122.685762823651, 49.0682758817803], [-122.685747079464, 49.0683600946372]]]}, "properties": {"PLAN_AREA": "Campbell Heights", "PLAN_TYPE": "Local Area Plan", "PLAN_YEAR": 2000, "PLAN_STATUS": "Stage 2 Approved (See Surrey 2025 OCP)", "LAND_USE": "Tree Preservation Opportunities"}}, {"type": "Feature", "geometry": {"type": "Polygon", "coordinates": [[[-122.684161582759, 49.0688741460025], [-122.684096064332, 49.0689239476534], [-122.684048059653, 49.0689538055482], [-122.684004283965, 49.0690022399717], [-122.683921432417, 49.0690434258271], [-122.683804040652, 49.0690473888632], [-122.683717168388, 49.0690371541145], [-122.683630468432, 49.0689997865613], [-122.683536739855, 49.0690423717157], [-122.683430135431, 49.0690592158588], [-122.683315070592, 49.0690389076485], [-122.683226316245, 49.0689829700834], [-122.683185520525, 49.0689043154567], [-122.683188057771, 49.068847200816], [-122.683100940772, 49.0688755224643], [-122.683005239144, 49.0688866839888], [-122.682907572411, 49.0688649955621], [-122.682825329201, 49.0688105040639], [-122.682795292747, 49.0687490153441], [-122.682789362819, 49.0686561768854], [-122.682854992637, 49.0685892388974], [-122.682946510533, 49.0685523612812], [-122.683059580331, 49.0685441035791], [-122.683189773762, 49.0685773054849], [-122.683274126137, 49.0686417992443], [-122.683309281324, 49.06858191802], [-122.683372655992, 49.0685278263612], [-122.683501047413, 49.0685024737739], [-122.683635796298, 49.0685028431933], [-122.683757079014, 49.0685702929997], [-122.68378257949, 49.0686617583367], [-122.683876263208, 49.0686263135082], [-122.684004473512, 49.0686295206688], [-122.684119409586, 49.0686698204035], [-122.68416031384, 49.0687313385177], [-122.684188070669, 49.0688099562259], [-122.684161582759, 49.0688741460025]]]}, "properties": {"PLAN_AREA": "Campbell Heights", "PLAN_TYPE": "Local Area Plan", "PLAN_YEAR": 2000, "PLAN_STATUS": "Stage 2 Approved (See Surrey 2025 OCP)", "LAND_USE": "Tree Preservation Opportunities"}}, {"type": "Feature", "geometry": {"type": "Polygon", "coordinates": [[[-122.68190344886, 49.0681842098955], [-122.681812512243, 49.0682434601714], [-122.681698311811, 49.0682586167033], [-122.681624009223, 49.0682655515235], [-122.681592869622, 49.0683202070192], [-122.68155637499, 49.0683629475459], [-122.681480054223, 49.0684020078365], [-122.681362246044, 49.0684147738627], [-122.681233847095, 49.0683846684118], [-122.681168873247, 49.0683487883934], [-122.681122203727, 49.0682832070952], [-122.681111511411, 49.0682558059574], [-122.681019220908, 49.0682436507514], [-122.680907211137, 49.0681993107246], [-122.680849682277, 49.0681325091834], [-122.680844705868, 49.0680610934048], [-122.680879589168, 49.0679874076206], [-122.680950489934, 49.067945952525], [-122.681044874305, 49.0679140822525], [-122.681204169498, 49.0679276126362], [-122.681274605603, 49.0679587481866], [-122.681339440668, 49.0680160488205], [-122.681351745078, 49.0680743945139], [-122.681431412664, 49.0680781847545], [-122.681455307346, 49.0680235084059], [-122.681475488217, 49.0679831031064], [-122.681535445019, 49.0679535185357], [-122.681653335691, 49.0679276622647], [-122.681758320976, 49.0679374717505], [-122.68183781848, 49.0679674418322], [-122.681897275037, 49.0680163974655], [-122.681918698434, 49.0680652482606], [-122.681930881997, 49.0681426343959], [-122.68190344886, 49.0681842098955]]]}, "properties": {"PLAN_AREA": "Campbell Heights", "PLAN_TYPE": "Local Area Plan", "PLAN_YEAR": 2000, "PLAN_STATUS": "Stage 2 Approved (See Surrey 2025 OCP)", "LAND_USE": "Tree Preservation Opportunities"}}, {"type": "Feature", "geometry": {"type": "Polygon", "coordinates": [[[-122.683293148823, 49.0657463843285], [-122.683189503753, 49.0658115522828], [-122.683064427231, 49.0658290596334], [-122.682952301291, 49.0658037602972], [-122.682887308213, 49.0657714506034], [-122.682798248926, 49.0658211877617], [-122.682696731085, 49.0658363792386], [-122.682593608042, 49.065819435067], [-122.682510533938, 49.0657823158996], [-122.68246028064, 49.0657107756089], [-122.68244808167, 49.0656357687732], [-122.682462713573, 49.0656131987554], [-122.682375586657, 49.0656439000595], [-122.68227594849, 49.0656483853576], [-122.682165611734, 49.0656266614078], [-122.682077197294, 49.0655752468113], [-122.682037742005, 49.0655144452591], [-122.682058141555, 49.0654395290779], [-122.682101993404, 49.0653789587988], [-122.682185658489, 49.0653232567751], [-122.68234866524, 49.0653213252912], [-122.682464374157, 49.0653525847204], [-122.682509331505, 49.065402690281], [-122.682543490309, 49.065442055141], [-122.682561988336, 49.0653814140504], [-122.682618614652, 49.0653054081884], [-122.682707544393, 49.0652759008652], [-122.682821669509, 49.0652714550066], [-122.682959110904, 49.0653027736599], [-122.683023891488, 49.0653684030898], [-122.683045199964, 49.0654351041199], [-122.683041176531, 49.0654981652555], [-122.683113648523, 49.0654936038152], [-122.6831986988, 49.0655045482732], [-122.68328361299, 49.06553691156], [-122.683332118009, 49.0655989267239], [-122.683351615849, 49.0656656218272], [-122.683342289241, 49.0657084374671], [-122.683293148823, 49.0657463843285]]]}, "properties": {"PLAN_AREA": "Campbell Heights", "PLAN_TYPE": "Local Area Plan", "PLAN_YEAR": 2000, "PLAN_STATUS": "Stage 2 Approved (See Surrey 2025 OCP)", "LAND_USE": "Tree Preservation Opportunities"}}, {"type": "Feature", "geometry": {"type": "Polygon", "coordinates": [[[-122.683273523768, 49.0644172088041], [-122.683184242066, 49.0644455245916], [-122.683099441491, 49.0644524315456], [-122.682993082919, 49.064432146895], [-122.682919376123, 49.064403383605], [-122.682849587299, 49.0644417494218], [-122.682782155412, 49.06445155995], [-122.682690844968, 49.0644570211204], [-122.68261051801, 49.0644439483363], [-122.682541148706, 49.0644166243237], [-122.682487219936, 49.0643536421651], [-122.682461441943, 49.0643064454363], [-122.682481427542, 49.0642393829283], [-122.682402956346, 49.0642762960994], [-122.682335559636, 49.0642803942985], [-122.682244313191, 49.0642758594526], [-122.682164041293, 49.0642542173614], [-122.682103419875, 49.0642183498256], [-122.682060293317, 49.0641653930562], [-122.682067232599, 49.0640997222705], [-122.682080608711, 49.0640469220359], [-122.682124454755, 49.0639870641649], [-122.682239896229, 49.0639459683968], [-122.682383335924, 49.0639449356219], [-122.682506907097, 49.0639924005226], [-122.682532748651, 49.0640296006796], [-122.682562900207, 49.0640725257494], [-122.682576403127, 49.0639997323279], [-122.682622411924, 49.0639413087067], [-122.682748764857, 49.0638931026764], [-122.682870416824, 49.0639005776543], [-122.682976721077, 49.0639294305197], [-122.683035024973, 49.0639881398955], [-122.683056393425, 49.0640453211289], [-122.68306690444, 49.0641010440533], [-122.683058066426, 49.0641238684452], [-122.683121134676, 49.0641169009585], [-122.683223191652, 49.0641300339299], [-122.683298999487, 49.0641702271228], [-122.683344408753, 49.0642060522963], [-122.68335714843, 49.0642532130592], [-122.683365451037, 49.064314641161], [-122.683321542675, 49.0643844951671], [-122.683273523768, 49.0644172088041]]]}, "properties": {"PLAN_AREA": "Campbell Heights", "PLAN_TYPE": "Local Area Plan", "PLAN_YEAR": 2000, "PLAN_STATUS": "Stage 2 Approved (See Surrey 2025 OCP)", "LAND_USE": "Tree Preservation Opportunities"}}, {"type": "Feature", "geometry": {"type": "Polygon", "coordinates": [[[-122.683441260291, 49.0627695148621], [-122.683466143616, 49.062843365408], [-122.683462039173, 49.0629195166704], [-122.68340004281, 49.0629859882673], [-122.683298449117, 49.0630142703751], [-122.683178835522, 49.0630282225145], [-122.683066768782, 49.0629945944673], [-122.682980146415, 49.0629467548867], [-122.682962536873, 49.0628681637786], [-122.682962960787, 49.0628015233002], [-122.68297037151, 49.0627753630428], [-122.682883704182, 49.0627346639222], [-122.682829739075, 49.0626773930716], [-122.682808492629, 49.0626011730607], [-122.682848802287, 49.0625275006291], [-122.682925194875, 49.0624753492902], [-122.68299055458, 49.0624493482128], [-122.682983582936, 49.0624064878122], [-122.682947607255, 49.0623683072797], [-122.68293342319, 49.0623206666236], [-122.682882838225, 49.0623014876921], [-122.682847103647, 49.0622252269757], [-122.682847482273, 49.062165726125], [-122.68284789119, 49.0621014649177], [-122.682906083437, 49.0620635439927], [-122.68297507979, 49.062035172694], [-122.683036801716, 49.0620115418162], [-122.683008084118, 49.0619710010123], [-122.682964925217, 49.0619232816737], [-122.682947240354, 49.0618565905412], [-122.682973032203, 49.0617876386151], [-122.683063985898, 49.0617236269747], [-122.683201674846, 49.0617144850076], [-122.683303131205, 49.0617076227824], [-122.683379021755, 49.0617340116142], [-122.683451048506, 49.0617984715154], [-122.683465022679, 49.0618794319134], [-122.683450050843, 49.0619555542829], [-122.683395406948, 49.0620053854149], [-122.683533081503, 49.0619986232325], [-122.683641418533, 49.0620489012487], [-122.683680880617, 49.0621085112991], [-122.68370214329, 49.0621823518796], [-122.683661804966, 49.0622607840735], [-122.683596264546, 49.0623153458711], [-122.683501945318, 49.0623388876632], [-122.683451240557, 49.0623387486094], [-122.683476306435, 49.0623840388249], [-122.683490444328, 49.0624388190455], [-122.683580840848, 49.0624628681994], [-122.683627789066, 49.0624844170749], [-122.683652840063, 49.062532088329], [-122.683666964453, 49.0625892487088], [-122.683677466791, 49.0626463991596], [-122.683644538414, 49.0626986701363], [-122.683560903411, 49.0627508029924], [-122.683441260291, 49.0627695148621]]]}, "properties": {"PLAN_AREA": "Campbell Heights", "PLAN_TYPE": "Local Area Plan", "PLAN_YEAR": 2000, "PLAN_STATUS": "Stage 2 Approved (See Surrey 2025 OCP)", "LAND_USE": "Tree Preservation Opportunities"}}, {"type": "Feature", "geometry": {"type": "Polygon", "coordinates": [[[-122.694082469439, 49.0583320837753], [-122.694095557459, 49.0584124459699], [-122.694063319789, 49.0585016125022], [-122.693922619093, 49.0585607413748], [-122.693831988424, 49.0585753769196], [-122.693732394618, 49.0585751126792], [-122.693619550293, 49.0585212618105], [-122.693579247524, 49.0584497517913], [-122.693570686864, 49.0583694015585], [-122.693589032114, 49.0583307748241], [-122.693507730601, 49.0583008070905], [-122.693457818554, 49.0582605706023], [-122.693438517602, 49.0582191065527], [-122.693434681137, 49.0581362698925], [-122.693465444493, 49.0580806565912], [-122.693515701855, 49.0580350926969], [-122.693591895002, 49.0580124463205], [-122.69367669938, 49.0580026755826], [-122.693587768621, 49.0579767347497], [-122.693564181933, 49.0579252625926], [-122.69354934975, 49.0578638169272], [-122.693545355101, 49.0578066846138], [-122.693610937225, 49.0577425963614], [-122.69370677305, 49.0577057216247], [-122.693824214928, 49.0576888967253], [-122.693908897318, 49.0576991180908], [-122.69400859652, 49.0577407952476], [-122.694056084838, 49.0577923315762], [-122.694059992427, 49.0578637440674], [-122.694059659379, 49.057918008805], [-122.693983186055, 49.0579863521115], [-122.694104842881, 49.0579909582921], [-122.69417647084, 49.0580040009455], [-122.694237040881, 49.0580484302975], [-122.694282469983, 49.0580813960709], [-122.694290750028, 49.0581485364545], [-122.694283837836, 49.0582127805107], [-122.694224774052, 49.0582768855102], [-122.694161575903, 49.058306707402], [-122.694082469439, 49.0583320837753]]]}, "properties": {"PLAN_AREA": "Campbell Heights", "PLAN_TYPE": "Local Area Plan", "PLAN_YEAR": 2000, "PLAN_STATUS": "Stage 2 Approved (See Surrey 2025 OCP)", "LAND_USE": "Tree Preservation Opportunities"}}, {"type": "Feature", "geometry": {"type": "Polygon", "coordinates": [[[-122.69251090001, 49.0578282104231], [-122.692428003591, 49.0578808266696], [-122.692347483299, 49.0579006046585], [-122.692288768634, 49.0579075887957], [-122.692191032509, 49.0579001875139], [-122.692126039288, 49.0578685972212], [-122.692074180615, 49.0578213339154], [-122.692041939242, 49.057764126183], [-122.692029325314, 49.0576955455748], [-122.692064321068, 49.0576585098404], [-122.691968934159, 49.0576225546824], [-122.691904082657, 49.0575681159569], [-122.69190240471, 49.0574881410823], [-122.691920211463, 49.0574196425618], [-122.691994451411, 49.0573612896044], [-122.69205543334, 49.057338603645], [-122.692142401619, 49.0573302674006], [-122.692064354233, 49.0573014983336], [-122.692021267134, 49.0572414055666], [-122.692012910883, 49.0571871176397], [-122.692026336336, 49.0571243195791], [-122.692072310042, 49.0570687490244], [-122.692168145708, 49.0570318746612], [-122.692324629027, 49.0570265797538], [-122.692422311962, 49.0570425490402], [-122.692476395199, 49.0570812507661], [-122.692502196605, 49.0571255883906], [-122.692512700512, 49.0571841665824], [-122.692499240419, 49.0572526767775], [-122.692459802602, 49.0573054088307], [-122.69240310498, 49.0573381031717], [-122.692535791155, 49.0573156080386], [-122.692633518753, 49.0573244366002], [-122.692702866165, 49.0573546097111], [-122.69273948765, 49.0574061167524], [-122.692754293662, 49.0574718470359], [-122.692740842621, 49.0575389296868], [-122.692703603448, 49.0575873839955], [-122.692616335419, 49.0576442733174], [-122.692514113029, 49.057659709044], [-122.692537802833, 49.0576940451809], [-122.692546150928, 49.0577497615353], [-122.692545860269, 49.0577968866199], [-122.69251090001, 49.0578282104231]]]}, "properties": {"PLAN_AREA": "Campbell Heights", "PLAN_TYPE": "Local Area Plan", "PLAN_YEAR": 2000, "PLAN_STATUS": "Stage 2 Approved (See Surrey 2025 OCP)", "LAND_USE": "Tree Preservation Opportunities"}}, {"type": "Feature", "geometry": {"type": "Polygon", "coordinates": [[[-122.693880450308, 49.0446918654625], [-122.693773673452, 49.0447458479304], [-122.693678055596, 49.044751306358], [-122.693595541925, 49.0447453751313], [-122.693543492252, 49.0447309564693], [-122.693493712173, 49.0447008348566], [-122.693437055933, 49.0447292452897], [-122.693363056061, 49.0447518974304], [-122.693276136274, 49.0447559510394], [-122.693189321903, 49.0447428674125], [-122.693106957693, 49.0447126599028], [-122.693057302312, 49.04466254579], [-122.693038049487, 49.0446139410203], [-122.693049219441, 49.044563989571], [-122.693049360069, 49.0445411412094], [-122.69296874593, 49.0445794835616], [-122.692879679785, 49.044579246574], [-122.692768988495, 49.0445632438944], [-122.692708321706, 49.0445373775468], [-122.692652158041, 49.0444858183319], [-122.692635017085, 49.0444472140902], [-122.692637672775, 49.0443686790821], [-122.692692456604, 49.0442917104886], [-122.692777413753, 49.0442533789896], [-122.692894850615, 49.0442322713153], [-122.693029359607, 49.0442611900949], [-122.693083447083, 49.0442970346505], [-122.693126541926, 49.0443542710911], [-122.693157340973, 49.0442915189582], [-122.693196723776, 49.0442459261888], [-122.693279526393, 49.0442047333999], [-122.693388212232, 49.0441935978381], [-122.693503275223, 49.0442053278472], [-122.693585578786, 49.0442455316882], [-122.693630801934, 49.0443099133718], [-122.693630415943, 49.0443727463716], [-122.693630179081, 49.0444113034346], [-122.69371054688, 49.0444129443544], [-122.693808169136, 49.0444346245415], [-122.693875283903, 49.0444719317828], [-122.693905442258, 49.0445134255588], [-122.693931229718, 49.0445591914227], [-122.693933068331, 49.0446134620448], [-122.693924107318, 49.044657708153], [-122.693880450308, 49.0446918654625]]]}, "properties": {"PLAN_AREA": "Campbell Heights", "PLAN_TYPE": "Local Area Plan", "PLAN_YEAR": 2000, "PLAN_STATUS": "Stage 2 Approved (See Surrey 2025 OCP)", "LAND_USE": "Tree Preservation Opportunities"}}, {"type": "Feature", "geometry": {"type": "Polygon", "coordinates": [[[-122.706433731625, 49.0482827005881], [-122.706326959232, 49.0483366946445], [-122.706231335816, 49.0483421634588], [-122.706148814673, 49.0483362411967], [-122.706096758971, 49.0483218281947], [-122.70604696771, 49.0482917119942], [-122.705990314506, 49.0483201285779], [-122.705916314964, 49.0483427887544], [-122.705829389896, 49.0483468518053], [-122.705742565941, 49.0483337776113], [-122.705660188167, 49.0483035790535], [-122.705610516587, 49.0482534703421], [-122.705591250146, 49.0482048676709], [-122.705602408352, 49.0481549150152], [-122.705602543246, 49.0481320666417], [-122.705521931534, 49.0481704177423], [-122.705432860242, 49.0481701904338], [-122.705322155536, 49.0481541997778], [-122.705261477845, 49.0481283400243], [-122.705205297146, 49.0480767869181], [-122.705188145243, 49.0480381845439], [-122.70519078275, 49.0479596492619], [-122.705245549831, 49.0478826747245], [-122.705330504872, 49.0478443340054], [-122.70544794494, 49.0478232135766], [-122.705582470953, 49.0478521177399], [-122.705636571362, 49.0478879564146], [-122.705679683718, 49.0479451881656], [-122.705710469221, 49.0478824326958], [-122.705749843417, 49.0478368356547], [-122.705832641681, 49.0477956338766], [-122.705941332599, 49.0477844865094], [-122.706056406879, 49.0477962040171], [-122.706138725148, 49.0478363989078], [-122.706183969128, 49.0479007756729], [-122.706183598905, 49.0479636087057], [-122.70618337172, 49.0480021657888], [-122.706263744389, 49.0480037979742], [-122.70636138054, 49.0480254675565], [-122.706428508184, 49.048062767498], [-122.706458679156, 49.0481042579917], [-122.706484479991, 49.0481500210476], [-122.706486333751, 49.0482042914656], [-122.706477383212, 49.0482485385409], [-122.706433731625, 49.0482827005881]]]}, "properties": {"PLAN_AREA": "Campbell Heights", "PLAN_TYPE": "Local Area Plan", "PLAN_YEAR": 2000, "PLAN_STATUS": "Stage 2 Approved (See Surrey 2025 OCP)", "LAND_USE": "Tree Preservation Opportunities"}}, {"type": "Feature", "geometry": {"type": "Polygon", "coordinates": [[[-122.696698131468, 49.0491179497937], [-122.696654062126, 49.0491410434074], [-122.691787783002, 49.0491397679293], [-122.691735000311, 49.0491106621585], [-122.691693248633, 49.0458713184745], [-122.691737491171, 49.045842469145], [-122.696647486702, 49.0458495956427], [-122.696691510863, 49.0458786761652], [-122.696694688684, 49.0474083869425], [-122.695826381784, 49.0474071127836], [-122.694908673879, 49.0474057914629], [-122.694895880676, 49.047394243325], [-122.694881576649, 49.047383591647], [-122.694865897838, 49.0473737450332], [-122.694848983272, 49.0473647947059], [-122.694830967329, 49.047356920931], [-122.694811987399, 49.0473500350153], [-122.69479217869, 49.0473444053837], [-122.694771542294, 49.047339853027], [-122.694750486834, 49.047336468981], [-122.694729013938, 49.0473344340606], [-122.694707397038, 49.0473335681782], [-122.694685772428, 49.0473339616498], [-122.694664276959, 49.047335613938], [-122.694643047465, 49.047338527204], [-122.694622358202, 49.0473426104188], [-122.694602209158, 49.0473478653819], [-122.69458287403, 49.0473542919184], [-122.694564489665, 49.0473618903907], [-122.694547194562, 49.0473703912991], [-122.694530988176, 49.0473798836987], [-122.694516281043, 49.0473903695761], [-122.694502939331, 49.0474015796105], [-122.694491097156, 49.0474135132577], [-122.694481030135, 49.0474260812922], [-122.694472601425, 49.0474392824527], [-122.694465949523, 49.0474528481389], [-122.694461211824, 49.0474666896589], [-122.694458389704, 49.0474808061169], [-122.694457344686, 49.0474950163357], [-122.694458215529, 49.0475092325262], [-122.694461002796, 49.0475233629352], [-122.694465708404, 49.0475373185115], [-122.694472193866, 49.0475509198766], [-122.694480597962, 49.047564075643], [-122.694490647543, 49.047576696031], [-122.694502343711, 49.0475886011319], [-122.69451554907, 49.0475998805372], [-122.694530264721, 49.0476103543381], [-122.694546217525, 49.0476199309559], [-122.694563544871, 49.0476285225972], [-122.694581837587, 49.0476361272791], [-122.694601230892, 49.047642564548], [-122.694621315047, 49.0476479250741], [-122.694641953765, 49.0476521167416], [-122.694663147584, 49.0476550513952], [-122.694684622267, 49.0476568164655], [-122.694706378904, 49.0476572338433], [-122.694728005857, 49.0476564805515], [-122.694749366816, 49.0476544680733], [-122.694770461793, 49.0476511946097], [-122.694791017082, 49.0476466603365], [-122.694811031576, 49.047641046062], [-122.694830095292, 49.0476342589475], [-122.694848070825, 49.0476263894854], [-122.694865094472, 49.0476175279922], [-122.694880755137, 49.0476077633369], [-122.694895189663, 49.0475970967815], [-122.694907986962, 49.0475856162958], [-122.695827340356, 49.0475869410571], [-122.696694964785, 49.0475882125136], [-122.696698131468, 49.0491179497937]]]}, "properties": {"PLAN_AREA": "Campbell Heights", "PLAN_TYPE": "Local Area Plan", "PLAN_YEAR": 2000, "PLAN_STATUS": "Stage 2 Approved (See Surrey 2025 OCP)", "LAND_USE": "Technology Park or Business Park"}}, {"type": "Feature", "geometry": {"type": "Polygon", "coordinates": [[[-122.682578088172, 49.0586814332683], [-122.68258503875, 49.0586171954112], [-122.68260383588, 49.0585089533431], [-122.682640831347, 49.0583864817839], [-122.68268307127, 49.0582937746957], [-122.682732423055, 49.0582213181216], [-122.682781639754, 49.0581702813465], [-122.682869027252, 49.0580967400365], [-122.682927236134, 49.0580552487914], [-122.683018009013, 49.0580186064998], [-122.683148943476, 49.0579309032401], [-122.683252936492, 49.0578086144845], [-122.683315227617, 49.0576945419903], [-122.683355721497, 49.0575911197581], [-122.683383812697, 49.0574448221978], [-122.683388143522, 49.0573329699628], [-122.683428938041, 49.0548437680736], [-122.683424482554, 49.0541935430515], [-122.683421527116, 49.0541330479582], [-122.683407463618, 49.0540421426174], [-122.683388079202, 49.0539705640121], [-122.683357300821, 49.053890335505], [-122.683344778232, 49.0538634926043], [-122.683321550093, 49.0538191662587], [-122.683294846314, 49.0537714912216], [-122.683256950623, 49.0537038369266], [-122.683253000921, 49.0531273119223], [-122.685834487233, 49.053130325306], [-122.685884399923, 49.0598857933784], [-122.68258609018, 49.0598830340869], [-122.682578088172, 49.0586814332683]]]}, "properties": {"PLAN_AREA": "Campbell Heights", "PLAN_TYPE": "Local Area Plan", "PLAN_YEAR": 2000, "PLAN_STATUS": "Stage 2 Approved (See Surrey 2025 OCP)", "LAND_USE": "Business Park"}}, {"type": "Feature", "geometry": {"type": "Polygon", "coordinates": [[[-122.68571335796, 49.0399463863302], [-122.685712552436, 49.0400746628085], [-122.685624064447, 49.0401769731211], [-122.685477272055, 49.0402598748506], [-122.685301534951, 49.0403107631832], [-122.685086947305, 49.0403165673768], [-122.684853197098, 49.0402581813093], [-122.684697575365, 49.0402000955097], [-122.684395628792, 49.0401287493564], [-122.683382835018, 49.0399080232079], [-122.683197692637, 49.0398882663842], [-122.683061504715, 49.0398302317196], [-122.682984122086, 49.0397338555916], [-122.68298468992, 49.0396440804237], [-122.683024375402, 49.0395351612755], [-122.68299627093, 49.0393491437577], [-122.68292890352, 49.0392271577066], [-122.682928963559, 49.0392177125181], [-122.682929836597, 49.0390797218996], [-122.683008433487, 49.0389837733207], [-122.683272250371, 49.0388947191341], [-122.683623748589, 49.0388315403435], [-122.684160305751, 49.0388009795091], [-122.684589388756, 49.0388021467395], [-122.684774488677, 49.0388282880788], [-122.685017610282, 49.0389187250498], [-122.685201919964, 49.0390923019154], [-122.685259297706, 49.0392591473107], [-122.68526840689, 49.0393553357425], [-122.685394803112, 49.0394262038851], [-122.68551037921, 49.0396509593697], [-122.68566553239, 49.0398052054842], [-122.685689174205, 49.0398752554377], [-122.68571335796, 49.0399463863302]]]}, "properties": {"PLAN_AREA": "Campbell Heights", "PLAN_TYPE": "Local Area Plan", "PLAN_YEAR": 2000, "PLAN_STATUS": "Stage 2 Approved (See Surrey 2025 OCP)", "LAND_USE": "Stormwater Management Facilities"}}, {"type": "Feature", "geometry": {"type": "MultiPolygon", "coordinates": [[[[-122.691659786513, 49.0418197159097], [-122.691647474046, 49.0403332620959], [-122.692562418021, 49.0403400956685], [-122.693243118596, 49.0403451337568], [-122.694277509247, 49.0403528082063], [-122.694293925299, 49.0403533914278], [-122.694310335293, 49.0403549632441], [-122.694326466665, 49.0403573448212], [-122.694342181491, 49.0403607148057], [-122.694357343494, 49.040364982881], [-122.694371953778, 49.0403699691389], [-122.694385874419, 49.0403758522263], [-122.69439883367, 49.0403825432671], [-122.694411103562, 49.0403898612715], [-122.694422137591, 49.0403978965475], [-122.694432209969, 49.0404065589662], [-122.694441048147, 49.0404156669951], [-122.69444878839, 49.0404253127503], [-122.694455158151, 49.0404353146994], [-122.694460157427, 49.0404456728425], [-122.69446378732, 49.0404562072713], [-122.694466048647, 49.0404670079438], [-122.694466803495, 49.0404778046279], [-122.694471707692, 49.0409513399712], [-122.694477815954, 49.0415412802366], [-122.694481432085, 49.0418900444385], [-122.691686414597, 49.0418730408232], [-122.691659786513, 49.0418197159097]]], [[[-122.694621243579, 49.0401039976233], [-122.694599764443, 49.0401034910054], [-122.69457814132, 49.0401041534269], [-122.694556784134, 49.0401060768278], [-122.694535829715, 49.0401092606709], [-122.694515278069, 49.0401137040569], [-122.694495403939, 49.040119229601], [-122.694476480989, 49.0401258362289], [-122.694458371836, 49.0401336144326], [-122.694441351786, 49.0401422950743], [-122.694425557115, 49.0401519684711], [-122.694411262029, 49.0401625453936], [-122.694398193975, 49.0401738452095], [-122.693547150322, 49.040167555715], [-122.692651227807, 49.0401608696636], [-122.691645984582, 49.0401534384296], [-122.691635619561, 49.0389062725645], [-122.692638112335, 49.0388896792982], [-122.693533869082, 49.0388748665053], [-122.694586854198, 49.0388574908301], [-122.696888776284, 49.0388193484047], [-122.696903742942, 49.0402549722475], [-122.696912538948, 49.0411060555046], [-122.696920716815, 49.0419017243077], [-122.696825875077, 49.0419042665194], [-122.694754955048, 49.0418917514404], [-122.694746713177, 49.0410900516605], [-122.69473957559, 49.0403992691868], [-122.694757142989, 49.0403905899493], [-122.694773484433, 49.0403810079094], [-122.694788600474, 49.0403704331135], [-122.694802079525, 49.040359044385], [-122.694813921038, 49.0403469316788], [-122.69482426129, 49.0403341853114], [-122.694832689798, 49.0403208041978], [-122.694839204913, 49.0403070582012], [-122.694843942095, 49.04029294768], [-122.694846766154, 49.0402786521886], [-122.694847538895, 49.0402641713615], [-122.694846530124, 49.0402501356023], [-122.694843605766, 49.0402360947778], [-122.694838764172, 49.0402223187507], [-122.69483214162, 49.0402088978368], [-122.694823874383, 49.0401959232514], [-122.694813825646, 49.0401833928333], [-122.694802130575, 49.0401715786057], [-122.69478892656, 49.0401603891767], [-122.694774348767, 49.0401500965694], [-122.694758397756, 49.0401406090301], [-122.694741209249, 49.0401321077282], [-122.694723055527, 49.0401245942829], [-122.694703938785, 49.0401181568562], [-122.694683994471, 49.040112797605], [-122.694663495143, 49.0401086962621], [-122.694642441907, 49.0401056720189], [-122.694621243579, 49.0401039976233]]]]}, "properties": {"PLAN_AREA": "Campbell Heights", "PLAN_TYPE": "Local Area Plan", "PLAN_YEAR": 2000, "PLAN_STATUS": "Stage 2 Approved (See Surrey 2025 OCP)", "LAND_USE": "Business Park"}}, {"type": "Feature", "geometry": {"type": "Polygon", "coordinates": [[[-122.691120761622, 49.0418469847451], [-122.691086537475, 49.0418718117675], [-122.68701649904, 49.0418756017935], [-122.687010460809, 49.0411346157656], [-122.687002877745, 49.0402253173908], [-122.686992123848, 49.0389260494239], [-122.688421704973, 49.0389248606879], [-122.689789439185, 49.0389236652247], [-122.691096966987, 49.0389224714237], [-122.691105926205, 49.0401516451339], [-122.690822822765, 49.0401518828361], [-122.689799736356, 49.0401527571957], [-122.688637218104, 49.0401537879142], [-122.688624133464, 49.0401421096414], [-122.68860950988, 49.0401312467113], [-122.688593465831, 49.0401212893987], [-122.688576130813, 49.040112316314], [-122.688557643946, 49.0401043988971], [-122.688538151231, 49.0400976023095], [-122.688517813792, 49.0400919800597], [-122.688496790065, 49.0400875775525], [-122.688475252238, 49.0400844294358], [-122.688453371181, 49.0400825622575], [-122.688431326052, 49.0400819899946], [-122.688410439026, 49.0400826478504], [-122.68838971441, 49.0400844674695], [-122.688369297312, 49.0400874375494], [-122.688349338388, 49.0400915351087], [-122.688329980116, 49.0400967317465], [-122.688311360933, 49.0401029891562], [-122.688293619314, 49.0401102627343], [-122.688276878734, 49.0401184997407], [-122.688261262703, 49.0401276420383], [-122.68824688111, 49.0401376215581], [-122.688233841125, 49.040148367525], [-122.688222233543, 49.0401598019233], [-122.688212145083, 49.0401718422284], [-122.688203646068, 49.0401844022732], [-122.688196801375, 49.0401973913782], [-122.688191655382, 49.0402107152098], [-122.688188248364, 49.0402242785243], [-122.688187291174, 49.0402305269614], [-122.688186704669, 49.0402367952907], [-122.688186488904, 49.0402430745169], [-122.688187335624, 49.040257342883], [-122.688190090409, 49.0402715066585], [-122.68819473479, 49.0402854560474], [-122.688201231143, 49.0402990812017], [-122.688209528127, 49.0403122776338], [-122.688219562081, 49.0403249417223], [-122.688231255628, 49.040336975206], [-122.688244516308, 49.0403482842806], [-122.688259242048, 49.0403587814127], [-122.688275317062, 49.0403683835299], [-122.68829261729, 49.0403770174323], [-122.6883110077, 49.0403846143884], [-122.688330344976, 49.0403911173384], [-122.688350478932, 49.040396473702], [-122.688371251099, 49.0404006425709], [-122.688392504321, 49.0404035920358], [-122.688414067708, 49.0404052982465], [-122.688435777136, 49.0404057490656], [-122.688457461597, 49.0404049395336], [-122.688478955483, 49.0404028763998], [-122.68850008765, 49.0403995762941], [-122.688520695109, 49.0403950648639], [-122.688540617556, 49.0403893758599], [-122.688559700081, 49.0403825556415], [-122.688577793217, 49.0403746559801], [-122.68859475701, 49.0403657385679], [-122.688610461034, 49.0403558732189], [-122.688624778932, 49.0403451360552], [-122.688637603455, 49.0403336104466], [-122.688980502811, 49.0403333602602], [-122.690074745095, 49.0403324126094], [-122.690824446078, 49.0403317086726], [-122.691107413711, 49.0403314706023], [-122.691120761622, 49.0418469847451]]]}, "properties": {"PLAN_AREA": "Campbell Heights", "PLAN_TYPE": "Local Area Plan", "PLAN_YEAR": 2000, "PLAN_STATUS": "Stage 2 Approved (See Surrey 2025 OCP)", "LAND_USE": "Business Park"}}, {"type": "Feature", "geometry": {"type": "Polygon", "coordinates": [[[-122.706685833602, 49.0515916504086], [-122.706579055748, 49.0516456446576], [-122.706483426011, 49.0516511136654], [-122.706400899363, 49.0516451915765], [-122.706348838768, 49.0516307786862], [-122.706299044054, 49.0516006635046], [-122.706242387225, 49.0516290801889], [-122.706168382879, 49.0516517405047], [-122.706081452066, 49.0516558028324], [-122.705994622281, 49.051642729724], [-122.7059122389, 49.0516125304531], [-122.705862563779, 49.0515624227718], [-122.705843295829, 49.0515138201677], [-122.705854454543, 49.0514638666178], [-122.705854589337, 49.0514410182569], [-122.70577397382, 49.0514793704046], [-122.705684895246, 49.0514791432759], [-122.70557418449, 49.0514631519605], [-122.705513502649, 49.0514372923464], [-122.705457317976, 49.0513857393847], [-122.705440164745, 49.0513471379672], [-122.705442800685, 49.0512686027208], [-122.705497572404, 49.0511916281179], [-122.705582531532, 49.0511532872423], [-122.705699979295, 49.051132166584], [-122.705834514375, 49.0511610704543], [-122.705888618544, 49.0511969089976], [-122.705931734034, 49.0512541406274], [-122.705962521282, 49.0511913851299], [-122.706001897874, 49.0511457880336], [-122.706084701438, 49.0511045861085], [-122.706193399517, 49.0510934385241], [-122.706308481491, 49.0511051557885], [-122.706390806783, 49.0511453504907], [-122.706436052704, 49.0512097271228], [-122.706435682756, 49.0512725601208], [-122.706435455739, 49.0513111171826], [-122.706515835118, 49.0513127492052], [-122.706613476485, 49.051334418571], [-122.70668061013, 49.0513717183567], [-122.706710783302, 49.0514132087649], [-122.706736586068, 49.0514589717418], [-122.706738438841, 49.0515132421218], [-122.706729487923, 49.0515574882909], [-122.706685833602, 49.0515916504086]]]}, "properties": {"PLAN_AREA": "Campbell Heights", "PLAN_TYPE": "Local Area Plan", "PLAN_YEAR": 2000, "PLAN_STATUS": "Stage 2 Approved (See Surrey 2025 OCP)", "LAND_USE": "Tree Preservation Opportunities"}}, {"type": "Feature", "geometry": {"type": "Polygon", "coordinates": [[[-122.683301885135, 49.056879878589], [-122.6832103799, 49.0569181841751], [-122.683127755239, 49.0569265256156], [-122.683049550285, 49.0569234547897], [-122.682986655964, 49.0569047179419], [-122.682930397675, 49.0568674342805], [-122.682880221317, 49.0568987133719], [-122.682819235775, 49.0569213944776], [-122.68274313169, 49.0569297535624], [-122.68266061739, 49.0569209584547], [-122.682571691594, 49.0568950091371], [-122.682502460129, 49.0568476928338], [-122.682468158259, 49.0567747687164], [-122.682481531955, 49.0567219665641], [-122.682418356083, 49.0567474975191], [-122.682346632941, 49.0567501562248], [-122.682255391176, 49.0567470489786], [-122.68215781364, 49.0567153633491], [-122.68210807406, 49.0566780972369], [-122.68208451806, 49.0566237667121], [-122.682071936326, 49.0565523298945], [-122.682109348952, 49.056478174701], [-122.682196526741, 49.0564370019824], [-122.682283613379, 49.0564101084797], [-122.682396592041, 49.0564118479297], [-122.68249847072, 49.0564506849581], [-122.682556918564, 49.0564851187692], [-122.682578319669, 49.0565365871857], [-122.682593857612, 49.0564852203631], [-122.682615904271, 49.0564352999299], [-122.682653061466, 49.0564011281678], [-122.682761921632, 49.0563671544051], [-122.682870590875, 49.0563631693729], [-122.682987715355, 49.0563963356873], [-122.683043909598, 49.0564436159006], [-122.683076112547, 49.0565051106411], [-122.68307577664, 49.0565579468668], [-122.683071258444, 49.0565850677301], [-122.683162481813, 49.0565910303674], [-122.683266706012, 49.0566027407843], [-122.683338165835, 49.0566414935864], [-122.683371435387, 49.0566918052053], [-122.683383778607, 49.056744200349], [-122.68336975112, 49.0568000943801], [-122.683354215246, 49.0568514613095], [-122.683301885135, 49.056879878589]]]}, "properties": {"PLAN_AREA": "Campbell Heights", "PLAN_TYPE": "Local Area Plan", "PLAN_YEAR": 2000, "PLAN_STATUS": "Stage 2 Approved (See Surrey 2025 OCP)", "LAND_USE": "Tree Preservation Opportunities"}}, {"type": "Feature", "geometry": {"type": "Polygon", "coordinates": [[[-122.68485709747, 49.05579358379], [-122.684764496624, 49.0558337928789], [-122.684673872029, 49.0558478257488], [-122.684576178753, 49.0558344675742], [-122.684502090893, 49.055810464647], [-122.684473247605, 49.0557901548077], [-122.684431383638, 49.0558245517715], [-122.684369736485, 49.0558374735192], [-122.684262815983, 49.0558514614997], [-122.684174182952, 49.055836938559], [-122.684091050224, 49.0558117205054], [-122.684058766521, 49.0557628402782], [-122.684026491787, 49.0557127708545], [-122.684032210774, 49.0556675649879], [-122.684046944609, 49.0556283334559], [-122.683968843451, 49.0556662013786], [-122.683885514921, 49.0556719228303], [-122.683775116484, 49.0556632905211], [-122.683702855156, 49.055636911862], [-122.683648905671, 49.0555784512509], [-122.683622024687, 49.0555343470522], [-122.683629728503, 49.0554617749876], [-122.683662720039, 49.0553987940247], [-122.683739055531, 49.055353780802], [-122.683833301041, 49.0553397585846], [-122.68392202226, 49.0553400015959], [-122.684016065405, 49.0553581098779], [-122.684070203622, 49.055386819856], [-122.684115108407, 49.0554440645063], [-122.684133599386, 49.055383423043], [-122.684202798224, 49.0553217302243], [-122.684295329369, 49.0552922323929], [-122.684387718627, 49.0552853453123], [-122.684505359438, 49.0552939968346], [-122.6845937055, 49.0553537402648], [-122.684627746181, 49.0554109550253], [-122.684625543931, 49.0554728311893], [-122.684625325614, 49.0555073411173], [-122.684688668799, 49.0555122755332], [-122.684777302774, 49.0555267980825], [-122.684851381453, 49.0555519909205], [-122.684887353706, 49.0555901699982], [-122.684928571711, 49.0556581152631], [-122.684928045236, 49.0557414162053], [-122.68485709747, 49.05579358379]]]}, "properties": {"PLAN_AREA": "Campbell Heights", "PLAN_TYPE": "Local Area Plan", "PLAN_YEAR": 2000, "PLAN_STATUS": "Stage 2 Approved (See Surrey 2025 OCP)", "LAND_USE": "Tree Preservation Opportunities"}}, {"type": "Feature", "geometry": {"type": "Polygon", "coordinates": [[[-122.706568971537, 49.049913398281], [-122.706462195791, 49.0499673924408], [-122.706366569261, 49.0499728613596], [-122.706284045404, 49.0499669391907], [-122.706231986593, 49.0499525262469], [-122.706182194995, 49.0499224101135], [-122.706125540011, 49.0499508267522], [-122.706051538107, 49.0499734870044], [-122.705964610206, 49.0499775501505], [-122.705877783378, 49.0499644760564], [-122.705795402831, 49.0499342775983], [-122.705745728129, 49.0498841689525], [-122.705726462302, 49.0498355663196], [-122.705737619377, 49.049785613662], [-122.705737754216, 49.0497627652947], [-122.705657141335, 49.0498011164775], [-122.70556806576, 49.0498008892643], [-122.70545735876, 49.049784898739], [-122.705396679019, 49.0497590390599], [-122.70534049635, 49.0497074860303], [-122.705323343781, 49.0496688845854], [-122.70532597981, 49.0495903484194], [-122.705380749853, 49.0495133738462], [-122.7054657062, 49.0494750339396], [-122.705583150061, 49.049453912487], [-122.705717680549, 49.049482816493], [-122.705771784182, 49.0495186560009], [-122.705814898095, 49.0495758876881], [-122.705845684445, 49.0495131322017], [-122.705885059811, 49.0494675351296], [-122.705967860682, 49.0494263323716], [-122.706076555127, 49.049415184887], [-122.706191631833, 49.0494269022604], [-122.706273954266, 49.0494670970522], [-122.706319199886, 49.0495314746487], [-122.706318829812, 49.0495943076643], [-122.706318602724, 49.0496328638375], [-122.70639897802, 49.0496344968328], [-122.706496617426, 49.0496561654013], [-122.706563747361, 49.0496934652579], [-122.706593919426, 49.0497349557066], [-122.706619721223, 49.0497807187212], [-122.706621575183, 49.049834989122], [-122.706612624464, 49.0498792361949], [-122.706568971537, 49.049913398281]]]}, "properties": {"PLAN_AREA": "Campbell Heights", "PLAN_TYPE": "Local Area Plan", "PLAN_YEAR": 2000, "PLAN_STATUS": "Stage 2 Approved (See Surrey 2025 OCP)", "LAND_USE": "Tree Preservation Opportunities"}}, {"type": "Feature", "geometry": {"type": "Polygon", "coordinates": [[[-122.704718133704, 49.0490816001643], [-122.704611359115, 49.0491355926226], [-122.704515733985, 49.0491410600113], [-122.704433211729, 49.0491351365212], [-122.704381154325, 49.0491207227432], [-122.704331364677, 49.0490906058107], [-122.704274709589, 49.0491190215447], [-122.704200708085, 49.0491416806141], [-122.70411378149, 49.0491457423693], [-122.704026956601, 49.0491326668847], [-122.703944578553, 49.0491024671059], [-122.70389490654, 49.0490523576614], [-122.703875642836, 49.0490037547167], [-122.703886801574, 49.048953802234], [-122.703886937258, 49.0489309538673], [-122.703806324306, 49.0489693037627], [-122.703717250232, 49.0489690751239], [-122.703606545679, 49.0489530828256], [-122.703545867912, 49.0489272221735], [-122.703489688095, 49.0488756682409], [-122.703472537243, 49.0488370665187], [-122.703475176136, 49.0487585303892], [-122.703529948114, 49.048681556687], [-122.703614904458, 49.0486432181373], [-122.703732347133, 49.0486220985627], [-122.703866874296, 49.048651004724], [-122.703920975695, 49.0486868451004], [-122.703964086766, 49.0487440774817], [-122.703994874925, 49.0486813224835], [-122.70403425132, 49.0486357260382], [-122.704117052331, 49.0485945246024], [-122.704225745368, 49.0485833788566], [-122.704340819711, 49.0485950980726], [-122.704423139276, 49.0486352941848], [-122.704468380385, 49.0486996725066], [-122.70446800799, 49.0487625055209], [-122.704467779477, 49.0488010616932], [-122.704548154735, 49.0488026959786], [-122.704645790334, 49.0488243661078], [-122.704712919131, 49.048861667045], [-122.704743089154, 49.0489031579797], [-122.704768888823, 49.0489489214105], [-122.704770739373, 49.0490031918415], [-122.704761787166, 49.0490474387743], [-122.704718133704, 49.0490816001643]]]}, "properties": {"PLAN_AREA": "Campbell Heights", "PLAN_TYPE": "Local Area Plan", "PLAN_YEAR": 2000, "PLAN_STATUS": "Stage 2 Approved (See Surrey 2025 OCP)", "LAND_USE": "Tree Preservation Opportunities"}}, {"type": "Feature", "geometry": {"type": "Polygon", "coordinates": [[[-122.706433731625, 49.0482827005881], [-122.706326959232, 49.0483366946445], [-122.706231335816, 49.0483421634588], [-122.706148814673, 49.0483362411967], [-122.706096758971, 49.0483218281947], [-122.70604696771, 49.0482917119942], [-122.705990314506, 49.0483201285779], [-122.705916314964, 49.0483427887544], [-122.705829389896, 49.0483468518053], [-122.705742565941, 49.0483337776113], [-122.705660188167, 49.0483035790535], [-122.705610516587, 49.0482534703421], [-122.705591250146, 49.0482048676709], [-122.705602408352, 49.0481549150152], [-122.705602543246, 49.0481320666417], [-122.705521931534, 49.0481704177423], [-122.705432860242, 49.0481701904338], [-122.705322155536, 49.0481541997778], [-122.705261477845, 49.0481283400243], [-122.705205297146, 49.0480767869181], [-122.705188145243, 49.0480381845439], [-122.70519078275, 49.0479596492619], [-122.705245549831, 49.0478826747245], [-122.705330504872, 49.0478443340054], [-122.70544794494, 49.0478232135766], [-122.705582470953, 49.0478521177399], [-122.705636571362, 49.0478879564146], [-122.705679683718, 49.0479451881656], [-122.705710469221, 49.0478824326958], [-122.705749843417, 49.0478368356547], [-122.705832641681, 49.0477956338766], [-122.705941332599, 49.0477844865094], [-122.706056406879, 49.0477962040171], [-122.706138725148, 49.0478363989078], [-122.706183969128, 49.0479007756729], [-122.706183598905, 49.0479636087057], [-122.70618337172, 49.0480021657888], [-122.706263744389, 49.0480037979742], [-122.70636138054, 49.0480254675565], [-122.706428508184, 49.048062767498], [-122.706458679156, 49.0481042579917], [-122.706484479991, 49.0481500210476], [-122.706486333751, 49.0482042914656], [-122.706477383212, 49.0482485385409], [-122.706433731625, 49.0482827005881]]]}, "properties": {"PLAN_AREA": "Campbell Heights", "PLAN_TYPE": "Local Area Plan", "PLAN_YEAR": 2000, "PLAN_STATUS": "Stage 2 Approved (See Surrey 2025 OCP)", "LAND_USE": "Tree Preservation Opportunities"}}, {"type": "Feature", "geometry": {"type": "Polygon", "coordinates": [[[-122.706994194811, 49.0468739270979], [-122.706887426045, 49.046927921693], [-122.706791805391, 49.0469333909783], [-122.70670928651, 49.0469274691199], [-122.706657230745, 49.0469130563662], [-122.706607441911, 49.0468829413051], [-122.706550790629, 49.0469113581747], [-122.706476793434, 49.0469340187206], [-122.70638987087, 49.0469380812998], [-122.706303049213, 49.0469250084283], [-122.706220673426, 49.0468948093674], [-122.706171001305, 49.0468447017827], [-122.706151736224, 49.0467960991966], [-122.706162892185, 49.0467461455698], [-122.706163026815, 49.0467232971895], [-122.706082419177, 49.0467616495993], [-122.705993349029, 49.0467614227246], [-122.705882648639, 49.046745431712], [-122.705821972368, 49.0467195722496], [-122.705765792669, 49.0466680194054], [-122.705748640806, 49.0466294180047], [-122.705751275977, 49.0465508826854], [-122.705806042006, 49.046473907862], [-122.705890992844, 49.0464355667119], [-122.706008429357, 49.0464144457008], [-122.706142951902, 49.0464433492111], [-122.706197052559, 49.0464791876333], [-122.706240164348, 49.0465364191878], [-122.70627094827, 49.0464736635501], [-122.706310320835, 49.0464280663034], [-122.706393116294, 49.0463868641077], [-122.706501804017, 49.0463757162038], [-122.706616873814, 49.0463874331461], [-122.706699191584, 49.0464276276468], [-122.706744435019, 49.0464920042069], [-122.70674406552, 49.0465548372582], [-122.70674383878, 49.0465933943527], [-122.706824209198, 49.0465950261439], [-122.70692184284, 49.0466166952526], [-122.706988969012, 49.0466539948743], [-122.707019139604, 49.0466954852309], [-122.707044940231, 49.0467412481724], [-122.707046794555, 49.0467955185957], [-122.707037844777, 49.0468397648272], [-122.706994194811, 49.0468739270979]]]}, "properties": {"PLAN_AREA": "Campbell Heights", "PLAN_TYPE": "Local Area Plan", "PLAN_YEAR": 2000, "PLAN_STATUS": "Stage 2 Approved (See Surrey 2025 OCP)", "LAND_USE": "Tree Preservation Opportunities"}}, {"type": "Feature", "geometry": {"type": "Polygon", "coordinates": [[[-122.696450268087, 49.0519650364021], [-122.696343478391, 49.052019021154], [-122.696247846854, 49.0520244816767], [-122.696165320837, 49.0520185522703], [-122.696113262834, 49.0520041347689], [-122.696063475319, 49.0519740151884], [-122.696006812254, 49.0520024268335], [-122.695932802732, 49.0520250805742], [-122.695845870469, 49.0520291351891], [-122.695759042755, 49.0520160543849], [-122.695676664991, 49.0519858478207], [-122.695626998439, 49.0519357357533], [-122.6956077417, 49.0518871314669], [-122.695618909381, 49.0518371789269], [-122.695619048867, 49.0518143305889], [-122.695538424906, 49.0518526755676], [-122.695449345748, 49.0518524405375], [-122.695338637492, 49.0518364394095], [-122.695277960531, 49.051810574425], [-122.695221786046, 49.0517590165043], [-122.695204640619, 49.0517204135836], [-122.695207292708, 49.0516418777089], [-122.695262080619, 49.051564908001], [-122.695347048215, 49.0515265755792], [-122.695464501151, 49.0515054644492], [-122.695599031248, 49.0515343802393], [-122.695653129805, 49.0515702244678], [-122.695696233849, 49.0516274598949], [-122.6957270342, 49.0515647071581], [-122.695766420433, 49.0515191135762], [-122.695849233047, 49.051477918116], [-122.695957934184, 49.0514667801786], [-122.696073013198, 49.0514785076419], [-122.696155330821, 49.0515187096273], [-122.696200563839, 49.0515830911417], [-122.696200180987, 49.051645924077], [-122.696199946057, 49.0516844802008], [-122.696280325665, 49.051686120252], [-122.696377963279, 49.0517077973689], [-122.696445089741, 49.0517451030918], [-122.696475254603, 49.0517865970562], [-122.696501048155, 49.0518323623002], [-122.696502889797, 49.0518866328188], [-122.696493929732, 49.0519308781729], [-122.696450268087, 49.0519650364021]]]}, "properties": {"PLAN_AREA": "Campbell Heights", "PLAN_TYPE": "Local Area Plan", "PLAN_YEAR": 2000, "PLAN_STATUS": "Stage 2 Approved (See Surrey 2025 OCP)", "LAND_USE": "Tree Preservation Opportunities"}}, {"type": "Feature", "geometry": {"type": "Polygon", "coordinates": [[[-122.69520516265, 49.0503909034537], [-122.695098373621, 49.0504448870687], [-122.695002744973, 49.050450346567], [-122.694920221713, 49.0504444162741], [-122.694868165714, 49.0504299982112], [-122.694818380527, 49.0503998771904], [-122.694761718548, 49.0504282882341], [-122.694687710804, 49.0504509411861], [-122.694600781184, 49.0504549957691], [-122.694513956545, 49.0504419131311], [-122.69443158213, 49.0504117065763], [-122.694381919767, 49.0503615930691], [-122.694362663474, 49.0503129885616], [-122.694373832037, 49.0502630370298], [-122.694373972087, 49.0502401886882], [-122.694293349728, 49.0502785319112], [-122.694204274761, 49.0502782959293], [-122.694093569029, 49.0502622945062], [-122.694032894629, 49.0502364288653], [-122.6939767232, 49.0501848703305], [-122.693959579273, 49.0501462672173], [-122.693962234597, 49.0500677313571], [-122.694017021317, 49.049990762216], [-122.694101988547, 49.0499524307005], [-122.694219438293, 49.0499313208255], [-122.694353962049, 49.0499602380612], [-122.694408058006, 49.0499960828779], [-122.694451159267, 49.0500533187801], [-122.694481960202, 49.0499905663596], [-122.694521346321, 49.04994497319], [-122.694604157339, 49.0499037786087], [-122.694712855316, 49.0498926418346], [-122.6948279304, 49.0499043705347], [-122.694910244421, 49.0499445734121], [-122.694955475779, 49.0500089554296], [-122.69495509138, 49.0500717883749], [-122.6949548555, 49.0501103445048], [-122.695035231157, 49.0501119854148], [-122.695132866515, 49.0501336635874], [-122.695199988559, 49.050170970035], [-122.695230151442, 49.0502124634327], [-122.695255943043, 49.0502582289636], [-122.695257784648, 49.0503124995177], [-122.695248823762, 49.0503567456852], [-122.69520516265, 49.0503909034537]]]}, "properties": {"PLAN_AREA": "Campbell Heights", "PLAN_TYPE": "Local Area Plan", "PLAN_YEAR": 2000, "PLAN_STATUS": "Stage 2 Approved (See Surrey 2025 OCP)", "LAND_USE": "Tree Preservation Opportunities"}}, {"type": "Feature", "geometry": {"type": "Polygon", "coordinates": [[[-122.693706479815, 49.0485530843336], [-122.693599693116, 49.0486070665838], [-122.693504067835, 49.0486125248487], [-122.693421547799, 49.0486065934888], [-122.69336949552, 49.0485921747536], [-122.693319711697, 49.0485620539781], [-122.693263050961, 49.0485904642977], [-122.693189045272, 49.0486131163], [-122.693102118746, 49.0486171688621], [-122.693015297697, 49.0486040859993], [-122.692932927233, 49.0485738774734], [-122.692883268194, 49.0485237642116], [-122.692864014065, 49.0484751594429], [-122.692875185083, 49.0484252071464], [-122.69287532581, 49.0484023588007], [-122.692794703907, 49.0484407018886], [-122.692705632236, 49.0484404647566], [-122.692594931074, 49.0484244610005], [-122.692534259688, 49.0483985945695], [-122.692478091873, 49.0483470352961], [-122.692460949733, 49.0483084319516], [-122.692463607305, 49.0482298961053], [-122.692518394303, 49.0481529276516], [-122.692603359541, 49.0481145972232], [-122.692720805582, 49.0480934888591], [-122.692855324877, 49.0481224078428], [-122.692909416397, 49.0481582533636], [-122.692952514356, 49.0482154898371], [-122.692983316029, 49.048152737798], [-122.693022702057, 49.0481071451251], [-122.693105511249, 49.0480659516024], [-122.693214205546, 49.0480548162288], [-122.6933292774, 49.0480665464213], [-122.693411585812, 49.0481067503683], [-122.693456813577, 49.0481711329866], [-122.693456427314, 49.0482339659432], [-122.693456190291, 49.0482725220801], [-122.693536562931, 49.0482741640282], [-122.693634194036, 49.0482958434671], [-122.693701312488, 49.048333150791], [-122.693731473012, 49.0483746454885], [-122.693757262293, 49.0484204113642], [-122.693759102208, 49.0484746819562], [-122.693750140336, 49.0485189271199], [-122.693706479815, 49.0485530843336]]]}, "properties": {"PLAN_AREA": "Campbell Heights", "PLAN_TYPE": "Local Area Plan", "PLAN_YEAR": 2000, "PLAN_STATUS": "Stage 2 Approved (See Surrey 2025 OCP)", "LAND_USE": "Tree Preservation Opportunities"}}, {"type": "Feature", "geometry": {"type": "Polygon", "coordinates": [[[-122.696054456271, 49.0444239026238], [-122.695947682334, 49.0444778871115], [-122.695852065221, 49.0444833473421], [-122.695769551728, 49.0444774176698], [-122.695717501702, 49.044462999987], [-122.69566772194, 49.0444328793121], [-122.695611067239, 49.0444612908168], [-122.695537068746, 49.0444839443554], [-122.695450149595, 49.0444879996032], [-122.695363335112, 49.0444749176109], [-122.69528097002, 49.0444447116496], [-122.695231311347, 49.0443945984624], [-122.695212057872, 49.0443459940527], [-122.695223224221, 49.0442960423825], [-122.695223363851, 49.0442731940153], [-122.695142751811, 49.0443115378921], [-122.695053686127, 49.0443113025832], [-122.694942994723, 49.0442953019878], [-122.694882327126, 49.0442694367802], [-122.694826161509, 49.0442178786171], [-122.69480901896, 49.0441792746932], [-122.694811671211, 49.0441007396245], [-122.694866451393, 49.0440237699882], [-122.694951406422, 49.0439854368828], [-122.695068841742, 49.0439643269922], [-122.695203351285, 49.0439932432404], [-122.695257441407, 49.044029086785], [-122.695300538518, 49.044086322421], [-122.695331334665, 49.0440235696992], [-122.695370715271, 49.0439779761814], [-122.695453515654, 49.0439367818264], [-122.695562200433, 49.0439256442145], [-122.695677261959, 49.0439373720528], [-122.695759566841, 49.0439775743479], [-122.695804792558, 49.0440419551877], [-122.695804409309, 49.0441047882032], [-122.69580417413, 49.0441433452757], [-122.695884541575, 49.044144984681], [-122.695982164261, 49.044166663031], [-122.696049280301, 49.0442039690122], [-122.696079440306, 49.0442454622253], [-122.696105229626, 49.0442912276093], [-122.696107070596, 49.0443454982039], [-122.69609811156, 49.0443897444869], [-122.696054456271, 49.0444239026238]]]}, "properties": {"PLAN_AREA": "Campbell Heights", "PLAN_TYPE": "Local Area Plan", "PLAN_YEAR": 2000, "PLAN_STATUS": "Stage 2 Approved (See Surrey 2025 OCP)", "LAND_USE": "Tree Preservation Opportunities"}}, {"type": "Feature", "geometry": {"type": "Polygon", "coordinates": [[[-122.695953203987, 49.0432157436979], [-122.695846432534, 49.0432697281082], [-122.695750817727, 49.0432751882607], [-122.695668306244, 49.0432692585188], [-122.695616257507, 49.0432548407898], [-122.695566479004, 49.043224720967], [-122.695509825621, 49.0432531324306], [-122.695435828877, 49.0432757859125], [-122.69534891183, 49.0432798401895], [-122.69526209947, 49.0432667590221], [-122.695179736437, 49.0432365520868], [-122.695130079058, 49.0431864397477], [-122.695110826142, 49.043137835312], [-122.695121992322, 49.0430878827412], [-122.695122131993, 49.0430650343695], [-122.695041521826, 49.0431033790868], [-122.6949524583, 49.0431031437041], [-122.694841769615, 49.0430871421141], [-122.694781103538, 49.0430612768509], [-122.69472493938, 49.0430097186306], [-122.694707797315, 49.0429711155841], [-122.694710449652, 49.0428925805015], [-122.694765228654, 49.0428156108946], [-122.694850181699, 49.0427772778518], [-122.694967614214, 49.0427561680542], [-122.695102120442, 49.0427850844197], [-122.695156209185, 49.0428209280165], [-122.695199305142, 49.0428781637], [-122.695230100664, 49.0428154109909], [-122.695269480403, 49.0427698174963], [-122.695352278859, 49.0427286232014], [-122.695460961026, 49.0427174856773], [-122.695576019741, 49.0427292136135], [-122.695658322552, 49.0427694159851], [-122.69570354705, 49.0428337968756], [-122.69570316369, 49.0428966299038], [-122.695702928443, 49.0429351869841], [-122.695783293938, 49.0429368264563], [-122.695880914217, 49.0429585048917], [-122.695948028559, 49.0429958109363], [-122.695978187753, 49.0430373041829], [-122.69600397636, 49.0430830695977], [-122.696005817183, 49.043137340205], [-122.695996858284, 49.0431815855902], [-122.695953203987, 49.0432157436979]]]}, "properties": {"PLAN_AREA": "Campbell Heights", "PLAN_TYPE": "Local Area Plan", "PLAN_YEAR": 2000, "PLAN_STATUS": "Stage 2 Approved (See Surrey 2025 OCP)", "LAND_USE": "Tree Preservation Opportunities"}}, {"type": "Feature", "geometry": {"type": "Polygon", "coordinates": [[[-122.695810693627, 49.0413529544617], [-122.695703924648, 49.0414069387617], [-122.695608313399, 49.0414123988049], [-122.695525805014, 49.0414064689654], [-122.695473759628, 49.0413920511751], [-122.695423981702, 49.0413619303818], [-122.695367330359, 49.0413903417887], [-122.695293336319, 49.0414129951919], [-122.695206422502, 49.041417050269], [-122.695119613425, 49.0414039680972], [-122.695037253544, 49.0413737619562], [-122.694987599528, 49.0413236486476], [-122.694968346094, 49.0412750441705], [-122.694979513353, 49.0412250925], [-122.69497965308, 49.0412022441211], [-122.694899044459, 49.0412405878539], [-122.694809985629, 49.0412403523714], [-122.694699299748, 49.0412243515439], [-122.694638636006, 49.0411984862021], [-122.694582474085, 49.0411469279002], [-122.694565332769, 49.0411083239221], [-122.694567986586, 49.0410297888211], [-122.69462276238, 49.0409528192497], [-122.694707713722, 49.0409144862968], [-122.694825141908, 49.0408933766287], [-122.694959643035, 49.0409222931594], [-122.695013728292, 49.0409581368268], [-122.695056822486, 49.0410153725785], [-122.695087617026, 49.0409526198851], [-122.695126995417, 49.0409070264217], [-122.69520979089, 49.0408658322098], [-122.695318469028, 49.0408546948082], [-122.695433524782, 49.0408664228852], [-122.695515823042, 49.0409066253615], [-122.695561047046, 49.0409710063286], [-122.695560663532, 49.0410338393763], [-122.69556042819, 49.0410723964686], [-122.69564078931, 49.041074036031], [-122.695738407253, 49.0410957145902], [-122.69580551762, 49.0411330207209], [-122.695835675576, 49.0411745140157], [-122.695861463097, 49.0412202794751], [-122.695863305073, 49.0412745501054], [-122.695854346385, 49.0413187963938], [-122.695810693627, 49.0413529544617]]]}, "properties": {"PLAN_AREA": "Campbell Heights", "PLAN_TYPE": "Local Area Plan", "PLAN_YEAR": 2000, "PLAN_STATUS": "Stage 2 Approved (See Surrey 2025 OCP)", "LAND_USE": "Tree Preservation Opportunities"}}, {"type": "Feature", "geometry": {"type": "Polygon", "coordinates": [[[-122.69550237904, 49.0399657430864], [-122.695395614073, 49.040019727123], [-122.695300005451, 49.0400251869173], [-122.695217499398, 49.0400192568606], [-122.695165454178, 49.0400048389272], [-122.69511567782, 49.0399747179968], [-122.695059027881, 49.040003129262], [-122.694985035763, 49.0400257824769], [-122.69489812434, 49.0400298373275], [-122.694811317757, 49.0400167549256], [-122.694728960351, 49.0399865485623], [-122.69467930802, 49.0399364351123], [-122.694660055416, 49.0398878305738], [-122.694671222666, 49.039837878921], [-122.694671362528, 49.0398150305372], [-122.694590755917, 49.0398533740681], [-122.694501699567, 49.0398531383525], [-122.694391016862, 49.0398371372318], [-122.694330354964, 49.0398112717254], [-122.694274194918, 49.0397597132648], [-122.694257054307, 49.0397211101325], [-122.694259708531, 49.039642574121], [-122.694314483267, 49.0395656046752], [-122.694399432472, 49.0395272728353], [-122.694516857524, 49.0395061625699], [-122.694651354733, 49.0395350794592], [-122.694705438263, 49.0395709241758], [-122.694748530912, 49.0396281600533], [-122.694779324975, 49.0395654074261], [-122.694818702546, 49.0395198140553], [-122.694901495971, 49.0394786191509], [-122.695010171152, 49.0394674820311], [-122.695125223634, 49.0394792104117], [-122.695207520729, 49.0395194131161], [-122.695252741711, 49.0395837951123], [-122.695252357827, 49.0396466281733], [-122.695252122264, 49.0396851843743], [-122.695332482501, 49.0396868250504], [-122.695430096234, 49.0397085029668], [-122.695497205876, 49.0397458092853], [-122.695527362742, 49.0397873026685], [-122.695553149269, 49.0398330682057], [-122.695554989497, 49.0398873388497], [-122.69554603079, 49.0399315851248], [-122.69550237904, 49.0399657430864]]]}, "properties": {"PLAN_AREA": "Campbell Heights", "PLAN_TYPE": "Local Area Plan", "PLAN_YEAR": 2000, "PLAN_STATUS": "Stage 2 Approved (See Surrey 2025 OCP)", "LAND_USE": "Tree Preservation Opportunities"}}, {"type": "Feature", "geometry": {"type": "Polygon", "coordinates": [[[-122.689438187328, 49.0595506348963], [-122.689336460274, 49.059601770647], [-122.689211805646, 49.0596128593869], [-122.689110493881, 49.059597354382], [-122.689052784339, 49.0595591180899], [-122.688959797701, 49.0596026605308], [-122.688881510924, 49.0596119695076], [-122.688811975483, 49.0596117820449], [-122.688699134978, 49.0595867256118], [-122.688632710059, 49.0595522734148], [-122.688592624043, 49.0594760027062], [-122.688595960559, 49.0594055613188], [-122.68850020694, 49.0594281516036], [-122.688413252256, 49.0594336290553], [-122.68832066872, 49.0594124347499], [-122.688251347912, 49.0593779745117], [-122.688179392871, 49.0593016166716], [-122.688197253034, 49.059225503261], [-122.688238302867, 49.0591475472331], [-122.688357388617, 49.0591002671324], [-122.688542804475, 49.0591026719956], [-122.688632369486, 49.0591428988466], [-122.688687073453, 49.0591982646539], [-122.688713493859, 49.059143117675], [-122.688760183729, 49.0590899297081], [-122.688832794468, 49.0590615646448], [-122.688948791612, 49.0590447408121], [-122.689070407358, 49.0590564928486], [-122.689139621419, 49.0591080888184], [-122.689185620817, 49.0591653353005], [-122.689191000766, 49.0592319914679], [-122.689190822674, 49.0592605527359], [-122.689260345761, 49.0592626433942], [-122.689361585692, 49.0592895733142], [-122.689436677559, 49.0593278553282], [-122.689459582618, 49.0593717108584], [-122.689496844656, 49.0594365493304], [-122.689484851714, 49.0595012552843], [-122.689438187328, 49.0595506348963]]]}, "properties": {"PLAN_AREA": "Campbell Heights", "PLAN_TYPE": "Local Area Plan", "PLAN_YEAR": 2000, "PLAN_STATUS": "Stage 2 Approved (See Surrey 2025 OCP)", "LAND_USE": "Tree Preservation Opportunities"}}, {"type": "Feature", "geometry": {"type": "Polygon", "coordinates": [[[-122.685132299621, 49.0578666678474], [-122.685032093316, 49.0579063796261], [-122.684919093104, 49.0579074996852], [-122.684845322593, 49.0578901617555], [-122.68477817853, 49.057855705363], [-122.684712782271, 49.057888371269], [-122.68466052411, 49.0579053650136], [-122.684595273641, 49.0579151834657], [-122.684467172208, 49.0578991243994], [-122.684395655459, 49.057868940408], [-122.684354615085, 49.0578302705686], [-122.684324547121, 49.0577744942116], [-122.684327017767, 49.0577273751049], [-122.684333727049, 49.0576974050048], [-122.684266185625, 49.0577257811127], [-122.684157485001, 49.0577340519525], [-122.684079323968, 49.0577238412818], [-122.683996925795, 49.0576964833419], [-122.683947139963, 49.0576663576683], [-122.683914971409, 49.0575991520066], [-122.683930761837, 49.0575078005038], [-122.683985463625, 49.0574479715918], [-122.684057423009, 49.0574081833974], [-122.684183504651, 49.0573999602139], [-122.684276894171, 49.0574073563885], [-122.684348410187, 49.0574375404544], [-122.68439809658, 49.0574833746062], [-122.68441753574, 49.0575019918693], [-122.684433016485, 49.05745919291], [-122.684465917816, 49.0574107294043], [-122.684533547702, 49.0573680729907], [-122.684655310503, 49.0573555529083], [-122.684724860832, 49.0573528868323], [-122.684811651121, 49.0573731164838], [-122.684883149353, 49.0574061571552], [-122.684908926111, 49.0574533524977], [-122.68492162044, 49.0575076536839], [-122.684921214269, 49.057571914056], [-122.685005938356, 49.057575001405], [-122.68509274582, 49.0575923748051], [-122.685159925824, 49.0576211189428], [-122.685201038797, 49.057648364352], [-122.68522882725, 49.0577212698791], [-122.685228466556, 49.0577783906092], [-122.685182465158, 49.0578368162455], [-122.685132299621, 49.0578666678474]]]}, "properties": {"PLAN_AREA": "Campbell Heights", "PLAN_TYPE": "Local Area Plan", "PLAN_YEAR": 2000, "PLAN_STATUS": "Stage 2 Approved (See Surrey 2025 OCP)", "LAND_USE": "Tree Preservation Opportunities"}}, {"type": "Feature", "geometry": {"type": "Polygon", "coordinates": [[[-122.706685833602, 49.0515916504086], [-122.706579055748, 49.0516456446576], [-122.706483426011, 49.0516511136654], [-122.706400899363, 49.0516451915765], [-122.706348838768, 49.0516307786862], [-122.706299044054, 49.0516006635046], [-122.706242387225, 49.0516290801889], [-122.706168382879, 49.0516517405047], [-122.706081452066, 49.0516558028324], [-122.705994622281, 49.051642729724], [-122.7059122389, 49.0516125304531], [-122.705862563779, 49.0515624227718], [-122.705843295829, 49.0515138201677], [-122.705854454543, 49.0514638666178], [-122.705854589337, 49.0514410182569], [-122.70577397382, 49.0514793704046], [-122.705684895246, 49.0514791432759], [-122.70557418449, 49.0514631519605], [-122.705513502649, 49.0514372923464], [-122.705457317976, 49.0513857393847], [-122.705440164745, 49.0513471379672], [-122.705442800685, 49.0512686027208], [-122.705497572404, 49.0511916281179], [-122.705582531532, 49.0511532872423], [-122.705699979295, 49.051132166584], [-122.705834514375, 49.0511610704543], [-122.705888618544, 49.0511969089976], [-122.705931734034, 49.0512541406274], [-122.705962521282, 49.0511913851299], [-122.706001897874, 49.0511457880336], [-122.706084701438, 49.0511045861085], [-122.706193399517, 49.0510934385241], [-122.706308481491, 49.0511051557885], [-122.706390806783, 49.0511453504907], [-122.706436052704, 49.0512097271228], [-122.706435682756, 49.0512725601208], [-122.706435455739, 49.0513111171826], [-122.706515835118, 49.0513127492052], [-122.706613476485, 49.051334418571], [-122.70668061013, 49.0513717183567], [-122.706710783302, 49.0514132087649], [-122.706736586068, 49.0514589717418], [-122.706738438841, 49.0515132421218], [-122.706729487923, 49.0515574882909], [-122.706685833602, 49.0515916504086]]]}, "properties": {"PLAN_AREA": "Campbell Heights", "PLAN_TYPE": "Local Area Plan", "PLAN_YEAR": 2000, "PLAN_STATUS": "Stage 2 Approved (See Surrey 2025 OCP)", "LAND_USE": "Tree Preservation Opportunities"}}, {"type": "Feature", "geometry": {"type": "Polygon", "coordinates": [[[-122.706568971537, 49.049913398281], [-122.706462195791, 49.0499673924408], [-122.706366569261, 49.0499728613596], [-122.706284045404, 49.0499669391907], [-122.706231986593, 49.0499525262469], [-122.706182194995, 49.0499224101135], [-122.706125540011, 49.0499508267522], [-122.706051538107, 49.0499734870044], [-122.705964610206, 49.0499775501505], [-122.705877783378, 49.0499644760564], [-122.705795402831, 49.0499342775983], [-122.705745728129, 49.0498841689525], [-122.705726462302, 49.0498355663196], [-122.705737619377, 49.049785613662], [-122.705737754216, 49.0497627652947], [-122.705657141335, 49.0498011164775], [-122.70556806576, 49.0498008892643], [-122.70545735876, 49.049784898739], [-122.705396679019, 49.0497590390599], [-122.70534049635, 49.0497074860303], [-122.705323343781, 49.0496688845854], [-122.70532597981, 49.0495903484194], [-122.705380749853, 49.0495133738462], [-122.7054657062, 49.0494750339396], [-122.705583150061, 49.049453912487], [-122.705717680549, 49.049482816493], [-122.705771784182, 49.0495186560009], [-122.705814898095, 49.0495758876881], [-122.705845684445, 49.0495131322017], [-122.705885059811, 49.0494675351296], [-122.705967860682, 49.0494263323716], [-122.706076555127, 49.049415184887], [-122.706191631833, 49.0494269022604], [-122.706273954266, 49.0494670970522], [-122.706319199886, 49.0495314746487], [-122.706318829812, 49.0495943076643], [-122.706318602724, 49.0496328638375], [-122.70639897802, 49.0496344968328], [-122.706496617426, 49.0496561654013], [-122.706563747361, 49.0496934652579], [-122.706593919426, 49.0497349557066], [-122.706619721223, 49.0497807187212], [-122.706621575183, 49.049834989122], [-122.706612624464, 49.0498792361949], [-122.706568971537, 49.049913398281]]]}, "properties": {"PLAN_AREA": "Campbell Heights", "PLAN_TYPE": "Local Area Plan", "PLAN_YEAR": 2000, "PLAN_STATUS": "Stage 2 Approved (See Surrey 2025 OCP)", "LAND_USE": "Tree Preservation Opportunities"}}, {"type": "Feature", "geometry": {"type": "Polygon", "coordinates": [[[-122.704718133704, 49.0490816001643], [-122.704611359115, 49.0491355926226], [-122.704515733985, 49.0491410600113], [-122.704433211729, 49.0491351365212], [-122.704381154325, 49.0491207227432], [-122.704331364677, 49.0490906058107], [-122.704274709589, 49.0491190215447], [-122.704200708085, 49.0491416806141], [-122.70411378149, 49.0491457423693], [-122.704026956601, 49.0491326668847], [-122.703944578553, 49.0491024671059], [-122.70389490654, 49.0490523576614], [-122.703875642836, 49.0490037547167], [-122.703886801574, 49.048953802234], [-122.703886937258, 49.0489309538673], [-122.703806324306, 49.0489693037627], [-122.703717250232, 49.0489690751239], [-122.703606545679, 49.0489530828256], [-122.703545867912, 49.0489272221735], [-122.703489688095, 49.0488756682409], [-122.703472537243, 49.0488370665187], [-122.703475176136, 49.0487585303892], [-122.703529948114, 49.048681556687], [-122.703614904458, 49.0486432181373], [-122.703732347133, 49.0486220985627], [-122.703866874296, 49.048651004724], [-122.703920975695, 49.0486868451004], [-122.703964086766, 49.0487440774817], [-122.703994874925, 49.0486813224835], [-122.70403425132, 49.0486357260382], [-122.704117052331, 49.0485945246024], [-122.704225745368, 49.0485833788566], [-122.704340819711, 49.0485950980726], [-122.704423139276, 49.0486352941848], [-122.704468380385, 49.0486996725066], [-122.70446800799, 49.0487625055209], [-122.704467779477, 49.0488010616932], [-122.704548154735, 49.0488026959786], [-122.704645790334, 49.0488243661078], [-122.704712919131, 49.048861667045], [-122.704743089154, 49.0489031579797], [-122.704768888823, 49.0489489214105], [-122.704770739373, 49.0490031918415], [-122.704761787166, 49.0490474387743], [-122.704718133704, 49.0490816001643]]]}, "properties": {"PLAN_AREA": "Campbell Heights", "PLAN_TYPE": "Local Area Plan", "PLAN_YEAR": 2000, "PLAN_STATUS": "Stage 2 Approved (See Surrey 2025 OCP)", "LAND_USE": "Tree Preservation Opportunities"}}, {"type": "Feature", "geometry": {"type": "Polygon", "coordinates": [[[-122.706381889097, 49.057001196162], [-122.70638109028, 49.0571516886824], [-122.706202493135, 49.0574395944372], [-122.706199062935, 49.0574407659206], [-122.705405956948, 49.0574392075271], [-122.705405351368, 49.0569823348971], [-122.705864140524, 49.0570571785487], [-122.706131001227, 49.0570647867073], [-122.706381889097, 49.057001196162]]]}, "properties": {"PLAN_AREA": "Campbell Heights", "PLAN_TYPE": "Local Area Plan", "PLAN_YEAR": 2000, "PLAN_STATUS": "Stage 2 Approved (See Surrey 2025 OCP)", "LAND_USE": "Business Park"}}, {"type": "Feature", "geometry": {"type": "Polygon", "coordinates": [[[-122.706181302942, 49.0574665748008], [-122.706201570496, 49.0574407705048], [-122.706199062935, 49.0574407659206], [-122.706202493135, 49.0574395944372], [-122.70638109028, 49.0571516886824], [-122.706381889097, 49.057001196162], [-122.706384356813, 49.0565359852598], [-122.706677486618, 49.0565365983802], [-122.706746851079, 49.0565367440627], [-122.706747924839, 49.0571250643909], [-122.706748499928, 49.0574407662575], [-122.70622767632, 49.0583123305436], [-122.705940407272, 49.0589325531331], [-122.705936523711, 49.0589411789579], [-122.705319553546, 49.0591822043001], [-122.705319832193, 49.059945218434], [-122.705115061579, 49.0599445910846], [-122.705113144893, 49.0599437181179], [-122.70511427994, 49.0591053969242], [-122.705116258821, 49.0590485501606], [-122.705700081518, 49.0588570922722], [-122.705974999632, 49.0583118463372], [-122.705830791086, 49.0583112395885], [-122.706073754671, 49.0579600600225], [-122.706181605394, 49.0576711711076], [-122.706181302942, 49.0574665748008]]]}, "properties": {"PLAN_AREA": "Campbell Heights", "PLAN_TYPE": "Local Area Plan", "PLAN_YEAR": 2000, "PLAN_STATUS": "Stage 2 Approved (See Surrey 2025 OCP)", "LAND_USE": "Open Space Corridors/Buffers"}}, {"type": "Feature", "geometry": {"type": "Polygon", "coordinates": [[[-122.705405351368, 49.0569823348971], [-122.705405956948, 49.0574392075271], [-122.703831265989, 49.0574361003565], [-122.702796648931, 49.0574340470606], [-122.702789963085, 49.0571012936603], [-122.702989248493, 49.057078689029], [-122.703284212328, 49.057124693509], [-122.703728571623, 49.057044518921], [-122.704041085359, 49.0571086466607], [-122.704351872974, 49.0571175391887], [-122.704543935433, 49.0571359312533], [-122.704899639358, 49.0571413390633], [-122.705121572258, 49.0570850553648], [-122.705405351368, 49.0569823348971]]]}, "properties": {"PLAN_AREA": "Campbell Heights", "PLAN_TYPE": "Local Area Plan", "PLAN_YEAR": 2000, "PLAN_STATUS": "Stage 2 Approved (See Surrey 2025 OCP)", "LAND_USE": "Business Park"}}, {"type": "Feature", "geometry": {"type": "Polygon", "coordinates": [[[-122.706765562143, 49.056178582699], [-122.706384356813, 49.0565359852598], [-122.706381889097, 49.057001196162], [-122.706131001227, 49.0570647867073], [-122.705864140524, 49.0570571785487], [-122.70540537053, 49.056982334946], [-122.705121572258, 49.0570850553648], [-122.704899639358, 49.0571413390633], [-122.704543935433, 49.0571359312533], [-122.704351872974, 49.0571175391887], [-122.704041085359, 49.0571086466607], [-122.703728571623, 49.057044518921], [-122.703284212328, 49.057124693509], [-122.702989248493, 49.057078689029], [-122.702789963085, 49.0571012936603], [-122.702782898274, 49.0555729097757], [-122.70278680396, 49.0546154418462], [-122.704263907752, 49.0546177124049], [-122.70443727168, 49.0546895559691], [-122.705001164066, 49.0549228067395], [-122.705245584502, 49.0549972819712], [-122.705564615048, 49.0549526651907], [-122.705865271979, 49.0549601757789], [-122.706085255748, 49.0549540777014], [-122.706313325824, 49.0549461098172], [-122.70666680065, 49.0549325223171], [-122.706703981246, 49.055127280451], [-122.706735310274, 49.0552930580368], [-122.706772473939, 49.0554907846234], [-122.706780847515, 49.0555799508632], [-122.706790524121, 49.0557266010518], [-122.70679591027, 49.0558350092659], [-122.706765562143, 49.056178582699]]]}, "properties": {"PLAN_AREA": "Campbell Heights", "PLAN_TYPE": "Local Area Plan", "PLAN_YEAR": 2000, "PLAN_STATUS": "Stage 2 Approved (See Surrey 2025 OCP)", "LAND_USE": "Business Park"}}, {"type": "Feature", "geometry": {"type": "Polygon", "coordinates": [[[-122.696730564527, 49.0527230494839], [-122.696682685315, 49.0527417252643], [-122.693412453855, 49.0527415959365], [-122.693405548248, 49.0519941353009], [-122.693397813063, 49.0511365649745], [-122.696720870939, 49.0511425790762], [-122.696721688801, 49.0511431209586], [-122.696730564527, 49.0527230494839]]]}, "properties": {"PLAN_AREA": "Campbell Heights", "PLAN_TYPE": "Local Area Plan", "PLAN_YEAR": 2000, "PLAN_STATUS": "Stage 2 Approved (See Surrey 2025 OCP)", "LAND_USE": "Technology Park or Business Park"}}, {"type": "Feature", "geometry": {"type": "Polygon", "coordinates": [[[-122.696720734912, 49.0509622160502], [-122.696719910486, 49.050962753617], [-122.69575164254, 49.0509610390003], [-122.694741770136, 49.0509592062248], [-122.693422867431, 49.0509568103875], [-122.691736222858, 49.0509536885868], [-122.691719164141, 49.0494592013264], [-122.691747921564, 49.0494341796336], [-122.696664595933, 49.0494346024274], [-122.696712243265, 49.0494535274652], [-122.696720734912, 49.0509622160502]]]}, "properties": {"PLAN_AREA": "Campbell Heights", "PLAN_TYPE": "Local Area Plan", "PLAN_YEAR": 2000, "PLAN_STATUS": "Stage 2 Approved (See Surrey 2025 OCP)", "LAND_USE": "Technology Park or Business Park"}}, {"type": "Feature", "geometry": {"type": "Polygon", "coordinates": [[[-122.706994194811, 49.0468739270979], [-122.706887426045, 49.046927921693], [-122.706791805391, 49.0469333909783], [-122.70670928651, 49.0469274691199], [-122.706657230745, 49.0469130563662], [-122.706607441911, 49.0468829413051], [-122.706550790629, 49.0469113581747], [-122.706476793434, 49.0469340187206], [-122.70638987087, 49.0469380812998], [-122.706303049213, 49.0469250084283], [-122.706220673426, 49.0468948093674], [-122.706171001305, 49.0468447017827], [-122.706151736224, 49.0467960991966], [-122.706162892185, 49.0467461455698], [-122.706163026815, 49.0467232971895], [-122.706082419177, 49.0467616495993], [-122.705993349029, 49.0467614227246], [-122.705882648639, 49.046745431712], [-122.705821972368, 49.0467195722496], [-122.705765792669, 49.0466680194054], [-122.705748640806, 49.0466294180047], [-122.705751275977, 49.0465508826854], [-122.705806042006, 49.046473907862], [-122.705890992844, 49.0464355667119], [-122.706008429357, 49.0464144457008], [-122.706142951902, 49.0464433492111], [-122.706197052559, 49.0464791876333], [-122.706240164348, 49.0465364191878], [-122.70627094827, 49.0464736635501], [-122.706310320835, 49.0464280663034], [-122.706393116294, 49.0463868641077], [-122.706501804017, 49.0463757162038], [-122.706616873814, 49.0463874331461], [-122.706699191584, 49.0464276276468], [-122.706744435019, 49.0464920042069], [-122.70674406552, 49.0465548372582], [-122.70674383878, 49.0465933943527], [-122.706824209198, 49.0465950261439], [-122.70692184284, 49.0466166952526], [-122.706988969012, 49.0466539948743], [-122.707019139604, 49.0466954852309], [-122.707044940231, 49.0467412481724], [-122.707046794555, 49.0467955185957], [-122.707037844777, 49.0468397648272], [-122.706994194811, 49.0468739270979]]]}, "properties": {"PLAN_AREA": "Campbell Heights", "PLAN_TYPE": "Local Area Plan", "PLAN_YEAR": 2000, "PLAN_STATUS": "Stage 2 Approved (See Surrey 2025 OCP)", "LAND_USE": "Tree Preservation Opportunities"}}, {"type": "Feature", "geometry": {"type": "Polygon", "coordinates": [[[-122.696450268087, 49.0519650364021], [-122.696343478391, 49.052019021154], [-122.696247846854, 49.0520244816767], [-122.696165320837, 49.0520185522703], [-122.696113262834, 49.0520041347689], [-122.696063475319, 49.0519740151884], [-122.696006812254, 49.0520024268335], [-122.695932802732, 49.0520250805742], [-122.695845870469, 49.0520291351891], [-122.695759042755, 49.0520160543849], [-122.695676664991, 49.0519858478207], [-122.695626998439, 49.0519357357533], [-122.6956077417, 49.0518871314669], [-122.695618909381, 49.0518371789269], [-122.695619048867, 49.0518143305889], [-122.695538424906, 49.0518526755676], [-122.695449345748, 49.0518524405375], [-122.695338637492, 49.0518364394095], [-122.695277960531, 49.051810574425], [-122.695221786046, 49.0517590165043], [-122.695204640619, 49.0517204135836], [-122.695207292708, 49.0516418777089], [-122.695262080619, 49.051564908001], [-122.695347048215, 49.0515265755792], [-122.695464501151, 49.0515054644492], [-122.695599031248, 49.0515343802393], [-122.695653129805, 49.0515702244678], [-122.695696233849, 49.0516274598949], [-122.6957270342, 49.0515647071581], [-122.695766420433, 49.0515191135762], [-122.695849233047, 49.051477918116], [-122.695957934184, 49.0514667801786], [-122.696073013198, 49.0514785076419], [-122.696155330821, 49.0515187096273], [-122.696200563839, 49.0515830911417], [-122.696200180987, 49.051645924077], [-122.696199946057, 49.0516844802008], [-122.696280325665, 49.051686120252], [-122.696377963279, 49.0517077973689], [-122.696445089741, 49.0517451030918], [-122.696475254603, 49.0517865970562], [-122.696501048155, 49.0518323623002], [-122.696502889797, 49.0518866328188], [-122.696493929732, 49.0519308781729], [-122.696450268087, 49.0519650364021]]]}, "properties": {"PLAN_AREA": "Campbell Heights", "PLAN_TYPE": "Local Area Plan", "PLAN_YEAR": 2000, "PLAN_STATUS": "Stage 2 Approved (See Surrey 2025 OCP)", "LAND_USE": "Tree Preservation Opportunities"}}, {"type": "Feature", "geometry": {"type": "Polygon", "coordinates": [[[-122.69520516265, 49.0503909034537], [-122.695098373621, 49.0504448870687], [-122.695002744973, 49.050450346567], [-122.694920221713, 49.0504444162741], [-122.694868165714, 49.0504299982112], [-122.694818380527, 49.0503998771904], [-122.694761718548, 49.0504282882341], [-122.694687710804, 49.0504509411861], [-122.694600781184, 49.0504549957691], [-122.694513956545, 49.0504419131311], [-122.69443158213, 49.0504117065763], [-122.694381919767, 49.0503615930691], [-122.694362663474, 49.0503129885616], [-122.694373832037, 49.0502630370298], [-122.694373972087, 49.0502401886882], [-122.694293349728, 49.0502785319112], [-122.694204274761, 49.0502782959293], [-122.694093569029, 49.0502622945062], [-122.694032894629, 49.0502364288653], [-122.6939767232, 49.0501848703305], [-122.693959579273, 49.0501462672173], [-122.693962234597, 49.0500677313571], [-122.694017021317, 49.049990762216], [-122.694101988547, 49.0499524307005], [-122.694219438293, 49.0499313208255], [-122.694353962049, 49.0499602380612], [-122.694408058006, 49.0499960828779], [-122.694451159267, 49.0500533187801], [-122.694481960202, 49.0499905663596], [-122.694521346321, 49.04994497319], [-122.694604157339, 49.0499037786087], [-122.694712855316, 49.0498926418346], [-122.6948279304, 49.0499043705347], [-122.694910244421, 49.0499445734121], [-122.694955475779, 49.0500089554296], [-122.69495509138, 49.0500717883749], [-122.6949548555, 49.0501103445048], [-122.695035231157, 49.0501119854148], [-122.695132866515, 49.0501336635874], [-122.695199988559, 49.050170970035], [-122.695230151442, 49.0502124634327], [-122.695255943043, 49.0502582289636], [-122.695257784648, 49.0503124995177], [-122.695248823762, 49.0503567456852], [-122.69520516265, 49.0503909034537]]]}, "properties": {"PLAN_AREA": "Campbell Heights", "PLAN_TYPE": "Local Area Plan", "PLAN_YEAR": 2000, "PLAN_STATUS": "Stage 2 Approved (See Surrey 2025 OCP)", "LAND_USE": "Tree Preservation Opportunities"}}, {"type": "Feature", "geometry": {"type": "Polygon", "coordinates": [[[-122.693706479815, 49.0485530843336], [-122.693599693116, 49.0486070665838], [-122.693504067835, 49.0486125248487], [-122.693421547799, 49.0486065934888], [-122.69336949552, 49.0485921747536], [-122.693319711697, 49.0485620539781], [-122.693263050961, 49.0485904642977], [-122.693189045272, 49.0486131163], [-122.693102118746, 49.0486171688621], [-122.693015297697, 49.0486040859993], [-122.692932927233, 49.0485738774734], [-122.692883268194, 49.0485237642116], [-122.692864014065, 49.0484751594429], [-122.692875185083, 49.0484252071464], [-122.69287532581, 49.0484023588007], [-122.692794703907, 49.0484407018886], [-122.692705632236, 49.0484404647566], [-122.692594931074, 49.0484244610005], [-122.692534259688, 49.0483985945695], [-122.692478091873, 49.0483470352961], [-122.692460949733, 49.0483084319516], [-122.692463607305, 49.0482298961053], [-122.692518394303, 49.0481529276516], [-122.692603359541, 49.0481145972232], [-122.692720805582, 49.0480934888591], [-122.692855324877, 49.0481224078428], [-122.692909416397, 49.0481582533636], [-122.692952514356, 49.0482154898371], [-122.692983316029, 49.048152737798], [-122.693022702057, 49.0481071451251], [-122.693105511249, 49.0480659516024], [-122.693214205546, 49.0480548162288], [-122.6933292774, 49.0480665464213], [-122.693411585812, 49.0481067503683], [-122.693456813577, 49.0481711329866], [-122.693456427314, 49.0482339659432], [-122.693456190291, 49.0482725220801], [-122.693536562931, 49.0482741640282], [-122.693634194036, 49.0482958434671], [-122.693701312488, 49.048333150791], [-122.693731473012, 49.0483746454885], [-122.693757262293, 49.0484204113642], [-122.693759102208, 49.0484746819562], [-122.693750140336, 49.0485189271199], [-122.693706479815, 49.0485530843336]]]}, "properties": {"PLAN_AREA": "Campbell Heights", "PLAN_TYPE": "Local Area Plan", "PLAN_YEAR": 2000, "PLAN_STATUS": "Stage 2 Approved (See Surrey 2025 OCP)", "LAND_USE": "Tree Preservation Opportunities"}}, {"type": "Feature", "geometry": {"type": "Polygon", "coordinates": [[[-122.695412941633, 49.0472009550752], [-122.695306161044, 49.0472549389301], [-122.695210538537, 49.0472603986157], [-122.695128020529, 49.0472544684787], [-122.695075967794, 49.047240050508], [-122.695026185652, 49.0472099304658], [-122.694969527425, 49.0472383416348], [-122.694895524515, 49.0472609947422], [-122.694808600479, 49.0472650485956], [-122.694721781329, 49.0472519670173], [-122.694639412055, 49.0472217597047], [-122.69458975127, 49.047171647161], [-122.694570497361, 49.0471230426668], [-122.694581664992, 49.0470730901859], [-122.69458180493, 49.0470502418311], [-122.694501187894, 49.0470885861307], [-122.694412117255, 49.0470883503169], [-122.694301419906, 49.0470723482024], [-122.694240749272, 49.047046482664], [-122.694184581205, 49.0469949242085], [-122.694167438203, 49.0469563211067], [-122.694170091637, 49.0468777851935], [-122.694224875878, 49.0468008159069], [-122.694309836134, 49.0467624842023], [-122.694427278273, 49.0467413740889], [-122.694561794923, 49.0467702910851], [-122.69461588758, 49.0468061358177], [-122.694658986339, 49.0468633716689], [-122.694689785024, 49.0468006191537], [-122.69472916842, 49.0467550258824], [-122.694811973958, 49.0467138311183], [-122.694920664933, 49.0467026941283], [-122.695035732709, 49.0467144226131], [-122.695118041644, 49.0467546253543], [-122.695163269028, 49.0468190073174], [-122.695162884934, 49.0468818402987], [-122.695162649241, 49.0469203964508], [-122.695243021133, 49.0469220372104], [-122.695340648974, 49.0469437152034], [-122.69540776826, 49.0469810215462], [-122.695437929393, 49.0470225158087], [-122.695463719548, 49.0470682813156], [-122.69546555991, 49.047122551893], [-122.6954565998, 49.0471667972032], [-122.695412941633, 49.0472009550752]]]}, "properties": {"PLAN_AREA": "Campbell Heights", "PLAN_TYPE": "Local Area Plan", "PLAN_YEAR": 2000, "PLAN_STATUS": "Stage 2 Approved (See Surrey 2025 OCP)", "LAND_USE": "Tree Preservation Opportunities"}}, {"type": "Feature", "geometry": {"type": "Polygon", "coordinates": [[[-122.693880450308, 49.0446918654625], [-122.693773673452, 49.0447458479304], [-122.693678055596, 49.044751306358], [-122.693595541925, 49.0447453751313], [-122.693543492252, 49.0447309564693], [-122.693493712173, 49.0447008348566], [-122.693437055933, 49.0447292452897], [-122.693363056061, 49.0447518974304], [-122.693276136274, 49.0447559510394], [-122.693189321903, 49.0447428674125], [-122.693106957693, 49.0447126599028], [-122.693057302312, 49.04466254579], [-122.693038049487, 49.0446139410203], [-122.693049219441, 49.044563989571], [-122.693049360069, 49.0445411412094], [-122.69296874593, 49.0445794835616], [-122.692879679785, 49.044579246574], [-122.692768988495, 49.0445632438944], [-122.692708321706, 49.0445373775468], [-122.692652158041, 49.0444858183319], [-122.692635017085, 49.0444472140902], [-122.692637672775, 49.0443686790821], [-122.692692456604, 49.0442917104886], [-122.692777413753, 49.0442533789896], [-122.692894850615, 49.0442322713153], [-122.693029359607, 49.0442611900949], [-122.693083447083, 49.0442970346505], [-122.693126541926, 49.0443542710911], [-122.693157340973, 49.0442915189582], [-122.693196723776, 49.0442459261888], [-122.693279526393, 49.0442047333999], [-122.693388212232, 49.0441935978381], [-122.693503275223, 49.0442053278472], [-122.693585578786, 49.0442455316882], [-122.693630801934, 49.0443099133718], [-122.693630415943, 49.0443727463716], [-122.693630179081, 49.0444113034346], [-122.69371054688, 49.0444129443544], [-122.693808169136, 49.0444346245415], [-122.693875283903, 49.0444719317828], [-122.693905442258, 49.0445134255588], [-122.693931229718, 49.0445591914227], [-122.693933068331, 49.0446134620448], [-122.693924107318, 49.044657708153], [-122.693880450308, 49.0446918654625]]]}, "properties": {"PLAN_AREA": "Campbell Heights", "PLAN_TYPE": "Local Area Plan", "PLAN_YEAR": 2000, "PLAN_STATUS": "Stage 2 Approved (See Surrey 2025 OCP)", "LAND_USE": "Tree Preservation Opportunities"}}, {"type": "Feature", "geometry": {"type": "Polygon", "coordinates": [[[-122.696054456271, 49.0444239026238], [-122.695947682334, 49.0444778871115], [-122.695852065221, 49.0444833473421], [-122.695769551728, 49.0444774176698], [-122.695717501702, 49.044462999987], [-122.69566772194, 49.0444328793121], [-122.695611067239, 49.0444612908168], [-122.695537068746, 49.0444839443554], [-122.695450149595, 49.0444879996032], [-122.695363335112, 49.0444749176109], [-122.69528097002, 49.0444447116496], [-122.695231311347, 49.0443945984624], [-122.695212057872, 49.0443459940527], [-122.695223224221, 49.0442960423825], [-122.695223363851, 49.0442731940153], [-122.695142751811, 49.0443115378921], [-122.695053686127, 49.0443113025832], [-122.694942994723, 49.0442953019878], [-122.694882327126, 49.0442694367802], [-122.694826161509, 49.0442178786171], [-122.69480901896, 49.0441792746932], [-122.694811671211, 49.0441007396245], [-122.694866451393, 49.0440237699882], [-122.694951406422, 49.0439854368828], [-122.695068841742, 49.0439643269922], [-122.695203351285, 49.0439932432404], [-122.695257441407, 49.044029086785], [-122.695300538518, 49.044086322421], [-122.695331334665, 49.0440235696992], [-122.695370715271, 49.0439779761814], [-122.695453515654, 49.0439367818264], [-122.695562200433, 49.0439256442145], [-122.695677261959, 49.0439373720528], [-122.695759566841, 49.0439775743479], [-122.695804792558, 49.0440419551877], [-122.695804409309, 49.0441047882032], [-122.69580417413, 49.0441433452757], [-122.695884541575, 49.044144984681], [-122.695982164261, 49.044166663031], [-122.696049280301, 49.0442039690122], [-122.696079440306, 49.0442454622253], [-122.696105229626, 49.0442912276093], [-122.696107070596, 49.0443454982039], [-122.69609811156, 49.0443897444869], [-122.696054456271, 49.0444239026238]]]}, "properties": {"PLAN_AREA": "Campbell Heights", "PLAN_TYPE": "Local Area Plan", "PLAN_YEAR": 2000, "PLAN_STATUS": "Stage 2 Approved (See Surrey 2025 OCP)", "LAND_USE": "Tree Preservation Opportunities"}}, {"type": "Feature", "geometry": {"type": "Polygon", "coordinates": [[[-122.691869577685, 49.0622032104078], [-122.691852368032, 49.0603238371015], [-122.691934049713, 49.0602700774108], [-122.696798682342, 49.0602798172863], [-122.696866831389, 49.060324911027], [-122.696866240236, 49.0604248139417], [-122.695696083677, 49.0604267199981], [-122.69194308841, 49.0604363787072], [-122.691954488628, 49.0615601337413], [-122.69219032669, 49.061762532876], [-122.69199629302, 49.0622304272973], [-122.691910878568, 49.0622302694934], [-122.691869577685, 49.0622032104078]]]}, "properties": {"PLAN_AREA": "Campbell Heights", "PLAN_TYPE": "Local Area Plan", "PLAN_YEAR": 2000, "PLAN_STATUS": "Stage 2 Approved (See Surrey 2025 OCP)", "LAND_USE": "Landscaping Strips"}}, {"type": "Feature", "geometry": {"type": "Polygon", "coordinates": [[[-122.696866228775, 49.0604266984772], [-122.696855661702, 49.0622131945695], [-122.69681581356, 49.0622391994478], [-122.69199629302, 49.0622304272973], [-122.69219032669, 49.061762532876], [-122.691954488628, 49.0615601337413], [-122.69194308841, 49.0604363787072], [-122.696866228775, 49.0604266984772]]]}, "properties": {"PLAN_AREA": "Campbell Heights", "PLAN_TYPE": "Local Area Plan", "PLAN_YEAR": 2000, "PLAN_STATUS": "Stage 2 Approved (See Surrey 2025 OCP)", "LAND_USE": "Business Park"}}, {"type": "Feature", "geometry": {"type": "Polygon", "coordinates": [[[-122.691968727752, 49.0624102258031], [-122.696813387713, 49.0624199242075], [-122.696854278053, 49.0624469822419], [-122.696842937721, 49.0643640008723], [-122.696801724294, 49.0643911418853], [-122.691982659375, 49.0644103142286], [-122.691980430483, 49.0641837620422], [-122.692065800012, 49.0638155300294], [-122.691968727752, 49.0624102258031]]]}, "properties": {"PLAN_AREA": "Campbell Heights", "PLAN_TYPE": "Local Area Plan", "PLAN_YEAR": 2000, "PLAN_STATUS": "Stage 2 Approved (See Surrey 2025 OCP)", "LAND_USE": "Business Park"}}, {"type": "Feature", "geometry": {"type": "Polygon", "coordinates": [[[-122.691889548233, 49.0643837069913], [-122.691871637514, 49.0624280134909], [-122.691912523843, 49.0624101117722], [-122.691968727752, 49.0624102258031], [-122.692066303117, 49.0638227277999], [-122.691980430483, 49.0641837620422], [-122.691982659375, 49.0644103142286], [-122.691930846976, 49.064410519575], [-122.691889548233, 49.0643837069913]]]}, "properties": {"PLAN_AREA": "Campbell Heights", "PLAN_TYPE": "Local Area Plan", "PLAN_YEAR": 2000, "PLAN_STATUS": "Stage 2 Approved (See Surrey 2025 OCP)", "LAND_USE": "Landscaping Strips"}}, {"type": "Feature", "geometry": {"type": "Polygon", "coordinates": [[[-122.706597491063, 49.0458501050896], [-122.707966477666, 49.0458512583001], [-122.707967539196, 49.0458513248547], [-122.707975462059, 49.0493045752812], [-122.707426034829, 49.049303498589], [-122.707424217707, 49.0485379514179], [-122.707287419507, 49.0485377664584], [-122.707284059194, 49.0471201865656], [-122.707215662724, 49.0471200940285], [-122.707214703474, 49.0467154560205], [-122.707419893964, 49.0467157326162], [-122.707418053031, 49.045940717212], [-122.706825622923, 49.0459402185687], [-122.706597315089, 49.0459400242751], [-122.706597436652, 49.0458774955367], [-122.706597491063, 49.0458501050896]]]}, "properties": {"PLAN_AREA": "Campbell Heights", "PLAN_TYPE": "Local Area Plan", "PLAN_YEAR": 2000, "PLAN_STATUS": "Stage 2 Approved (See Surrey 2025 OCP)", "LAND_USE": "Open Space Corridors/Buffers"}}]}