{"type": "FeatureCollection", "features": [{"type": "Feature", "geometry": {"type": "Polygon", "coordinates": [[[-122.845858413159, 49.1806634760454], [-122.847400953419, 49.1806572632451], [-122.847381540641, 49.1810327938655], [-122.847130155714, 49.1810336289807], [-122.846858463219, 49.1810347064822], [-122.846861755019, 49.1814127273215], [-122.846861901901, 49.1814296072669], [-122.846074871796, 49.1814329668994], [-122.846038156069, 49.1814377210745], [-122.846001611484, 49.181443011671], [-122.845965256276, 49.1814488360489], [-122.845941636867, 49.1814528056699], [-122.845865628863, 49.1814655783795], [-122.845827501972, 49.1814719852408], [-122.845828273072, 49.18143401875], [-122.845836992552, 49.181004433746], [-122.845841722001, 49.180771317771], [-122.845843684225, 49.1806745602319], [-122.845843773338, 49.1806728179537], [-122.845858413159, 49.1806634760454]]]}, "properties": {"PLAN_AREA": "City Centre", "PLAN_TYPE": "City Centre Plan", "PLAN_YEAR": 2025, "PLAN_STATUS": "Stage 2 Approved (See Surrey 2050 OCP)", "LAND_USE": "High Rise"}}, {"type": "Feature", "geometry": {"type": "Polygon", "coordinates": [[[-122.84326926974, 49.181362135929], [-122.843269173682, 49.1813621375977], [-122.843269118789, 49.1813621393222], [-122.843269036453, 49.1813621410096], [-122.843268967839, 49.1813621427155], [-122.843268899227, 49.1813621435219], [-122.843268844337, 49.181362144347], [-122.843268789444, 49.1813621460716], [-122.843267964703, 49.181362164742], [-122.843266287291, 49.1813606179661], [-122.843266255821, 49.1813605891383], [-122.843266224355, 49.181360559411], [-122.843266177837, 49.1813605161702], [-122.843266114899, 49.1813604585146], [-122.84326608343, 49.1813604296868], [-122.843266043753, 49.1813603927521], [-122.843265990397, 49.1813603423058], [-122.843265857685, 49.1813602188896], [-122.843265818006, 49.1813601828544], [-122.843241298504, 49.1813351221316], [-122.843220199995, 49.1813087572845], [-122.843202682667, 49.1812812884908], [-122.843188879515, 49.1812529243096], [-122.843178895333, 49.1812238800977], [-122.843172805921, 49.181194376375], [-122.843170657505, 49.1811646371498], [-122.843170657616, 49.1811646020682], [-122.84317065773, 49.181164566087], [-122.843170656469, 49.1811645310034], [-122.843170655551, 49.181162650077], [-122.843171753813, 49.1808150851889], [-122.843240033393, 49.1807649731055], [-122.843321775069, 49.1807587890919], [-122.843433802123, 49.1807509619095], [-122.843545948701, 49.1807439086579], [-122.843658202362, 49.1807376301195], [-122.843677749355, 49.1807366050244], [-122.843740758913, 49.1807335391385], [-122.843803818144, 49.1807309491103], [-122.843866918686, 49.1807288352833], [-122.843938101031, 49.1807270232063], [-122.844009313261, 49.1807258171166], [-122.844080543375, 49.1807252172175], [-122.844330075009, 49.18072417935], [-122.845115471833, 49.1807209058811], [-122.845183140818, 49.1807655739138], [-122.84517840828, 49.1809986889594], [-122.845167523474, 49.1815346543711], [-122.845100401627, 49.1815913321379], [-122.845091178498, 49.1815928561705], [-122.845090783104, 49.1815929213062], [-122.84509051951, 49.1815929641302], [-122.845090255913, 49.1815930078538], [-122.845089990947, 49.181593050676], [-122.845089727353, 49.1815930935001], [-122.845089200162, 49.1815931800477], [-122.845088936568, 49.1815932228717], [-122.845088672973, 49.1815932656958], [-122.845088541176, 49.1815932871078], [-122.845087882188, 49.1815933950674], [-122.84489127745, 49.1816195029407], [-122.84469195581, 49.1816343139607], [-122.844491424867, 49.1816377161024], [-122.844291201365, 49.1816296836333], [-122.844092799726, 49.1816102773083], [-122.843897720586, 49.18157964391], [-122.843707439444, 49.1815380151381], [-122.843523395499, 49.1814857058565], [-122.843522784119, 49.1814855107288], [-122.843522416741, 49.1814853941912], [-122.843522172739, 49.1814853156012], [-122.843521928735, 49.1814852379107], [-122.84352168473, 49.1814851602202], [-122.843521440729, 49.1814850816301], [-122.843520951351, 49.1814849253477], [-122.843520707347, 49.1814848476572], [-122.843512165908, 49.1814821015012], [-122.843511873255, 49.1814813508935], [-122.843511859644, 49.1814813157933], [-122.84351184603, 49.1814812815925], [-122.843511817435, 49.1814812113902], [-122.843511803824, 49.1814811762899], [-122.843505373486, 49.1814675183634], [-122.843497100203, 49.1814542936217], [-122.843487050682, 49.18144160869], [-122.843475305947, 49.1814295658409], [-122.843461960693, 49.1814182621705], [-122.843447122517, 49.1814077888148], [-122.843430911054, 49.1813982302156], [-122.843413457008, 49.1813896634394], [-122.843394901105, 49.1813821575557], [-122.843375392952, 49.181375773081], [-122.843355089833, 49.1813705614901], [-122.843334155444, 49.1813665648015], [-122.843312758567, 49.1813638152385], [-122.843291071716, 49.1813623349694], [-122.84326926974, 49.181362135929]]]}, "properties": {"PLAN_AREA": "City Centre", "PLAN_TYPE": "City Centre Plan", "PLAN_YEAR": 2025, "PLAN_STATUS": "Stage 2 Approved (See Surrey 2050 OCP)", "LAND_USE": "High Rise"}}, {"type": "Feature", "geometry": {"type": "Polygon", "coordinates": [[[-122.842617216838, 49.1808180494933], [-122.842774645527, 49.1808042536833], [-122.84284247866, 49.1808432544487], [-122.842841468707, 49.181162202584], [-122.842844223228, 49.1812082091987], [-122.842852759532, 49.1812539099012], [-122.842867019411, 49.181298992967], [-122.842886905613, 49.1813431508836], [-122.842912282507, 49.1813860824485], [-122.842942977012, 49.1814274948229], [-122.84297877977, 49.1814671055302], [-122.84301944658, 49.1815046443823], [-122.843023131577, 49.1815080857406], [-122.84302631005, 49.1815117377201], [-122.843028954198, 49.1815155683799], [-122.843031040896, 49.1815195442164], [-122.843032551892, 49.1815236304563], [-122.843033473971, 49.1815277913607], [-122.843034450687, 49.1815403247117], [-122.843033649314, 49.1815528634066], [-122.843031076765, 49.1815652992747], [-122.84302675523, 49.1815775250323], [-122.843020721992, 49.1815894352084], [-122.843013029096, 49.1816009270542], [-122.843003742909, 49.1816119014299], [-122.842928572707, 49.1816917533747], [-122.84280661905, 49.1818295327404], [-122.842150074957, 49.181579797431], [-122.841821998451, 49.1809610108185], [-122.841898289004, 49.1808820237703], [-122.842023603647, 49.1808708728233], [-122.842617216838, 49.1808180494933]]]}, "properties": {"PLAN_AREA": "City Centre", "PLAN_TYPE": "City Centre Plan", "PLAN_YEAR": 2025, "PLAN_STATUS": "Stage 2 Approved (See Surrey 2050 OCP)", "LAND_USE": "High Rise"}}, {"type": "Feature", "geometry": {"type": "Polygon", "coordinates": [[[-122.848780642261, 49.1816030595774], [-122.848916912043, 49.1816025039071], [-122.848997583713, 49.1823671950177], [-122.848877230987, 49.1823677077461], [-122.848619389127, 49.1823688066161], [-122.848481625401, 49.1823694418336], [-122.848361548355, 49.1823699948653], [-122.848103570626, 49.1823710924053], [-122.847845728736, 49.182372189548], [-122.847587887928, 49.1823733769694], [-122.847330047389, 49.1823744729627], [-122.847210263796, 49.1823750827555], [-122.847206447773, 49.1820474549706], [-122.847211330152, 49.1820474281472], [-122.847206230152, 49.1816095850773], [-122.847411733299, 49.1816087575485], [-122.847685488659, 49.1816076544792], [-122.847959104043, 49.1816065514762], [-122.848232995231, 49.1816054463884], [-122.848352902811, 49.1816049625324], [-122.84836855695, 49.18160489943], [-122.84836916758, 49.1816048975331], [-122.848506941296, 49.181604340723], [-122.848780642261, 49.1816030595774]]]}, "properties": {"PLAN_AREA": "City Centre", "PLAN_TYPE": "City Centre Plan", "PLAN_YEAR": 2025, "PLAN_STATUS": "Stage 2 Approved (See Surrey 2050 OCP)", "LAND_USE": "High Rise"}}, {"type": "Feature", "geometry": {"type": "Polygon", "coordinates": [[[-122.844626886456, 49.182470107156], [-122.843915279209, 49.1821992515398], [-122.84388084213, 49.1822381314112], [-122.843637537999, 49.1821455883626], [-122.843061691738, 49.1819265552256], [-122.843040356022, 49.1819506598197], [-122.842986968966, 49.1819303531391], [-122.843128668804, 49.1817702622882], [-122.84317200438, 49.1817245744572], [-122.843178306462, 49.181718509007], [-122.8431853566, 49.1817128083615], [-122.843193105895, 49.181707512061], [-122.843201500596, 49.1817026568412], [-122.843210482477, 49.1816982763783], [-122.843219989237, 49.1816944010556], [-122.843229954938, 49.1816910577528], [-122.843240310456, 49.1816882696593], [-122.843250983965, 49.1816860561136], [-122.843261901431, 49.181684432469], [-122.843292309785, 49.1816807757512], [-122.843310235492, 49.1816791527635], [-122.843328309762, 49.1816785733404], [-122.843346391503, 49.1816790420052], [-122.843364339565, 49.1816805550992], [-122.843382013842, 49.181683100811], [-122.843399276366, 49.1816866592682], [-122.843415992381, 49.1816912026928], [-122.843560355657, 49.1817320431594], [-122.843708176964, 49.1817671680437], [-122.843858930257, 49.181796452347], [-122.844097366758, 49.1818300891133], [-122.844339525509, 49.1818491339131], [-122.844583332983, 49.1818534236714], [-122.844826701525, 49.1818429216561], [-122.845067547245, 49.1818177177927], [-122.845133599064, 49.1818529664578], [-122.845126894082, 49.1821833372891], [-122.845117833105, 49.182629725882], [-122.845012509724, 49.1826688690151], [-122.844592448377, 49.1825089863367], [-122.844626886456, 49.182470107156]]]}, "properties": {"PLAN_AREA": "City Centre", "PLAN_TYPE": "City Centre Plan", "PLAN_YEAR": 2025, "PLAN_STATUS": "Stage 2 Approved (See Surrey 2050 OCP)", "LAND_USE": "High Rise"}}, {"type": "Feature", "geometry": {"type": "Polygon", "coordinates": [[[-122.846524161663, 49.1816297720416], [-122.847064335438, 49.1816275993255], [-122.847068707879, 49.1820032332886], [-122.847071165643, 49.1822142635352], [-122.847073045976, 49.1823757817813], [-122.84707447702, 49.1824987472182], [-122.84707604295, 49.182633160295], [-122.847078754219, 49.1828661457685], [-122.847010601619, 49.18291144147], [-122.846584465389, 49.1829130755395], [-122.845941229347, 49.1829155394568], [-122.845872487526, 49.1828696308972], [-122.845888093059, 49.1824063370693], [-122.845868012211, 49.1822202885201], [-122.845847269926, 49.1820281141538], [-122.845847092107, 49.1820089349594], [-122.845844424966, 49.1817220889996], [-122.845889387858, 49.1816844540479], [-122.846047019679, 49.1816579643277], [-122.846151485656, 49.1816432850519], [-122.846257398441, 49.1816340831087], [-122.84636409085, 49.1816304164645], [-122.846524161663, 49.1816297720416]]]}, "properties": {"PLAN_AREA": "City Centre", "PLAN_TYPE": "City Centre Plan", "PLAN_YEAR": 2025, "PLAN_STATUS": "Stage 2 Approved (See Surrey 2050 OCP)", "LAND_USE": "High Rise"}}, {"type": "Feature", "geometry": {"type": "Polygon", "coordinates": [[[-122.840380416414, 49.1829571714656], [-122.840426029954, 49.1821755433975], [-122.840426924771, 49.1821601365217], [-122.840460632686, 49.1815796977964], [-122.840461820959, 49.1815592215519], [-122.840476304703, 49.1813098161343], [-122.840603742014, 49.1812790508281], [-122.841597832563, 49.1816539247925], [-122.842009721688, 49.1822208417047], [-122.841291287427, 49.1822122654815], [-122.841123044802, 49.1822102566765], [-122.841076987762, 49.1830018143517], [-122.841074309959, 49.1830478469936], [-122.841200328008, 49.1830493561458], [-122.841421038674, 49.1830520009002], [-122.841419097897, 49.1830852063142], [-122.841821814141, 49.1832119982204], [-122.842021495427, 49.1833502006036], [-122.84201326219, 49.1833553121842], [-122.842087806857, 49.1834068917365], [-122.842276437337, 49.1835374091411], [-122.84268989868, 49.1835395130621], [-122.842712332891, 49.1835834327534], [-122.842881613515, 49.1835854478496], [-122.842925967846, 49.1836559191614], [-122.842951837026, 49.1837002815497], [-122.842969455421, 49.1837345102644], [-122.842973376291, 49.1837428551696], [-122.842997126733, 49.1838004692909], [-122.843015734318, 49.1838603774226], [-122.843028811129, 49.1839230890753], [-122.843034922822, 49.1839765566502], [-122.843034926808, 49.1839765980341], [-122.843036452702, 49.1840308473668], [-122.843035675352, 49.1840822483447], [-122.842966423252, 49.1841263833577], [-122.841699716449, 49.1841112195252], [-122.841192054976, 49.1841050668987], [-122.840315002318, 49.1840945554809], [-122.840352180985, 49.1834585342108], [-122.840357474125, 49.1833679737993], [-122.840361816974, 49.1832771988831], [-122.840380416414, 49.1829571714656]]]}, "properties": {"PLAN_AREA": "City Centre", "PLAN_TYPE": "City Centre Plan", "PLAN_YEAR": 2025, "PLAN_STATUS": "Stage 2 Approved (See Surrey 2050 OCP)", "LAND_USE": "High Rise"}}, {"type": "Feature", "geometry": {"type": "Polygon", "coordinates": [[[-122.841863369052, 49.1990363764715], [-122.841901086144, 49.1990117764584], [-122.842094861871, 49.1990122808168], [-122.842246660273, 49.1990126753507], [-122.842332694511, 49.1990128998715], [-122.842430179485, 49.1990131534435], [-122.842480730455, 49.1990132844641], [-122.842482461378, 49.1990132895233], [-122.842482980927, 49.1990143723677], [-122.842509937159, 49.1990663983645], [-122.842540429684, 49.1991175790525], [-122.842574397049, 49.199167811269], [-122.842605692721, 49.199209361038], [-122.84263936623, 49.1992501046585], [-122.842675369306, 49.1992899837204], [-122.842675436341, 49.1992900548746], [-122.842721024834, 49.1993361245444], [-122.842769746008, 49.1993807960591], [-122.842821500179, 49.1994239780116], [-122.843421355978, 49.1999018104141], [-122.843411886551, 49.1999650345963], [-122.843106458254, 49.2001291317099], [-122.842775575781, 49.2003069013153], [-122.842364509593, 49.1999784296466], [-122.841975364319, 49.1996674688715], [-122.841975330088, 49.1996674418388], [-122.841862778986, 49.1995775029135], [-122.841863369052, 49.1990363764715]]]}, "properties": {"PLAN_AREA": "City Centre", "PLAN_TYPE": "City Centre Plan", "PLAN_YEAR": 2025, "PLAN_STATUS": "Stage 2 Approved (See Surrey 2050 OCP)", "LAND_USE": "Low Rise"}}, {"type": "Feature", "geometry": {"type": "Polygon", "coordinates": [[[-122.841620259295, 49.1994795337243], [-122.841677567385, 49.1994795727147], [-122.841753016848, 49.1995290981423], [-122.84175296613, 49.1995759717304], [-122.841768753031, 49.1995885679019], [-122.841780117943, 49.1995970390617], [-122.841911363997, 49.1997019304732], [-122.84192829557, 49.1997154610029], [-122.842087274322, 49.1998424880392], [-122.842246367491, 49.1999696184559], [-122.842300448889, 49.200012844604], [-122.842404894771, 49.2000958150648], [-122.84271188207, 49.2003411209008], [-122.842498538231, 49.2004557398348], [-122.842285163153, 49.2005703754212], [-122.841978189226, 49.2003253986067], [-122.841819775582, 49.2001989757904], [-122.841660539765, 49.2000719219552], [-122.841501303107, 49.1999449569497], [-122.841342067552, 49.19981790177], [-122.84123510314, 49.1997325548183], [-122.841200224296, 49.1997047239572], [-122.841211000571, 49.1996989466933], [-122.841620259295, 49.1994795337243]]]}, "properties": {"PLAN_AREA": "City Centre", "PLAN_TYPE": "City Centre Plan", "PLAN_YEAR": 2025, "PLAN_STATUS": "Stage 2 Approved (See Surrey 2050 OCP)", "LAND_USE": "Low Rise"}}, {"type": "Feature", "geometry": {"type": "Polygon", "coordinates": [[[-122.838559489845, 49.1990045238195], [-122.838822036944, 49.1990048491204], [-122.838828912077, 49.1993636726399], [-122.838831943079, 49.1995283863874], [-122.838835378219, 49.1997068725127], [-122.838840646534, 49.1999806484978], [-122.838581944008, 49.200119719919], [-122.838323675986, 49.2002581221153], [-122.838110045485, 49.200372613809], [-122.837983622718, 49.2004403736061], [-122.83773582022, 49.2005731562993], [-122.837562001286, 49.2006662832705], [-122.83739343401, 49.2006659552246], [-122.837187261018, 49.2006656629823], [-122.837153516081, 49.1990027731322], [-122.837361149654, 49.1990030324123], [-122.83770460441, 49.1990034615605], [-122.837818099181, 49.1990036029925], [-122.83795537951, 49.1990037740884], [-122.838206021465, 49.1990040858852], [-122.838559489845, 49.1990045238195]]]}, "properties": {"PLAN_AREA": "City Centre", "PLAN_TYPE": "City Centre Plan", "PLAN_YEAR": 2025, "PLAN_STATUS": "Stage 2 Approved (See Surrey 2050 OCP)", "LAND_USE": "Low Rise"}}, {"type": "Feature", "geometry": {"type": "Polygon", "coordinates": [[[-122.834323520234, 49.1997806818796], [-122.834322169675, 49.1997087165665], [-122.83496329503, 49.1997098512307], [-122.835515205627, 49.1997108247346], [-122.835516398688, 49.1997827889093], [-122.83551657022, 49.1997931535491], [-122.835519562928, 49.1999656905409], [-122.835522552612, 49.2001383174763], [-122.835525679881, 49.2003108555488], [-122.835528669604, 49.2004834824737], [-122.835531771978, 49.2006631258941], [-122.834981727749, 49.2006624267981], [-122.834340063598, 49.2006619220393], [-122.83433697761, 49.2004975697335], [-122.834333893008, 49.2003332192241], [-122.834330807055, 49.2001688678083], [-122.834327721383, 49.200004438129], [-122.834324636806, 49.1998400975001], [-122.834323520234, 49.1997806818796]]]}, "properties": {"PLAN_AREA": "City Centre", "PLAN_TYPE": "City Centre Plan", "PLAN_YEAR": 2025, "PLAN_STATUS": "Stage 2 Approved (See Surrey 2050 OCP)", "LAND_USE": "Low Rise"}}, {"type": "Feature", "geometry": {"type": "Polygon", "coordinates": [[[-122.836328091094, 49.1990016747534], [-122.836878949974, 49.1990024216674], [-122.836893535633, 49.1997213231514], [-122.836912694256, 49.2006656336321], [-122.836854509147, 49.2006655505603], [-122.836607559774, 49.2006652005785], [-122.836360473137, 49.2006648489747], [-122.835807822801, 49.2006635204489], [-122.835804718831, 49.2004840569403], [-122.83580172952, 49.2003114300235], [-122.835798601586, 49.2001388029043], [-122.835795610941, 49.1999661759751], [-122.835792742778, 49.1998009235693], [-122.835792617272, 49.1997936389893], [-122.835789623921, 49.1996210120457], [-122.835789491552, 49.1996137274557], [-122.835789468467, 49.199612407811], [-122.835786493026, 49.1994484739548], [-122.835783498341, 49.1992758469987], [-122.835778687262, 49.1990009272811], [-122.83605338643, 49.1990013013401], [-122.836328091094, 49.1990016747534]]]}, "properties": {"PLAN_AREA": "City Centre", "PLAN_TYPE": "City Centre Plan", "PLAN_YEAR": 2025, "PLAN_STATUS": "Stage 2 Approved (See Surrey 2050 OCP)", "LAND_USE": "Low Rise"}}, {"type": "Feature", "geometry": {"type": "Polygon", "coordinates": [[[-122.860791220505, 49.1994118150132], [-122.860796367302, 49.19911031556], [-122.861578651461, 49.1991118656273], [-122.861938910615, 49.1991125783747], [-122.861944410317, 49.1991162478384], [-122.86195802393, 49.1991253313811], [-122.861955455159, 49.1992443713274], [-122.86195254032, 49.1993792435], [-122.861949451663, 49.1995223092879], [-122.861946349283, 49.1996653669599], [-122.861943260587, 49.1998084336399], [-122.861940171874, 49.1999514994168], [-122.86193706941, 49.2000945669726], [-122.861933982028, 49.2002376345429], [-122.861930893276, 49.200380694012], [-122.861927805856, 49.200523761575], [-122.861922135123, 49.2007856018699], [-122.861908128763, 49.2007946523935], [-122.861894231033, 49.200803634681], [-122.861880397936, 49.2008125738665], [-122.86167904575, 49.2008125847753], [-122.861437800939, 49.2008125834632], [-122.861165890065, 49.2008123909703], [-122.860767936571, 49.200812451654], [-122.86077364851, 49.2004887147591], [-122.86077725291, 49.2002800261839], [-122.860781002121, 49.2000686391833], [-122.860783521958, 49.1999044778577], [-122.860786042027, 49.199740227474], [-122.860788563453, 49.1995759761877], [-122.860791220505, 49.1994118150132]]]}, "properties": {"PLAN_AREA": "City Centre", "PLAN_TYPE": "City Centre Plan", "PLAN_YEAR": 2025, "PLAN_STATUS": "Stage 2 Approved (See Surrey 2050 OCP)", "LAND_USE": "Low Rise"}}, {"type": "Feature", "geometry": {"type": "Polygon", "coordinates": [[[-122.859997899789, 49.1992331070209], [-122.860000075222, 49.1991087036365], [-122.86052034052, 49.1991097612691], [-122.860518281018, 49.1992339183314], [-122.860515332348, 49.1994038361503], [-122.860512888054, 49.1995408308454], [-122.860510443743, 49.1996778264368], [-122.860508135569, 49.1998147313366], [-122.860505691229, 49.1999517269213], [-122.860503384143, 49.200088723568], [-122.860500131581, 49.2002695262154], [-122.860498643247, 49.2003599281533], [-122.860497016516, 49.2004502399695], [-122.860493901174, 49.2006310436706], [-122.86049078581, 49.2008118464664], [-122.859970385125, 49.2008115765311], [-122.859886786424, 49.2008115642015], [-122.859909877757, 49.1994879273372], [-122.859993520812, 49.1994879702886], [-122.859994948829, 49.1994032047304], [-122.859997899789, 49.1992331070209]]]}, "properties": {"PLAN_AREA": "City Centre", "PLAN_TYPE": "City Centre Plan", "PLAN_YEAR": 2025, "PLAN_STATUS": "Stage 2 Approved (See Surrey 2050 OCP)", "LAND_USE": "Low Rise"}}, {"type": "Feature", "geometry": {"type": "Polygon", "coordinates": [[[-122.856696657164, 49.199119774248], [-122.856724116731, 49.1991019904062], [-122.857755500936, 49.1991041143804], [-122.857749979793, 49.199430140751], [-122.857747312159, 49.1995944817513], [-122.857744644507, 49.1997588227468], [-122.857741839047, 49.1999233443734], [-122.857739171098, 49.2000877753121], [-122.857736182741, 49.2002686690628], [-122.857733196426, 49.2004488422861], [-122.85772721848, 49.2008105398041], [-122.85743455668, 49.2008101789342], [-122.857158502272, 49.20080974701], [-122.856882447868, 49.2008093153256], [-122.856673545129, 49.200809055384], [-122.856696657164, 49.199119774248]]]}, "properties": {"PLAN_AREA": "City Centre", "PLAN_TYPE": "City Centre Plan", "PLAN_YEAR": 2025, "PLAN_STATUS": "Stage 2 Approved (See Surrey 2050 OCP)", "LAND_USE": "Low Rise"}}, {"type": "Feature", "geometry": {"type": "Polygon", "coordinates": [[[-122.839992868575, 49.1995961816953], [-122.840419832034, 49.199367123944], [-122.840593990565, 49.1995060748118], [-122.840761164548, 49.1996394386922], [-122.840928479155, 49.1997728924739], [-122.84109565602, 49.1999063458204], [-122.841262969681, 49.2000397991095], [-122.841430119869, 49.2001731421856], [-122.841430144515, 49.2001731620091], [-122.841597321333, 49.2003066146192], [-122.841764636323, 49.2004400662736], [-122.84207157034, 49.2006849662367], [-122.841870515885, 49.2007923829732], [-122.841643533621, 49.2009136507682], [-122.84161183137, 49.2009305877401], [-122.841446861266, 49.2010195174831], [-122.841217446365, 49.2011431873418], [-122.840910957647, 49.2008985520024], [-122.84074378206, 49.2007650984144], [-122.840576606288, 49.2006315546277], [-122.8405765214, 49.2006314861462], [-122.840409432497, 49.2004981014509], [-122.840242259608, 49.2003646471305], [-122.840075087909, 49.2002311026132], [-122.839907778176, 49.2000976476124], [-122.839740607986, 49.1999641925594], [-122.839566313847, 49.199824970368], [-122.839992868575, 49.1995961816953]]]}, "properties": {"PLAN_AREA": "City Centre", "PLAN_TYPE": "City Centre Plan", "PLAN_YEAR": 2025, "PLAN_STATUS": "Stage 2 Approved (See Surrey 2050 OCP)", "LAND_USE": "Low Rise"}}, {"type": "Feature", "geometry": {"type": "Polygon", "coordinates": [[[-122.843611531985, 49.2001769799907], [-122.843722838403, 49.2001179406189], [-122.844622940245, 49.2006673200585], [-122.84358658433, 49.20122472052], [-122.843505016233, 49.2011595595702], [-122.843314140254, 49.2010071874519], [-122.843258710832, 49.2009629075064], [-122.843123404092, 49.2008548152036], [-122.842808617303, 49.2006034460286], [-122.843130044712, 49.2004327221139], [-122.843344005752, 49.2003190770425], [-122.843504656703, 49.2002337467471], [-122.843557877809, 49.2002054791275], [-122.84361129686, 49.2001771047071], [-122.843611531985, 49.2001769799907]]]}, "properties": {"PLAN_AREA": "City Centre", "PLAN_TYPE": "City Centre Plan", "PLAN_YEAR": 2025, "PLAN_STATUS": "Stage 2 Approved (See Surrey 2050 OCP)", "LAND_USE": "Low Rise"}}, {"type": "Feature", "geometry": {"type": "Polygon", "coordinates": [[[-122.834346769115, 49.200842821003], [-122.834985100177, 49.2008432400041], [-122.835536242913, 49.2008440306005], [-122.835539628708, 49.2010214255861], [-122.835543016613, 49.2011981908975], [-122.835546403168, 49.2013749562015], [-122.835549790817, 49.2015518123541], [-122.834998237548, 49.201548682459], [-122.834349947691, 49.2015450001468], [-122.834349748998, 49.2015009174615], [-122.834349006768, 49.201336393133], [-122.834348265918, 49.2011718679022], [-122.834347523692, 49.2010073444638], [-122.834346783942, 49.2008433139671], [-122.834346769115, 49.200842821003]]]}, "properties": {"PLAN_AREA": "City Centre", "PLAN_TYPE": "City Centre Plan", "PLAN_YEAR": 2025, "PLAN_STATUS": "Stage 2 Approved (See Surrey 2050 OCP)", "LAND_USE": "Low Rise"}}, {"type": "Feature", "geometry": {"type": "Polygon", "coordinates": [[[-122.861040054935, 49.2009928671909], [-122.86131638709, 49.2009930194124], [-122.861312476007, 49.2013121708613], [-122.861310185845, 49.2014929755472], [-122.861308034061, 49.2016738703466], [-122.860755366181, 49.2016731136362], [-122.860757384078, 49.2014922195845], [-122.860759400588, 49.2013113246259], [-122.860762764624, 49.2009927131531], [-122.861040054935, 49.2009928671909]]]}, "properties": {"PLAN_AREA": "City Centre", "PLAN_TYPE": "City Centre Plan", "PLAN_YEAR": 2025, "PLAN_STATUS": "Stage 2 Approved (See Surrey 2050 OCP)", "LAND_USE": "Low Rise"}}, {"type": "Feature", "geometry": {"type": "Polygon", "coordinates": [[[-122.84248834133, 49.2007752887314], [-122.842593721505, 49.2007184597143], [-122.84289731229, 49.200960630933], [-122.843069588328, 49.2010980516595], [-122.843241873534, 49.2012354793342], [-122.843370578006, 49.2013381428654], [-122.843050528426, 49.2015095682319], [-122.843050488549, 49.2015095897664], [-122.842730327236, 49.2016817858867], [-122.842607359273, 49.2015836424104], [-122.84244072036, 49.2014506408939], [-122.842273900224, 49.2013174949612], [-122.841953234883, 49.2010615530271], [-122.842105342086, 49.2009802869707], [-122.842274791051, 49.2008897558415], [-122.842413637534, 49.2008155748619], [-122.84248834133, 49.2007752887314]]]}, "properties": {"PLAN_AREA": "City Centre", "PLAN_TYPE": "City Centre Plan", "PLAN_YEAR": 2025, "PLAN_STATUS": "Stage 2 Approved (See Surrey 2050 OCP)", "LAND_USE": "Low Rise"}}, {"type": "Feature", "geometry": {"type": "Polygon", "coordinates": [[[-122.842955781666, 49.1990203189363], [-122.842956706319, 49.199010080832], [-122.843027104955, 49.1990092787988], [-122.84339825357, 49.1990101019564], [-122.843732919585, 49.1990108430837], [-122.844151006414, 49.1990117677976], [-122.844151003605, 49.1990126619276], [-122.844201702948, 49.1990118802708], [-122.844740794099, 49.1990130703559], [-122.844790700087, 49.1990749981775], [-122.844883954535, 49.1991907140868], [-122.84475030458, 49.1992624070418], [-122.844698191309, 49.1992903123945], [-122.844600428247, 49.1993427135078], [-122.844402701268, 49.1994487718634], [-122.844079021843, 49.1996223046406], [-122.843917181967, 49.1997090706872], [-122.843842254844, 49.1997492306126], [-122.843804017103, 49.1997697259928], [-122.84378742467, 49.1997686394079], [-122.84373937746, 49.1997303668398], [-122.843493475225, 49.1995344884681], [-122.84348937434, 49.199531221212], [-122.843467313082, 49.1995136477636], [-122.843445509256, 49.1994962797528], [-122.843441150958, 49.1994928079526], [-122.843312754636, 49.1993905298828], [-122.843176031183, 49.1992816180151], [-122.843139522037, 49.1992525360755], [-122.843124139881, 49.1992400684831], [-122.843109083061, 49.199227431496], [-122.84309435592, 49.1992146287596], [-122.843083705326, 49.1992050801614], [-122.843068083226, 49.1991906040322], [-122.843052878774, 49.1991759381856], [-122.843038097334, 49.1991610877952], [-122.843031668192, 49.1991544324235], [-122.843026472078, 49.1991489634095], [-122.843025876965, 49.1991483311299], [-122.843025808556, 49.199148259974], [-122.843023419915, 49.1991457164521], [-122.842998194023, 49.1991176996215], [-122.842974440545, 49.199089135441], [-122.842952187101, 49.1990600571278], [-122.842955781666, 49.1990203189363]]]}, "properties": {"PLAN_AREA": "City Centre", "PLAN_TYPE": "City Centre Plan", "PLAN_YEAR": 2025, "PLAN_STATUS": "Stage 2 Approved (See Surrey 2050 OCP)", "LAND_USE": "Mid Rise"}}, {"type": "Feature", "geometry": {"type": "Polygon", "coordinates": [[[-122.845248947514, 49.1992792695766], [-122.845419592275, 49.1991854071486], [-122.845507810434, 49.1992439056421], [-122.845566714354, 49.1992828450538], [-122.845643152212, 49.1993335008722], [-122.8457254807, 49.1993880333904], [-122.84585972708, 49.1994769963299], [-122.846153974999, 49.1996719598774], [-122.846230551043, 49.1997227063399], [-122.846271647138, 49.1997500168311], [-122.846448361946, 49.1998671018594], [-122.84659562478, 49.1999647185344], [-122.846742750925, 49.2000623348385], [-122.84692810377, 49.2001851587994], [-122.846370998155, 49.2005482604363], [-122.846185532426, 49.2004255478802], [-122.844808474065, 49.1995143916604], [-122.845212451604, 49.1992974604614], [-122.845248947514, 49.1992792695766]]]}, "properties": {"PLAN_AREA": "City Centre", "PLAN_TYPE": "City Centre Plan", "PLAN_YEAR": 2025, "PLAN_STATUS": "Stage 2 Approved (See Surrey 2050 OCP)", "LAND_USE": "Mid Rise"}}, {"type": "Feature", "geometry": {"type": "Polygon", "coordinates": [[[-122.855111319202, 49.1990893370355], [-122.855111333303, 49.19908826931], [-122.855366189833, 49.1990904777495], [-122.85536637102, 49.1990904797755], [-122.855580219758, 49.1990924070032], [-122.855576350907, 49.1993778395126], [-122.855576349179, 49.1993779618466], [-122.855574224904, 49.1995422648], [-122.855574223159, 49.1995423925312], [-122.855571960225, 49.1997066962061], [-122.855571958478, 49.1997068248368], [-122.855569834169, 49.1998711286802], [-122.855569832425, 49.1998712564114], [-122.855567569456, 49.2000355609762], [-122.855567567712, 49.2000356887074], [-122.855566839396, 49.2000920523949], [-122.855565444742, 49.2001999934426], [-122.855565442998, 49.2002001211738], [-122.855563182742, 49.2003644257325], [-122.855563181019, 49.2003645462675], [-122.855560920483, 49.2005289416738], [-122.855560918715, 49.2005290775007], [-122.855558795722, 49.2006933741258], [-122.855558793954, 49.2006935099527], [-122.855557129387, 49.2008144596639], [-122.855549053887, 49.2008143838988], [-122.855088080481, 49.2008100797058], [-122.855089744771, 49.2006891461922], [-122.855092008357, 49.2005247139223], [-122.855094136033, 49.2003602805776], [-122.855096399587, 49.2001958482982], [-122.855097885857, 49.2000879082702], [-122.855098663125, 49.200031416014], [-122.85510092802, 49.1998669837268], [-122.855103057003, 49.1997025512643], [-122.855105321866, 49.1995381189676], [-122.855107588082, 49.1993736875673], [-122.855111319202, 49.1990893370355]]]}, "properties": {"PLAN_AREA": "City Centre", "PLAN_TYPE": "City Centre Plan", "PLAN_YEAR": 2025, "PLAN_STATUS": "Stage 2 Approved (See Surrey 2050 OCP)", "LAND_USE": "Mid Rise"}}, {"type": "Feature", "geometry": {"type": "Polygon", "coordinates": [[[-122.855742540946, 49.1992699487754], [-122.855744912685, 49.1990949345061], [-122.856285114733, 49.199099694507], [-122.856271827206, 49.2000703113328], [-122.856271087399, 49.2001242849566], [-122.85627034898, 49.2001782522849], [-122.85626154849, 49.2008210315796], [-122.856222701516, 49.2008206692925], [-122.855765549538, 49.2008164040438], [-122.855721841896, 49.2008159959389], [-122.855723508125, 49.2006948087515], [-122.855723513277, 49.2006944534433], [-122.85572563211, 49.2005304554544], [-122.855725637492, 49.2005300209877], [-122.855727892207, 49.2003660231637], [-122.855727899163, 49.2003655194352], [-122.855730160682, 49.2002010646534], [-122.855730518575, 49.2001733532566], [-122.855731283667, 49.2001193841657], [-122.855731145028, 49.200119383093], [-122.855731912869, 49.200065412206], [-122.855732284847, 49.2000366330831], [-122.85573340897, 49.1999550308536], [-122.855734549015, 49.1998722007833], [-122.85573546299, 49.1998014934063], [-122.855736674522, 49.1997077692052], [-122.855738249656, 49.1995933328595], [-122.855738938657, 49.199543336896], [-122.855740064991, 49.1994562466244], [-122.855741064154, 49.1993788981121], [-122.855742540946, 49.1992699487754]]]}, "properties": {"PLAN_AREA": "City Centre", "PLAN_TYPE": "City Centre Plan", "PLAN_YEAR": 2025, "PLAN_STATUS": "Stage 2 Approved (See Surrey 2050 OCP)", "LAND_USE": "Mid Rise"}}, {"type": "Feature", "geometry": {"type": "Polygon", "coordinates": [[[-122.844119165584, 49.1998845352001], [-122.844680498891, 49.1995831120098], [-122.844691434398, 49.1995903481491], [-122.846068494082, 49.2005015066535], [-122.846254205017, 49.200624381638], [-122.845742687833, 49.200957766429], [-122.845723507711, 49.2009702514841], [-122.844035264057, 49.1999398492275], [-122.844036987049, 49.1999284176173], [-122.844119165584, 49.1998845352001]]]}, "properties": {"PLAN_AREA": "City Centre", "PLAN_TYPE": "City Centre Plan", "PLAN_YEAR": 2025, "PLAN_STATUS": "Stage 2 Approved (See Surrey 2050 OCP)", "LAND_USE": "Mid Rise"}}, {"type": "Feature", "geometry": {"type": "Polygon", "coordinates": [[[-122.855085000373, 49.2010453570757], [-122.855085716755, 49.2009899819696], [-122.855555766683, 49.2009943703847], [-122.855555409029, 49.2010219639389], [-122.855550078686, 49.2014329671923], [-122.854848052815, 49.2014265522659], [-122.854966527445, 49.201235819806], [-122.855085000373, 49.2010453570757]]]}, "properties": {"PLAN_AREA": "City Centre", "PLAN_TYPE": "City Centre Plan", "PLAN_YEAR": 2025, "PLAN_STATUS": "Stage 2 Approved (See Surrey 2050 OCP)", "LAND_USE": "Mid Rise"}}, {"type": "Feature", "geometry": {"type": "Polygon", "coordinates": [[[-122.853360174819, 49.2014129744448], [-122.853170143388, 49.2012879654338], [-122.853457809999, 49.2012906011858], [-122.853797468947, 49.201293711332], [-122.853830752952, 49.2012254790864], [-122.853923697842, 49.2010348943836], [-122.854016985378, 49.2008437820085], [-122.853658924479, 49.2008405223587], [-122.853569345777, 49.2008397062927], [-122.853572051015, 49.2006371210209], [-122.853574758096, 49.2004343684316], [-122.853577466526, 49.2002316158367], [-122.853579304816, 49.2000939009059], [-122.853580173556, 49.2000288641324], [-122.853581366387, 49.1999396016054], [-122.853582883311, 49.1998261115248], [-122.853585445417, 49.1996343069129], [-122.853587711181, 49.1994419765928], [-122.853588492225, 49.199441981181], [-122.853592728419, 49.1990796914814], [-122.853789968451, 49.1990785677511], [-122.853852305349, 49.1990782121728], [-122.853897379214, 49.1990779552621], [-122.854283245605, 49.1990813518077], [-122.854794060576, 49.1990858460262], [-122.854834854674, 49.199113182777], [-122.854831101546, 49.1993899718149], [-122.854828461774, 49.1995846368716], [-122.854826152803, 49.1997549133582], [-122.854823922694, 49.1999193456872], [-122.854821690648, 49.2000839651115], [-122.854820207813, 49.200193339892], [-122.854817977661, 49.2003577722084], [-122.854815748865, 49.2005222045217], [-122.854813518676, 49.2006866386276], [-122.854811295009, 49.2008507147238], [-122.854809461049, 49.201009208818], [-122.854788634975, 49.2010426451759], [-122.854670160651, 49.201233197554], [-122.854551683516, 49.2014239297072], [-122.854450034505, 49.2015873372118], [-122.853899347371, 49.2015823170008], [-122.853658132746, 49.2015801172178], [-122.853613640607, 49.2015797109195], [-122.853424113456, 49.2014550348963], [-122.853360174819, 49.2014129744448]]]}, "properties": {"PLAN_AREA": "City Centre", "PLAN_TYPE": "City Centre Plan", "PLAN_YEAR": 2025, "PLAN_STATUS": "Stage 2 Approved (See Surrey 2050 OCP)", "LAND_USE": "Mid Rise"}}, {"type": "Feature", "geometry": {"type": "Polygon", "coordinates": [[[-122.846622727872, 49.2007244838351], [-122.847174908064, 49.2003645920996], [-122.847206469674, 49.2003863350362], [-122.847289238724, 49.2004433551135], [-122.84736828922, 49.2004963816975], [-122.847441910349, 49.2005450923034], [-122.847518579199, 49.200595987348], [-122.847600821425, 49.2006504599327], [-122.847686649272, 49.2007072004061], [-122.847786562354, 49.2007734782122], [-122.847886581468, 49.200839734482], [-122.847972950552, 49.2008970106741], [-122.848073093735, 49.2009632588483], [-122.848159416673, 49.2010205033553], [-122.848239400136, 49.2010733965337], [-122.848320314799, 49.2011270833655], [-122.848385998792, 49.2011705683609], [-122.848463350737, 49.2012218189835], [-122.848555457269, 49.2012828685979], [-122.848645475076, 49.2013424527642], [-122.848740256276, 49.2014052607188], [-122.84882339032, 49.2014603146891], [-122.848911221984, 49.2015185500871], [-122.848977185118, 49.201562219512], [-122.848430340884, 49.2019215510915], [-122.848283585572, 49.2020179832842], [-122.848186667772, 49.2019542798191], [-122.847891182565, 49.2017600575202], [-122.847596481928, 49.2015663482258], [-122.847301252049, 49.2013722884545], [-122.847222242166, 49.201320353917], [-122.847033966062, 49.2011965964678], [-122.84702037507, 49.2011688648278], [-122.84700036851, 49.201128047311], [-122.846944678789, 49.2010144320681], [-122.846889069805, 49.2009009815171], [-122.846863957666, 49.2008843779701], [-122.846864062207, 49.2008843088448], [-122.846862736121, 49.2008834309437], [-122.846653311205, 49.2007447377985], [-122.846622727872, 49.2007244838351]]]}, "properties": {"PLAN_AREA": "City Centre", "PLAN_TYPE": "City Centre Plan", "PLAN_YEAR": 2025, "PLAN_STATUS": "Stage 2 Approved (See Surrey 2050 OCP)", "LAND_USE": "Mid Rise"}}, {"type": "Feature", "geometry": {"type": "Polygon", "coordinates": [[[-122.846412307344, 49.2008616273244], [-122.84647644544, 49.2008198250479], [-122.846534608612, 49.2008199617129], [-122.846535896338, 49.2008208125809], [-122.846536174183, 49.2008206330439], [-122.846745641559, 49.2009593543414], [-122.84674577855, 49.2009594453758], [-122.84674567264, 49.2009595135996], [-122.846744968387, 49.2009599723253], [-122.846745711836, 49.200961489021], [-122.846778708725, 49.2010288077988], [-122.84683401476, 49.2011416409207], [-122.846862125541, 49.201198990891], [-122.846889273298, 49.2012543777009], [-122.847479744439, 49.2016425067079], [-122.848167265924, 49.2020944164614], [-122.84779010494, 49.2023422435323], [-122.84710154653, 49.2018891607909], [-122.846806455888, 49.2016949155464], [-122.846511367554, 49.2015006704432], [-122.846002950766, 49.2011661086105], [-122.84597418357, 49.2011471783087], [-122.846119474819, 49.2010524840783], [-122.846119546346, 49.201052437398], [-122.846371573288, 49.2008881767713], [-122.846412307344, 49.2008616273244]]]}, "properties": {"PLAN_AREA": "City Centre", "PLAN_TYPE": "City Centre Plan", "PLAN_YEAR": 2025, "PLAN_STATUS": "Stage 2 Approved (See Surrey 2050 OCP)", "LAND_USE": "Mid Rise"}}, {"type": "Feature", "geometry": {"type": "Polygon", "coordinates": [[[-122.855302511421, 49.1977753690806], [-122.855301631475, 49.1976525891735], [-122.855822726789, 49.1976570107694], [-122.856279742342, 49.197660887036], [-122.856281553371, 49.1979871132454], [-122.856282378896, 49.1981370939895], [-122.856286190438, 49.1988298212712], [-122.855309274986, 49.1988212110335], [-122.855307172353, 49.1984823190921], [-122.855306040803, 49.198305559826], [-122.855304773371, 49.1981287994846], [-122.855303642948, 49.1979521292626], [-122.855302511421, 49.1977753690806]]]}, "properties": {"PLAN_AREA": "City Centre", "PLAN_TYPE": "City Centre Plan", "PLAN_YEAR": 2025, "PLAN_STATUS": "Stage 2 Approved (See Surrey 2050 OCP)", "LAND_USE": "Mid Rise"}}, {"type": "Feature", "geometry": {"type": "Polygon", "coordinates": [[[-122.85114198227, 49.1881093627206], [-122.851139529979, 49.1884377618368], [-122.85113799528, 49.1887301898096], [-122.851137522615, 49.1887665150242], [-122.850547126305, 49.1887634488334], [-122.850454034571, 49.1887757094976], [-122.850429098218, 49.1887792800338], [-122.850404323592, 49.1887833052922], [-122.85037972999, 49.1887877821373], [-122.850370558396, 49.1887895756171], [-122.850183963121, 49.1888267767622], [-122.850141793238, 49.1888001192763], [-122.85015291003, 49.188776996114], [-122.850165012731, 49.1887540866028], [-122.850178091802, 49.1887314087986], [-122.850276623253, 49.1885928484398], [-122.850384891217, 49.1884624701625], [-122.850650941489, 49.1882725597605], [-122.850898418742, 49.1881082506505], [-122.851141570563, 49.1881093612903], [-122.85114198227, 49.1881093627206]]]}, "properties": {"PLAN_AREA": "City Centre", "PLAN_TYPE": "City Centre Plan", "PLAN_YEAR": 2025, "PLAN_STATUS": "Stage 2 Approved (See Surrey 2050 OCP)", "LAND_USE": "Central Business District 2"}}, {"type": "Feature", "geometry": {"type": "Polygon", "coordinates": [[[-122.848531470869, 49.1751227611579], [-122.846098306625, 49.1751112675997], [-122.84605232436, 49.175111049793], [-122.846064937788, 49.1748458486792], [-122.846087302453, 49.1743184821248], [-122.846100611919, 49.1737910125977], [-122.846104866471, 49.173263441001], [-122.846104809837, 49.1731936370074], [-122.846104616288, 49.1731237428769], [-122.846104149718, 49.1730538492813], [-122.846099520839, 49.1723390725134], [-122.846097773223, 49.1721079795953], [-122.848565291064, 49.1721214225892], [-122.848603566057, 49.1721215636264], [-122.848599427691, 49.1723525579327], [-122.848592986428, 49.1727075051476], [-122.848593635637, 49.1727191100014], [-122.848595932819, 49.1727306270623], [-122.848599739685, 49.1727419661954], [-122.84860519343, 49.1727531275803], [-122.848612157957, 49.1727637512243], [-122.848620632719, 49.1727740170336], [-122.848630481345, 49.1727836549684], [-122.848641703562, 49.1727927549817], [-122.848633085974, 49.1732757040513], [-122.848621744773, 49.1739300999653], [-122.848550678516, 49.1739298259823], [-122.848531470869, 49.1751227611579]]]}, "properties": {"PLAN_AREA": "City Centre", "PLAN_TYPE": "City Centre Plan", "PLAN_YEAR": 2025, "PLAN_STATUS": "Stage 2 Approved (See Surrey 2050 OCP)", "LAND_USE": "School"}}, {"type": "Feature", "geometry": {"type": "Polygon", "coordinates": [[[-122.840136735026, 49.1730106870265], [-122.839797545978, 49.173011899122], [-122.839279813028, 49.1730137470199], [-122.839282123177, 49.1724463540477], [-122.839404560239, 49.1724459603695], [-122.840139027557, 49.1724435935611], [-122.84013858608, 49.172552151554], [-122.840136735026, 49.1730106870265]]]}, "properties": {"PLAN_AREA": "City Centre", "PLAN_TYPE": "City Centre Plan", "PLAN_YEAR": 2025, "PLAN_STATUS": "Stage 2 Approved (See Surrey 2050 OCP)", "LAND_USE": "Utilities"}}, {"type": "Feature", "geometry": {"type": "Polygon", "coordinates": [[[-122.854031511984, 49.1807944476596], [-122.853959886154, 49.1807939963947], [-122.853836394481, 49.1807932986486], [-122.853570336138, 49.1807916096157], [-122.85311094416, 49.1807887719991], [-122.8528625865, 49.1807871929016], [-122.852613132496, 49.1807856127704], [-122.852349955518, 49.1807840136571], [-122.852064139786, 49.1807822059397], [-122.851759525727, 49.180780282534], [-122.851502523538, 49.1807786894153], [-122.851500537912, 49.1806182100274], [-122.851500657288, 49.1806182106307], [-122.851954987095, 49.1806214974813], [-122.85195341238, 49.1804823969457], [-122.851952819526, 49.1804299830462], [-122.851950653609, 49.1802383795529], [-122.851948486338, 49.180046775152], [-122.851945786585, 49.1798050669199], [-122.851943498771, 49.1796078852391], [-122.85194131682, 49.1794216789018], [-122.8519393701, 49.1792481562902], [-122.851936779971, 49.1790152626993], [-122.854006175617, 49.1790252968451], [-122.854009919569, 49.1793814280064], [-122.854014920049, 49.1798216671587], [-122.854059102025, 49.1798219937593], [-122.854051976016, 49.1802803881357], [-122.856504968885, 49.180293394709], [-122.856493534342, 49.1805673524221], [-122.856483379166, 49.180809771358], [-122.85627482443, 49.1808084415548], [-122.856027839828, 49.1808069618258], [-122.855780991348, 49.1808053917853], [-122.855534005665, 49.1808038219451], [-122.855287156958, 49.1808023399025], [-122.855040171311, 49.1808007681067], [-122.854793324269, 49.1807991959569], [-122.854451387423, 49.1807971418655], [-122.854031511984, 49.1807944476596]]]}, "properties": {"PLAN_AREA": "City Centre", "PLAN_TYPE": "City Centre Plan", "PLAN_YEAR": 2025, "PLAN_STATUS": "Stage 2 Approved (See Surrey 2050 OCP)", "LAND_USE": "School"}}, {"type": "Feature", "geometry": {"type": "Polygon", "coordinates": [[[-122.836264835845, 49.1896425361272], [-122.836680384152, 49.1896468251779], [-122.83778691759, 49.1896578638982], [-122.837784789988, 49.1897478060644], [-122.837758811124, 49.1908513312248], [-122.836375356513, 49.1908326545232], [-122.836378269888, 49.1907112352771], [-122.835686513702, 49.1907046140216], [-122.835705161127, 49.1899266619457], [-122.835706860047, 49.1898558297773], [-122.835712127647, 49.18963607878], [-122.835849283004, 49.1896379793133], [-122.836045806971, 49.1896400602282], [-122.836264835845, 49.1896425361272]]]}, "properties": {"PLAN_AREA": "City Centre", "PLAN_TYPE": "City Centre Plan", "PLAN_YEAR": 2025, "PLAN_STATUS": "Stage 2 Approved (See Surrey 2050 OCP)", "LAND_USE": "Utilities"}}, {"type": "Feature", "geometry": {"type": "Polygon", "coordinates": [[[-122.838973065433, 49.181403702998], [-122.838992403461, 49.1810822932436], [-122.839013242751, 49.1807260816948], [-122.83909213976, 49.1807476032529], [-122.839244160842, 49.1807848487713], [-122.839392251941, 49.1808171043068], [-122.839583884709, 49.1808901789201], [-122.839554501163, 49.1814130775957], [-122.838973065433, 49.181403702998]]]}, "properties": {"PLAN_AREA": "City Centre", "PLAN_TYPE": "City Centre Plan", "PLAN_YEAR": 2025, "PLAN_STATUS": "Stage 2 Approved (See Surrey 2050 OCP)", "LAND_USE": "Utilities"}}, {"type": "Feature", "geometry": {"type": "Polygon", "coordinates": [[[-122.859505778398, 49.1883960099304], [-122.857828218426, 49.1877564114819], [-122.856668013732, 49.187619230756], [-122.856681952671, 49.1862731808466], [-122.859535531345, 49.1862785100641], [-122.859514544328, 49.187767625092], [-122.859510060742, 49.1880890109598], [-122.859505968324, 49.1883822491121], [-122.859505778398, 49.1883960099304]]]}, "properties": {"PLAN_AREA": "City Centre", "PLAN_TYPE": "City Centre Plan", "PLAN_YEAR": 2025, "PLAN_STATUS": "Stage 2 Approved (See Surrey 2050 OCP)", "LAND_USE": "School"}}, {"type": "Feature", "geometry": {"type": "Polygon", "coordinates": [[[-122.845640638453, 49.1914763223064], [-122.845659327565, 49.1901919474242], [-122.846483010262, 49.1901951789074], [-122.846647702351, 49.1901958240803], [-122.847472968957, 49.1901990542046], [-122.847470644944, 49.1902684104775], [-122.847470304768, 49.1902826352329], [-122.8474579907, 49.1908323411536], [-122.847457852741, 49.1908392691689], [-122.8474528156, 49.1910915543245], [-122.847453612992, 49.1910915553777], [-122.847453052162, 49.1911195129979], [-122.847451867966, 49.1911480050164], [-122.847451549322, 49.1911556695095], [-122.847453121365, 49.1912662315913], [-122.847462516916, 49.1913766268544], [-122.847479715798, 49.1914866176154], [-122.846845368142, 49.1914841122323], [-122.846622607693, 49.1914832310254], [-122.846457915469, 49.1914825795214], [-122.84634994921, 49.1914821525849], [-122.845645210279, 49.1914793616391], [-122.845640638453, 49.1914763223064]]]}, "properties": {"PLAN_AREA": "City Centre", "PLAN_TYPE": "City Centre Plan", "PLAN_YEAR": 2025, "PLAN_STATUS": "Stage 2 Approved (See Surrey 2050 OCP)", "LAND_USE": "Central Business District 2"}}, {"type": "Feature", "geometry": {"type": "Polygon", "coordinates": [[[-122.846659633501, 49.1895841371886], [-122.846676851593, 49.1889384405261], [-122.846680334688, 49.1889384532458], [-122.847489128837, 49.1889414545011], [-122.847479202731, 49.1895877914832], [-122.847470790872, 49.1899718357451], [-122.847401159455, 49.1900165341808], [-122.846693034444, 49.1900139016656], [-122.846652388893, 49.1899867753783], [-122.846659604061, 49.1895852255838], [-122.846659612136, 49.1895848333984], [-122.846659633501, 49.1895841371886]]]}, "properties": {"PLAN_AREA": "City Centre", "PLAN_TYPE": "City Centre Plan", "PLAN_YEAR": 2025, "PLAN_STATUS": "Stage 2 Approved (See Surrey 2050 OCP)", "LAND_USE": "Central Business District 2"}}, {"type": "Feature", "geometry": {"type": "Polygon", "coordinates": [[[-122.846490025281, 49.1898352637301], [-122.846487217685, 49.1899793039232], [-122.845662462606, 49.189976068337], [-122.845677567234, 49.1889348094981], [-122.846004293267, 49.1889359940192], [-122.846361337058, 49.188937288114], [-122.846479028868, 49.1889377153773], [-122.846512149829, 49.1889378358593], [-122.846499834204, 49.189332131378], [-122.84649492725, 49.189583846429], [-122.846490025281, 49.1898352637301]]]}, "properties": {"PLAN_AREA": "City Centre", "PLAN_TYPE": "City Centre Plan", "PLAN_YEAR": 2025, "PLAN_STATUS": "Stage 2 Approved (See Surrey 2050 OCP)", "LAND_USE": "Central Business District 2"}}, {"type": "Feature", "geometry": {"type": "Polygon", "coordinates": [[[-122.846699405846, 49.1881680999301], [-122.846700601331, 49.1879952581076], [-122.847098429793, 49.1879966382375], [-122.847495777958, 49.1879980145637], [-122.847496097161, 49.1883947016997], [-122.847496257937, 49.1885964580858], [-122.847380372268, 49.1886817507085], [-122.847337381649, 49.188686052345], [-122.847294576055, 49.188691084657], [-122.847251984387, 49.1886968442468], [-122.84720992266, 49.1887029072302], [-122.84718283968, 49.1887066194847], [-122.847155645875, 49.1887099656199], [-122.847128352763, 49.1887129442183], [-122.847116328351, 49.1887141372735], [-122.84704915096, 49.1887194683685], [-122.846981649396, 49.188722577095], [-122.846913994684, 49.1887234555766], [-122.846729669977, 49.1887228153131], [-122.84668860274, 49.1886956974679], [-122.846689529879, 49.1884054069264], [-122.846689572509, 49.1883920543204], [-122.846689572925, 49.188391919391], [-122.846697856509, 49.1883919483773], [-122.846699405846, 49.1881680999301]]]}, "properties": {"PLAN_AREA": "City Centre", "PLAN_TYPE": "City Centre Plan", "PLAN_YEAR": 2025, "PLAN_STATUS": "Stage 2 Approved (See Surrey 2050 OCP)", "LAND_USE": "Central Business District 2"}}, {"type": "Feature", "geometry": {"type": "Polygon", "coordinates": [[[-122.845680697986, 49.1887189303575], [-122.845691249599, 49.1879914564095], [-122.845717552114, 49.1879915428224], [-122.846535905419, 49.187994217208], [-122.846533174291, 49.1883913788476], [-122.846533173951, 49.1883914885901], [-122.846524956244, 49.18839145878], [-122.846523985397, 49.1886951253129], [-122.846482927409, 49.1887218381363], [-122.846365999549, 49.1887215504218], [-122.845680694511, 49.1887191651309], [-122.845680697986, 49.1887189303575]]]}, "properties": {"PLAN_AREA": "City Centre", "PLAN_TYPE": "City Centre Plan", "PLAN_YEAR": 2025, "PLAN_STATUS": "Stage 2 Approved (See Surrey 2050 OCP)", "LAND_USE": "Central Business District 2"}}, {"type": "Feature", "geometry": {"type": "Polygon", "coordinates": [[[-122.846899906775, 49.1844593971353], [-122.846897589913, 49.185210359467], [-122.84577103821, 49.1851968193917], [-122.845777083521, 49.1844743052961], [-122.845824150365, 49.184445798062], [-122.846881854168, 49.1844586391833], [-122.846899906775, 49.1844593971353]]]}, "properties": {"PLAN_AREA": "City Centre", "PLAN_TYPE": "City Centre Plan", "PLAN_YEAR": 2025, "PLAN_STATUS": "Stage 2 Approved (See Surrey 2050 OCP)", "LAND_USE": "Central Business District 2"}}, {"type": "Feature", "geometry": {"type": "Polygon", "coordinates": [[[-122.846892040795, 49.1870088622145], [-122.8468908568, 49.1873925788648], [-122.846915970856, 49.1874130261534], [-122.847054594087, 49.1875258879903], [-122.847107282648, 49.1875682726748], [-122.847120675205, 49.1875790461169], [-122.847210871993, 49.187651215353], [-122.847219402476, 49.1876583761244], [-122.847301724778, 49.1877274800581], [-122.847219190584, 49.1877271936982], [-122.847102714183, 49.1877267903866], [-122.847100607633, 49.1877267831001], [-122.846889827817, 49.1877260513936], [-122.846702667433, 49.1877254019291], [-122.846627177441, 49.1877251559796], [-122.846537938107, 49.1877243609877], [-122.845749356798, 49.187721783952], [-122.845755630404, 49.1870019906669], [-122.846892040795, 49.1870088622145]]]}, "properties": {"PLAN_AREA": "City Centre", "PLAN_TYPE": "City Centre Plan", "PLAN_YEAR": 2025, "PLAN_STATUS": "Stage 2 Approved (See Surrey 2050 OCP)", "LAND_USE": "Central Business District 2"}}, {"type": "Feature", "geometry": {"type": "Polygon", "coordinates": [[[-122.846897256826, 49.1853183200933], [-122.846895054447, 49.1860321416458], [-122.846894943425, 49.1860681246184], [-122.845763807199, 49.1860610028682], [-122.845764108414, 49.1860250219495], [-122.84577013457, 49.1853047711581], [-122.846897256826, 49.1853183200933]]]}, "properties": {"PLAN_AREA": "City Centre", "PLAN_TYPE": "City Centre Plan", "PLAN_YEAR": 2025, "PLAN_STATUS": "Stage 2 Approved (See Surrey 2050 OCP)", "LAND_USE": "Central Business District 2"}}, {"type": "Feature", "geometry": {"type": "Polygon", "coordinates": [[[-122.845756571151, 49.1868940443792], [-122.845762264062, 49.1862409083086], [-122.846349867014, 49.186244608736], [-122.846894388326, 49.1862480349802], [-122.84689237388, 49.1869009124142], [-122.845756571151, 49.1868940443792]]]}, "properties": {"PLAN_AREA": "City Centre", "PLAN_TYPE": "City Centre Plan", "PLAN_YEAR": 2025, "PLAN_STATUS": "Stage 2 Approved (See Surrey 2050 OCP)", "LAND_USE": "Central Business District 2"}}, {"type": "Feature", "geometry": {"type": "Polygon", "coordinates": [[[-122.843161418287, 49.1833935636923], [-122.84236410199, 49.1821276746083], [-122.842433941756, 49.1820887652353], [-122.843020698243, 49.1823119235972], [-122.843100097183, 49.1824086728875], [-122.843143481077, 49.1824406424171], [-122.843186138661, 49.1824730292449], [-122.843228060595, 49.1825058262804], [-122.843614588091, 49.1826624212032], [-122.843598451741, 49.1826795363656], [-122.843722639765, 49.1827298498782], [-122.843793050782, 49.1827587526971], [-122.843816608191, 49.1827590391255], [-122.843862551792, 49.1827101162494], [-122.843878309874, 49.1827076584382], [-122.845116647772, 49.1832073948226], [-122.845136038538, 49.1832540976176], [-122.845125783273, 49.1835238170645], [-122.845104161857, 49.1840923957099], [-122.845006934042, 49.1841509975971], [-122.844027032613, 49.1841392959567], [-122.843477215027, 49.1841326169832], [-122.843459820848, 49.1841276441753], [-122.843412123288, 49.1840951999121], [-122.843405550886, 49.1840845351288], [-122.843406308502, 49.1840331781989], [-122.843406346887, 49.1840301459241], [-122.843406374292, 49.1840271145338], [-122.843406390722, 49.1840240822291], [-122.843400852748, 49.1839282672207], [-122.843383667988, 49.1838330471998], [-122.843354942992, 49.1837390312901], [-122.843334603027, 49.183688762061], [-122.843310959503, 49.1836391180192], [-122.843284058795, 49.1835901918777], [-122.843278695727, 49.1835811721747], [-122.843273222792, 49.1835721811074], [-122.843267638617, 49.1835632186739], [-122.843161418287, 49.1833935636923]]]}, "properties": {"PLAN_AREA": "City Centre", "PLAN_TYPE": "City Centre Plan", "PLAN_YEAR": 2025, "PLAN_STATUS": "Stage 2 Approved (See Surrey 2050 OCP)", "LAND_USE": "High Rise"}}, {"type": "Feature", "geometry": {"type": "Polygon", "coordinates": [[[-122.843467901976, 49.1847367489096], [-122.843467761722, 49.1844383951237], [-122.843468568584, 49.1844384052127], [-122.843836152363, 49.1844428706777], [-122.844018460912, 49.1844450852263], [-122.844045297366, 49.184445405721], [-122.844222631759, 49.1844475241764], [-122.84422245154, 49.1847453710899], [-122.844222190699, 49.1851781865361], [-122.843468104255, 49.1851694444473], [-122.843467901976, 49.1847367489096]]]}, "properties": {"PLAN_AREA": "City Centre", "PLAN_TYPE": "City Centre Plan", "PLAN_YEAR": 2025, "PLAN_STATUS": "Stage 2 Approved (See Surrey 2050 OCP)", "LAND_USE": "High Rise"}}, {"type": "Feature", "geometry": {"type": "Polygon", "coordinates": [[[-122.859438587566, 49.1952643905189], [-122.859300460755, 49.1952657749256], [-122.858149018018, 49.1952757050829], [-122.858168890037, 49.1935541851413], [-122.858183866746, 49.1935489862477], [-122.858198020885, 49.1935429767636], [-122.858211353567, 49.1935362466439], [-122.858223727797, 49.193528706667], [-122.858235005812, 49.1935205347715], [-122.858245049846, 49.1935119115945], [-122.858253722904, 49.1935027470149], [-122.858261299233, 49.1934931313228], [-122.858267641324, 49.193483154303], [-122.8582726133, 49.1934728157887], [-122.858276074652, 49.1934622946146], [-122.85827830151, 49.1934515029657], [-122.858279018604, 49.1934407094641], [-122.858278363184, 49.1934299142783], [-122.858276334996, 49.1934192073612], [-122.858272933782, 49.1934086786655], [-122.858268022294, 49.1933983280227], [-122.858261876149, 49.1933882457241], [-122.858254492089, 49.1933786116718], [-122.858245734236, 49.1933694256987], [-122.858235876835, 49.1933607780944], [-122.858224919891, 49.1933526679591], [-122.858213001505, 49.1933452771675], [-122.858200119195, 49.1933385148634], [-122.858186273816, 49.193332560954], [-122.858171877383, 49.1933273250921], [-122.858156106125, 49.1933228980181], [-122.858139920803, 49.1933192800121], [-122.858123320901, 49.1933166509795], [-122.858106306417, 49.1933150109201], [-122.858089288847, 49.1933144502927], [-122.85803397776, 49.193314021606], [-122.857439543728, 49.1933129250954], [-122.857431172198, 49.1933126449022], [-122.857422801961, 49.1933119149442], [-122.857414707518, 49.1933107355601], [-122.857406614627, 49.1933090164583], [-122.857398934524, 49.1933069380529], [-122.857391530216, 49.1933044102215], [-122.857384401703, 49.1933014329644], [-122.85737782323, 49.1932980965733], [-122.857371659175, 49.1932943109277], [-122.857366043531, 49.1932902551999], [-122.857360977664, 49.1932859311909], [-122.857356461836, 49.1932812480482], [-122.85735263278, 49.1932763858472], [-122.857349353245, 49.1932713444184], [-122.857346897992, 49.1932660341481], [-122.857345128993, 49.1932607247254], [-122.857344046765, 49.1932552362445], [-122.857343788042, 49.1932497487807], [-122.857343865644, 49.1932227620221], [-122.85731086089, 49.1932227518352], [-122.857262199912, 49.1932227366835], [-122.857262591272, 49.1931372807428], [-122.856667014978, 49.193136087991], [-122.856659923489, 49.1918510411269], [-122.856728270096, 49.1918063076461], [-122.859475919779, 49.1918145516949], [-122.859457485733, 49.19351812666], [-122.859438587566, 49.1952643905189]]]}, "properties": {"PLAN_AREA": "City Centre", "PLAN_TYPE": "City Centre Plan", "PLAN_YEAR": 2025, "PLAN_STATUS": "Stage 2 Approved (See Surrey 2050 OCP)", "LAND_USE": "School"}}, {"type": "Feature", "geometry": {"type": "Polygon", "coordinates": [[[-122.859886786424, 49.2008115642015], [-122.858002862116, 49.2008106100518], [-122.858021765599, 49.1996718201881], [-122.858036468005, 49.1996667109344], [-122.858050486125, 49.1996608812132], [-122.85806354568, 49.1996542407346], [-122.858075783679, 49.1996468796204], [-122.858086925587, 49.1996387975334], [-122.858097108156, 49.1996301745482], [-122.85810605685, 49.1996210103278], [-122.858113771413, 49.1996113948252], [-122.858120114576, 49.199601327872], [-122.858125085825, 49.199590989374], [-122.858128822431, 49.1995803795], [-122.858131049598, 49.1995695878657], [-122.85813190434, 49.1995587045924], [-122.858131249132, 49.1995478194645], [-122.858129220985, 49.1995370226032], [-122.858125682376, 49.1995264037927], [-122.858120907583, 49.1995160533228], [-122.858114622329, 49.1995058809033], [-122.858107100121, 49.1994962466823], [-122.858098341475, 49.1994869707541], [-122.859909877757, 49.1994879273372], [-122.859886786424, 49.2008115642015]]]}, "properties": {"PLAN_AREA": "City Centre", "PLAN_TYPE": "City Centre Plan", "PLAN_YEAR": 2025, "PLAN_STATUS": "Stage 2 Approved (See Surrey 2050 OCP)", "LAND_USE": "School"}}, {"type": "Feature", "geometry": {"type": "Polygon", "coordinates": [[[-122.841421737156, 49.1813775685432], [-122.840434748382, 49.1810028791637], [-122.840469925413, 49.1810040876237], [-122.840505115899, 49.1810051140423], [-122.840540317647, 49.1810059583555], [-122.840700826277, 49.1810074964106], [-122.840861315377, 49.1810052470829], [-122.841021577053, 49.1809992132864], [-122.841060484865, 49.1809971753423], [-122.841099364024, 49.180994914583], [-122.841138211559, 49.1809924311813], [-122.841292411607, 49.1810651627087], [-122.841332246102, 49.1811500713687], [-122.841359327531, 49.1812263608639], [-122.841389163481, 49.1813022075], [-122.841421737156, 49.1813775685432]]]}, "properties": {"PLAN_AREA": "City Centre", "PLAN_TYPE": "City Centre Plan", "PLAN_YEAR": 2025, "PLAN_STATUS": "Stage 2 Approved (See Surrey 2050 OCP)", "LAND_USE": "Utilities"}}, {"type": "Feature", "geometry": {"type": "Polygon", "coordinates": [[[-122.834823535659, 49.1855667064226], [-122.834824344852, 49.1852110501447], [-122.83516689636, 49.1852146303508], [-122.835166016168, 49.1855709171014], [-122.834823535659, 49.1855667064226]]]}, "properties": {"PLAN_AREA": "City Centre", "PLAN_TYPE": "City Centre Plan", "PLAN_YEAR": 2025, "PLAN_STATUS": "Stage 2 Approved (See Surrey 2050 OCP)", "LAND_USE": "Utilities"}}, {"type": "Feature", "geometry": {"type": "Polygon", "coordinates": [[[-122.839007249054, 49.1748014503788], [-122.839031520596, 49.1747546535295], [-122.839413598211, 49.1747563368612], [-122.839414164839, 49.1747563394482], [-122.839791008375, 49.1747579980612], [-122.83982742764, 49.1747581538245], [-122.83985501134, 49.1747582721373], [-122.839845745101, 49.1768334911566], [-122.839818805924, 49.1768509803248], [-122.839777299236, 49.1768779258729], [-122.839656618741, 49.176877382375], [-122.839353011073, 49.1768760132305], [-122.83937921573, 49.1768031765902], [-122.839442461294, 49.1766273848477], [-122.839504804625, 49.1763990805816], [-122.839527278135, 49.1761955480339], [-122.839456032124, 49.1760360523775], [-122.839440495847, 49.1759611894968], [-122.839258528306, 49.1758006392883], [-122.839181587791, 49.1755358908644], [-122.839173376469, 49.1755290429657], [-122.839155876764, 49.1753823953337], [-122.839097289231, 49.1751702052247], [-122.839069713882, 49.1749160482238], [-122.839007249054, 49.1748014503788]]]}, "properties": {"PLAN_AREA": "City Centre", "PLAN_TYPE": "City Centre Plan", "PLAN_YEAR": 2025, "PLAN_STATUS": "Stage 2 Approved (See Surrey 2050 OCP)", "LAND_USE": "Employment"}}, {"type": "Feature", "geometry": {"type": "Polygon", "coordinates": [[[-122.840216563307, 49.1768913951072], [-122.8401472559, 49.1768459743499], [-122.840156115077, 49.1748919832597], [-122.840267287849, 49.1748188834645], [-122.844689026479, 49.174802128624], [-122.844699757048, 49.1748121710684], [-122.84482509177, 49.1748768361906], [-122.84484327022, 49.1749424367001], [-122.844829062237, 49.1751841225974], [-122.844885908229, 49.1753445860043], [-122.844833292476, 49.1754530882596], [-122.844808675491, 49.1755150322216], [-122.844903302216, 49.1755726405092], [-122.845148138076, 49.1755951884702], [-122.845304096915, 49.1756517092561], [-122.845450474203, 49.1756587659908], [-122.84548472009, 49.1756604903474], [-122.845425963998, 49.1768053546013], [-122.845228211847, 49.176878478267], [-122.84503420568, 49.1768774975742], [-122.845033812513, 49.1769150975871], [-122.840216563307, 49.1768913951072]]]}, "properties": {"PLAN_AREA": "City Centre", "PLAN_TYPE": "City Centre Plan", "PLAN_YEAR": 2025, "PLAN_STATUS": "Stage 2 Approved (See Surrey 2050 OCP)", "LAND_USE": "Employment"}}, {"type": "Feature", "geometry": {"type": "Polygon", "coordinates": [[[-122.844289456094, 49.1777281489096], [-122.84431988687, 49.1771758245539], [-122.845303142307, 49.1771806441262], [-122.845314923638, 49.177185244834], [-122.845332871308, 49.1771937244956], [-122.845349580765, 49.1772032819376], [-122.845365051197, 49.1772137372526], [-122.845379010936, 49.1772250900772], [-122.845391459169, 49.1772371605042], [-122.845392798791, 49.1772387679665], [-122.84536821911, 49.1777233915813], [-122.844289456094, 49.1777281489096]]]}, "properties": {"PLAN_AREA": "City Centre", "PLAN_TYPE": "City Centre Plan", "PLAN_YEAR": 2025, "PLAN_STATUS": "Stage 2 Approved (See Surrey 2050 OCP)", "LAND_USE": "Employment"}}, {"type": "Feature", "geometry": {"type": "Polygon", "coordinates": [[[-122.837373903466, 49.200883920914], [-122.83737402736, 49.2008465554802], [-122.837443427777, 49.2008466531759], [-122.837660170069, 49.2008469589171], [-122.837857435194, 49.200740912374], [-122.838284693989, 49.2005119511228], [-122.838474450781, 49.2006633414225], [-122.838664344633, 49.2008147306978], [-122.838854104036, 49.2009660295159], [-122.839017305114, 49.2010961520327], [-122.839171334485, 49.2012190652994], [-122.839325364623, 49.2013419774594], [-122.83949527602, 49.2014774158569], [-122.839659988064, 49.2016087089424], [-122.83993680428, 49.2018295516511], [-122.83972310832, 49.2019442396064], [-122.839509492503, 49.2020588840984], [-122.839276631838, 49.2021838550116], [-122.839082659456, 49.2022879556596], [-122.838678117331, 49.201965533012], [-122.838518749383, 49.201838474699], [-122.838359520902, 49.2017114154586], [-122.83820029186, 49.2015843568944], [-122.838041063641, 49.2014572963096], [-122.837881837897, 49.2013301473518], [-122.837722611306, 49.2012030872236], [-122.837430857337, 49.2009703236604], [-122.837373766758, 49.2009247756092], [-122.837373903466, 49.200883920914]]]}, "properties": {"PLAN_AREA": "City Centre", "PLAN_TYPE": "City Centre Plan", "PLAN_YEAR": 2025, "PLAN_STATUS": "Stage 2 Approved (See Surrey 2050 OCP)", "LAND_USE": "Low Rise"}}, {"type": "Feature", "geometry": {"type": "Polygon", "coordinates": [[[-122.843457582045, 49.2014077216744], [-122.843457715427, 49.2014076498927], [-122.843664589903, 49.2015726665312], [-122.84385820919, 49.2017272006363], [-122.844051968327, 49.2018817355006], [-122.8442455914, 49.2020362689523], [-122.843925873214, 49.2022079175558], [-122.843756868328, 49.2022986315938], [-122.843605189039, 49.2023800308184], [-122.843273684239, 49.2021154532259], [-122.843102334109, 49.2019786961417], [-122.842940519284, 49.2018495483021], [-122.842817432737, 49.2017513095411], [-122.843137511694, 49.2015791571465], [-122.843137573572, 49.2015791239479], [-122.843457582045, 49.2014077216744]]]}, "properties": {"PLAN_AREA": "City Centre", "PLAN_TYPE": "City Centre Plan", "PLAN_YEAR": 2025, "PLAN_STATUS": "Stage 2 Approved (See Surrey 2050 OCP)", "LAND_USE": "Low Rise"}}, {"type": "Feature", "geometry": {"type": "Polygon", "coordinates": [[[-122.834351233474, 49.2018299643054], [-122.834350745895, 49.2017219479673], [-122.835001485982, 49.2017255375246], [-122.83555317879, 49.201728577649], [-122.835828140742, 49.2017275313538], [-122.836005497445, 49.2017277851093], [-122.836080223283, 49.2017874859883], [-122.836553773943, 49.2021655740319], [-122.836092678191, 49.2024134492097], [-122.836046082776, 49.202438663483], [-122.835842644063, 49.2024374731939], [-122.835566590288, 49.202435819379], [-122.835014754306, 49.2024325992113], [-122.834669789243, 49.2024304840862], [-122.834481181949, 49.2024292982356], [-122.83444684729, 49.202378835738], [-122.834394857625, 49.2022876630501], [-122.834364243427, 49.2021870273473], [-122.834361469273, 49.2021590200827], [-122.834351384546, 49.2020572246339], [-122.834351592706, 49.2019944916686], [-122.834351755371, 49.2019457904153], [-122.834351233474, 49.2018299643054]]]}, "properties": {"PLAN_AREA": "City Centre", "PLAN_TYPE": "City Centre Plan", "PLAN_YEAR": 2025, "PLAN_STATUS": "Stage 2 Approved (See Surrey 2050 OCP)", "LAND_USE": "Low Rise"}}, {"type": "Feature", "geometry": {"type": "Polygon", "coordinates": [[[-122.854746403136, 49.2015900508827], [-122.854848052815, 49.2014265522659], [-122.855550078686, 49.2014329671923], [-122.855544418705, 49.2018694483055], [-122.855547251989, 49.2018694734377], [-122.855546379777, 49.2019247925723], [-122.855537742443, 49.2020788902292], [-122.855535309795, 49.2021222886315], [-122.854978647577, 49.2024764980689], [-122.854977233744, 49.2024773967236], [-122.854798378718, 49.2023596699569], [-122.854637662218, 49.20225386203], [-122.854639730262, 49.2021098489085], [-122.854642350116, 49.2019180705097], [-122.854644752525, 49.2017536384579], [-122.854746403136, 49.2015900508827]]]}, "properties": {"PLAN_AREA": "City Centre", "PLAN_TYPE": "City Centre Plan", "PLAN_YEAR": 2025, "PLAN_STATUS": "Stage 2 Approved (See Surrey 2050 OCP)", "LAND_USE": "Low Rise"}}, {"type": "Feature", "geometry": {"type": "Polygon", "coordinates": [[[-122.845629383563, 49.2013659974716], [-122.845724145947, 49.2013520014548], [-122.845804061741, 49.2013893496391], [-122.845880120357, 49.2014302007904], [-122.845951640668, 49.2014741941956], [-122.846428724739, 49.2017896220432], [-122.846457715506, 49.2018087891032], [-122.846457399131, 49.2018089964742], [-122.846021918928, 49.202093373624], [-122.845963686521, 49.20213140099], [-122.845992737834, 49.2021505277674], [-122.846050804911, 49.2021887569655], [-122.846492893565, 49.2024798118546], [-122.846492979874, 49.2024798686397], [-122.846472866535, 49.2024930254246], [-122.845448862523, 49.2024877378045], [-122.845438051185, 49.2017070271001], [-122.845467295709, 49.2016177419446], [-122.845509163944, 49.2015306325396], [-122.845563377388, 49.2014465080766], [-122.845629383563, 49.2013659974716]]]}, "properties": {"PLAN_AREA": "City Centre", "PLAN_TYPE": "City Centre Plan", "PLAN_YEAR": 2025, "PLAN_STATUS": "Stage 2 Approved (See Surrey 2050 OCP)", "LAND_USE": "Low Rise"}}, {"type": "Feature", "geometry": {"type": "Polygon", "coordinates": [[[-122.84619657534, 49.2021317122428], [-122.846573744824, 49.2018854132808], [-122.847134459428, 49.2022544209386], [-122.847335411724, 49.2023866712307], [-122.846930592302, 49.2024953852219], [-122.846747536582, 49.2024944417464], [-122.846667668144, 49.2024418598381], [-122.846241096358, 49.2021610233516], [-122.84619657534, 49.2021317122428]]]}, "properties": {"PLAN_AREA": "City Centre", "PLAN_TYPE": "City Centre Plan", "PLAN_YEAR": 2025, "PLAN_STATUS": "Stage 2 Approved (See Surrey 2050 OCP)", "LAND_USE": "Low Rise"}}, {"type": "Feature", "geometry": {"type": "Polygon", "coordinates": [[[-122.841590873916, 49.2012572442604], [-122.841741869145, 49.2011763720538], [-122.842060889663, 49.2014309999053], [-122.842227905407, 49.2015643038282], [-122.842394556457, 49.201697314661], [-122.842481493098, 49.2017667025092], [-122.842319829625, 49.2018536221479], [-122.842100753503, 49.2019714096357], [-122.842096960952, 49.2019734499834], [-122.841501393831, 49.202293656], [-122.840994732939, 49.2025660579723], [-122.840379381197, 49.2019409863001], [-122.840382496631, 49.201927986092], [-122.840388908409, 49.2019012222241], [-122.840566065784, 49.2018061094638], [-122.840760824525, 49.2017018032084], [-122.840993331825, 49.2015772767743], [-122.84135729155, 49.2013823470257], [-122.841421065577, 49.20134819127], [-122.841590873916, 49.2012572442604]]]}, "properties": {"PLAN_AREA": "City Centre", "PLAN_TYPE": "City Centre Plan", "PLAN_YEAR": 2025, "PLAN_STATUS": "Stage 2 Approved (See Surrey 2050 OCP)", "LAND_USE": "Low Rise"}}, {"type": "Feature", "geometry": {"type": "Polygon", "coordinates": [[[-122.857210420609, 49.200990708616], [-122.857724506463, 49.2009912539661], [-122.857722701764, 49.2011418340656], [-122.857720921391, 49.2012844092687], [-122.857719141009, 49.2014269835686], [-122.857717497889, 49.2015695580341], [-122.857715717483, 49.2017121332264], [-122.857713935695, 49.2018547075139], [-122.857712155269, 49.2019972817995], [-122.857710373457, 49.2021398569794], [-122.857708730284, 49.202282431427], [-122.857706949825, 49.202425005702], [-122.857705169352, 49.2025675808728], [-122.857703387498, 49.2027101551389], [-122.857187772825, 49.2027104164881], [-122.857189692324, 49.2025677524467], [-122.857191611552, 49.2024251783543], [-122.857193393752, 49.202282514136], [-122.857195314591, 49.202139849186], [-122.857197233784, 49.201997275083], [-122.857199015949, 49.2018546108539], [-122.85720093675, 49.2017119467927], [-122.85720285591, 49.2015693717794], [-122.857204638041, 49.2014267075396], [-122.857206557437, 49.2012840425664], [-122.857208477932, 49.2011414684436], [-122.857210420609, 49.200990708616]]]}, "properties": {"PLAN_AREA": "City Centre", "PLAN_TYPE": "City Centre Plan", "PLAN_YEAR": 2025, "PLAN_STATUS": "Stage 2 Approved (See Surrey 2050 OCP)", "LAND_USE": "Low Rise"}}, {"type": "Feature", "geometry": {"type": "Polygon", "coordinates": [[[-122.859967680165, 49.2009921998991], [-122.860486708648, 49.200992469088], [-122.860484828433, 49.2011733633173], [-122.860482809555, 49.2013542582728], [-122.86048079366, 49.2015350632732], [-122.860478912026, 49.2017159574836], [-122.860476894473, 49.2018968524236], [-122.86047501306, 49.2020776575693], [-122.860472995478, 49.2022585515983], [-122.860470977877, 49.202439446521], [-122.860469096164, 49.2026203416023], [-122.860468007882, 49.2027148818256], [-122.85994964852, 49.2027143435105], [-122.859882657373, 49.2027142622616], [-122.859364299402, 49.2027137213212], [-122.859365253882, 49.2026191818442], [-122.859367137993, 49.2024383767357], [-122.859368884814, 49.2022575714543], [-122.859370768895, 49.2020767663343], [-122.859372517315, 49.2018958710903], [-122.859374399991, 49.2017150668567], [-122.859376148127, 49.201534261554], [-122.859378032149, 49.2013534564111], [-122.859381662873, 49.2009918468405], [-122.859641246431, 49.2009919826776], [-122.859900691344, 49.2009921186627], [-122.859967680165, 49.2009921998991]]]}, "properties": {"PLAN_AREA": "City Centre", "PLAN_TYPE": "City Centre Plan", "PLAN_YEAR": 2025, "PLAN_STATUS": "Stage 2 Approved (See Surrey 2050 OCP)", "LAND_USE": "Low Rise"}}, {"type": "Feature", "geometry": {"type": "Polygon", "coordinates": [[[-122.858260453718, 49.2027125510013], [-122.857979454295, 49.2027099561014], [-122.857983550163, 49.2023812700414], [-122.857985509687, 49.2022243034948], [-122.857987671988, 49.2020434987368], [-122.857989837017, 49.2018626939765], [-122.857992136557, 49.2016818893758], [-122.857994301551, 49.201501084604], [-122.857996602426, 49.201320280893], [-122.858000561031, 49.2009915046312], [-122.85827689195, 49.2009911244048], [-122.858553085171, 49.20099137302], [-122.858829415922, 49.2009915320894], [-122.859105608033, 49.2009916894289], [-122.859102341999, 49.2013203775177], [-122.859100456973, 49.2015011826562], [-122.859098709209, 49.201681987057], [-122.859096824154, 49.2018627921841], [-122.859094939083, 49.2020435973055], [-122.859093191276, 49.202224401689], [-122.859091500351, 49.2023846977429], [-122.859088235487, 49.2027133848536], [-122.858812308597, 49.2027131378466], [-122.858536381971, 49.2027127993283], [-122.858260453718, 49.2027125510013]]]}, "properties": {"PLAN_AREA": "City Centre", "PLAN_TYPE": "City Centre Plan", "PLAN_YEAR": 2025, "PLAN_STATUS": "Stage 2 Approved (See Surrey 2050 OCP)", "LAND_USE": "Low Rise"}}, {"type": "Feature", "geometry": {"type": "Polygon", "coordinates": [[[-122.856671060028, 49.2009901970811], [-122.857147687235, 49.2009906310438], [-122.857145744367, 49.2011413908701], [-122.857143823433, 49.2012840549444], [-122.857141904116, 49.2014266299637], [-122.857140121804, 49.2015692942024], [-122.857138200834, 49.201711958266], [-122.857136281226, 49.2018546223276], [-122.857134499136, 49.2019971975024], [-122.857132579504, 49.2021398615569], [-122.857130658484, 49.2022825265057], [-122.857128876104, 49.2024251907229], [-122.857126956437, 49.2025678547667], [-122.857125037016, 49.2027104288542], [-122.856647349299, 49.2027107032166], [-122.856654052221, 49.202226856837], [-122.856671060028, 49.2009901970811]]]}, "properties": {"PLAN_AREA": "City Centre", "PLAN_TYPE": "City Centre Plan", "PLAN_YEAR": 2025, "PLAN_STATUS": "Stage 2 Approved (See Surrey 2050 OCP)", "LAND_USE": "Low Rise"}}, {"type": "Feature", "geometry": {"type": "Polygon", "coordinates": [[[-122.848662080508, 49.2020750117293], [-122.849208828479, 49.2017157410041], [-122.849316944184, 49.2017872733445], [-122.849336370659, 49.2018001439828], [-122.849414276684, 49.2018517571959], [-122.849524990123, 49.2019251340654], [-122.84962722784, 49.2019928444453], [-122.849729430217, 49.2020605304004], [-122.849830556029, 49.202127508733], [-122.849917406644, 49.2021850071664], [-122.850015862761, 49.2022502295808], [-122.850126569757, 49.2023236013621], [-122.850227740477, 49.2023906099859], [-122.850318745997, 49.2024508399789], [-122.850409171665, 49.2025108685533], [-122.850501320251, 49.2025718500899], [-122.850521925435, 49.2025855460223], [-122.850682577765, 49.2026923265847], [-122.850661073613, 49.2027063440502], [-122.850341042172, 49.202914486836], [-122.850311569557, 49.2029337237802], [-122.850281629254, 49.2029532650514], [-122.850240539312, 49.2029800420733], [-122.850202702421, 49.2030019308854], [-122.850163363121, 49.2030226512971], [-122.850122605365, 49.2030421590882], [-122.850087341381, 49.2030575753505], [-122.850051015385, 49.2030721514932], [-122.850013849893, 49.2030857887294], [-122.849975901396, 49.2030984663304], [-122.849939627943, 49.2031094735378], [-122.849906849346, 49.2030879015882], [-122.84988323233, 49.2030723602942], [-122.849808278074, 49.2030230324565], [-122.849712152596, 49.2029597729836], [-122.849366623801, 49.2027323776573], [-122.849233522191, 49.2026448146156], [-122.849071384698, 49.2025381497327], [-122.849071353188, 49.2025381290023], [-122.848776555354, 49.2023440079374], [-122.848776440272, 49.2023439322262], [-122.84851491116, 49.2021717162285], [-122.848662080508, 49.2020750117293]]]}, "properties": {"PLAN_AREA": "City Centre", "PLAN_TYPE": "City Centre Plan", "PLAN_YEAR": 2025, "PLAN_STATUS": "Stage 2 Approved (See Surrey 2050 OCP)", "LAND_USE": "Mid Rise"}}, {"type": "Feature", "geometry": {"type": "Polygon", "coordinates": [[[-122.848508521595, 49.1832066486748], [-122.848015944765, 49.1832029089004], [-122.847862588749, 49.1832062331539], [-122.847814163737, 49.1832054128447], [-122.847747124038, 49.1831979896884], [-122.84768286033, 49.1831834323564], [-122.847623130612, 49.1831621407665], [-122.847569559216, 49.1831346954697], [-122.847523612141, 49.1831018441232], [-122.847486539482, 49.1830644825231], [-122.847459353541, 49.1830236311863], [-122.847442794627, 49.1829804029212], [-122.84743731741, 49.1829359776214], [-122.847443067707, 49.182891568052], [-122.847459892196, 49.1828483838816], [-122.847487328902, 49.1828076046833], [-122.847524630645, 49.1827703412865], [-122.847570780214, 49.1827376115106], [-122.847624517911, 49.18271030692], [-122.847684377295, 49.1826891730824], [-122.84774872916, 49.1826747862406], [-122.847815813139, 49.1826675389628], [-122.847835379112, 49.1826668091356], [-122.847997908732, 49.1826632856024], [-122.848016283145, 49.1826631568638], [-122.848522844072, 49.1826670031357], [-122.848532406629, 49.1826671479091], [-122.848912393106, 49.1826758242054], [-122.849668905441, 49.1826828490941], [-122.850167639735, 49.1826798154222], [-122.850206267586, 49.1826807713605], [-122.850273308329, 49.1826881930915], [-122.850337570787, 49.1827027489817], [-122.850397302492, 49.1827240391718], [-122.85045087364, 49.1827514831582], [-122.850496822329, 49.1827843342432], [-122.85053389705, 49.1828216939813], [-122.850561086785, 49.1828625445999], [-122.850577647005, 49.1829057724196], [-122.85058312703, 49.1829501975734], [-122.850577379536, 49.1829946073014], [-122.850560559081, 49.1830377919292], [-122.850533123399, 49.1830785718565], [-122.85049582368, 49.183115836225], [-122.850449677058, 49.1831485671708], [-122.850395940437, 49.1831758730749], [-122.850336080245, 49.1831970083149], [-122.850271729821, 49.1832113965989], [-122.850204644091, 49.1832186453005], [-122.850175281137, 49.1832195121423], [-122.849671713807, 49.1832225755392], [-122.849662065669, 49.1832225602816], [-122.84889651469, 49.1832154506638], [-122.848888019601, 49.1832153136141], [-122.848508521595, 49.1832066486748]]]}, "properties": {"PLAN_AREA": "City Centre", "PLAN_TYPE": "City Centre Plan", "PLAN_YEAR": 2025, "PLAN_STATUS": "Stage 2 Approved (See Surrey 2050 OCP)", "LAND_USE": "Review Buffer"}}, {"type": "Feature", "geometry": {"type": "Polygon", "coordinates": [[[-122.840447471686, 49.1803543534916], [-122.840447260525, 49.1803543064241], [-122.840448509509, 49.1803644503948], [-122.840463018563, 49.1803862598495], [-122.840479569163, 49.1804294891257], [-122.840485041255, 49.1804739138706], [-122.840479283646, 49.180518323104], [-122.840467314081, 49.1805516864749], [-122.840451298099, 49.1805862973049], [-122.840446439265, 49.1805961171007], [-122.840438055092, 49.1806085757558], [-122.840434540249, 49.1806356927463], [-122.840417710405, 49.1806788759043], [-122.840390269075, 49.1807196534334], [-122.840384304316, 49.1807256126976], [-122.84041412645, 49.180718946986], [-122.840481210217, 49.1807117039663], [-122.840549195233, 49.1807117978509], [-122.840616231857, 49.1807192260855], [-122.840680490296, 49.180733786451], [-122.840740214107, 49.1807550816343], [-122.840793777779, 49.1807825310014], [-122.840839719621, 49.1808153850337], [-122.840876785595, 49.1808527487751], [-122.840903964929, 49.1808936016699], [-122.840920517454, 49.1809368308816], [-122.840925988623, 49.1809812556002], [-122.840921896321, 49.1810186516811], [-122.840917885145, 49.1810371567632], [-122.840949426351, 49.1810498773363], [-122.841258558058, 49.1811644561991], [-122.841271646168, 49.1811695187739], [-122.841447431749, 49.1812404096264], [-122.841457612126, 49.1812446514113], [-122.841498095284, 49.1812645030196], [-122.841571331622, 49.1813052462452], [-122.841618400396, 49.1813279772575], [-122.841652947645, 49.1813478215702], [-122.841675711893, 49.1813599506099], [-122.841730197935, 49.1813863933261], [-122.841776140956, 49.1814192469836], [-122.841813208086, 49.1814566104217], [-122.841840388521, 49.181497463093], [-122.84185694069, 49.1815406921651], [-122.841862320318, 49.1815788163746], [-122.841863550978, 49.181613760448], [-122.841871334451, 49.1816381808531], [-122.841907545222, 49.1816523908877], [-122.841915733923, 49.1816560065286], [-122.841948400675, 49.1816705445266], [-122.841999634846, 49.1816893105405], [-122.842053200223, 49.1817167593207], [-122.842099143763, 49.1817496128484], [-122.842136211383, 49.1817869761812], [-122.842163392264, 49.1818278287745], [-122.842166471091, 49.1818339893909], [-122.842173303234, 49.1818482365474], [-122.842191820948, 49.1818659565796], [-122.842214655801, 49.1818905225613], [-122.842241836803, 49.1819313751355], [-122.842258389466, 49.1819746041474], [-122.842263863317, 49.1820190287977], [-122.842263505497, 49.1820297201663], [-122.842261870892, 49.182038021529], [-122.842279606365, 49.1820575278515], [-122.842288425051, 49.1820689001053], [-122.842631227247, 49.1825380697236], [-122.842640381174, 49.1825480634213], [-122.842649905246, 49.1825590354156], [-122.842676095259, 49.1825980298952], [-122.842687528629, 49.1826140310808], [-122.842694753726, 49.1826191097939], [-122.84271180137, 49.1826327834349], [-122.842727445763, 49.1826471585976], [-122.842741623979, 49.1826621740287], [-122.842754273097, 49.1826777657761], [-122.842765339812, 49.1826938663029], [-122.842767201972, 49.1826968804765], [-122.842784567325, 49.1827255002892], [-122.842792141682, 49.1827390251921], [-122.842799908412, 49.1827559344016], [-122.842805971278, 49.182773140836], [-122.842807868199, 49.1827803450836], [-122.84286819992, 49.182875945054], [-122.842903380503, 49.182921197173], [-122.842906190146, 49.1829248791875], [-122.842917256965, 49.1829409796991], [-122.842918824275, 49.18294350952], [-122.842934090712, 49.18296852832], [-122.842941960012, 49.1829825384622], [-122.842949726832, 49.182999447661], [-122.842955789779, 49.183016654087], [-122.842960123017, 49.1830340830439], [-122.842962707566, 49.1830516607445], [-122.842963532685, 49.1830693116134], [-122.842962595868, 49.1830869600865], [-122.842961736972, 49.1830925594142], [-122.843062826612, 49.1831962394295], [-122.84307841511, 49.1832136252058], [-122.843088615475, 49.183226907184], [-122.843125859565, 49.1832789193314], [-122.843176986909, 49.1833425785881], [-122.843201496251, 49.183379561103], [-122.843244549443, 49.1834606252333], [-122.843261535897, 49.1835046741531], [-122.843267009439, 49.1835490987433], [-122.843261255325, 49.1835935089953], [-122.843244426931, 49.1836366925445], [-122.843216986281, 49.183677470725], [-122.843179680623, 49.1837147327206], [-122.843133527252, 49.1837474607324], [-122.84307978734, 49.1837747623271], [-122.843047133344, 49.1837873222164], [-122.843018493395, 49.1837972069431], [-122.842986038526, 49.1838084087903], [-122.842958836719, 49.1838169776411], [-122.84289448199, 49.1838313618081], [-122.842827394354, 49.1838386062217], [-122.842759403675, 49.183838513672], [-122.842692363887, 49.1838310866827], [-122.842629809115, 49.1838170182142], [-122.84257339209, 49.1838009026446], [-122.842545183585, 49.1837922239315], [-122.842518166747, 49.1837820455862], [-122.842492526703, 49.1837704373547], [-122.84246843915, 49.183757478781], [-122.842446069142, 49.1837432586623], [-122.842425569965, 49.1837278744401], [-122.842407082087, 49.1837114315328], [-122.84239073219, 49.1836940426133], [-122.842376072503, 49.1836797730975], [-122.842354621222, 49.1836548141491], [-122.8423466466, 49.1836437390023], [-122.842327519312, 49.1836150888373], [-122.842317646468, 49.1836058731311], [-122.842279060358, 49.1835695836371], [-122.842256537956, 49.183550509754], [-122.842162233623, 49.1835469329971], [-122.842152896937, 49.1835464821637], [-122.842113471024, 49.1835430226377], [-122.842036786451, 49.1835338019048], [-122.842009171702, 49.1835298340694], [-122.841966243786, 49.1835207916954], [-122.841926159666, 49.1835144532535], [-122.841886599419, 49.1835068306203], [-122.841847658728, 49.1834979422325], [-122.841811068757, 49.1834892932423], [-122.841775869964, 49.1834784433523], [-122.841742369644, 49.183465487285], [-122.84171086026, 49.1834505381503], [-122.841681616897, 49.1834337264579], [-122.841654894854, 49.1834151989783], [-122.841643588757, 49.1834045132104], [-122.841630751092, 49.1833951656459], [-122.841611658865, 49.183382348853], [-122.841592895806, 49.1833693248514], [-122.841574467149, 49.1833560972734], [-122.841538150269, 49.183326196431], [-122.84149119352, 49.1833034700459], [-122.841400362583, 49.18325102488], [-122.841264952028, 49.1831870061485], [-122.84123742462, 49.1831727860688], [-122.841211842155, 49.1831570826305], [-122.84118839006, 49.183140009657], [-122.841167238322, 49.1831216908984], [-122.841148540251, 49.1831022591347], [-122.841132431374, 49.1830818552129], [-122.841119028449, 49.1830606270266], [-122.841090002608, 49.1830084753155], [-122.841079510038, 49.1829871399028], [-122.841071944531, 49.1829652786728], [-122.841067365674, 49.1829430638218], [-122.841065809531, 49.182920670331], [-122.841067288354, 49.1828982745888], [-122.841047753439, 49.1828797086683], [-122.84103083674, 49.1828600692988], [-122.84101667454, 49.1828395146993], [-122.841005380927, 49.1828182104617], [-122.840997046882, 49.1827963282169], [-122.840973472116, 49.1827239471721], [-122.840968049827, 49.1827032693798], [-122.840965294436, 49.1826823662008], [-122.840965225388, 49.1826613851767], [-122.840967843166, 49.1826404743986], [-122.840951700385, 49.1826242029937], [-122.840924520067, 49.1825833501215], [-122.840907968365, 49.1825401209241], [-122.840902495672, 49.1824956962146], [-122.840908076656, 49.1824519757748], [-122.840921166856, 49.182400400156], [-122.840928726295, 49.1823771691504], [-122.840939373033, 49.1823544639631], [-122.840953024563, 49.1823324605419], [-122.840969575093, 49.1823113293959], [-122.840988896365, 49.1822912342749], [-122.841003905754, 49.1822770486047], [-122.841024801007, 49.1822590009894], [-122.841048068232, 49.1822422468492], [-122.841073522011, 49.1822269196986], [-122.841100959498, 49.1822131416805], [-122.841118646527, 49.1821850771764], [-122.841066234578, 49.1821466777299], [-122.840983851948, 49.1820964270193], [-122.840938888042, 49.1820641689908], [-122.840931828564, 49.1820580172517], [-122.840866235331, 49.1819991360658], [-122.840843370968, 49.1819762626995], [-122.840808220764, 49.1819368785444], [-122.840781994802, 49.1819143603454], [-122.840762897543, 49.1818965124538], [-122.840733372532, 49.1818663994294], [-122.840713281233, 49.1818483126817], [-122.840650919822, 49.1818403620304], [-122.840642817174, 49.1818403076727], [-122.840578558686, 49.1818257472895], [-122.840518832285, 49.1818044520234], [-122.840510651884, 49.1818008398931], [-122.840421608099, 49.1817604942396], [-122.840374976895, 49.1817352959249], [-122.840348524875, 49.1817319571724], [-122.840284266614, 49.1817173966255], [-122.84022454047, 49.181696101207], [-122.840170976129, 49.1816686515796], [-122.840125033942, 49.1816357972858], [-122.840087967951, 49.1815984333082], [-122.84007776599, 49.1815851474605], [-122.840050158318, 49.1815465839958], [-122.840033181258, 49.1815190176573], [-122.840016389595, 49.181474808399], [-122.839994016396, 49.1813815020473], [-122.839985012648, 49.1813587826411], [-122.839964454583, 49.1813200616084], [-122.839954628655, 49.1812984818315], [-122.839947581867, 49.1812764400933], [-122.839943363298, 49.1812540899185], [-122.839942002325, 49.1812315869803], [-122.839943508426, 49.1812090880155], [-122.839947871106, 49.1811867497332], [-122.839955059973, 49.1811647277228], [-122.839965024954, 49.181143175371], [-122.839981615182, 49.1811123461479], [-122.83998816262, 49.181100186326], [-122.840014725101, 49.1810610574226], [-122.840052031133, 49.1810237964325], [-122.840095960109, 49.180992647038], [-122.840106781362, 49.1809427225995], [-122.840108445073, 49.1809357094383], [-122.840125275274, 49.1808925263277], [-122.840148761233, 49.1808576263395], [-122.84011174756, 49.1808655549065], [-122.840073756721, 49.1808711553434], [-122.840035128644, 49.1808743775392], [-122.840002185632, 49.1808760653064], [-122.839935272238, 49.1808759150149], [-122.839907273325, 49.180873720023], [-122.839749445796, 49.1808577332017], [-122.839710406634, 49.1808524995087], [-122.839693086362, 49.1808493324968], [-122.839641102107, 49.1808390209328], [-122.839594166838, 49.1808276270227], [-122.839534442061, 49.1808063312454], [-122.839480879061, 49.1807788812951], [-122.839434938154, 49.1807460267231], [-122.839397873345, 49.1807086625194], [-122.839370695353, 49.1806678092702], [-122.83935414564, 49.1806245798378], [-122.839348674544, 49.1805801550416], [-122.839354802666, 49.1805343557005], [-122.839357671528, 49.1805238576325], [-122.839351960714, 49.1805153427963], [-122.839308593508, 49.1804335723983], [-122.839304342892, 49.1804288088488], [-122.839199291271, 49.1803184508279], [-122.839197337311, 49.1803205719069], [-122.83916879887, 49.1803477853476], [-122.839159734512, 49.1803549519045], [-122.839156648131, 49.1803593103458], [-122.839154156841, 49.1803633763677], [-122.839143256801, 49.1803818915856], [-122.839120834292, 49.180413671471], [-122.839083528021, 49.180450932164], [-122.839037374994, 49.1804836585578], [-122.838983634996, 49.1805109591609], [-122.838923773175, 49.1805320884939], [-122.838859422916, 49.1805464704258], [-122.838792339137, 49.1805537125036], [-122.838724352972, 49.1805536175832], [-122.838657316857, 49.1805461882507], [-122.838593060629, 49.1805316267619], [-122.838533336638, 49.1805103304667], [-122.838479774513, 49.1804828800515], [-122.838433834542, 49.1804500250806], [-122.838396770709, 49.1804126605547], [-122.838369593702, 49.1803718070689], [-122.83835304496, 49.1803285774918], [-122.838347576164, 49.1802841526487], [-122.838353334283, 49.1802397426202], [-122.838370164401, 49.1801965597596], [-122.838375184215, 49.1801875624497], [-122.838384845449, 49.1801711531781], [-122.838389052241, 49.1801636362623], [-122.838400278842, 49.1801456172149], [-122.838406896468, 49.1801360014609], [-122.838414305333, 49.1801256932729], [-122.838426932187, 49.180107465691], [-122.838434924874, 49.1800969523251], [-122.838441735307, 49.1800883802981], [-122.838455862012, 49.1800726474199], [-122.838465086391, 49.1800631261617], [-122.838478964042, 49.1800497110313], [-122.838489560849, 49.1800401008376], [-122.838500893701, 49.1800303126649], [-122.838511800708, 49.1800210924011], [-122.838525138428, 49.1800078780058], [-122.838533692219, 49.1799999155963], [-122.838542081235, 49.1799919889372], [-122.838557203266, 49.1799786088198], [-122.838561765776, 49.1799747732879], [-122.838499122767, 49.1799605774119], [-122.838439399504, 49.1799392810668], [-122.838385838046, 49.179911830606], [-122.838339898665, 49.179878975595], [-122.838302835328, 49.1798416110358], [-122.838274894679, 49.1797989960662], [-122.838258024712, 49.1797806836749], [-122.838243476592, 49.1797615344033], [-122.838231346227, 49.1797416744997], [-122.838221713589, 49.1797212348972], [-122.838214642182, 49.1797003503508], [-122.838210178622, 49.1796791585486], [-122.838206033041, 49.1796519067534], [-122.838204002266, 49.1796245508762], [-122.838210525628, 49.1795781764398], [-122.838206748893, 49.179546376217], [-122.838204715453, 49.1795189969477], [-122.838207376612, 49.1794889283516], [-122.838225224159, 49.1793865593865], [-122.838230363352, 49.1793649122989], [-122.838238164141, 49.1793436098495], [-122.838248575107, 49.1793227924446], [-122.838261527627, 49.1793025972935], [-122.838276936328, 49.1792831575038], [-122.83829998487, 49.1792567560676], [-122.838307516429, 49.1792361774433], [-122.838317975128, 49.1792161562685], [-122.838331267713, 49.1791968710555], [-122.83834727566, 49.1791784937545], [-122.838365856238, 49.17916118822], [-122.838380656102, 49.1791232180074], [-122.838409373711, 49.1790809261154], [-122.838422745227, 49.1790652686423], [-122.83842828357, 49.1790524343098], [-122.838435407402, 49.1790399406384], [-122.838444068814, 49.1790278716506], [-122.838454209554, 49.1790163085128], [-122.838465761423, 49.1790053289894], [-122.838467675741, 49.1789892796], [-122.838471508578, 49.1789733785286], [-122.838477236208, 49.1789577241863], [-122.838484823184, 49.178942413457], [-122.838494222547, 49.1789275410979], [-122.838510961428, 49.178901260327], [-122.838516325158, 49.1788598892543], [-122.838526634353, 49.1788302118442], [-122.83853793924, 49.1788044685887], [-122.838535971826, 49.1787828968069], [-122.838539226396, 49.1787495988017], [-122.838540785196, 49.1787381849923], [-122.838513373637, 49.1787135776877], [-122.838474403486, 49.1786746246306], [-122.838447227364, 49.1786337711516], [-122.838430679129, 49.1785905415731], [-122.83842520908, 49.1785461167186], [-122.838425824674, 49.1785365699233], [-122.838421834227, 49.1785261441357], [-122.838418400418, 49.178509109349], [-122.838404668492, 49.1784180446751], [-122.838386735093, 49.1784041451639], [-122.838375250365, 49.1783953685273], [-122.838350890519, 49.1783748262226], [-122.838329662779, 49.1783528408936], [-122.83831176463, 49.178329617078], [-122.838297362579, 49.1783053708355], [-122.8382860489, 49.178282850445], [-122.838241222646, 49.1782507894333], [-122.838210573282, 49.1782198906743], [-122.838197498871, 49.1782105387893], [-122.83816043688, 49.1781731750745], [-122.838133261293, 49.1781323206191], [-122.838116712126, 49.1780890909904], [-122.838114281372, 49.1780779702384], [-122.838110844064, 49.1780595258661], [-122.838103093209, 49.1780387432671], [-122.838098164873, 49.1780175938495], [-122.838096097364, 49.1779962420369], [-122.838096906755, 49.177974853826], [-122.838100586747, 49.1779535954961], [-122.838107108728, 49.177932632317], [-122.83798257746, 49.1777394149062], [-122.837971387778, 49.177720317275], [-122.83796257379, 49.1777006921612], [-122.837956192437, 49.1776806663571], [-122.837952284944, 49.1776603692434], [-122.837950876554, 49.1776399319536], [-122.837951976363, 49.1776194865267], [-122.837855878692, 49.1775060525882], [-122.837811282665, 49.1774831957643], [-122.837785653735, 49.1774651160074], [-122.837778985959, 49.1774616002564], [-122.837754353103, 49.1774475203751], [-122.837731507388, 49.1774322000307], [-122.837710593714, 49.1774157363934], [-122.837691744724, 49.1773982338848], [-122.837675079968, 49.1773798035156], [-122.837633579248, 49.1773650036054], [-122.837580021011, 49.1773375527621], [-122.837534085915, 49.1773046974208], [-122.837497025103, 49.1772673325889], [-122.837469849181, 49.1772264788697], [-122.837453302264, 49.177183249142], [-122.837447834614, 49.1771388242332], [-122.837453593163, 49.1770944151253], [-122.83747042299, 49.1770512323718], [-122.837497866056, 49.1770104546133], [-122.837535170921, 49.1769731953082], [-122.837558703197, 49.1769551558632], [-122.837582312954, 49.1769385908594], [-122.837605771664, 49.1769234035272], [-122.837631158069, 49.1769096128249], [-122.837658279388, 49.1768973234775], [-122.837686929663, 49.176886628809], [-122.837682907978, 49.1768539547617], [-122.837688666286, 49.17680954474], [-122.837705497184, 49.1767663619518], [-122.837732938524, 49.1767255850326], [-122.837744554068, 49.1767109785194], [-122.837738528423, 49.1766650982895], [-122.837744288028, 49.176620689165], [-122.837761117444, 49.1765775054656], [-122.837788558634, 49.1765367285317], [-122.837825862924, 49.1764994691291], [-122.837862944659, 49.1764723606494], [-122.8378993428, 49.1764491173977], [-122.837908411174, 49.1764434990397], [-122.83796214735, 49.1764161998131], [-122.838022004611, 49.1763950709587], [-122.83808634973, 49.176380688578], [-122.838153427966, 49.1763734477988], [-122.838221408405, 49.1763735430494], [-122.838230740434, 49.1763745770936], [-122.838251823478, 49.1763715715945], [-122.838278612241, 49.1763683339061], [-122.838294650527, 49.1763639855257], [-122.838305163749, 49.1763595862298], [-122.838335419971, 49.1763394016537], [-122.838363493173, 49.1763251383491], [-122.838389979899, 49.1763063553547], [-122.838426410775, 49.1762868522471], [-122.838442311302, 49.1762792896164], [-122.838456444503, 49.1762619842851], [-122.83847266292, 49.1762454836678], [-122.838490860634, 49.1762298955273], [-122.838510918795, 49.1762153216667], [-122.838532706405, 49.1762018572654], [-122.838545487953, 49.1761943829115], [-122.838527664491, 49.1761675887416], [-122.838521411737, 49.1761512525459], [-122.838504531654, 49.1761348097225], [-122.838489836905, 49.1761174884723], [-122.838477433135, 49.1760994133286], [-122.838467409521, 49.1760807142446], [-122.838459838126, 49.176061525659], [-122.838454773381, 49.1760419855301], [-122.838448278812, 49.176033353506], [-122.838443890552, 49.1760267582761], [-122.838427395918, 49.1760149602916], [-122.838390335392, 49.1759775957383], [-122.83836316081, 49.175936742222], [-122.838346613542, 49.1758935126122], [-122.838344182823, 49.1758823981576], [-122.838323435273, 49.1757710867799], [-122.838322421902, 49.1757599626149], [-122.838319021951, 49.1757528209469], [-122.838304119793, 49.1757324405079], [-122.838291934483, 49.1757112982407], [-122.838282555547, 49.1756895494846], [-122.83827605189, 49.1756673540346], [-122.838272471294, 49.1756448749674], [-122.838271840062, 49.1756222774436], [-122.838274162827, 49.1755997274936], [-122.838272451634, 49.1755905480442], [-122.838269718589, 49.1755681726461], [-122.838269829299, 49.1755457257327], [-122.838272782996, 49.1755233623906], [-122.838278559269, 49.1755012371286], [-122.838287118205, 49.1754795028107], [-122.838298400667, 49.1754583095996], [-122.838302037846, 49.1754440030948], [-122.838288124609, 49.1754299760583], [-122.838266007953, 49.1753983003542], [-122.838247839804, 49.1753671033314], [-122.838242783643, 49.1753579245932], [-122.83822916499, 49.1753250868914], [-122.838207778467, 49.1752567453625], [-122.838201947653, 49.1752326097952], [-122.838199470936, 49.1752082273609], [-122.838200368618, 49.1751837980038], [-122.838203128911, 49.1751577594399], [-122.838176000315, 49.1751547520647], [-122.838111749831, 49.1751401903], [-122.838052033901, 49.1751188937448], [-122.837998477852, 49.1750914430871], [-122.837952543181, 49.1750585878994], [-122.837915483726, 49.1750212231886], [-122.837888310057, 49.1749803695548], [-122.837871762147, 49.1749371398685], [-122.837866294365, 49.1748927149621], [-122.837872052274, 49.1748483058153], [-122.837888882343, 49.1748051229847], [-122.837916322447, 49.1747643451072], [-122.837953625307, 49.1747270856503], [-122.837966954958, 49.1747176331511], [-122.837970311607, 49.1747029371303], [-122.837975379677, 49.1746884535125], [-122.837982129233, 49.1746742678391], [-122.837990520411, 49.174660463892], [-122.837991543407, 49.1746307725811], [-122.837990443174, 49.1745912211883], [-122.837991193724, 49.1745696895268], [-122.837994667009, 49.1745482729713], [-122.838000839065, 49.174527119266], [-122.838009667312, 49.1745063743418], [-122.838016715851, 49.1744843963597], [-122.838026535026, 49.1744628802671], [-122.838039056441, 49.1744419759279], [-122.838054192878, 49.1744218289452], [-122.838071838907, 49.1744025796465], [-122.83809490973, 49.1743796207808], [-122.838113913407, 49.1743463115578], [-122.838128417502, 49.1743239999184], [-122.838145918465, 49.1743026322224], [-122.838166274921, 49.1742823810767], [-122.838189322427, 49.1742634100688], [-122.838214874806, 49.1742458724449], [-122.838231955201, 49.174234341846], [-122.838242509238, 49.1742227535284], [-122.838246194465, 49.1742105205176], [-122.838260982013, 49.1741746389909], [-122.838270455246, 49.1741633675924], [-122.838271452936, 49.1741590773084], [-122.838268512304, 49.1741192138977], [-122.838257490595, 49.174060433643], [-122.83825329547, 49.1740266250431], [-122.838251286982, 49.1739545910688], [-122.838251219872, 49.1739490813231], [-122.838256977328, 49.1739046712498], [-122.838273805368, 49.1738614883534], [-122.838301244631, 49.1738207112764], [-122.838338547862, 49.1737834516899], [-122.838366680674, 49.1737622341571], [-122.838382619836, 49.1737514080726], [-122.838397873535, 49.1737404191105], [-122.838436642135, 49.1737009792705], [-122.838482789244, 49.1736682521725], [-122.838536522097, 49.173640952662], [-122.838596375765, 49.1736198234959], [-122.838662483769, 49.1736051563008], [-122.838672022509, 49.173603640417], [-122.838687292735, 49.1735985092115], [-122.838710459855, 49.1735913147056], [-122.838774801136, 49.1735769328299], [-122.838841875486, 49.1735696907436], [-122.838909852088, 49.173569785585], [-122.838977450618, 49.1735773118176], [-122.838992162384, 49.1735798042519], [-122.83905137198, 49.1735790960955], [-122.839085737983, 49.1735796264961], [-122.839119916641, 49.1735820351644], [-122.83915366957, 49.173586305301], [-122.839186761358, 49.1735924071234], [-122.839198757756, 49.1735949785073], [-122.839203571411, 49.1735832984509], [-122.839231009756, 49.1735425211501], [-122.839268310712, 49.1735052603591], [-122.839314457088, 49.1734725338264], [-122.839368189276, 49.1734452330277], [-122.839391494524, 49.1734355774494], [-122.839414091409, 49.1734107826061], [-122.839425595492, 49.1733997028378], [-122.839436154275, 49.1733822638402], [-122.839450580619, 49.1733611302744], [-122.839467716877, 49.1733408853077], [-122.839487436895, 49.1733216779759], [-122.839509595498, 49.1733036496759], [-122.839534029562, 49.1732869331248], [-122.83954103804, 49.1732825324425], [-122.839567779223, 49.1732671392833], [-122.839596448336, 49.1732533180808], [-122.839626831085, 49.1732411721441], [-122.839658700368, 49.1732307922602], [-122.839691817973, 49.1732222560153], [-122.839725936354, 49.1732156272149], [-122.839938110158, 49.1731810249216], [-122.839962743943, 49.1731783820453], [-122.840025458758, 49.1731643633288], [-122.840093525665, 49.1731571209908], [-122.840102364342, 49.1731467328045], [-122.840131700589, 49.1731174287861], [-122.840142453789, 49.1731021488765], [-122.840154604159, 49.1730862790058], [-122.840164463181, 49.1730764301489], [-122.840561333452, 49.17307488194], [-122.840986379886, 49.1730732218446], [-122.841409230889, 49.1730716471234], [-122.841748936532, 49.1730703176606], [-122.842035269764, 49.1730691840658], [-122.842321602698, 49.1730681397142], [-122.842592568432, 49.1730670728083], [-122.842786019022, 49.1730663495347], [-122.843972371878, 49.1730617678847], [-122.843968778505, 49.1723764971748], [-122.844379133173, 49.172374986449], [-122.844812732539, 49.1723734668237], [-122.844815387134, 49.1723883510671], [-122.844816776902, 49.1724033090024], [-122.844816897551, 49.1724182944588], [-122.844815973546, 49.1724452891669], [-122.84481733723, 49.1724940152206], [-122.844816755176, 49.1725150086953], [-122.844813576677, 49.1725359019577], [-122.844807822696, 49.1725565571848], [-122.844799531187, 49.1725768381237], [-122.844788756842, 49.1725966109905], [-122.844775570732, 49.1726157453523], [-122.844800136778, 49.1726245047599], [-122.844853693937, 49.1726519522763], [-122.844899630958, 49.1726848047351], [-122.844936693935, 49.1727221672234], [-122.844963872177, 49.1727630192194], [-122.844971400522, 49.1727791220089], [-122.844988232779, 49.1728195948983], [-122.844997257818, 49.172846720799], [-122.845002733133, 49.1728911453916], [-122.844996980461, 49.1729355549138], [-122.844980158582, 49.172978738803], [-122.844952725266, 49.1730195183784], [-122.844915428941, 49.1730567801136], [-122.844896566632, 49.173071490965], [-122.844843983819, 49.1731096559674], [-122.844816703786, 49.1731276738807], [-122.844762974933, 49.1731549772192], [-122.844703124442, 49.1731761095862], [-122.84463878539, 49.1731904947681], [-122.844609695539, 49.173193637285], [-122.844602110983, 49.1731990161938], [-122.844561349896, 49.1732205564751], [-122.844473499478, 49.1732612204169], [-122.84443782245, 49.1732760576372], [-122.844400127319, 49.1732885671967], [-122.844360766255, 49.173298632223], [-122.844415201273, 49.1733416187909], [-122.844424717607, 49.1733493694116], [-122.844445348309, 49.1733684727422], [-122.844466329159, 49.1733822315036], [-122.844491361043, 49.1733995302649], [-122.844513966167, 49.173418210292], [-122.844533968034, 49.1734381257364], [-122.844551210471, 49.1734591211034], [-122.844563456687, 49.173475754697], [-122.844601464321, 49.1735243825362], [-122.844624734163, 49.1735603565659], [-122.844631536653, 49.1735747357893], [-122.844657722133, 49.1736360896163], [-122.844672008108, 49.1736554947102], [-122.844684404324, 49.1736645562068], [-122.844713264649, 49.1736936490976], [-122.844853672728, 49.1736820727954], [-122.844891155188, 49.1736801178278], [-122.844928753353, 49.1736804135732], [-122.844966153491, 49.1736829575637], [-122.845003043527, 49.1736877285716], [-122.845039115638, 49.1736946867862], [-122.845127212326, 49.1737145902355], [-122.845225998311, 49.1737357537999], [-122.845251556003, 49.1737421684514], [-122.845288009084, 49.1737462076298], [-122.845352258507, 49.173760765404], [-122.845411977317, 49.1737820581927], [-122.845465536062, 49.1738095054214], [-122.845511474558, 49.1738423576317], [-122.845548538858, 49.1738797199174], [-122.845571397762, 49.1739126698673], [-122.845648589437, 49.1740472247488], [-122.845659419751, 49.1740688236524], [-122.845667438598, 49.1740909436257], [-122.845672589055, 49.1741134276536], [-122.845674834558, 49.1741361161366], [-122.845674159163, 49.1741588480239], [-122.845659949282, 49.1743098483456], [-122.845654976887, 49.1743381896417], [-122.845638155102, 49.1743813736162], [-122.845610721551, 49.1744221524382], [-122.84557342466, 49.1744594152758], [-122.845532877853, 49.1744881740496], [-122.845519165604, 49.1745108347801], [-122.845502090165, 49.1745353935257], [-122.845484189163, 49.174558062141], [-122.845489331431, 49.1745606974619], [-122.845512442154, 49.1745758612545], [-122.845532255246, 49.1745899393908], [-122.845551608936, 49.1746017464835], [-122.845596549922, 49.1746339919341], [-122.845634514207, 49.1746724618179], [-122.845682943584, 49.1747327449998], [-122.845698379475, 49.1747541833504], [-122.845710878637, 49.174776428972], [-122.845720344125, 49.1747993093308], [-122.845726702522, 49.1748226469703], [-122.845729904507, 49.1748462608869], [-122.845729925243, 49.1748699679341], [-122.845740678004, 49.1748915315151], [-122.845748412403, 49.1749136442834], [-122.845753065054, 49.1749361250265], [-122.845754597823, 49.1749587895163], [-122.845752998146, 49.1749814520183], [-122.845748279127, 49.1750039268145], [-122.845740479435, 49.1750260297246], [-122.845768783253, 49.1750324425309], [-122.845828503771, 49.1750537351011], [-122.845882064117, 49.1750811821322], [-122.845928004064, 49.175114034171], [-122.845965069628, 49.1751513954164], [-122.845992250039, 49.1751922480548], [-122.846000571041, 49.1752100213638], [-122.846071458184, 49.1752097974349], [-122.846138488213, 49.1752172224646], [-122.84620273979, 49.1752317797641], [-122.846262460734, 49.1752530721097], [-122.846316021535, 49.1752805189389], [-122.846340638044, 49.1752956512847], [-122.846398926412, 49.1753081810849], [-122.846458647532, 49.1753294733289], [-122.846512208528, 49.1753569191675], [-122.846558149144, 49.1753897718542], [-122.846595215388, 49.1754271328963], [-122.846622396471, 49.1754679844856], [-122.846638950805, 49.1755112138193], [-122.846640866145, 49.1755267585228], [-122.846653748356, 49.175544873367], [-122.846676863103, 49.1755829849577], [-122.846683960067, 49.1755955905635], [-122.846697916254, 49.1756320348467], [-122.847702681183, 49.1756304533676], [-122.847711534712, 49.1756305019238], [-122.848051305069, 49.1756347581032], [-122.848060717956, 49.1756349467966], [-122.848192793073, 49.1756385836953], [-122.848286903028, 49.175637238426], [-122.848313002011, 49.1756187252046], [-122.848366731585, 49.1755914202268], [-122.848426583435, 49.1755702859714], [-122.84849092448, 49.1755558986872], [-122.8485580001, 49.1755486509615], [-122.848625979443, 49.1755487400865], [-122.848693010315, 49.1755561636339], [-122.848704088903, 49.1755581274399], [-122.84875168196, 49.1755670286087], [-122.848804856157, 49.1755796215589], [-122.848815160243, 49.1755827132562], [-122.848907965271, 49.1756115730453], [-122.848939075323, 49.1756223382933], [-122.848968669752, 49.1756348057968], [-122.848996532402, 49.1756488844931], [-122.849022459761, 49.1756644715513], [-122.849046262453, 49.1756814531236], [-122.849067766622, 49.1756997051761], [-122.849086815197, 49.1757190943955], [-122.84911293199, 49.175748352602], [-122.849134645093, 49.1757645047199], [-122.849154226803, 49.1757817883491], [-122.849171540542, 49.1758000829435], [-122.849186465551, 49.1758192609057], [-122.849198897733, 49.1758391884771], [-122.849208750374, 49.1758597266705], [-122.849215954752, 49.1758807322401], [-122.849219349047, 49.1758925133787], [-122.849232998696, 49.1759149935543], [-122.849243344161, 49.1759382193566], [-122.849250292684, 49.175961982554], [-122.849253781963, 49.1759860700968], [-122.84925378071, 49.1760102660268], [-122.849249871537, 49.176071789988], [-122.849251066525, 49.1760925914856], [-122.849251272027, 49.176105793323], [-122.849295579238, 49.1761170980314], [-122.849355301204, 49.1761383887749], [-122.849408864673, 49.1761658341681], [-122.849454807959, 49.176198684801], [-122.849491876985, 49.1762360458104], [-122.849518193275, 49.1762752476371], [-122.849555092399, 49.1763447091932], [-122.849572083393, 49.1763887617419], [-122.849576091712, 49.1764098529514], [-122.849597379646, 49.1765744766003], [-122.849598851134, 49.1765978097425], [-122.849594948067, 49.1766343500465], [-122.849574826854, 49.1767335245005], [-122.849601847531, 49.1769003648628], [-122.849654087144, 49.1769004328829], [-122.849721118624, 49.176907855832], [-122.849785374814, 49.1769224111389], [-122.849845099332, 49.176943701629], [-122.849871431702, 49.1769560271017], [-122.849904440001, 49.1769726142439], [-122.849932637158, 49.1769776370072], [-122.849966157516, 49.1769847916765], [-122.84999855181, 49.1769939071872], [-122.850029553804, 49.1770049086226], [-122.850058908703, 49.1770177055661], [-122.850086375249, 49.1770321928445], [-122.850153180004, 49.1770398068491], [-122.850217436493, 49.1770543619156], [-122.850277159983, 49.1770756521802], [-122.850330724973, 49.177103097143], [-122.850376669736, 49.1771359474052], [-122.850413740155, 49.1771733081139], [-122.850440925335, 49.177214158796], [-122.850443241159, 49.1772196993287], [-122.850450426299, 49.1772248368788], [-122.850469528786, 49.1772451533106], [-122.850486754968, 49.1772625141386], [-122.850505857488, 49.1772828296647], [-122.850533042804, 49.1773236803245], [-122.850549602535, 49.1773669081899], [-122.850555081937, 49.1774113324877], [-122.850551525402, 49.1774382590441], [-122.850553036871, 49.1774443688382], [-122.850568949477, 49.1774651182984], [-122.850577388836, 49.1774834428376], [-122.850597491594, 49.1775334316813], [-122.8506136822, 49.1775612122549], [-122.850618758629, 49.1775704174593], [-122.850635317144, 49.1776136453089], [-122.850640798022, 49.1776580696027], [-122.850635049831, 49.1777024793732], [-122.85061823123, 49.177745664051], [-122.850590799902, 49.1777864440342], [-122.850553504212, 49.1778237084595], [-122.850507361184, 49.1778564394616], [-122.850453630331, 49.1778837454233], [-122.85039377655, 49.1779048807189], [-122.85037940452, 49.1779087813706], [-122.850265104984, 49.1779380524996], [-122.850250502344, 49.177941524658], [-122.850215552796, 49.1779495179319], [-122.850179628933, 49.1779553671431], [-122.850143036076, 49.1779590225781], [-122.850106085235, 49.1779604531688], [-122.850069090461, 49.1779596467566], [-122.850032366177, 49.177956610195], [-122.849996224511, 49.1779513692925], [-122.849961603542, 49.1779512826774], [-122.849927138507, 49.1779491291429], [-122.849893115913, 49.1779449265912], [-122.849859818586, 49.1779387099579], [-122.849827523326, 49.1779305309214], [-122.849761597814, 49.1779121990235], [-122.849730415204, 49.177902345584], [-122.849700616603, 49.1778907972056], [-122.849672415868, 49.1778776367679], [-122.849646015385, 49.1778629587197], [-122.849621604621, 49.1778468684011], [-122.849599358764, 49.1778294812877], [-122.849579437463, 49.1778109221615], [-122.849561983684, 49.1777913242158], [-122.849543199535, 49.1777760933224], [-122.849526342838, 49.177759922173], [-122.849511522597, 49.177742915341], [-122.849498834647, 49.177725182804], [-122.849488361035, 49.1777068392322], [-122.849480169489, 49.177688003247], [-122.849461813942, 49.1776784478562], [-122.849448904505, 49.1776728611114], [-122.849418118543, 49.1776625876083], [-122.849388861385, 49.1776505460688], [-122.849361368643, 49.1776368334657], [-122.849335861717, 49.1776215602284], [-122.849312546017, 49.1776048493548], [-122.849291609306, 49.1775868354198], [-122.849273220187, 49.1775676634921], [-122.849258256562, 49.1775589922402], [-122.849254461359, 49.1775517748201], [-122.849241315245, 49.1775468821835], [-122.849201991358, 49.1775324724754], [-122.849148426531, 49.1775050269914], [-122.84910248224, 49.1774721762431], [-122.849065412587, 49.1774348151161], [-122.849046544093, 49.1774085546355], [-122.849036736546, 49.1773927513894], [-122.849004383464, 49.177357432054], [-122.848986747578, 49.1773360529555], [-122.848972116847, 49.1773137203944], [-122.848960609916, 49.1772906154783], [-122.848952320098, 49.177266925578], [-122.848947314614, 49.177242842808], [-122.848945634051, 49.1772185624686], [-122.848940049917, 49.1772180505257], [-122.848875793592, 49.1772034947491], [-122.848816070551, 49.1771822037606], [-122.848762506316, 49.1771547580965], [-122.848716562605, 49.1771219071932], [-122.848702329378, 49.1771091097615], [-122.848619818118, 49.1770301565438], [-122.848601097015, 49.1770104802545], [-122.848585021888, 49.1769898228144], [-122.848571711456, 49.1769683367882], [-122.848561264018, 49.1769461808602], [-122.848553756729, 49.1769235186619], [-122.848549245031, 49.1769005175636], [-122.848536390433, 49.1768015159346], [-122.84853490803, 49.1767792461709], [-122.848536234137, 49.1767569721713], [-122.848540359702, 49.1767348459157], [-122.848547256572, 49.1767130183758], [-122.848556877684, 49.1766916384847], [-122.84856915739, 49.176670852121], [-122.848584011898, 49.1766508011134], [-122.848617493726, 49.1766099872517], [-122.848616339375, 49.1765898910377], [-122.848617334903, 49.1765788343652], [-122.848612546465, 49.176567580309], [-122.848602823683, 49.1765482742399], [-122.848595550333, 49.1765285101709], [-122.848590775479, 49.1765084214353], [-122.848588531331, 49.1764881435564], [-122.848588833025, 49.1764678133337], [-122.848589099672, 49.1764636110581], [-122.84858034896, 49.1764626424801], [-122.848516095094, 49.1764480856048], [-122.848456371744, 49.1764267944267], [-122.848402808518, 49.1763993494927], [-122.848379701549, 49.1763841871884], [-122.84832573086, 49.1763459832505], [-122.848279417064, 49.176312902301], [-122.848259629186, 49.1762936874321], [-122.848240550226, 49.1762741685491], [-122.848224123805, 49.1762563441181], [-122.848209907761, 49.17623772092], [-122.848197991843, 49.1762184165314], [-122.84818845128, 49.1761985528297], [-122.848181346301, 49.1761782552231], [-122.848171363539, 49.1761781890267], [-122.848030889439, 49.1761743206662], [-122.847700215783, 49.1761701780726], [-122.847006777908, 49.1761712701609], [-122.847013614568, 49.1762042840403], [-122.847042495597, 49.176247170725], [-122.84704729078, 49.1762570008928], [-122.847065662273, 49.1762989129487], [-122.847091590472, 49.1763086893765], [-122.847116247669, 49.1763197895739], [-122.847139476977, 49.1763321429137], [-122.847161130595, 49.1763456707952], [-122.847181070743, 49.1763602871442], [-122.847238612212, 49.1763921816082], [-122.847264922027, 49.1764084837693], [-122.847288945282, 49.1764262384796], [-122.847310496148, 49.176445308402], [-122.847329407921, 49.1764655460254], [-122.847345534309, 49.1764867948061], [-122.847394019122, 49.1765584123576], [-122.847406106603, 49.1765783451723], [-122.84741551817, 49.1765988889058], [-122.847422183231, 49.1766198894742], [-122.847426051791, 49.1766411893669], [-122.847434519941, 49.1766497236435], [-122.847461702382, 49.1766905750279], [-122.847478257855, 49.1767338033338], [-122.847483735812, 49.1767782277813], [-122.84748234675, 49.1767998381618], [-122.847469532515, 49.1769018356411], [-122.847465823687, 49.1769220934855], [-122.847459524433, 49.1769420744026], [-122.847450679556, 49.1769616362758], [-122.847439351961, 49.1769806399691], [-122.847460545815, 49.1769941627805], [-122.847500079508, 49.1770230459696], [-122.847537147676, 49.1770604076002], [-122.847564330426, 49.1771012589579], [-122.847580886125, 49.1771444872461], [-122.847586364218, 49.1771889116857], [-122.847580613349, 49.1772333213052], [-122.847566696643, 49.1772707892336], [-122.847553158511, 49.1772984599314], [-122.847550254114, 49.1773041771361], [-122.847541950604, 49.1773179389455], [-122.847539689012, 49.1773323698885], [-122.847523595497, 49.1773745134156], [-122.847536090052, 49.1773841927097], [-122.847575418051, 49.1774234301395], [-122.847592233513, 49.1774464435308], [-122.8476282735, 49.1775024178368], [-122.847638642414, 49.17752025579], [-122.847645581167, 49.1775349561391], [-122.847650244107, 49.1775459303128], [-122.847658480261, 49.1775692809348], [-122.847663523036, 49.1775930186168], [-122.847665332633, 49.1776169560346], [-122.847663894766, 49.1776409042877], [-122.847659220779, 49.1776646743898], [-122.847630342783, 49.1777700967963], [-122.847614255868, 49.1778105159343], [-122.847586822035, 49.1778512961006], [-122.847549524046, 49.1778885586535], [-122.847508165649, 49.1779178936344], [-122.847521781406, 49.1779248695099], [-122.847567723692, 49.1779577217816], [-122.847604792609, 49.1779950824856], [-122.847631977297, 49.178035933823], [-122.847648533365, 49.1780791620949], [-122.847654010244, 49.178123587422], [-122.847653701252, 49.1781335106762], [-122.84764961171, 49.1782025823152], [-122.847644362803, 49.1782363169199], [-122.847637883424, 49.178261905518], [-122.847639166316, 49.1782990129974], [-122.847639700698, 49.1783050639696], [-122.847656572978, 49.178323083209], [-122.84766818153, 49.178336303684], [-122.847672500782, 49.1783417074861], [-122.84770287721, 49.1783807738406], [-122.847717973912, 49.1784025172267], [-122.847730078073, 49.1784250507616], [-122.847739094818, 49.1784481978308], [-122.847744953472, 49.1784717770104], [-122.84774760811, 49.1784956034897], [-122.847751068598, 49.1785747670603], [-122.847751235325, 49.1785830375974], [-122.847748839909, 49.1786115739603], [-122.847743268689, 49.1786452730604], [-122.847738264617, 49.178667135265], [-122.847730547986, 49.1786886556218], [-122.847720170571, 49.1787096897311], [-122.847709655815, 49.1787299036906], [-122.847705649178, 49.1787594427069], [-122.847700442557, 49.1787842436787], [-122.847691707417, 49.1788086146706], [-122.847679520911, 49.178832340415], [-122.847663990676, 49.1788552113434], [-122.847645253887, 49.1788770254376], [-122.847623476039, 49.178897590014], [-122.84760615626, 49.1789197110933], [-122.847585777691, 49.1789406820958], [-122.847562516467, 49.1789603217636], [-122.847536573637, 49.1789784603461], [-122.847508173429, 49.1789949410663], [-122.847477561313, 49.1790096214767], [-122.847424345943, 49.1790379044989], [-122.847364489481, 49.1790590391171], [-122.847300143568, 49.1790734257602], [-122.847233063004, 49.1790806718464], [-122.847165078828, 49.1790805818967], [-122.847098043426, 49.1790731583621], [-122.847033786616, 49.1790586015653], [-122.846974060768, 49.1790373087283], [-122.84692049555, 49.1790098631173], [-122.846874551346, 49.1789770114913], [-122.846837482249, 49.1789396496596], [-122.846810299095, 49.1788987981435], [-122.846793743486, 49.1788555697581], [-122.846788267297, 49.1788111443966], [-122.846793218787, 49.1787699541003], [-122.846796258704, 49.1787572836967], [-122.846803575477, 49.1787337026473], [-122.846814197552, 49.1787106682783], [-122.846828033312, 49.1786883792538], [-122.846844963426, 49.1786670278091], [-122.846864841871, 49.1786467980931], [-122.846887497201, 49.17862786458], [-122.846897939294, 49.1786010606111], [-122.846919539258, 49.1785676112806], [-122.846908307148, 49.1785556154958], [-122.846890320713, 49.1785343069953], [-122.846875338661, 49.1785120219511], [-122.846863483077, 49.1784889419622], [-122.84683584458, 49.1784258668525], [-122.846825323138, 49.1783952399496], [-122.846820535289, 49.1783669747318], [-122.846816868065, 49.1783254968423], [-122.846816284054, 49.1783159969862], [-122.846813961259, 49.1782488085928], [-122.84681385695, 49.1782421492025], [-122.846819415585, 49.1781984904849], [-122.846827981672, 49.1781646685644], [-122.846831066358, 49.1781125752297], [-122.846836508848, 49.1780780880075], [-122.846853330851, 49.1780349038864], [-122.846880765385, 49.1779941247959], [-122.846902051726, 49.1779728592412], [-122.846876282973, 49.1779647022827], [-122.846862146951, 49.1779596101655], [-122.846833180995, 49.1779488654954], [-122.846779617029, 49.1779214198151], [-122.846733673923, 49.1778885681279], [-122.846696605744, 49.1778512062448], [-122.84668010741, 49.1778273376884], [-122.846668982487, 49.1778104755404], [-122.846632353597, 49.1777539811245], [-122.846622400114, 49.1777367885993], [-122.846608662039, 49.1777019637719], [-122.846604152113, 49.1776952688444], [-122.846535888789, 49.1776378553277], [-122.846518041368, 49.1776265667413], [-122.846478495446, 49.1775976742073], [-122.846441427675, 49.1775603122409], [-122.8464142456, 49.1775194606229], [-122.846397689421, 49.1774762321692], [-122.846392283165, 49.1774373039257], [-122.846389580002, 49.1773407056304], [-122.846390361847, 49.1773184096409], [-122.846393949249, 49.1772962321208], [-122.846400317704, 49.1772743245477], [-122.846409423708, 49.1772528365552], [-122.846421205063, 49.1772319149107], [-122.846435581296, 49.1772117025132], [-122.846464123754, 49.1771755512946], [-122.846489363696, 49.1771411452732], [-122.846443135025, 49.1771082022332], [-122.846406067646, 49.1770708402525], [-122.846378885866, 49.177029988623], [-122.846362331253, 49.1769867601627], [-122.846356854278, 49.1769423356646], [-122.846363295364, 49.1768982454569], [-122.846339431589, 49.1768887865862], [-122.846285869042, 49.1768613397737], [-122.846239927243, 49.1768284878854], [-122.846202860226, 49.176791125838], [-122.846184575097, 49.1767657975809], [-122.846111821928, 49.1766498019367], [-122.846102925641, 49.176634278509], [-122.846090645609, 49.1766055660939], [-122.846050788192, 49.1764876631535], [-122.846030830261, 49.1764399252356], [-122.845963015199, 49.1764320448336], [-122.845898762141, 49.1764174874023], [-122.845839039953, 49.1763961948717], [-122.845785478214, 49.1763687478256], [-122.845739537202, 49.1763358957362], [-122.845702470929, 49.1762985335258], [-122.84567529015, 49.1762576817262], [-122.845658736405, 49.1762144531601], [-122.845655842796, 49.1762007655731], [-122.845629285021, 49.176046082991], [-122.845626702393, 49.1760153460399], [-122.845628092259, 49.1759937293828], [-122.845630755377, 49.1759725525009], [-122.845629039744, 49.1759581828409], [-122.845629848858, 49.175938011859], [-122.845629614496, 49.1759149870579], [-122.845624314866, 49.1758817268777], [-122.845622809361, 49.1758584682971], [-122.845458492883, 49.175906265685], [-122.845392447651, 49.1759211446414], [-122.845350497366, 49.1759265486474], [-122.84527934213, 49.1759332214381], [-122.845241629447, 49.1759356025533], [-122.84520374258, 49.1759357002289], [-122.845166002501, 49.1759335136374], [-122.845128728935, 49.1759290613032], [-122.845092237657, 49.1759223809456], [-122.845056837813, 49.1759135291591], [-122.844908476291, 49.1758712057052], [-122.844797559498, 49.1758550881572], [-122.844764702157, 49.175849370914], [-122.844732676498, 49.1758418954978], [-122.844701700982, 49.1758327129015], [-122.844671986904, 49.1758218857635], [-122.844643736955, 49.1758094879399], [-122.844617143838, 49.1757956040014], [-122.844551816931, 49.1757585083325], [-122.844507138084, 49.1757331370784], [-122.844497222827, 49.1757273190307], [-122.844451283262, 49.1756944664267], [-122.844414218437, 49.1756571038001], [-122.844387039069, 49.1756162516942], [-122.844370485287, 49.175573022938], [-122.84436501162, 49.1755285983383], [-122.844365113919, 49.1755231014198], [-122.844368414161, 49.1754266550596], [-122.8443669237, 49.1753734077931], [-122.844366855901, 49.1753679007503], [-122.84436696133, 49.1753622805995], [-122.844375096641, 49.1751292553989], [-122.844380743329, 49.1750904660746], [-122.844397566449, 49.1750472822898], [-122.844425001342, 49.1750065037619], [-122.844462299506, 49.1749692412999], [-122.844493932806, 49.1749468054258], [-122.844474142883, 49.1749170599462], [-122.844457589257, 49.1748738311975], [-122.844452115587, 49.1748294065965], [-122.844457867601, 49.1747849962154], [-122.844463124984, 49.1747679589109], [-122.844485853729, 49.1747048376794], [-122.844497419265, 49.1746786920824], [-122.844518959773, 49.1746466733583], [-122.844512586892, 49.1746301623589], [-122.84450843999, 49.1746133492952], [-122.844506550822, 49.1745963629123], [-122.84450693385, 49.1745793332822], [-122.844507637565, 49.1745587843565], [-122.844507038126, 49.1745372819684], [-122.844506970249, 49.1745317947145], [-122.844507102794, 49.1745253965017], [-122.844503503184, 49.1744950125644], [-122.844509362043, 49.1744501912346], [-122.844518122, 49.1744160917679], [-122.844491874707, 49.174415565281], [-122.844453035524, 49.1744148294383], [-122.844414475258, 49.1744116955337], [-122.844376537582, 49.1744061914985], [-122.844339560619, 49.174398366388], [-122.84430387393, 49.1743882899444], [-122.84427589555, 49.1743793423279], [-122.844244019129, 49.1743770262154], [-122.844187480015, 49.1743702735985], [-122.84412323015, 49.1743557142778], [-122.844063511204, 49.1743344208247], [-122.844009952668, 49.174306973848], [-122.843964014737, 49.1742741210436], [-122.843941039354, 49.174251451404], [-122.843881768276, 49.1742387571157], [-122.843847194623, 49.1742302082644], [-122.843813929665, 49.1742196609193], [-122.843782241496, 49.1742072000854], [-122.843752385501, 49.1741929261893], [-122.8437246023, 49.1741769542693], [-122.843699115804, 49.174159413049], [-122.843651891622, 49.1741238426828], [-122.843637023766, 49.1741119774774], [-122.84359996073, 49.1740746154806], [-122.843572782898, 49.1740337622738], [-122.843556231722, 49.1739905333922], [-122.843554433193, 49.1739826537284], [-122.843546529841, 49.1739441465247], [-122.843539079148, 49.1739370157121], [-122.843529663639, 49.1739268840868], [-122.843507658531, 49.1739156344229], [-122.843487429141, 49.1739030330743], [-122.843469167815, 49.1738891998582], [-122.843453048185, 49.1738742663044], [-122.843421215954, 49.1738532693822], [-122.843414097063, 49.1738479569713], [-122.843352163891, 49.1738547355312], [-122.843265369751, 49.1738595760038], [-122.843239529317, 49.1738653982746], [-122.843213015781, 49.1738697284345], [-122.843186029163, 49.1738725338165], [-122.843158773048, 49.173873793257], [-122.843129726735, 49.1738842756652], [-122.84310156917, 49.1739023071017], [-122.84307091372, 49.1739184929234], [-122.843038040648, 49.1739326851527], [-122.843003250491, 49.1739447540382], [-122.842978430566, 49.1739523915276], [-122.842923196111, 49.1739714585166], [-122.842890552323, 49.173981554862], [-122.842856684958, 49.1739897373182], [-122.842821854457, 49.1739959429615], [-122.84278632867, 49.1740001240699], [-122.842750380792, 49.1740022484905], [-122.842714287265, 49.1740022998863], [-122.842567981018, 49.1739982981953], [-122.842541881175, 49.1739989408615], [-122.842491585484, 49.1739981625413], [-122.842464868616, 49.1739960958489], [-122.842393065329, 49.1739889743091], [-122.842294087078, 49.1739914127557], [-122.842258328232, 49.173991273274], [-122.842222722645, 49.1739891004767], [-122.842187538768, 49.1739849107459], [-122.842153041874, 49.1739787356706], [-122.842119492054, 49.1739706218081], [-122.842087142261, 49.1739606303339], [-122.842048310482, 49.1739798101854], [-122.841988457844, 49.1740009411402], [-122.84192411694, 49.1740153248057], [-122.841857042433, 49.1740225686814], [-122.841847854515, 49.1740229249086], [-122.841817752301, 49.174034420216], [-122.841775146928, 49.1740485861961], [-122.8417108059, 49.1740629697426], [-122.841643731298, 49.1740702134942], [-122.841575754002, 49.1740701202613], [-122.841523931993, 49.1740643775913], [-122.841463756696, 49.1740708759961], [-122.841395779399, 49.1740707826573], [-122.841328751634, 49.1740633548757], [-122.841264503005, 49.1740487948646], [-122.841232766134, 49.1740389894842], [-122.841188072079, 49.1740279626996], [-122.841175070642, 49.1740242738174], [-122.841147422452, 49.1740315732962], [-122.841095195959, 49.1740437827955], [-122.841057167888, 49.17405133783], [-122.841049351877, 49.1740525711293], [-122.841016973918, 49.1740574605094], [-122.840991799786, 49.1740633447901], [-122.840953778548, 49.1740708989005], [-122.840938721967, 49.1740731800733], [-122.840821923976, 49.174089371789], [-122.840784602867, 49.1740929310746], [-122.840742576711, 49.1741017821204], [-122.840716906571, 49.1741065916125], [-122.840647906836, 49.1741138465231], [-122.840621670312, 49.1741224420614], [-122.840594421676, 49.1741295563569], [-122.840566355054, 49.174135138726], [-122.840537670397, 49.174139149399], [-122.840518157146, 49.1742218526792], [-122.840499701772, 49.1742690698648], [-122.840445878984, 49.1743658826196], [-122.840420772302, 49.1744023582511], [-122.840383471534, 49.1744396194087], [-122.840337324961, 49.1744723463628], [-122.840283592192, 49.174499647607], [-122.840223738178, 49.1745207776438], [-122.84015939609, 49.1745351603237], [-122.84011224505, 49.1745410283849], [-122.839959852742, 49.1745540134745], [-122.83993483395, 49.1745631417817], [-122.839908764801, 49.174570904472], [-122.839881818338, 49.1745772500173], [-122.839854173431, 49.1745821362964], [-122.839826013582, 49.1745855308747], [-122.839797525714, 49.1745874112193], [-122.839741190688, 49.1745906514406], [-122.839671767716, 49.1745906369387], [-122.839631593581, 49.1745861842313], [-122.839566282734, 49.1745860935185], [-122.839547960798, 49.1745840630007], [-122.83948618064, 49.1746474537244], [-122.839463615038, 49.1746683509356], [-122.839417115738, 49.1747012866223], [-122.839401970511, 49.1747151966578], [-122.839410835541, 49.1747383567154], [-122.83941562049, 49.1747695007673], [-122.839423412473, 49.1747888920798], [-122.839430787804, 49.1748145129906], [-122.839435312512, 49.1748230450727], [-122.83945252959, 49.174868070937], [-122.839462648866, 49.1749102659907], [-122.839471796841, 49.1749333490762], [-122.83947955199, 49.1749573576453], [-122.839485022595, 49.1750017824782], [-122.839479264738, 49.1750461917039], [-122.839462437342, 49.1750893747677], [-122.839455373208, 49.1750998733127], [-122.83945717255, 49.1751149493184], [-122.839458425246, 49.1751365704785], [-122.839457031308, 49.1751581987538], [-122.839456639981, 49.1751638077086], [-122.839464937799, 49.1751791158323], [-122.839467849547, 49.1751845269833], [-122.839484849717, 49.1752296406928], [-122.839502299992, 49.1753057161115], [-122.83951580765, 49.1753383457162], [-122.839524706256, 49.1753651759109], [-122.839529327988, 49.1754027100225], [-122.839555634851, 49.1754422586367], [-122.839571207208, 49.1754817626483], [-122.839607845656, 49.1756159485567], [-122.839613804355, 49.1756622369926], [-122.83961314568, 49.1756724601891], [-122.839620686273, 49.175691590271], [-122.839656735316, 49.1757173742163], [-122.83966980933, 49.1757305543593], [-122.839677729258, 49.1757350468362], [-122.839703076052, 49.1757507004886], [-122.839726314084, 49.1757677027246], [-122.83974727704, 49.1757859318606], [-122.839765814886, 49.1758052574322], [-122.839781794946, 49.1758255411277], [-122.839795102848, 49.1758466377778], [-122.839823917178, 49.1758984189796], [-122.839833283549, 49.1759174024386], [-122.839840484978, 49.1759367877262], [-122.839845482095, 49.1759564688723], [-122.839850796438, 49.1759835459379], [-122.839857537485, 49.1759936786487], [-122.839873027512, 49.1760328874541], [-122.839879307736, 49.1760557281497], [-122.83989852424, 49.1760902618394], [-122.839909701221, 49.176113573428], [-122.839917613963, 49.1761374525982], [-122.839922197501, 49.1761617033117], [-122.839937070429, 49.1762863715362], [-122.839938322016, 49.1763079845892], [-122.839935876034, 49.1763368031867], [-122.839927506962, 49.1763868857678], [-122.839924057791, 49.1764030060436], [-122.83991366659, 49.1764423615692], [-122.839905765789, 49.1764660843895], [-122.839894514252, 49.1764892185231], [-122.839880010682, 49.1765115610201], [-122.839862382311, 49.1765329158755], [-122.839860651638, 49.1765462607693], [-122.839843824061, 49.1765894438772], [-122.839816384526, 49.1766302222003], [-122.83977908163, 49.1766674822466], [-122.8397660644, 49.176677855609], [-122.839739408784, 49.1766980527516], [-122.839706275569, 49.1767204069763], [-122.839652540017, 49.1767477079133], [-122.839592684394, 49.1767688376137], [-122.839528337837, 49.1767832199311], [-122.839461260615, 49.1767904624095], [-122.83943838578, 49.1767904306086], [-122.839194755362, 49.1768441284662], [-122.839232760137, 49.1768522521742], [-122.839269485619, 49.1768626004488], [-122.839304629577, 49.1768750881294], [-122.839337902793, 49.176889612449], [-122.839369031445, 49.1769060538802], [-122.839515043954, 49.1769924475744], [-122.839562813719, 49.1770264003109], [-122.839599875911, 49.1770637635834], [-122.839627053496, 49.1771046177038], [-122.839643602281, 49.1771478471226], [-122.839649071897, 49.1771922719293], [-122.839643315301, 49.177236681148], [-122.83963438339, 49.1772608077521], [-122.839637695055, 49.1772694604747], [-122.839641580384, 49.1773010053461], [-122.839653384287, 49.1773129063847], [-122.839680560682, 49.1773537595895], [-122.839697109596, 49.1773969889989], [-122.83970258066, 49.1774414138032], [-122.839696822709, 49.1774858230207], [-122.839687386942, 49.1775100379823], [-122.83969398313, 49.1775272669256], [-122.83969945283, 49.1775716926267], [-122.839693696233, 49.1776161018449], [-122.839676866775, 49.177659284918], [-122.839651244819, 49.1776978465666], [-122.839617833315, 49.1777390150367], [-122.839598569084, 49.1777601295782], [-122.839576451353, 49.177780005968], [-122.839551664006, 49.177798478954], [-122.839524413123, 49.1778153949519], [-122.839494925264, 49.177830613322], [-122.83946344559, 49.1778440075386], [-122.839430235823, 49.1778554662418], [-122.839392159551, 49.1778671837021], [-122.839382492336, 49.1778708421567], [-122.839389315027, 49.1778757226238], [-122.839405052251, 49.1778907559381], [-122.839431491196, 49.1779046950041], [-122.839452956667, 49.1779168343782], [-122.839498894973, 49.1779496889565], [-122.839535957802, 49.1779870531436], [-122.839563134469, 49.1780279063715], [-122.839579684876, 49.1780711357947], [-122.839585154535, 49.1781155605974], [-122.839584622174, 49.1781287182457], [-122.83957719685, 49.1782372610313], [-122.839589389473, 49.178259711453], [-122.839592289136, 49.1782651009923], [-122.83961122443, 49.1783108551162], [-122.839630431662, 49.1783281767492], [-122.839647484702, 49.178346441777], [-122.839662276289, 49.1783655353163], [-122.839674713382, 49.1783853372727], [-122.839684717754, 49.1784057230955], [-122.839689379014, 49.1784166975873], [-122.839698990386, 49.1784452261645], [-122.839702532095, 49.1784629743936], [-122.839723413476, 49.1786038290583], [-122.839729697799, 49.1786235254949], [-122.839733441155, 49.1786434979944], [-122.839734617182, 49.1786636059249], [-122.839733217598, 49.1786837077008], [-122.839729252254, 49.1787036617797], [-122.839722749067, 49.1787233276589], [-122.839723821165, 49.1787350770635], [-122.83972056739, 49.178768375103], [-122.839718010888, 49.1787816270909], [-122.839719636284, 49.1788289646352], [-122.839718952716, 49.1788517229433], [-122.839715346049, 49.178874362526], [-122.839708841939, 49.178896722309], [-122.839699486659, 49.1789186432088], [-122.839687346763, 49.1789399692638], [-122.839672508621, 49.1789605487448], [-122.839657581661, 49.1789791438809], [-122.839651138329, 49.1789858985322], [-122.839654883604, 49.1790090545518], [-122.839655275465, 49.1790323389649], [-122.8396523104, 49.17905554352], [-122.839646014924, 49.1790784606798], [-122.839627383485, 49.1791343354587], [-122.839619253677, 49.1791549070788], [-122.839608545365, 49.1791749648758], [-122.839595332564, 49.1791943702077], [-122.8395797066, 49.1792129889419], [-122.839561775479, 49.1792306923831], [-122.839559174918, 49.1792367543289], [-122.839530140513, 49.1792792700492], [-122.839557204891, 49.1792918300665], [-122.83961076633, 49.1793192799869], [-122.839656706036, 49.1793521344959], [-122.839693770028, 49.1793894986245], [-122.83972094759, 49.1794303518062], [-122.839724772807, 49.179438087711], [-122.839742851091, 49.1794766155567], [-122.839751876118, 49.1794990545817], [-122.839757861383, 49.17952192639], [-122.839760760663, 49.1795450543614], [-122.839760551565, 49.1795682598972], [-122.839757235698, 49.1795913637995], [-122.839750838664, 49.1796141876552], [-122.83974140986, 49.1796365552133], [-122.839761897973, 49.1796556988868], [-122.839779686425, 49.1796759693231], [-122.839794632031, 49.1796972033654], [-122.83980661449, 49.1797192301], [-122.839838144355, 49.1797330302246], [-122.839867511633, 49.1797487478214], [-122.839894445957, 49.1797662381902], [-122.83991869936, 49.1797853403101], [-122.839940048557, 49.179805878322], [-122.839986742796, 49.1798551583343], [-122.840002598429, 49.1798732362697], [-122.840016140916, 49.1798921052164], [-122.840027279154, 49.1799116382441], [-122.840035938214, 49.179931703955], [-122.840042059844, 49.1799521673681], [-122.84004560286, 49.1799728908264], [-122.840080853435, 49.1800056314086], [-122.840099282113, 49.1800240995878], [-122.840115216709, 49.1800435394165], [-122.840128538864, 49.1800638065036], [-122.840139149623, 49.1800847503133], [-122.84014697017, 49.1801062152832], [-122.840146625205, 49.1801034055611], [-122.840149991382, 49.1801145846892], [-122.840152634681, 49.1801258470096], [-122.840154550388, 49.1801371724428], [-122.84018858854, 49.180144650769], [-122.840221503391, 49.1801540447826], [-122.840253044618, 49.1801652830406], [-122.840282972346, 49.1801782800741], [-122.840311058965, 49.1801929370385], [-122.840337090871, 49.1802091424647], [-122.840360870084, 49.1802267731076], [-122.840382215756, 49.1802456948826], [-122.840400965547, 49.1802657638857], [-122.840416976856, 49.1802868274879], [-122.84043012791, 49.1803087254958], [-122.840440318689, 49.1803312913701], [-122.840447471686, 49.1803543534916]]]}, "properties": {"PLAN_AREA": "City Centre", "PLAN_TYPE": "City Centre Plan", "PLAN_YEAR": 2025, "PLAN_STATUS": "Stage 2 Approved (See Surrey 2050 OCP)", "LAND_USE": "Review Buffer"}}, {"type": "Feature", "geometry": {"type": "Polygon", "coordinates": [[[-122.841941718302, 49.202978123831], [-122.841987890385, 49.2029453955246], [-122.842015974546, 49.2029303713051], [-122.842064462641, 49.2029048999489], [-122.842088890429, 49.2028939491826], [-122.842102162019, 49.2028854640655], [-122.842110451184, 49.2028806188323], [-122.84215602898, 49.2028546882967], [-122.842198163976, 49.2028308606392], [-122.842246378038, 49.2028030068753], [-122.842270733153, 49.2027876851529], [-122.842277658621, 49.2027834281373], [-122.84230792597, 49.2027677663619], [-122.842321823443, 49.2027597228438], [-122.842369923416, 49.2027357593414], [-122.842429810592, 49.2027146283297], [-122.842494188596, 49.2027002444921], [-122.842561301798, 49.2026930003219], [-122.842629318321, 49.2026930930142], [-122.842696384959, 49.2027005200435], [-122.842709833973, 49.2027035661786], [-122.842707910785, 49.2026879630032], [-122.842713669022, 49.202643552931], [-122.842730502994, 49.2026003696072], [-122.842757954549, 49.2025595916876], [-122.84279527473, 49.2025223299651], [-122.842841445822, 49.2024896022134], [-122.842868150265, 49.2024748754519], [-122.842878815908, 49.2024694828837], [-122.84290264038, 49.2024538526659], [-122.842939629261, 49.2024322827548], [-122.842967076998, 49.2024195062636], [-122.842995137029, 49.202403244018], [-122.843005087144, 49.2023975086438], [-122.843047428124, 49.2023747082187], [-122.843107314576, 49.2023535768536], [-122.843171691915, 49.2023391926368], [-122.843215048984, 49.2023345127724], [-122.843218767759, 49.2023249729023], [-122.843246218759, 49.2022841948642], [-122.843283538366, 49.2022469329816], [-122.84332970888, 49.2022142050325], [-122.843338769318, 49.2022089208865], [-122.843368575818, 49.2021920465391], [-122.843384848678, 49.2021832999822], [-122.843419499392, 49.2021656262108], [-122.843434860558, 49.2021582367019], [-122.843456182108, 49.2021469737952], [-122.843473721441, 49.2021357930135], [-122.843482594431, 49.2021303026096], [-122.843526012412, 49.2021075547408], [-122.843573488721, 49.2020859547558], [-122.843598875508, 49.2020740766522], [-122.843657054107, 49.2020445275804], [-122.84367215632, 49.202038263002], [-122.843692716493, 49.2020307275751], [-122.84369913016, 49.2020271939032], [-122.843745951862, 49.2020024329104], [-122.843773878703, 49.2019860245706], [-122.843801194801, 49.2019713119125], [-122.843808661824, 49.2019676294375], [-122.843818846467, 49.2019619042047], [-122.843840190202, 49.201949644577], [-122.843864836645, 49.2019365528466], [-122.843900374429, 49.2019191194046], [-122.843911695241, 49.2019135369255], [-122.843918761691, 49.2019097630493], [-122.843930008526, 49.201902385905], [-122.843983188405, 49.2018672069481], [-122.843997472747, 49.2018582021517], [-122.844051233146, 49.2018308993374], [-122.844111118515, 49.2018097674488], [-122.84417549486, 49.2017953817706], [-122.844242606592, 49.2017881375204], [-122.844310621879, 49.2017882292214], [-122.844377687551, 49.2017956543751], [-122.844441973013, 49.2018102135206], [-122.844501725171, 49.2018315067097], [-122.844555313659, 49.2018589542566], [-122.844601277484, 49.2018918066941], [-122.844638362009, 49.2019291682104], [-122.844665555948, 49.2019700209844], [-122.844682117369, 49.202013249507], [-122.844687594188, 49.2020576738901], [-122.844681839163, 49.2021020831694], [-122.844665007059, 49.2021452667833], [-122.844637557302, 49.2021860451609], [-122.844600238757, 49.2022233074825], [-122.844568353422, 49.2022470310737], [-122.84451404005, 49.2022829580807], [-122.844486595619, 49.2023009603166], [-122.84447354928, 49.2023091500663], [-122.844455454308, 49.2023194028352], [-122.844425888985, 49.2023351947527], [-122.844413298311, 49.2023416580106], [-122.844394887147, 49.2023507355573], [-122.844371177326, 49.2023623678244], [-122.844358501743, 49.2023696369413], [-122.844334995557, 49.2023828643429], [-122.84431249325, 49.2023946529446], [-122.844287837405, 49.2024089555249], [-122.844271548475, 49.2024180377119], [-122.84422288545, 49.2024437724232], [-122.844197114694, 49.2024585673225], [-122.844150260482, 49.2024818136431], [-122.844115003614, 49.2024949387887], [-122.844091497372, 49.2025072711076], [-122.844043701748, 49.2025290795639], [-122.844023692463, 49.2025381827788], [-122.844012296217, 49.2025454481879], [-122.84400342321, 49.2025509386321], [-122.843966393658, 49.2025707196624], [-122.84395684549, 49.2025761300323], [-122.843911159717, 49.2025988021346], [-122.843899086031, 49.2026049601945], [-122.843877242004, 49.2026173261997], [-122.843850944276, 49.2026311493838], [-122.843822947007, 49.2026434562726], [-122.843793453246, 49.2026541576103], [-122.843762676896, 49.2026631757858], [-122.843730841162, 49.2026704453947], [-122.84369817693, 49.2026759137142], [-122.8436649211, 49.2026795410854], [-122.843653274717, 49.2027021187553], [-122.843638478142, 49.2027238899377], [-122.843620659315, 49.2027446663784], [-122.843599972313, 49.2027642684246], [-122.843576596011, 49.2027825265781], [-122.843559011977, 49.2027951924384], [-122.843532676891, 49.2028125150043], [-122.843502715212, 49.2028288710525], [-122.843472228282, 49.2028441856244], [-122.843465064832, 49.202849063065], [-122.843436540577, 49.2028679748108], [-122.843409836091, 49.2028827017026], [-122.843371334051, 49.2029021693073], [-122.843344278027, 49.20291474493], [-122.843284390997, 49.2029358764152], [-122.843220012916, 49.2029502606926], [-122.843152899461, 49.202957505245], [-122.843084882573, 49.2029574128606], [-122.84301781553, 49.2029499860568], [-122.84300436643, 49.2029469399576], [-122.843006289721, 49.2029625431274], [-122.843000531711, 49.2030069523125], [-122.842983697836, 49.2030501356728], [-122.842956246191, 49.2030909145419], [-122.842918925704, 49.2031281754129], [-122.842869923581, 49.2031625733668], [-122.842842748753, 49.2031783312483], [-122.842823746258, 49.2031879789406], [-122.842810499905, 49.2031963112544], [-122.842803575798, 49.2032005683035], [-122.842797631506, 49.2032040710802], [-122.842739601825, 49.2032375841468], [-122.842694907365, 49.2032628675526], [-122.842664358449, 49.2032802489466], [-122.842657851102, 49.2032846774654], [-122.842639493978, 49.2032964138163], [-122.842627157457, 49.2033035329825], [-122.842614366634, 49.2033106218439], [-122.842580935626, 49.2033273102482], [-122.842552320253, 49.2033401372269], [-122.842518252356, 49.2033580822881], [-122.84250285321, 49.2033651675807], [-122.842474202221, 49.2033773218194], [-122.842444028336, 49.2033877746571], [-122.842412566256, 49.2033964447881], [-122.842380060704, 49.2034032647735], [-122.842346764519, 49.2034081815649], [-122.842331354896, 49.2034310715682], [-122.842302126657, 49.2034613161533], [-122.842293315634, 49.2034692199898], [-122.84226958546, 49.2034885708543], [-122.842243241944, 49.2035064109912], [-122.842214508004, 49.2035225894363], [-122.84219910756, 49.2035304842638], [-122.842176450586, 49.2035413736052], [-122.842096810252, 49.2035888786944], [-122.84206927483, 49.2036039126777], [-122.842022383678, 49.2036273280919], [-122.841994335315, 49.203641334092], [-122.841987523849, 49.2036455273793], [-122.841959186384, 49.2036610747703], [-122.841945023952, 49.2036681616804], [-122.841928555601, 49.2036759875455], [-122.841895148505, 49.20369105393], [-122.84188646438, 49.203694861448], [-122.841878289177, 49.2036996510497], [-122.841837126511, 49.2037239386791], [-122.841808400699, 49.2037394081415], [-122.841745038621, 49.2037704981636], [-122.841704830784, 49.2037906474155], [-122.841678182792, 49.203804991682], [-122.841653790426, 49.2038184377054], [-122.841593901586, 49.2038395683089], [-122.841529521843, 49.2038539516401], [-122.84146240692, 49.2038611952076], [-122.841394388798, 49.2038611018265], [-122.841327320788, 49.2038536740412], [-122.841263033595, 49.2038391140652], [-122.841203280414, 49.203817819207], [-122.84114969167, 49.2037903701141], [-122.841103728379, 49.2037575163143], [-122.841066645155, 49.2037201536764], [-122.841039453227, 49.2036793000696], [-122.841022894429, 49.20363607104], [-122.84101741935, 49.2035916464965], [-122.841023179205, 49.2035472374167], [-122.841040014957, 49.2035040543479], [-122.841067468403, 49.2034632768385], [-122.841104790535, 49.2034260156701], [-122.841116900763, 49.2034163353923], [-122.841128322853, 49.2034076256596], [-122.841162385663, 49.2033845788651], [-122.841203960816, 49.2033626757973], [-122.841211358712, 49.2033592713507], [-122.841233698585, 49.2033471314151], [-122.841299792472, 49.2033146997275], [-122.841328174959, 49.2032979552843], [-122.84136777868, 49.2032747523261], [-122.841417745964, 49.2032497024554], [-122.84144247098, 49.2032399171263], [-122.84144757827, 49.2032371796702], [-122.8414762539, 49.2032214628565], [-122.841523139423, 49.2031980512528], [-122.841555749853, 49.2031817677168], [-122.841614245874, 49.2031468930954], [-122.841629842819, 49.2031367803729], [-122.841641215678, 49.20312968248], [-122.8416610538, 49.2031185051269], [-122.841672604676, 49.2031124041546], [-122.841690591248, 49.2031036970674], [-122.841714928912, 49.2030899213767], [-122.841740908146, 49.2030774994401], [-122.841768354052, 49.2030665148834], [-122.841797081863, 49.203057041656], [-122.841826898177, 49.2030491435325], [-122.841857602269, 49.2030428736841], [-122.841888987434, 49.2030382743199], [-122.841904397139, 49.2030153843742], [-122.841941718302, 49.202978123831]]]}, "properties": {"PLAN_AREA": "City Centre", "PLAN_TYPE": "City Centre Plan", "PLAN_YEAR": 2025, "PLAN_STATUS": "Stage 2 Approved (See Surrey 2050 OCP)", "LAND_USE": "Review Buffer"}}, {"type": "Feature", "geometry": {"type": "Polygon", "coordinates": [[[-122.853486373018, 49.2043878931299], [-122.853472291832, 49.2043874848711], [-122.853451861594, 49.2043874589514], [-122.853384791051, 49.2043800381657], [-122.85332049962, 49.2043654848979], [-122.853260740615, 49.204344196274], [-122.853211669672, 49.2043194526144], [-122.853062633879, 49.2042318386801], [-122.853014401133, 49.2041976392421], [-122.852977308602, 49.2041602795227], [-122.85295010524, 49.2041194296114], [-122.852933535909, 49.2040762022828], [-122.852928732847, 49.2040478285838], [-122.852926159137, 49.2040185617913], [-122.852925476403, 49.2040025115046], [-122.85292625295, 49.2039864666742], [-122.852926704212, 49.2039782671317], [-122.852925870138, 49.2039604769609], [-122.852931618001, 49.2039160672784], [-122.852948443513, 49.2038728824669], [-122.852975888751, 49.2038321021224], [-122.852992198795, 49.2038141268813], [-122.85299783285, 49.2037840024888], [-122.853019944699, 49.2037070803169], [-122.853031370424, 49.2036770055701], [-122.853036183322, 49.2036668622945], [-122.853031888085, 49.2036556585775], [-122.853027083647, 49.2036272803811], [-122.853022910976, 49.2035798185549], [-122.853022230946, 49.2035637736682], [-122.853027978676, 49.2035193639777], [-122.853044803969, 49.2034761791491], [-122.85307224891, 49.2034353978791], [-122.853080460554, 49.2034271956133], [-122.853077068655, 49.203412738546], [-122.853062418447, 49.2033857834757], [-122.853044911375, 49.2033407945838], [-122.85304010693, 49.2033124262813], [-122.85303735124, 49.2032810939343], [-122.853036668496, 49.2032650382491], [-122.853037446373, 49.2032489916185], [-122.853039316122, 49.203229068502], [-122.853036274896, 49.2031944938841], [-122.853035683393, 49.2031879517472], [-122.853023824271, 49.2031609552457], [-122.853015490264, 49.2031372726008], [-122.852982810939, 49.203081293717], [-122.852977685041, 49.2030720058385], [-122.852961114662, 49.2030287785045], [-122.852955630327, 49.2029843545141], [-122.852961378048, 49.2029399448224], [-122.852979354542, 49.2028950496582], [-122.852977888738, 49.202872266669], [-122.852979383137, 49.2028494844774], [-122.852983826922, 49.2028268679286], [-122.852991187936, 49.2028045806691], [-122.853001412913, 49.2027827839627], [-122.853007661193, 49.2027714065589], [-122.853015838993, 49.2027264188589], [-122.853022124233, 49.2027017136317], [-122.853031914392, 49.2026775029703], [-122.85304512333, 49.2026539998848], [-122.853061634828, 49.2026314111598], [-122.853038295868, 49.2025963609491], [-122.853021726967, 49.202553133622], [-122.853016241256, 49.202508709629], [-122.85302199024, 49.2024642999323], [-122.853038815178, 49.2024211150963], [-122.853061197838, 49.2023878537514], [-122.853064990141, 49.2023806587343], [-122.853092605303, 49.2023396671783], [-122.85310202989, 49.202328354077], [-122.853123953018, 49.2022467414742], [-122.853123572445, 49.202237115115], [-122.853123146891, 49.2022131207831], [-122.853126282216, 49.2021892129435], [-122.853132948728, 49.202165617965], [-122.853097805245, 49.2021302208259], [-122.853090643854, 49.2021194650269], [-122.853060000972, 49.2021037742171], [-122.853014031341, 49.2020709251414], [-122.852976940397, 49.2020335654096], [-122.85294973957, 49.201992715486], [-122.852941759896, 49.2019755368875], [-122.852928110596, 49.2019422107935], [-122.852920086905, 49.2019183537135], [-122.852915388626, 49.2018941189088], [-122.852914054257, 49.2018697049905], [-122.85291609473, 49.2018453120367], [-122.852921493316, 49.2018211399539], [-122.852938775291, 49.2017566449321], [-122.852899408424, 49.2017170388463], [-122.852831323062, 49.2016323404722], [-122.852805929373, 49.2015937128557], [-122.852789118214, 49.2015494992934], [-122.852781650809, 49.2015184100953], [-122.852761987295, 49.2014994881882], [-122.852744897137, 49.201479521953], [-122.852730508625, 49.2014586612748], [-122.85271892977, 49.2014370627533], [-122.85271024749, 49.2014148885267], [-122.852704526956, 49.2013923050548], [-122.85270181111, 49.2013694818695], [-122.852700708151, 49.2013502889778], [-122.85270041726, 49.2013396147768], [-122.85270077303, 49.2013289063189], [-122.852702488099, 49.2013019225883], [-122.852707881454, 49.2012682213561], [-122.85271349176, 49.2012502136112], [-122.852731462491, 49.2012011176572], [-122.852740755615, 49.2011796748357], [-122.852752717769, 49.2011588077716], [-122.852767267325, 49.2011386588498], [-122.852784305004, 49.2011193655546], [-122.852803714546, 49.2011010595323], [-122.852825363512, 49.2010838656921], [-122.852831649135, 49.2010792744012], [-122.852859879884, 49.2010605713466], [-122.852913634548, 49.2010332643982], [-122.852973515186, 49.2010121279073], [-122.853037887933, 49.2009977381837], [-122.853108624034, 49.2009904924937], [-122.853114974628, 49.2008819101294], [-122.853108887387, 49.2008631048958], [-122.853105404953, 49.2008509990808], [-122.853100213005, 49.2008172717714], [-122.853098958314, 49.2007954970357], [-122.853098667408, 49.2007848003465], [-122.853101493825, 49.2007537530419], [-122.853115023571, 49.200675346465], [-122.853090063565, 49.2006479635897], [-122.853062863402, 49.2006071136835], [-122.853046295141, 49.2005638863456], [-122.853040809624, 49.2005194623386], [-122.853046558354, 49.2004750517255], [-122.853052085747, 49.2004608641632], [-122.853049241376, 49.2004372546016], [-122.853049694577, 49.2004135734417], [-122.853053441567, 49.2003900180471], [-122.853060451114, 49.2003667847328], [-122.853070664795, 49.2003440671295], [-122.853083997482, 49.2003220545694], [-122.853100338054, 49.2003009305086], [-122.853102868304, 49.2002887621761], [-122.85308320272, 49.2002517511569], [-122.85307238626, 49.2002275849409], [-122.853065055338, 49.20020286313], [-122.853061273817, 49.2001778011038], [-122.853061074637, 49.2001526172057], [-122.853061841879, 49.2001378235991], [-122.853061467334, 49.2001257082421], [-122.85306182296, 49.2001150186707], [-122.853063573951, 49.2000874124996], [-122.853048260512, 49.1998973176617], [-122.853037328599, 49.1998767520656], [-122.853029096525, 49.1998556532068], [-122.853023623554, 49.1998341729876], [-122.853020949087, 49.1998124660554], [-122.853021092373, 49.1997906886897], [-122.853022378432, 49.1997703591304], [-122.853021460779, 49.199754380496], [-122.853016930725, 49.1997474897222], [-122.853013741902, 49.1997391722001], [-122.85298532032, 49.1997187949361], [-122.852980757388, 49.1997141997217], [-122.852945896786, 49.1996891106047], [-122.85290880767, 49.1996517508373], [-122.852881608201, 49.199610900882], [-122.852865040429, 49.1995676735111], [-122.852859846103, 49.1995339218929], [-122.852857712017, 49.1994967568552], [-122.852844495164, 49.1994622726919], [-122.852840768367, 49.1994432905405], [-122.852818683775, 49.1992872261724], [-122.852816925376, 49.1992617833984], [-122.852823122122, 49.1992158261645], [-122.852810853186, 49.1991946475443], [-122.85280147666, 49.1991728434237], [-122.852795065332, 49.1991505830731], [-122.85279166897, 49.1991280393044], [-122.852791313938, 49.1991053871298], [-122.852794002988, 49.1990828024023], [-122.852781560803, 49.1990828935881], [-122.852755951232, 49.1990827583961], [-122.85263245638, 49.1990812111178], [-122.852580829638, 49.1990818369742], [-122.852546438134, 49.1990813112427], [-122.852512233566, 49.1990789064516], [-122.85247845459, 49.1990746393798], [-122.852445336891, 49.1990685398003], [-122.85236205634, 49.1990507108176], [-122.852323785974, 49.1990411124713], [-122.852264033808, 49.1990198233185], [-122.852210444109, 49.1989923793335], [-122.852164477921, 49.1989595299052], [-122.852148619702, 49.198945173781], [-122.852096150299, 49.1988942354277], [-122.852074921954, 49.1988712315217], [-122.852071040752, 49.1988663933709], [-122.852053373233, 49.198843815002], [-122.85203005473, 49.1988078029912], [-122.852016868601, 49.1987733970274], [-122.852003362913, 49.198759607903], [-122.851976164678, 49.1987187577292], [-122.851959597991, 49.1986755302228], [-122.851954113653, 49.1986311061507], [-122.851959863133, 49.1985866955778], [-122.851976556524, 49.1985437607685], [-122.851984622779, 49.1985284098145], [-122.852001212865, 49.1984842002333], [-122.852011874955, 49.1984605148502], [-122.852039316585, 49.198419734686], [-122.852076626678, 49.1983824699282], [-122.852122787795, 49.1983497384333], [-122.852174169881, 49.1983236359499], [-122.852163967191, 49.1983149001777], [-122.852154864363, 49.198305657215], [-122.852146919823, 49.1982959663874], [-122.852140184561, 49.1982858898951], [-122.852134701808, 49.1982754924137], [-122.852130506753, 49.1982648406789], [-122.852123410298, 49.1982500567954], [-122.852119429283, 49.1982451024783], [-122.852111046471, 49.198234065293], [-122.852088754068, 49.1982029534503], [-122.852017982186, 49.1981148940525], [-122.852002302326, 49.1980930697732], [-122.851989659109, 49.1980704150822], [-122.851980153556, 49.1980471110056], [-122.851973861619, 49.1980233437582], [-122.851970833571, 49.1979993032557], [-122.851969056271, 49.1979683957871], [-122.851968765596, 49.1979577080853], [-122.851974513608, 49.1979132984043], [-122.851991337906, 49.197870113686], [-122.852018780598, 49.1978293335239], [-122.852056090261, 49.1977920687685], [-122.852079045309, 49.1977744358755], [-122.852106084043, 49.1977553860483], [-122.852129289558, 49.1977402874453], [-122.852183041021, 49.197712980818], [-122.852242917958, 49.1976918446901], [-122.852307286605, 49.1976774553615], [-122.852374391589, 49.1976702054752], [-122.852442401256, 49.1976702923824], [-122.852509462586, 49.1976777137151], [-122.852575212557, 49.1976926965932], [-122.852625471468, 49.1977075229396], [-122.852682285939, 49.1977279554083], [-122.852735874535, 49.1977553991793], [-122.852781839989, 49.1977882483864], [-122.852818927618, 49.1978256082053], [-122.852829133594, 49.1978388874957], [-122.852918784375, 49.1979640095365], [-122.852946526135, 49.197980920964], [-122.852972905389, 49.1979985448015], [-122.852996717096, 49.1980176744269], [-122.85301776205, 49.1980381498049], [-122.853035864188, 49.1980597996418], [-122.853050872066, 49.198082442818], [-122.853062660126, 49.1981058899038], [-122.853071129745, 49.1981299447437], [-122.853150623371, 49.1981894580712], [-122.853168991917, 49.1982039144003], [-122.853206080148, 49.1982412740928], [-122.853233279136, 49.198282123981], [-122.853249846803, 49.1983253513086], [-122.853254348497, 49.1983506104631], [-122.853271453334, 49.198512483915], [-122.853272366923, 49.1985261435548], [-122.853273405447, 49.198562996861], [-122.853272691399, 49.198584091977], [-122.853269330671, 49.1986050770318], [-122.853263346058, 49.1986258096656], [-122.853254778156, 49.1986461492308], [-122.853272262695, 49.1986668208241], [-122.853286643378, 49.1986884954381], [-122.853297787791, 49.1987109735049], [-122.853305593317, 49.1987340480584], [-122.853309988083, 49.1987575066402], [-122.853343180879, 49.1987615313188], [-122.853375727499, 49.1987673999182], [-122.853407389876, 49.1987750695117], [-122.853428122971, 49.1987788944218], [-122.853448441646, 49.1987835780005], [-122.853468263183, 49.1987891011808], [-122.853522863018, 49.198804206098], [-122.853585694531, 49.1988263656519], [-122.853639284813, 49.1988538090001], [-122.85368525051, 49.1988866578412], [-122.853722339642, 49.1989240164647], [-122.853748678106, 49.1989632270907], [-122.853777184085, 49.1990168635338], [-122.853794183818, 49.1990609107973], [-122.853795983509, 49.1990687875693], [-122.853802511679, 49.1991005447771], [-122.853812384534, 49.1991231678831], [-122.853821097245, 49.1991477361048], [-122.853826301207, 49.199164919234], [-122.85383089665, 49.199191096902], [-122.853831686132, 49.1991989499064], [-122.85386369071, 49.1992061947479], [-122.853923443786, 49.199227483973], [-122.853977034691, 49.1992549262637], [-122.854023002355, 49.1992877749703], [-122.854060092039, 49.1993251343828], [-122.854087292323, 49.1993659840634], [-122.854103861094, 49.1994092112614], [-122.854109346067, 49.1994536361251], [-122.854108992042, 49.1994643266024], [-122.854107767137, 49.1994836199924], [-122.854120533187, 49.1995157952452], [-122.854128665309, 49.199541283553], [-122.854133010546, 49.1995671668376], [-122.854133528429, 49.1995932040666], [-122.854130214128, 49.1996191527734], [-122.854116813995, 49.1996854060855], [-122.854114636493, 49.1996948807921], [-122.854111492717, 49.199705721565], [-122.854105778215, 49.1997234512959], [-122.854121432385, 49.1999712756165], [-122.85412178513, 49.1999829564694], [-122.854116037424, 49.2000273662413], [-122.85409921424, 49.2000705512539], [-122.854071773386, 49.2001113318965], [-122.854062530415, 49.2001222549142], [-122.854072668856, 49.2001550286346], [-122.854078157533, 49.2001768495245], [-122.85408090066, 49.2001988916748], [-122.854080879806, 49.2002210069964], [-122.854080407387, 49.2002565378643], [-122.854097341451, 49.2002789842661], [-122.854110978869, 49.2003023748382], [-122.854121198738, 49.200326502219], [-122.854127910452, 49.2003511525152], [-122.854131054505, 49.200376107197], [-122.85413195924, 49.2003919355829], [-122.854132246474, 49.2004025558054], [-122.854131327426, 49.2004200649099], [-122.854125960766, 49.200472587128], [-122.854137867834, 49.2004924334932], [-122.854147054376, 49.2005128912612], [-122.854153448637, 49.2005338006421], [-122.854157000667, 49.2005549983184], [-122.854157682721, 49.2005763187205], [-122.854155489466, 49.20059759532], [-122.854164288963, 49.200600730501], [-122.85421788148, 49.2006281735745], [-122.854263850575, 49.2006610221788], [-122.854300941465, 49.2006983815062], [-122.85432322985, 49.200730312375], [-122.854426231947, 49.2009075265467], [-122.854431143461, 49.2009164443871], [-122.85444771442, 49.2009596715266], [-122.85445319987, 49.2010040963624], [-122.854447453712, 49.2010485061447], [-122.854430629096, 49.2010916911962], [-122.854425047941, 49.20109998593], [-122.854413524422, 49.2011489022727], [-122.854412314128, 49.2011548268548], [-122.854449923951, 49.2011937393749], [-122.854477125577, 49.2012345889517], [-122.854493695309, 49.2012778160806], [-122.854499182207, 49.2013222409136], [-122.854492944752, 49.2013684752243], [-122.85447058799, 49.2014485979296], [-122.854454744494, 49.2014881339228], [-122.854427303145, 49.2015289146394], [-122.854389992444, 49.2015661801356], [-122.854343829823, 49.2015989125168], [-122.854287955941, 49.201627111588], [-122.854212933648, 49.2016585553581], [-122.854184143482, 49.2016775575788], [-122.854152544441, 49.2016985001309], [-122.854161712716, 49.2017247429173], [-122.854166514945, 49.201753097685], [-122.854168480991, 49.2017754139214], [-122.85416901623, 49.2017974976007], [-122.854166590955, 49.2018195268144], [-122.854161223891, 49.2018413314752], [-122.85415295647, 49.2018627432289], [-122.854160172867, 49.20188053426], [-122.854177029153, 49.2018925795668], [-122.854214120899, 49.2019299380154], [-122.854241322731, 49.2019707885422], [-122.854257892502, 49.2020140156995], [-122.854262696157, 49.2020423803584], [-122.854264525392, 49.2020631555236], [-122.854265039347, 49.2020873066641], [-122.854262202536, 49.2021113885151], [-122.854256038421, 49.202135201874], [-122.854246597987, 49.2021585497588], [-122.85423395932, 49.2021812390377], [-122.85421822696, 49.2022030820264], [-122.854217736166, 49.2022164025532], [-122.854231689642, 49.2022353773359], [-122.854243052069, 49.2022550803181], [-122.854251736033, 49.2022753599248], [-122.854257674725, 49.202296060145], [-122.854260822456, 49.2023170217316], [-122.85429856559, 49.2023439922952], [-122.854335657764, 49.2023813507022], [-122.854362861316, 49.2024222011992], [-122.854379431343, 49.2024654283359], [-122.854380603957, 49.2024723490021], [-122.854400088532, 49.2024908177513], [-122.854417124162, 49.2025102984202], [-122.854431589214, 49.2025306519253], [-122.854443380413, 49.2025517329514], [-122.854452413569, 49.2025733909889], [-122.854458624188, 49.2025954714084], [-122.854461967923, 49.2026178165645], [-122.854471639227, 49.2027277090839], [-122.854472109282, 49.2027519212429], [-122.854469265427, 49.2027760635495], [-122.854463130551, 49.2027999416443], [-122.854453754039, 49.2028233632949], [-122.854427550351, 49.2028785884211], [-122.85442354719, 49.2028865855976], [-122.854408254047, 49.2029115004027], [-122.854389042858, 49.2029387922227], [-122.854375041033, 49.2029568425362], [-122.854333389589, 49.2030049472699], [-122.854331019137, 49.2030193187748], [-122.854333986185, 49.2030266383969], [-122.854341186577, 49.2030477805794], [-122.854345775623, 49.2030692330962], [-122.854347723746, 49.2030908576914], [-122.854347018385, 49.2031125149999], [-122.854345614355, 49.2031357732838], [-122.854355626618, 49.2031570930836], [-122.854369283506, 49.2031761486649], [-122.854380241567, 49.2031959385233], [-122.854388410143, 49.2032162989396], [-122.854393721653, 49.203237061474], [-122.854396132152, 49.20325805436], [-122.854405859171, 49.2032732255868], [-122.854413298604, 49.2032889426818], [-122.854418380535, 49.2033050579378], [-122.854421057201, 49.2033214199059], [-122.854427447288, 49.2033331983133], [-122.854444955617, 49.2033781851979], [-122.854449760832, 49.2034065669353], [-122.854451781393, 49.20342955158], [-122.854456417077, 49.2034628445384], [-122.854459296727, 49.2034798456905], [-122.854465829078, 49.2035540228884], [-122.854466355464, 49.2035770383008], [-122.854463886535, 49.2035999993762], [-122.854458440251, 49.2036227390465], [-122.854450056238, 49.2036450918545], [-122.854438795494, 49.2036668951578], [-122.854405526789, 49.2037240291656], [-122.854388576194, 49.2037681846254], [-122.854376627338, 49.2037859415792], [-122.854379155223, 49.2038047586462], [-122.854379269195, 49.2038236483281], [-122.854376968451, 49.2038424779036], [-122.854372269152, 49.2038611150735], [-122.854365204315, 49.2038794288904], [-122.854355823575, 49.2038972906786], [-122.85429749069, 49.2040032105476], [-122.854261490947, 49.2040790728814], [-122.854257491805, 49.2040870619598], [-122.854230047478, 49.2041278426079], [-122.85419273467, 49.2041651080215], [-122.854146570869, 49.2041978403084], [-122.854128848449, 49.2042078953638], [-122.854040032807, 49.204255460058], [-122.854014591795, 49.204268041117], [-122.853926097875, 49.2043083775057], [-122.85391550243, 49.2043130488582], [-122.853861972968, 49.2043323273375], [-122.853843870028, 49.2043368416615], [-122.85382328955, 49.2043468075977], [-122.853813017207, 49.2043517725966], [-122.85375313289, 49.204372909507], [-122.853688755966, 49.2043872996168], [-122.853621642082, 49.2043945502498], [-122.85355362319, 49.2043944640283], [-122.853532247603, 49.204392400388], [-122.853486373018, 49.2043878931299]]]}, "properties": {"PLAN_AREA": "City Centre", "PLAN_TYPE": "City Centre Plan", "PLAN_YEAR": 2025, "PLAN_STATUS": "Stage 2 Approved (See Surrey 2050 OCP)", "LAND_USE": "Review Buffer"}}, {"type": "Feature", "geometry": {"type": "Polygon", "coordinates": [[[-122.85351597678, 49.2044584466419], [-122.853573663969, 49.2044580439367], [-122.8536959972, 49.204462815346], [-122.853706328993, 49.204463304284], [-122.853773399697, 49.204470724883], [-122.853837691397, 49.2044852778986], [-122.853897450821, 49.204506566224], [-122.853951047407, 49.2045340094064], [-122.853997018566, 49.2045668580961], [-122.854034112172, 49.2046042165869], [-122.854061316691, 49.20464506714], [-122.854067359827, 49.2046576798902], [-122.854102837278, 49.2047385888629], [-122.854113364683, 49.2047692032728], [-122.85411885025, 49.2048136271956], [-122.854113103344, 49.2048580369312], [-122.854096277137, 49.2049012219038], [-122.854072781119, 49.204937127546], [-122.854068137357, 49.2049430082034], [-122.854038553077, 49.2049918683735], [-122.854017561014, 49.205021251078], [-122.853979103745, 49.2050594666734], [-122.853877690472, 49.2051429560302], [-122.853833811442, 49.2051737885714], [-122.853801552116, 49.2051911122704], [-122.853810383659, 49.2051954657914], [-122.853818581993, 49.2052003220043], [-122.853826080698, 49.2052056415662], [-122.853832819023, 49.20521138138], [-122.853838742375, 49.2052174949442], [-122.853843802766, 49.2052239327291], [-122.853847959198, 49.2052306425784], [-122.853851177997, 49.2052375701315], [-122.853867718886, 49.2052587066264], [-122.853881989963, 49.2052789628416], [-122.853893658599, 49.2052999222475], [-122.853902645035, 49.2053214415847], [-122.853908887845, 49.2053433737661], [-122.853912344354, 49.205365568883], [-122.853912990932, 49.205387875229], [-122.853911371195, 49.2054353314808], [-122.853926152531, 49.2054638059054], [-122.853942603056, 49.2055068026509], [-122.853948089922, 49.2055512265779], [-122.853942341404, 49.2055956362972], [-122.853925516167, 49.2056388221403], [-122.853920444605, 49.2056463582846], [-122.853932361401, 49.2056774449174], [-122.853937846904, 49.2057218688418], [-122.853932099729, 49.2057662785611], [-122.853915274428, 49.2058094635018], [-122.853900993191, 49.2058306860376], [-122.853903926403, 49.2058383420484], [-122.853905709132, 49.2058511329196], [-122.853922785021, 49.2058729537237], [-122.853937466033, 49.2058938673996], [-122.853949373425, 49.2059155247842], [-122.853958420553, 49.205937768291], [-122.853964541581, 49.2059604360688], [-122.853967691967, 49.2059833631788], [-122.853967848784, 49.2060063827951], [-122.853965010887, 49.2060293274183], [-122.853952526806, 49.2060952588651], [-122.853986736136, 49.2061203639164], [-122.854009327448, 49.2061382919135], [-122.854029326521, 49.2061574963709], [-122.854046566326, 49.2061778169008], [-122.854060902881, 49.2061990837938], [-122.854072216448, 49.2062211194369], [-122.85390421168, 49.2062200686953], [-122.852794075666, 49.206214778625], [-122.85282835352, 49.2061805457218], [-122.852835324518, 49.2061756044912], [-122.852832465289, 49.2061680483957], [-122.852829358826, 49.2061605324639], [-122.852822108814, 49.2061443056026], [-122.852813229148, 49.2061202372615], [-122.852806315774, 49.2061108553506], [-122.852774848234, 49.2060706359456], [-122.852759259233, 49.2060482817592], [-122.852746889903, 49.2060250792824], [-122.852737846108, 49.2060012271048], [-122.852732205249, 49.2059769293766], [-122.852730015601, 49.2059523940611], [-122.852689502381, 49.2058932441854], [-122.852674603029, 49.2058686455282], [-122.852664081847, 49.2058449366917], [-122.852649337991, 49.2058049787565], [-122.852637999939, 49.2057831327013], [-122.852627900992, 49.2057604642006], [-122.852620865383, 49.2057373039898], [-122.852616946986, 49.2057138294319], [-122.852616175805, 49.2056902202972], [-122.852620354964, 49.2055728315782], [-122.852620386382, 49.2055617988837], [-122.852621428744, 49.2055427364759], [-122.852603083567, 49.2055281924479], [-122.852586697856, 49.2055126764627], [-122.852572390957, 49.205496301533], [-122.852560267074, 49.2054791869277], [-122.85255041451, 49.2054614573032], [-122.852542905026, 49.2054432417951], [-122.852536470147, 49.2054322737069], [-122.85253043261, 49.2054215705875], [-122.85251774621, 49.2054067661169], [-122.852489891471, 49.2053840309083], [-122.852450538833, 49.2053447953198], [-122.85242333663, 49.2053039452944], [-122.852406765993, 49.2052607178974], [-122.852401281912, 49.2052162938981], [-122.852401384783, 49.2052107898056], [-122.852401721772, 49.2052008882102], [-122.852402323049, 49.2051723010159], [-122.852408034559, 49.2051310855532], [-122.852415362471, 49.2051122785482], [-122.852414916701, 49.2050964597435], [-122.852414846599, 49.2050909536307], [-122.852420596426, 49.2050465439847], [-122.852437422768, 49.205003359257], [-122.852464867684, 49.2049625781417], [-122.852502182388, 49.2049253141927], [-122.852526424119, 49.2049067806462], [-122.852734020704, 49.204761880259], [-122.85276112373, 49.2047446228644], [-122.852790526746, 49.2047290658885], [-122.8528219822, 49.2047153403076], [-122.852855225264, 49.2047035616791], [-122.852905337998, 49.2046877083248], [-122.852982574759, 49.2046617634667], [-122.852991411959, 49.2046588818261], [-122.853058518289, 49.2046376537521], [-122.853086465219, 49.2046231933753], [-122.85318828789, 49.2045647346505], [-122.853234550146, 49.2045417402867], [-122.853271012955, 49.2045285518268], [-122.853315626518, 49.204506437775], [-122.853324600988, 49.2045012238016], [-122.853384485642, 49.2044800871141], [-122.853448862777, 49.2044656962748], [-122.85351597678, 49.2044584466419]]]}, "properties": {"PLAN_AREA": "City Centre", "PLAN_TYPE": "City Centre Plan", "PLAN_YEAR": 2025, "PLAN_STATUS": "Stage 2 Approved (See Surrey 2050 OCP)", "LAND_USE": "Review Buffer"}}, {"type": "Feature", "geometry": {"type": "Polygon", "coordinates": [[[-122.84722684783, 49.1852401355558], [-122.847229152269, 49.1844915911521], [-122.84726898706, 49.184498105186], [-122.847392538773, 49.1845264257013], [-122.847511817513, 49.1845618458556], [-122.84762572029, 49.1846042760526], [-122.847674374217, 49.1846243998258], [-122.84931791576, 49.1853051825842], [-122.849702630117, 49.185464545927], [-122.851542715629, 49.1861094848422], [-122.851576032694, 49.1861526098969], [-122.85145100415, 49.186718612476], [-122.84722684783, 49.1852401355558]]]}, "properties": {"PLAN_AREA": "City Centre", "PLAN_TYPE": "City Centre Plan", "PLAN_YEAR": 2025, "PLAN_STATUS": "Stage 2 Approved (See Surrey 2050 OCP)", "LAND_USE": "High Rise"}}, {"type": "Feature", "geometry": {"type": "Polygon", "coordinates": [[[-122.848214441149, 49.1886544003684], [-122.848130561304, 49.1886542900997], [-122.847992417568, 49.1886541083629], [-122.847939333924, 49.1886540384841], [-122.847878899494, 49.1886204908889], [-122.847859313228, 49.1886096176255], [-122.84782076045, 49.1884600887985], [-122.847820884676, 49.1881958512448], [-122.847820954783, 49.1880445688293], [-122.847862646144, 49.1880212341071], [-122.847888715083, 49.1880066429423], [-122.848121153311, 49.1880408796254], [-122.848347117836, 49.1880903481692], [-122.848564291816, 49.1881545413714], [-122.849707900758, 49.1885393602651], [-122.849743735614, 49.1886017058214], [-122.849721773465, 49.1886417030486], [-122.849701627159, 49.1886821088406], [-122.849683314356, 49.1887228877892], [-122.849682368878, 49.1887251209975], [-122.849682356439, 49.1887251497663], [-122.849682301146, 49.1887252810262], [-122.849682283172, 49.1887253250799], [-122.849682263825, 49.1887253691318], [-122.849682220973, 49.1887254707232], [-122.849682208532, 49.1887255003916], [-122.84968219056, 49.1887255435457], [-122.849672452665, 49.1887494484629], [-122.84966334459, 49.1887734598028], [-122.84965486904, 49.188797570437], [-122.84965485381, 49.1887976144942], [-122.849654828883, 49.1887976882234], [-122.849654788725, 49.1887978069094], [-122.849654773495, 49.1887978509667], [-122.849654763798, 49.1887978806387], [-122.849654745799, 49.1887979327881], [-122.849654733336, 49.1887979696528], [-122.849654713945, 49.1887980280971], [-122.849654704249, 49.1887980577691], [-122.849654689016, 49.1887981027259], [-122.84965467932, 49.1887981323978], [-122.84965389963, 49.1888004539759], [-122.849573210816, 49.1888350429807], [-122.848485605163, 49.1886813933837], [-122.848374345837, 49.1886656746616], [-122.848321490222, 49.1886594686334], [-122.848268101248, 49.1886557043726], [-122.848214441149, 49.1886544003684]]]}, "properties": {"PLAN_AREA": "City Centre", "PLAN_TYPE": "City Centre Plan", "PLAN_YEAR": 2025, "PLAN_STATUS": "Stage 2 Approved (See Surrey 2050 OCP)", "LAND_USE": "High Rise"}}, {"type": "Feature", "geometry": {"type": "Polygon", "coordinates": [[[-122.844386864664, 49.1851801680229], [-122.844387301973, 49.184449491266], [-122.844430959075, 49.1844500124417], [-122.844573935918, 49.184451719761], [-122.844998438359, 49.1844567879383], [-122.845014855576, 49.1844569835809], [-122.845018260309, 49.1844758351711], [-122.845113934099, 49.185005471059], [-122.845112396868, 49.1851888982047], [-122.844386864664, 49.1851801680229]]]}, "properties": {"PLAN_AREA": "City Centre", "PLAN_TYPE": "City Centre Plan", "PLAN_YEAR": 2025, "PLAN_STATUS": "Stage 2 Approved (See Surrey 2050 OCP)", "LAND_USE": "High Rise"}}, {"type": "Feature", "geometry": {"type": "Polygon", "coordinates": [[[-122.845777083521, 49.1844743052961], [-122.845824150365, 49.184445798062], [-122.846881854168, 49.1844586391833], [-122.846899906775, 49.1844593971353], [-122.846897589913, 49.185210359467], [-122.84577103821, 49.1851968193917], [-122.845777083521, 49.1844743052961]]]}, "properties": {"PLAN_AREA": "City Centre", "PLAN_TYPE": "City Centre Plan", "PLAN_YEAR": 2025, "PLAN_STATUS": "Stage 2 Approved (See Surrey 2050 OCP)", "LAND_USE": "High Rise"}}, {"type": "Feature", "geometry": {"type": "Polygon", "coordinates": [[[-122.845764108414, 49.1860250219495], [-122.84577013457, 49.1853047711581], [-122.846897256826, 49.1853183200933], [-122.846895054447, 49.1860321416458], [-122.846894943425, 49.1860681246184], [-122.845763807199, 49.1860610028682], [-122.845764108414, 49.1860250219495]]]}, "properties": {"PLAN_AREA": "City Centre", "PLAN_TYPE": "City Centre Plan", "PLAN_YEAR": 2025, "PLAN_STATUS": "Stage 2 Approved (See Surrey 2050 OCP)", "LAND_USE": "High Rise"}}, {"type": "Feature", "geometry": {"type": "Polygon", "coordinates": [[[-122.845756571151, 49.1868940443792], [-122.845762264062, 49.1862409083086], [-122.846349867014, 49.186244608736], [-122.846894388326, 49.1862480349802], [-122.84689237388, 49.1869009124142], [-122.845756571151, 49.1868940443792]]]}, "properties": {"PLAN_AREA": "City Centre", "PLAN_TYPE": "City Centre Plan", "PLAN_YEAR": 2025, "PLAN_STATUS": "Stage 2 Approved (See Surrey 2050 OCP)", "LAND_USE": "High Rise"}}, {"type": "Feature", "geometry": {"type": "Polygon", "coordinates": [[[-122.841360456726, 49.1862159378315], [-122.841402016924, 49.1861894568879], [-122.84296025, 49.1862081079298], [-122.843028867903, 49.1862538866952], [-122.843029824563, 49.1872819911652], [-122.842988701815, 49.1873085614386], [-122.84138509363, 49.1872927755676], [-122.841344357946, 49.1872653972038], [-122.841360456726, 49.1862159378315]]]}, "properties": {"PLAN_AREA": "City Centre", "PLAN_TYPE": "City Centre Plan", "PLAN_YEAR": 2025, "PLAN_STATUS": "Stage 2 Approved (See Surrey 2050 OCP)", "LAND_USE": "High Rise"}}, {"type": "Feature", "geometry": {"type": "Polygon", "coordinates": [[[-122.845749356798, 49.187721783952], [-122.845755630404, 49.1870019906669], [-122.846892040795, 49.1870088622145], [-122.8468908568, 49.1873925788648], [-122.846915970856, 49.1874130261534], [-122.847054594087, 49.1875258879903], [-122.847107282648, 49.1875682726748], [-122.847120675205, 49.1875790461169], [-122.847210871993, 49.187651215353], [-122.847219402476, 49.1876583761244], [-122.847301724778, 49.1877274800581], [-122.847219190584, 49.1877271936982], [-122.847102714183, 49.1877267903866], [-122.847100607633, 49.1877267831001], [-122.846889827817, 49.1877260513936], [-122.846702667433, 49.1877254019291], [-122.846627177441, 49.1877251559796], [-122.846537938107, 49.1877243609877], [-122.845749356798, 49.187721783952]]]}, "properties": {"PLAN_AREA": "City Centre", "PLAN_TYPE": "City Centre Plan", "PLAN_YEAR": 2025, "PLAN_STATUS": "Stage 2 Approved (See Surrey 2050 OCP)", "LAND_USE": "High Rise"}}, {"type": "Feature", "geometry": {"type": "Polygon", "coordinates": [[[-122.84722684783, 49.1852401355558], [-122.85145100415, 49.186718612476], [-122.851392183141, 49.186984888485], [-122.851345130873, 49.187121482261], [-122.851285672884, 49.1872459865117], [-122.851174661304, 49.187418402688], [-122.851042341162, 49.1875736452777], [-122.850877426474, 49.1877252933762], [-122.850692255951, 49.18786101581], [-122.850352721762, 49.1880864427275], [-122.850047443852, 49.188304355248], [-122.850020219758, 49.1883371384468], [-122.850012409619, 49.1883384821009], [-122.849971720258, 49.1883247905376], [-122.849907742078, 49.1883032625523], [-122.849895931086, 49.1882992883592], [-122.84875232484, 49.187914470414], [-122.848597424083, 49.1878662641717], [-122.848438261781, 49.1878244454308], [-122.848275450296, 49.1877891750821], [-122.848275377605, 49.1877891605941], [-122.848275306284, 49.1877891470074], [-122.848170739122, 49.1877702877038], [-122.848065123902, 49.1877541313092], [-122.847958623172, 49.1877407026887], [-122.847958583388, 49.1877406981387], [-122.847958542231, 49.1877406935869], [-122.847958498329, 49.1877406890314], [-122.847818355025, 49.1877292683896], [-122.847813196379, 49.1877292507976], [-122.847701073046, 49.1877288628208], [-122.847667273376, 49.1876903623199], [-122.847593048947, 49.187621244146], [-122.847468099912, 49.1875163582852], [-122.847375735894, 49.1874424556833], [-122.847310539032, 49.1873900095013], [-122.847220454605, 49.1873166656985], [-122.84722684783, 49.1852401355558]]]}, "properties": {"PLAN_AREA": "City Centre", "PLAN_TYPE": "City Centre Plan", "PLAN_YEAR": 2025, "PLAN_STATUS": "Stage 2 Approved (See Surrey 2050 OCP)", "LAND_USE": "High Rise"}}, {"type": "Feature", "geometry": {"type": "Polygon", "coordinates": [[[-122.845680697986, 49.1887189303575], [-122.845691249599, 49.1879914564095], [-122.845717552114, 49.1879915428224], [-122.846535905419, 49.187994217208], [-122.846533174291, 49.1883913788476], [-122.846533173951, 49.1883914885901], [-122.846524956244, 49.18839145878], [-122.846523985397, 49.1886951253129], [-122.846482927409, 49.1887218381363], [-122.846365999549, 49.1887215504218], [-122.845680694511, 49.1887191651309], [-122.845680697986, 49.1887189303575]]]}, "properties": {"PLAN_AREA": "City Centre", "PLAN_TYPE": "City Centre Plan", "PLAN_YEAR": 2025, "PLAN_STATUS": "Stage 2 Approved (See Surrey 2050 OCP)", "LAND_USE": "High Rise"}}, {"type": "Feature", "geometry": {"type": "Polygon", "coordinates": [[[-122.846689529879, 49.1884054069264], [-122.846689572925, 49.188391919391], [-122.846697856509, 49.1883919483773], [-122.846699405846, 49.1881680999301], [-122.846700601331, 49.1879952581076], [-122.847098429793, 49.1879966382375], [-122.847495777958, 49.1879980145637], [-122.847496097161, 49.1883947016997], [-122.847496257937, 49.1885964580858], [-122.847380372268, 49.1886817507085], [-122.847337381649, 49.188686052345], [-122.847294576055, 49.1886910846569], [-122.847251984387, 49.1886968442468], [-122.84720992266, 49.1887029072302], [-122.84718283968, 49.1887066194847], [-122.847155645875, 49.1887099656199], [-122.847128352763, 49.1887129442183], [-122.847116328351, 49.1887141372735], [-122.84704915096, 49.1887194683685], [-122.846981649396, 49.188722577095], [-122.846913994684, 49.1887234555766], [-122.846729669977, 49.1887228153131], [-122.84668860274, 49.1886956974679], [-122.846689529879, 49.1884054069264]]]}, "properties": {"PLAN_AREA": "City Centre", "PLAN_TYPE": "City Centre Plan", "PLAN_YEAR": 2025, "PLAN_STATUS": "Stage 2 Approved (See Surrey 2050 OCP)", "LAND_USE": "High Rise"}}, {"type": "Feature", "geometry": {"type": "Polygon", "coordinates": [[[-122.838925507232, 49.2001685970162], [-122.839352623307, 49.1999395425427], [-122.839527324065, 49.2000790354781], [-122.839694494067, 49.2002124908369], [-122.839861666341, 49.2003459459535], [-122.840028838141, 49.2004794008241], [-122.840196010841, 49.2006128554506], [-122.840363184441, 49.2007463098329], [-122.840530360312, 49.200879763973], [-122.840697535713, 49.2010132169675], [-122.841004030927, 49.2012578591741], [-122.84077726071, 49.2013793117531], [-122.840576762197, 49.2014866928108], [-122.840366225858, 49.2015994496334], [-122.840149870432, 49.2017153211875], [-122.839843976327, 49.2014711561171], [-122.839613271584, 49.201287148227], [-122.839454037943, 49.2011600904765], [-122.839294806488, 49.201033033406], [-122.839135576143, 49.2009058852618], [-122.838976207678, 49.2007788266555], [-122.838816980046, 49.2006517680228], [-122.838498527225, 49.2003976509924], [-122.838725013098, 49.2002761709857], [-122.838925507232, 49.2001685970162]]]}, "properties": {"PLAN_AREA": "City Centre", "PLAN_TYPE": "City Centre Plan", "PLAN_YEAR": 2025, "PLAN_STATUS": "Stage 2 Approved (See Surrey 2050 OCP)", "LAND_USE": "Low Rise"}}, {"type": "Feature", "geometry": {"type": "Polygon", "coordinates": [[[-122.843673643482, 49.2012942677586], [-122.844724294732, 49.2007291803614], [-122.845204730432, 49.2010224066049], [-122.845431116944, 49.2011605754578], [-122.845315198806, 49.2012360285224], [-122.8453028797, 49.2012510548744], [-122.845253714824, 49.2013110227902], [-122.845228674161, 49.2013415660838], [-122.845160906071, 49.2014467230365], [-122.845135099766, 49.201500414703], [-122.845110260607, 49.2015520945108], [-122.845108555565, 49.201555641772], [-122.845101746354, 49.2015764306874], [-122.845063830739, 49.2015967910814], [-122.844779129857, 49.2017496771429], [-122.844459148484, 49.2019215076818], [-122.844268262528, 49.2017691362495], [-122.844077516391, 49.201616764686], [-122.843886635522, 49.2014643935205], [-122.843695756109, 49.201311932084], [-122.843673643482, 49.2012942677586]]]}, "properties": {"PLAN_AREA": "City Centre", "PLAN_TYPE": "City Centre Plan", "PLAN_YEAR": 2025, "PLAN_STATUS": "Stage 2 Approved (See Surrey 2050 OCP)", "LAND_USE": "Low Rise"}}, {"type": "Feature", "geometry": {"type": "Polygon", "coordinates": [[[-122.835812296115, 49.2008444251477], [-122.836314158674, 49.2008450520152], [-122.836732561187, 49.2008456469102], [-122.837099484112, 49.2008461667953], [-122.837099113147, 49.2009574382264], [-122.837099003151, 49.2009905093191], [-122.837129534943, 49.2010148738889], [-122.83728875941, 49.2011419348366], [-122.837447983025, 49.2012690855135], [-122.837607209123, 49.2013961460183], [-122.837722893589, 49.201488526696], [-122.836737602989, 49.2020270913268], [-122.83661993491, 49.2019332154431], [-122.836458793123, 49.2018045317213], [-122.836297514897, 49.2016758475782], [-122.836136374782, 49.2015471634026], [-122.835824492312, 49.201546627856], [-122.835820800139, 49.2013374781269], [-122.835818057874, 49.2011731281695], [-122.835815176984, 49.2010087771107], [-122.835812296115, 49.2008444251477]]]}, "properties": {"PLAN_AREA": "City Centre", "PLAN_TYPE": "City Centre Plan", "PLAN_YEAR": 2025, "PLAN_STATUS": "Stage 2 Approved (See Surrey 2050 OCP)", "LAND_USE": "Low Rise"}}, {"type": "Feature", "geometry": {"type": "Polygon", "coordinates": [[[-122.84802259009, 49.2024952134816], [-122.848398590134, 49.2022481496348], [-122.8486597877, 49.2024201477728], [-122.848954632109, 49.2026142997781], [-122.849249899975, 49.2028085478258], [-122.849595427393, 49.2030359425969], [-122.849766496164, 49.2031485228684], [-122.849743016573, 49.203152231836], [-122.849719417598, 49.2031555998129], [-122.849695710772, 49.2031586251533], [-122.849672569053, 49.2031612368728], [-122.849649347017, 49.2031635220944], [-122.849626055392, 49.2031654797624], [-122.849548986035, 49.2031696006553], [-122.849471664877, 49.2031701393464], [-122.849394479224, 49.2031670931373], [-122.849304172896, 49.2031589180946], [-122.849215221059, 49.2031458383055], [-122.849128243029, 49.2031279448367], [-122.849043844379, 49.2031053622695], [-122.84896261272, 49.2030782478325], [-122.848885113614, 49.2030467903063], [-122.848834230231, 49.2030221427329], [-122.848785708494, 49.2029955288333], [-122.848739725111, 49.2029670455339], [-122.84802259009, 49.2024952134816]]]}, "properties": {"PLAN_AREA": "City Centre", "PLAN_TYPE": "City Centre Plan", "PLAN_YEAR": 2025, "PLAN_STATUS": "Stage 2 Approved (See Surrey 2050 OCP)", "LAND_USE": "Mid Rise"}}, {"type": "Feature", "geometry": {"type": "Polygon", "coordinates": [[[-122.839578078824, 49.1718413306586], [-122.840063728739, 49.171720482452], [-122.840141765832, 49.1717704256569], [-122.840141186885, 49.171906343737], [-122.840139027557, 49.1724435935611], [-122.839404560236, 49.172445961269], [-122.839498010618, 49.171908862659], [-122.839499679018, 49.1719020285096], [-122.839502170277, 49.1718952854574], [-122.839505621294, 49.1718887236461], [-122.839509758767, 49.1718824326491], [-122.839514717433, 49.1718763235999], [-122.839520498376, 49.1718704846541], [-122.839526963822, 49.1718650964269], [-122.839534114352, 49.1718599790118], [-122.839541812193, 49.1718553121244], [-122.839550195908, 49.171851095957], [-122.839559125558, 49.1718473312147], [-122.83956832785, 49.1718441056721], [-122.839578078824, 49.1718413306586]]]}, "properties": {"PLAN_AREA": "City Centre", "PLAN_TYPE": "City Centre Plan", "PLAN_YEAR": 2025, "PLAN_STATUS": "Stage 2 Approved (See Surrey 2050 OCP)", "LAND_USE": "Park"}}, {"type": "Feature", "geometry": {"type": "Polygon", "coordinates": [[[-122.834780316473, 49.1738032304266], [-122.834781713613, 49.1735099831054], [-122.83675222919, 49.1730227457048], [-122.836769790401, 49.173022681474], [-122.837007964189, 49.1730218511776], [-122.837246139634, 49.1730209313384], [-122.837267542298, 49.1730208715462], [-122.837484489299, 49.1729672067426], [-122.837722992695, 49.1729082654663], [-122.838412825113, 49.1727376994997], [-122.838411144971, 49.1725394386982], [-122.839005861281, 49.1725374357811], [-122.839005455172, 49.1726377073002], [-122.839004783796, 49.1728032784024], [-122.838137373634, 49.1730176970549], [-122.837955038988, 49.1730183390858], [-122.837836130369, 49.1730477650798], [-122.837393448693, 49.1731571512568], [-122.837252294143, 49.1731921224414], [-122.836995662906, 49.1732555348329], [-122.836739032387, 49.1733189466546], [-122.836454388814, 49.1733893337115], [-122.836065389723, 49.1734855685392], [-122.83624094081, 49.173667797144], [-122.836214971506, 49.1736796341783], [-122.836190917896, 49.1736930031336], [-122.836168779199, 49.173707724103], [-122.836151295199, 49.1737217329438], [-122.836148831479, 49.1737237075258], [-122.835947441505, 49.1735147240898], [-122.835626690465, 49.1735939614042], [-122.834780316473, 49.1738032304266]]]}, "properties": {"PLAN_AREA": "City Centre", "PLAN_TYPE": "City Centre Plan", "PLAN_YEAR": 2025, "PLAN_STATUS": "Stage 2 Approved (See Surrey 2050 OCP)", "LAND_USE": "Park"}}, {"type": "Feature", "geometry": {"type": "Polygon", "coordinates": [[[-122.851162878625, 49.1738935031912], [-122.84869143291, 49.1738860250281], [-122.848622517324, 49.1738855146308], [-122.848633085974, 49.1732757040513], [-122.848641703562, 49.1727927549817], [-122.848653340104, 49.1728005071338], [-122.848665940028, 49.1728077199265], [-122.848679365589, 49.1728141242181], [-122.84869375398, 49.1728197201882], [-122.848708693619, 49.1728245072969], [-122.848724184778, 49.1728283955912], [-122.848740227454, 49.1728313859702], [-122.848756547264, 49.1728334762754], [-122.848773144478, 49.1728345774529], [-122.848789881626, 49.1728347792762], [-122.84880648432, 49.1728340813859], [-122.848822952833, 49.172832393829], [-122.848839149968, 49.172829716426], [-122.84885480079, 49.1728262287241], [-122.848870044137, 49.1728218409517], [-122.848884740071, 49.172816552926], [-122.848898615301, 49.172810454243], [-122.848911532355, 49.1728036355762], [-122.848923628434, 49.1727960953064], [-122.848934628873, 49.1727879239275], [-122.848944397849, 49.1727791212622], [-122.848953069539, 49.1727697774399], [-122.848960507848, 49.1727599822362], [-122.848966575308, 49.1727498254251], [-122.848971271918, 49.1727393079064], [-122.848974597137, 49.1727286077875], [-122.848976552061, 49.1727178159231], [-122.848976997027, 49.1727068421768], [-122.848975932586, 49.1726959564102], [-122.848973495934, 49.1726851588025], [-122.848969686798, 49.1726745393068], [-122.848964367711, 49.1726641876966], [-122.848957813061, 49.1726541043308], [-122.848949886481, 49.1726444689377], [-122.848940722149, 49.1726353707465], [-122.848930458626, 49.1726268117372], [-122.848919095642, 49.1726188809633], [-122.848906633196, 49.1726115784242], [-122.848893345401, 49.172604994432], [-122.848879096163, 49.1725992187617], [-122.848864294043, 49.1725943419012], [-122.848848803497, 49.1725902728198], [-122.848832898904, 49.1725870136755], [-122.848816579446, 49.172584833428], [-122.84880012033, 49.1725834625769], [-122.848783710888, 49.1725828995711], [-122.849316135057, 49.1725765746393], [-122.849399822339, 49.1725755800754], [-122.849933802191, 49.172569234535], [-122.850209569371, 49.1725659566337], [-122.850736735728, 49.1725596875969], [-122.85082036396, 49.1725586928268], [-122.85132232399, 49.1725527204815], [-122.85131873067, 49.1727694732267], [-122.851300096304, 49.1738932472809], [-122.851162898773, 49.1738922744524], [-122.851162878625, 49.1738935031912]]]}, "properties": {"PLAN_AREA": "City Centre", "PLAN_TYPE": "City Centre Plan", "PLAN_YEAR": 2025, "PLAN_STATUS": "Stage 2 Approved (See Surrey 2050 OCP)", "LAND_USE": "Park"}}, {"type": "Feature", "geometry": {"type": "Polygon", "coordinates": [[[-122.844671014377, 49.1747847352815], [-122.84533997058, 49.1747821860845], [-122.845422913276, 49.1748382383024], [-122.845416888542, 49.1749656574341], [-122.845437457737, 49.1749660753634], [-122.845424300642, 49.1752444016871], [-122.845437261104, 49.1752447095836], [-122.845537654503, 49.1752617911384], [-122.84553627767, 49.1752889138665], [-122.845466847799, 49.175424345779], [-122.845519612915, 49.1756174565138], [-122.845517337641, 49.175662132457], [-122.84548472009, 49.1756604903474], [-122.845450474203, 49.1756587659908], [-122.845304096915, 49.1756517092561], [-122.845148138076, 49.1755951884702], [-122.844903302216, 49.1755726405092], [-122.844808675491, 49.1755150322216], [-122.844833292476, 49.1754530882596], [-122.844885908229, 49.1753445860043], [-122.844829062237, 49.1751841225974], [-122.84484327022, 49.1749424367001], [-122.84482509177, 49.1748768361906], [-122.844699757048, 49.1748121710684], [-122.844689026479, 49.174802128624], [-122.844671014377, 49.1747847352815]]]}, "properties": {"PLAN_AREA": "City Centre", "PLAN_TYPE": "City Centre Plan", "PLAN_YEAR": 2025, "PLAN_STATUS": "Stage 2 Approved (See Surrey 2050 OCP)", "LAND_USE": "Park"}}, {"type": "Feature", "geometry": {"type": "Polygon", "coordinates": [[[-122.846108187425, 49.176154990134], [-122.846172724671, 49.1760113376862], [-122.846126140437, 49.1758283759534], [-122.846143649489, 49.1755909185383], [-122.846190341998, 49.1755258940054], [-122.846143979207, 49.1754947182428], [-122.846145928129, 49.1753962325861], [-122.84617500436, 49.1753752896724], [-122.846518306562, 49.1755962925491], [-122.846516952113, 49.1757530211675], [-122.8471820908, 49.1757561871576], [-122.847902130506, 49.1757596105384], [-122.848262163436, 49.1757613201128], [-122.848319358017, 49.1757630530897], [-122.848376130068, 49.175767914065], [-122.848432085931, 49.1757758683402], [-122.848486830643, 49.1757868605268], [-122.848539983019, 49.1758008145655], [-122.848591170174, 49.1758176328201], [-122.848585726498, 49.176150316749], [-122.848282902358, 49.1761485016496], [-122.847144483298, 49.1761416707182], [-122.846461539475, 49.1761573000056], [-122.846108187425, 49.176154990134]]]}, "properties": {"PLAN_AREA": "City Centre", "PLAN_TYPE": "City Centre Plan", "PLAN_YEAR": 2025, "PLAN_STATUS": "Stage 2 Approved (See Surrey 2050 OCP)", "LAND_USE": "Park"}}, {"type": "Feature", "geometry": {"type": "Polygon", "coordinates": [[[-122.838805864271, 49.1749179290801], [-122.838806540901, 49.17475349326], [-122.837830506962, 49.1747495082427], [-122.837830826932, 49.174727578932], [-122.837831083704, 49.1746691365135], [-122.837830803854, 49.1746594652213], [-122.837746082373, 49.1746386551194], [-122.837731287702, 49.1746320677277], [-122.837715665527, 49.1746263787061], [-122.837699354714, 49.174621498296], [-122.837682491872, 49.1746176065961], [-122.837665077003, 49.1746147027065], [-122.837647521699, 49.1746127890047], [-122.837629689056, 49.1746117744452], [-122.837611715686, 49.1746118382274], [-122.837593874903, 49.1746128925811], [-122.837576306652, 49.1746149368038], [-122.83755900956, 49.1746179708934], [-122.837542258319, 49.1746219052833], [-122.837525915434, 49.1746268297336], [-122.837527898462, 49.1742766408922], [-122.837528535553, 49.1741670775349], [-122.837620458105, 49.1741672077209], [-122.83762085752, 49.1738391460837], [-122.837869732366, 49.1738400381712], [-122.8381192935, 49.1738408407308], [-122.838285953667, 49.1738414412378], [-122.838369540333, 49.1738417345639], [-122.838780992718, 49.1738431237744], [-122.838896650243, 49.1738435568371], [-122.838922994685, 49.1738427840038], [-122.838949208555, 49.1738403918194], [-122.838974877514, 49.1738363797063], [-122.838999866816, 49.1738308374305], [-122.839023900984, 49.173823674655], [-122.839665186531, 49.1738212411965], [-122.839691645378, 49.1736592707774], [-122.839718242616, 49.1734973014393], [-122.839744700821, 49.1733354218511], [-122.839765318572, 49.1732092043127], [-122.839771159143, 49.173173452299], [-122.839797545975, 49.1730119000215], [-122.840136735026, 49.1730106870265], [-122.840136148428, 49.1730765402792], [-122.840136007657, 49.1731113089145], [-122.840135401483, 49.1732599301594], [-122.840134108818, 49.1735778492383], [-122.840132187535, 49.1741689310035], [-122.840131692543, 49.1742975026417], [-122.840130762056, 49.1745387242248], [-122.840130761013, 49.1745390480559], [-122.840130512326, 49.1746034894891], [-122.840130445136, 49.1746209448698], [-122.839921034768, 49.1746216973466], [-122.839855619923, 49.1746219322849], [-122.83985501134, 49.1747582721373], [-122.83982742764, 49.1747581538245], [-122.839791008375, 49.1747579980612], [-122.839031520596, 49.1747546535295], [-122.839007249054, 49.1748014503788], [-122.839069713882, 49.1749160482238], [-122.839097289231, 49.1751702052247], [-122.839155876764, 49.1753823953337], [-122.839173376469, 49.1755290429657], [-122.839181587791, 49.1755358908644], [-122.839258528306, 49.1758006392883], [-122.839440495847, 49.1759611894968], [-122.839456032124, 49.1760360523775], [-122.839527278135, 49.1761955480339], [-122.839504804625, 49.1763990805816], [-122.839442461294, 49.1766273848477], [-122.839353011073, 49.1768760132305], [-122.83879871947, 49.1768735110474], [-122.838799166457, 49.1765630679134], [-122.8388002471, 49.176398455496], [-122.83880050393, 49.176234021831], [-122.838801174027, 49.1760694996841], [-122.838801842749, 49.1759049766311], [-122.838802512546, 49.1757405435284], [-122.838803182628, 49.1755760204679], [-122.83880385133, 49.1754114983003], [-122.838804521401, 49.1752469752303], [-122.838805190092, 49.1750824530532], [-122.838805864271, 49.1749179290801]]]}, "properties": {"PLAN_AREA": "City Centre", "PLAN_TYPE": "City Centre Plan", "PLAN_YEAR": 2025, "PLAN_STATUS": "Stage 2 Approved (See Surrey 2050 OCP)", "LAND_USE": "Park"}}, {"type": "Feature", "geometry": {"type": "Polygon", "coordinates": [[[-122.847130103621, 49.1769197868118], [-122.84714091314, 49.1763377528308], [-122.847342155607, 49.1764294755988], [-122.847403205102, 49.176586498068], [-122.847430307098, 49.1766735908236], [-122.847490433982, 49.1767608801095], [-122.847488875597, 49.1769215573934], [-122.847130103621, 49.1769197868118]]]}, "properties": {"PLAN_AREA": "City Centre", "PLAN_TYPE": "City Centre Plan", "PLAN_YEAR": 2025, "PLAN_STATUS": "Stage 2 Approved (See Surrey 2050 OCP)", "LAND_USE": "Park"}}, {"type": "Feature", "geometry": {"type": "Polygon", "coordinates": [[[-122.846943578695, 49.1776500363409], [-122.846970704075, 49.1771887280967], [-122.84726858118, 49.1771901523927], [-122.847267767718, 49.1772632267926], [-122.847244243203, 49.1773110536066], [-122.847243586609, 49.177370147649], [-122.847262511081, 49.177396098038], [-122.847277911869, 49.1774230314633], [-122.847289671638, 49.1774507427359], [-122.847297700793, 49.1774790207407], [-122.847301938157, 49.1775076500445], [-122.847302351442, 49.1775364125376], [-122.847368391316, 49.1775367292188], [-122.847435081216, 49.1776197418123], [-122.847434947302, 49.1776476865689], [-122.847363471816, 49.1776480283972], [-122.846943578695, 49.1776500363409]]]}, "properties": {"PLAN_AREA": "City Centre", "PLAN_TYPE": "City Centre Plan", "PLAN_YEAR": 2025, "PLAN_STATUS": "Stage 2 Approved (See Surrey 2050 OCP)", "LAND_USE": "Park"}}, {"type": "Feature", "geometry": {"type": "Polygon", "coordinates": [[[-122.834544994672, 49.1775086356459], [-122.834545326683, 49.1774855936475], [-122.834600838046, 49.1775053909587], [-122.834654394813, 49.1775328431814], [-122.834700329583, 49.1775656996668], [-122.83473738851, 49.1776030653922], [-122.834752813855, 49.177623957563], [-122.834776723701, 49.1776602394112], [-122.834790338265, 49.1776838815767], [-122.834800519853, 49.1777082550014], [-122.834807179176, 49.1777331459497], [-122.834810257831, 49.1777583361474], [-122.834809728815, 49.1777836046958], [-122.834793639969, 49.177957507552], [-122.834790207379, 49.177979727017], [-122.834783748636, 49.1780016550687], [-122.834774315803, 49.1780231149311], [-122.834761984922, 49.1780439336021], [-122.834751324405, 49.1781274068293], [-122.834747042028, 49.1781497129579], [-122.834739942185, 49.1781717079594], [-122.834730074155, 49.1781932391528], [-122.834717506436, 49.1782141570767], [-122.834702326264, 49.1782343165262], [-122.834638701531, 49.1783102747712], [-122.834602177344, 49.1783465933383], [-122.834553516883, 49.1783808489668], [-122.834514914144, 49.1784203704684], [-122.834502677621, 49.1784290469325], [-122.834501189214, 49.1784384143487], [-122.834496829271, 49.1784585017029], [-122.834490179327, 49.1784783174926], [-122.834481276977, 49.1784977496771], [-122.834484437454, 49.1784864839417], [-122.834495407904, 49.1784423100424], [-122.834504832363, 49.178399254746], [-122.834511591625, 49.1783641870921], [-122.834520117208, 49.178312113574], [-122.834526988057, 49.1782587954269], [-122.834530658319, 49.17822178215], [-122.83453581693, 49.1781326061099], [-122.834537339167, 49.1780381724772], [-122.834538660294, 49.1779468536422], [-122.834539938567, 49.1778585104041], [-122.834541224348, 49.1777695599897], [-122.834542560262, 49.1776770933658], [-122.834543564297, 49.1776076273599], [-122.834543862288, 49.1775869708785], [-122.834544994672, 49.1775086356459]]]}, "properties": {"PLAN_AREA": "City Centre", "PLAN_TYPE": "City Centre Plan", "PLAN_YEAR": 2025, "PLAN_STATUS": "Stage 2 Approved (See Surrey 2050 OCP)", "LAND_USE": "Review Buffer"}}, {"type": "Feature", "geometry": {"type": "Polygon", "coordinates": [[[-122.836816781291, 49.198092982543], [-122.83628132836, 49.1980892500349], [-122.836280344031, 49.1982119725795], [-122.83493492168, 49.1982104749916], [-122.834935814753, 49.1980254301057], [-122.834332943124, 49.1980248008219], [-122.834335999101, 49.1969002003661], [-122.835616066218, 49.1969012089548], [-122.835616119228, 49.1968922541953], [-122.836828417326, 49.1969008249781], [-122.836816781291, 49.198092982543]]]}, "properties": {"PLAN_AREA": "City Centre", "PLAN_TYPE": "City Centre Plan", "PLAN_YEAR": 2025, "PLAN_STATUS": "Stage 2 Approved (See Surrey 2050 OCP)", "LAND_USE": "School"}}, {"type": "Feature", "geometry": {"type": "Polygon", "coordinates": [[[-122.842879481406, 49.1888551459277], [-122.8429871018, 49.1888468258868], [-122.843056080342, 49.1888704510001], [-122.843127523079, 49.188890686877], [-122.843201043026, 49.1889074239053], [-122.843201035693, 49.1889127842101], [-122.843201012204, 49.1889284684284], [-122.843201000571, 49.1889364922433], [-122.843200592506, 49.1892176163054], [-122.843199549343, 49.1899368127019], [-122.843199526848, 49.1899530501312], [-122.842269699532, 49.1896800946214], [-122.84226639784, 49.1896791258134], [-122.842135312051, 49.1896406437183], [-122.842135271362, 49.1895430084059], [-122.842135294643, 49.1895102420668], [-122.842137781096, 49.1894741061739], [-122.842145187142, 49.1894382607386], [-122.842157453444, 49.1894029929111], [-122.842174481727, 49.1893685852138], [-122.842196135572, 49.1893353132784], [-122.842222241508, 49.1893034436376], [-122.842252590399, 49.1892732315903], [-122.842272368569, 49.1892562993309], [-122.842293481809, 49.1892400744174], [-122.842315871337, 49.1892246020215], [-122.842469383718, 49.189123973012], [-122.842714466711, 49.1889633167957], [-122.842879481406, 49.1888551459277]]]}, "properties": {"PLAN_AREA": "City Centre", "PLAN_TYPE": "City Centre Plan", "PLAN_YEAR": 2025, "PLAN_STATUS": "Stage 2 Approved (See Surrey 2050 OCP)", "LAND_USE": "High Rise"}}, {"type": "Feature", "geometry": {"type": "Polygon", "coordinates": [[[-122.845662462606, 49.189976068337], [-122.845677567234, 49.1889348094981], [-122.846004293267, 49.1889359940192], [-122.846361336509, 49.188937288114], [-122.846479028868, 49.1889377153773], [-122.846512149829, 49.1889378358593], [-122.846499834204, 49.189332131378], [-122.84649492725, 49.189583846429], [-122.846490025281, 49.1898352637301], [-122.846487217685, 49.1899793039232], [-122.845662462606, 49.189976068337]]]}, "properties": {"PLAN_AREA": "City Centre", "PLAN_TYPE": "City Centre Plan", "PLAN_YEAR": 2025, "PLAN_STATUS": "Stage 2 Approved (See Surrey 2050 OCP)", "LAND_USE": "High Rise"}}, {"type": "Feature", "geometry": {"type": "Polygon", "coordinates": [[[-122.843473963542, 49.1899850841368], [-122.843475478238, 49.1889367898993], [-122.844838573945, 49.1889501900096], [-122.844891933264, 49.1889513202927], [-122.844945320397, 49.1889512746963], [-122.844998675041, 49.1889500532719], [-122.845108335398, 49.1889463324028], [-122.845128247488, 49.1889581924568], [-122.845113124152, 49.1899999900182], [-122.844336823186, 49.1899929347508], [-122.843505686162, 49.1899853744967], [-122.843473963542, 49.1899850841368]]]}, "properties": {"PLAN_AREA": "City Centre", "PLAN_TYPE": "City Centre Plan", "PLAN_YEAR": 2025, "PLAN_STATUS": "Stage 2 Approved (See Surrey 2050 OCP)", "LAND_USE": "High Rise"}}, {"type": "Feature", "geometry": {"type": "Polygon", "coordinates": [[[-122.846659633501, 49.1895841371886], [-122.846676851593, 49.1889384405261], [-122.846680334688, 49.1889384532458], [-122.847489128837, 49.1889414545011], [-122.847479202731, 49.1895877914832], [-122.847470790872, 49.1899718357451], [-122.847401159455, 49.1900165341808], [-122.846693034444, 49.1900139016656], [-122.846652388893, 49.1899867753783], [-122.846659604061, 49.1895852255838], [-122.846659613508, 49.1895848334002], [-122.846659633501, 49.1895841371886]]]}, "properties": {"PLAN_AREA": "City Centre", "PLAN_TYPE": "City Centre Plan", "PLAN_YEAR": 2025, "PLAN_STATUS": "Stage 2 Approved (See Surrey 2050 OCP)", "LAND_USE": "High Rise"}}, {"type": "Feature", "geometry": {"type": "Polygon", "coordinates": [[[-122.84826150293, 49.1899580638076], [-122.848229377344, 49.1899540096813], [-122.84816622422, 49.1899539419665], [-122.848133312297, 49.1899539067901], [-122.848085744336, 49.1899538559255], [-122.848029089607, 49.1899537948841], [-122.847925231983, 49.1899536824653], [-122.847918032285, 49.1899536747841], [-122.84785054149, 49.1899086731393], [-122.847855894314, 49.1896829767111], [-122.84786349826, 49.1893622539287], [-122.847867763538, 49.1891823701369], [-122.847869350711, 49.189115456003], [-122.847870800879, 49.1890542825044], [-122.847874096758, 49.1889152739847], [-122.847943692337, 49.1888704303842], [-122.848125714568, 49.1888706761846], [-122.848153097004, 49.1888709006678], [-122.848180465749, 49.1888715109382], [-122.848207808153, 49.1888725067138], [-122.848253625369, 49.1888750442463], [-122.848299273007, 49.1888786640109], [-122.848344691585, 49.1888833612908], [-122.848391613095, 49.1888893822976], [-122.849536806522, 49.189051006607], [-122.849561186477, 49.1890711411192], [-122.849594281312, 49.1890984742408], [-122.849602703218, 49.1891054295993], [-122.849580869062, 49.1899454025635], [-122.849579984985, 49.1899794325214], [-122.849510265151, 49.1900235887952], [-122.849489129191, 49.1900233489633], [-122.848708847156, 49.1900145188298], [-122.84847071379, 49.1899844663019], [-122.848388424906, 49.1899740820507], [-122.848270348889, 49.189959180055], [-122.84826150293, 49.1899580638076]]]}, "properties": {"PLAN_AREA": "City Centre", "PLAN_TYPE": "City Centre Plan", "PLAN_YEAR": 2025, "PLAN_STATUS": "Stage 2 Approved (See Surrey 2050 OCP)", "LAND_USE": "High Rise"}}, {"type": "Feature", "geometry": {"type": "Polygon", "coordinates": [[[-122.850042749809, 49.1896954114547], [-122.850058204716, 49.1890845473224], [-122.850125037403, 49.1890264927852], [-122.850450400061, 49.188961625577], [-122.850494302714, 49.1889540165605], [-122.850538939746, 49.188948542733], [-122.850584069787, 49.1889452336938], [-122.850584082451, 49.1889446742009], [-122.850858793918, 49.1889457462012], [-122.851052392398, 49.1889469648372], [-122.851044167763, 49.1892970981595], [-122.851042883781, 49.1893517592933], [-122.8510347235, 49.1896991526975], [-122.850962995073, 49.1896988883483], [-122.850521789564, 49.1896972216291], [-122.850286377957, 49.1896963320107], [-122.850042749809, 49.1896954114547]]]}, "properties": {"PLAN_AREA": "City Centre", "PLAN_TYPE": "City Centre Plan", "PLAN_YEAR": 2025, "PLAN_STATUS": "Stage 2 Approved (See Surrey 2050 OCP)", "LAND_USE": "High Rise"}}, {"type": "Feature", "geometry": {"type": "Polygon", "coordinates": [[[-122.850178091802, 49.1887314087986], [-122.850276623253, 49.1885928484398], [-122.850384891217, 49.1884624701625], [-122.850650941489, 49.1882725597605], [-122.850898418742, 49.1881082506505], [-122.851141570563, 49.1881093612903], [-122.85114198227, 49.1881093627206], [-122.851139529979, 49.1884377618368], [-122.85113799528, 49.1887301898096], [-122.851137522615, 49.1887665150242], [-122.850547126305, 49.1887634488334], [-122.850454034571, 49.1887757094976], [-122.850429098218, 49.1887792800338], [-122.850404323592, 49.1887833052922], [-122.85037972999, 49.1887877821373], [-122.850370558396, 49.1887895756171], [-122.850183963121, 49.1888267767622], [-122.850141793238, 49.1888001192763], [-122.85015291003, 49.188776996114], [-122.850165012731, 49.1887540866028], [-122.850178091802, 49.1887314087986]]]}, "properties": {"PLAN_AREA": "City Centre", "PLAN_TYPE": "City Centre Plan", "PLAN_YEAR": 2025, "PLAN_STATUS": "Stage 2 Approved (See Surrey 2050 OCP)", "LAND_USE": "High Rise"}}, {"type": "Feature", "geometry": {"type": "Polygon", "coordinates": [[[-122.855720129518, 49.201022881349], [-122.855761639877, 49.2009962917966], [-122.856218793512, 49.2010005570621], [-122.856259600885, 49.2010279158046], [-122.856247728037, 49.2019325409094], [-122.856243802528, 49.2022316523878], [-122.855988461216, 49.2023969648365], [-122.855798249932, 49.2025205028999], [-122.855608036325, 49.2026440415443], [-122.855417821772, 49.2027675789724], [-122.855093407064, 49.2025539378487], [-122.855666233311, 49.2021894439419], [-122.855669659199, 49.2021872641631], [-122.855697503641, 49.2021695467209], [-122.855711077955, 49.2019273318198], [-122.855713668663, 49.2017630178209], [-122.855710534761, 49.2017629896186], [-122.855720129518, 49.201022881349]]]}, "properties": {"PLAN_AREA": "City Centre", "PLAN_TYPE": "City Centre Plan", "PLAN_YEAR": 2025, "PLAN_STATUS": "Stage 2 Approved (See Surrey 2050 OCP)", "LAND_USE": "Low Rise"}}, {"type": "Feature", "geometry": {"type": "Polygon", "coordinates": [[[-122.836824658036, 49.2020966473133], [-122.837809995835, 49.2015580559261], [-122.837925663473, 49.201650356316], [-122.838084892021, 49.2017774152569], [-122.838244956853, 49.2019050598412], [-122.838377782429, 49.2020109514196], [-122.838403932746, 49.2020317986489], [-122.838430058331, 49.2020526593304], [-122.838549917837, 49.2021483624771], [-122.838843433191, 49.2023827186878], [-122.838837682971, 49.2024206474642], [-122.838691578762, 49.2024989437365], [-122.838442341755, 49.2026325066899], [-122.838264210669, 49.2027281158566], [-122.838038175604, 49.2028494354281], [-122.837876420143, 49.202936253356], [-122.837440187031, 49.2025879779892], [-122.837436471058, 49.2025850106053], [-122.837387926529, 49.2025462606606], [-122.837271765005, 49.2024535353722], [-122.8371070612, 49.2023220590045], [-122.836942357191, 49.2021904924454], [-122.836824658036, 49.2020966473133]]]}, "properties": {"PLAN_AREA": "City Centre", "PLAN_TYPE": "City Centre Plan", "PLAN_YEAR": 2025, "PLAN_STATUS": "Stage 2 Approved (See Surrey 2050 OCP)", "LAND_USE": "Low Rise"}}, {"type": "Feature", "geometry": {"type": "Polygon", "coordinates": [[[-122.84229120646, 49.2020435477308], [-122.84261215389, 49.2018709869], [-122.84272784754, 49.2019633256853], [-122.842894549194, 49.2020963745353], [-122.843061144938, 49.2022293375421], [-122.843392890363, 49.2024941076657], [-122.843240634864, 49.2025758852297], [-122.843109010621, 49.2026471355281], [-122.843071643427, 49.2026671955666], [-122.843007953846, 49.2027013847239], [-122.84178390484, 49.2033584630822], [-122.841697117796, 49.2033478682373], [-122.841135512045, 49.2026992877471], [-122.841147022297, 49.2026587158646], [-122.84222755685, 49.2020777688991], [-122.84229120646, 49.2020435477308]]]}, "properties": {"PLAN_AREA": "City Centre", "PLAN_TYPE": "City Centre Plan", "PLAN_YEAR": 2025, "PLAN_STATUS": "Stage 2 Approved (See Surrey 2050 OCP)", "LAND_USE": "Low Rise"}}, {"type": "Feature", "geometry": {"type": "Polygon", "coordinates": [[[-122.84646930511, 49.1768813033794], [-122.846193971757, 49.1768797793135], [-122.846179581868, 49.1768731035011], [-122.846166101191, 49.1768656564696], [-122.846153625616, 49.1768574911907], [-122.846142243884, 49.1768486657454], [-122.846132036953, 49.1768392429103], [-122.846123077427, 49.1768292897114], [-122.846115429034, 49.1768188769472], [-122.846101381235, 49.1766947377622], [-122.846101250539, 49.1765328789485], [-122.846099961675, 49.1765122437083], [-122.846107057184, 49.1763739569269], [-122.846118288177, 49.1761550557664], [-122.846461539475, 49.1761573000056], [-122.846452691754, 49.1763545030969], [-122.846494438089, 49.1763547879757], [-122.846484927735, 49.1765355844716], [-122.846651801066, 49.1765367614811], [-122.846634411834, 49.1768822163005], [-122.84646930511, 49.1768813033794]]]}, "properties": {"PLAN_AREA": "City Centre", "PLAN_TYPE": "City Centre Plan", "PLAN_YEAR": 2025, "PLAN_STATUS": "Stage 2 Approved (See Surrey 2050 OCP)", "LAND_USE": "Commercial"}}, {"type": "Feature", "geometry": {"type": "Polygon", "coordinates": [[[-122.846698472561, 49.17527596198], [-122.847187344681, 49.1752782731422], [-122.847907377528, 49.175281673096], [-122.848071047006, 49.1752824444436], [-122.848596355458, 49.1755008163244], [-122.848591170174, 49.1758176328201], [-122.848539982932, 49.1758008147419], [-122.848486830793, 49.1757868604423], [-122.848432085712, 49.1757758675723], [-122.848376130792, 49.1757679130594], [-122.848319357602, 49.1757630525684], [-122.848262163436, 49.1757613201128], [-122.847902130506, 49.1757596105384], [-122.8471820908, 49.1757561871576], [-122.846516952113, 49.1757530211675], [-122.846518306562, 49.1755962925491], [-122.84617500436, 49.1753752896724], [-122.846187370513, 49.1753663836587], [-122.846227374026, 49.1753622242999], [-122.846267009957, 49.1753567577127], [-122.846306178991, 49.1753499975945], [-122.846352763972, 49.1753401229619], [-122.846398352776, 49.1753284192281], [-122.846442778499, 49.1753149292417], [-122.846491213538, 49.1753008672059], [-122.846541451923, 49.1752898557724], [-122.846593047812, 49.1752819926625], [-122.846645543316, 49.1752773476576], [-122.846698472561, 49.17527596198]]]}, "properties": {"PLAN_AREA": "City Centre", "PLAN_TYPE": "City Centre Plan", "PLAN_YEAR": 2025, "PLAN_STATUS": "Stage 2 Approved (See Surrey 2050 OCP)", "LAND_USE": "Commercial"}}, {"type": "Feature", "geometry": {"type": "Polygon", "coordinates": [[[-122.845538634635, 49.1743105047268], [-122.845526955674, 49.1745858268253], [-122.845526215404, 49.1746032678152], [-122.845027083641, 49.1746048191431], [-122.843940665196, 49.1746083287579], [-122.843104610918, 49.1746111044145], [-122.842686777058, 49.1746125347633], [-122.841433366811, 49.1746165344108], [-122.841015695407, 49.1746177592398], [-122.840652902236, 49.1746190654893], [-122.840130445136, 49.1746209448698], [-122.840130512326, 49.1746034894891], [-122.840130512919, 49.1746033050853], [-122.840131692543, 49.1742975026417], [-122.840132187576, 49.1741689184101], [-122.840134108818, 49.1735778492383], [-122.840134109243, 49.1735777170073], [-122.840134487911, 49.1735777157324], [-122.840677925883, 49.1735756071177], [-122.840677921335, 49.1735757420417], [-122.840904942388, 49.173574862234], [-122.841040465732, 49.1735743364247], [-122.841457914641, 49.1735730140536], [-122.842638968896, 49.173568418134], [-122.842712060031, 49.1735681327055], [-122.843130573905, 49.1735662435293], [-122.843481066552, 49.1735649137276], [-122.843548758891, 49.1735646573332], [-122.843967079675, 49.1735630707059], [-122.843972370509, 49.1730617669833], [-122.843968778505, 49.1723764971748], [-122.844379133173, 49.172374986449], [-122.844813185284, 49.1723734647335], [-122.845550950068, 49.1723708754369], [-122.845553397604, 49.1727496963438], [-122.845555374312, 49.1730553996884], [-122.845555607018, 49.1730904081049], [-122.84555583735, 49.1731248570072], [-122.845556028172, 49.1731940566941], [-122.845556055318, 49.1732285494013], [-122.845556082516, 49.173262584245], [-122.845553975343, 49.1735236057962], [-122.845551848153, 49.1737870839387], [-122.845547438589, 49.1739617236476], [-122.845547275885, 49.1739681578032], [-122.845546878254, 49.1739839549036], [-122.845538634635, 49.1743105047268]]]}, "properties": {"PLAN_AREA": "City Centre", "PLAN_TYPE": "City Centre Plan", "PLAN_YEAR": 2025, "PLAN_STATUS": "Stage 2 Approved (See Surrey 2050 OCP)", "LAND_USE": "Commercial"}}, {"type": "Feature", "geometry": {"type": "Polygon", "coordinates": [[[-122.835210072635, 49.1793157506712], [-122.835183897197, 49.1797779470155], [-122.835168756633, 49.1800251371544], [-122.835154189147, 49.1802798625955], [-122.835139620432, 49.1805344989678], [-122.835125172457, 49.180787026992], [-122.835026665015, 49.1807860569474], [-122.834589278949, 49.1807817504275], [-122.834592316638, 49.1807130789613], [-122.834592193052, 49.1806188202212], [-122.83458783077, 49.180535294045], [-122.8345872633, 49.1805244079718], [-122.834578459738, 49.1804374742946], [-122.834565912906, 49.180352616775], [-122.834544138096, 49.180244384235], [-122.834522759802, 49.1801538874696], [-122.834503324323, 49.1800716880863], [-122.834480320869, 49.1799744028966], [-122.834459960024, 49.1798882937015], [-122.834443432882, 49.1798120956666], [-122.834428743787, 49.179719233696], [-122.834420603988, 49.1796345866623], [-122.83441743711, 49.1795494439172], [-122.834419340905, 49.1794632874698], [-122.834425438716, 49.1793859407747], [-122.83443824802, 49.1792932423553], [-122.83445472652, 49.1792107732979], [-122.834474459979, 49.1791339624747], [-122.834487513857, 49.1790925504385], [-122.834496955697, 49.1790879412636], [-122.834545754988, 49.1790641222574], [-122.834546692299, 49.1790636648378], [-122.835210072635, 49.1793157506712]]]}, "properties": {"PLAN_AREA": "City Centre", "PLAN_TYPE": "City Centre Plan", "PLAN_YEAR": 2025, "PLAN_STATUS": "Stage 2 Approved (See Surrey 2050 OCP)", "LAND_USE": "Commercial"}}, {"type": "Feature", "geometry": {"type": "Polygon", "coordinates": [[[-122.834747027253, 49.1777708387528], [-122.834747567463, 49.1777334521779], [-122.835067572966, 49.1777850706562], [-122.835392651772, 49.1778375059589], [-122.83549698569, 49.1778543346886], [-122.835624992243, 49.1779022552433], [-122.835841942898, 49.1779847506865], [-122.835560693877, 49.1783034585667], [-122.8355399577, 49.1783269554591], [-122.835539757998, 49.1783271809578], [-122.835050263585, 49.1788818579998], [-122.834881347393, 49.1788176921146], [-122.834688786861, 49.1787075493271], [-122.834704346067, 49.1784357728224], [-122.83473563717, 49.178249001422], [-122.834748471781, 49.1780247973628], [-122.834743371396, 49.1780236575508], [-122.834744463932, 49.1779481333101], [-122.83474574047, 49.1778597891679], [-122.834747027253, 49.1777708387528]]]}, "properties": {"PLAN_AREA": "City Centre", "PLAN_TYPE": "City Centre Plan", "PLAN_YEAR": 2025, "PLAN_STATUS": "Stage 2 Approved (See Surrey 2050 OCP)", "LAND_USE": "Commercial"}}, {"type": "Feature", "geometry": {"type": "Polygon", "coordinates": [[[-122.835544612839, 49.1771385170425], [-122.835544619484, 49.1771394102897], [-122.835546280669, 49.1773710310859], [-122.835548385586, 49.1776646106353], [-122.835548470152, 49.177676358675], [-122.835260334929, 49.1776298828574], [-122.834816950497, 49.1775583644144], [-122.834778546058, 49.1775249637361], [-122.834779227725, 49.1775130863592], [-122.834784485525, 49.1774215716495], [-122.83478880685, 49.1773463452679], [-122.834798582488, 49.1771761943168], [-122.834869738084, 49.1771316045102], [-122.835374230574, 49.1771340779597], [-122.835457777109, 49.1771344866753], [-122.83550278154, 49.1771347073068], [-122.835544586363, 49.1771349125701], [-122.835544612839, 49.1771385170425]]]}, "properties": {"PLAN_AREA": "City Centre", "PLAN_TYPE": "City Centre Plan", "PLAN_YEAR": 2025, "PLAN_STATUS": "Stage 2 Approved (See Surrey 2050 OCP)", "LAND_USE": "Commercial"}}, {"type": "Feature", "geometry": {"type": "Polygon", "coordinates": [[[-122.835281623792, 49.176086065501], [-122.835281488019, 49.1760889420191], [-122.835274034817, 49.1762477990999], [-122.835264888407, 49.1764418147688], [-122.835275458879, 49.1765227879595], [-122.835275216075, 49.1765963695413], [-122.835274769992, 49.1767312073363], [-122.835274340701, 49.1768609843708], [-122.835274321811, 49.1768666765984], [-122.834842273265, 49.1768644331713], [-122.834769303945, 49.1768159329366], [-122.834770004326, 49.1767287699408], [-122.834771000903, 49.1765938411823], [-122.834772199947, 49.1764393037557], [-122.834773536839, 49.1762429372625], [-122.83477458537, 49.1760837364235], [-122.834991590346, 49.1760847510246], [-122.835199398705, 49.17608572241], [-122.835281623792, 49.176086065501]]]}, "properties": {"PLAN_AREA": "City Centre", "PLAN_TYPE": "City Centre Plan", "PLAN_YEAR": 2025, "PLAN_STATUS": "Stage 2 Approved (See Surrey 2050 OCP)", "LAND_USE": "Commercial"}}, {"type": "Feature", "geometry": {"type": "Polygon", "coordinates": [[[-122.851804328205, 49.1995644076964], [-122.851073088483, 49.1995574663703], [-122.851070959911, 49.1995001671065], [-122.851073655301, 49.1990573629926], [-122.851073723063, 49.1990462241881], [-122.851101610622, 49.1990282776199], [-122.852641304858, 49.1990418634308], [-122.852715059572, 49.1990743406205], [-122.852705538107, 49.1997817519527], [-122.85267359799, 49.1997998745424], [-122.85265039391, 49.1998197659517], [-122.852649971417, 49.1998201279236], [-122.852203303664, 49.1998164313498], [-122.852206653747, 49.199567894363], [-122.851804328205, 49.1995644076964]]]}, "properties": {"PLAN_AREA": "City Centre", "PLAN_TYPE": "City Centre Plan", "PLAN_YEAR": 2025, "PLAN_STATUS": "Stage 2 Approved (See Surrey 2050 OCP)", "LAND_USE": "Commercial"}}, {"type": "Feature", "geometry": {"type": "Polygon", "coordinates": [[[-122.8506519356, 49.1943006769692], [-122.850589392201, 49.1943410480182], [-122.850583034575, 49.1943451524525], [-122.85039150306, 49.1943438070822], [-122.849763513704, 49.1943393919829], [-122.849695600721, 49.1942939537316], [-122.849706204945, 49.1935949207075], [-122.849706254698, 49.1935916365815], [-122.849707233458, 49.1935707462286], [-122.849707996059, 49.1935591387628], [-122.849707998894, 49.1935591090819], [-122.849708011773, 49.193558935489], [-122.849708013232, 49.1935589067059], [-122.849708016065, 49.1935588779246], [-122.849708027573, 49.1935587034304], [-122.849708030406, 49.193558674649], [-122.849708036114, 49.1935586026939], [-122.849708038992, 49.1935585586206], [-122.849708040452, 49.1935585298375], [-122.849708043328, 49.1935584866637], [-122.849708047576, 49.1935584434917], [-122.849708050455, 49.1935583994184], [-122.849708063333, 49.1935582258255], [-122.849708066209, 49.1935581826517], [-122.849708069044, 49.1935581529709], [-122.849708074796, 49.1935580666233], [-122.84970807909, 49.1935580081593], [-122.849708081923, 49.193557979378], [-122.849708085507, 49.1935579290089], [-122.849708090509, 49.1935578633496], [-122.849708094093, 49.1935578129804], [-122.84970809768, 49.1935577617118], [-122.849708099848, 49.1935577257333], [-122.849708103431, 49.1935576753642], [-122.849708106972, 49.1935576393876], [-122.849708109142, 49.1935576025096], [-122.849708111975, 49.1935575737282], [-122.849708116266, 49.1935575161638], [-122.849708117729, 49.1935574864811], [-122.849708122021, 49.1935574289167], [-122.849708129191, 49.1935573272789], [-122.84970813344, 49.1935572841069], [-122.849708136316, 49.1935572409331], [-122.849708139194, 49.1935571968598], [-122.849708144902, 49.1935571249047], [-122.849708147781, 49.1935570808314], [-122.849708153489, 49.1935570088763], [-122.849708160659, 49.1935569072385], [-122.849708164908, 49.1935568640665], [-122.849708166367, 49.1935568352834], [-122.849708177786, 49.1935566904736], [-122.849708180665, 49.1935566464003], [-122.84970819496, 49.1935564584167], [-122.849708206422, 49.1935562992146], [-122.849708212133, 49.1935562263599], [-122.849708233554, 49.193555951131], [-122.849712580866, 49.1935129934314], [-122.849719068133, 49.193470151804], [-122.849727688419, 49.193427472026], [-122.849727698157, 49.1934274288612], [-122.849727713473, 49.1934273569186], [-122.849727723211, 49.1934273137537], [-122.849727732949, 49.1934272705888], [-122.849727773273, 49.1934270988307], [-122.849727792749, 49.193427012501], [-122.849727841438, 49.1934267975762], [-122.849727858127, 49.1934267256354], [-122.849727870654, 49.1934266680817], [-122.84972788455, 49.1934266114292], [-122.849727904027, 49.1934265250995], [-122.849727913765, 49.1934264819347], [-122.849727922109, 49.1934264459642], [-122.849727949928, 49.1934263245636], [-122.849727958272, 49.1934262885932], [-122.849727972193, 49.1934262238451], [-122.849727981931, 49.1934261806802], [-122.849727995831, 49.1934261231282], [-122.849728010436, 49.1934260592805], [-122.849728020174, 49.1934260161156], [-122.849728027832, 49.1934259801443], [-122.849728040337, 49.1934259297868], [-122.849728048681, 49.1934258938164], [-122.849728054258, 49.1934258650386], [-122.849728061208, 49.1934258362626], [-122.849728068158, 49.1934258074866], [-122.849728077893, 49.1934257652213], [-122.849728087632, 49.1934257220565], [-122.84972809737, 49.1934256788916], [-122.849728126585, 49.193425549397], [-122.849728140483, 49.1934254922948], [-122.849728147432, 49.1934254639687], [-122.84972816412, 49.1934253920278], [-122.849728176647, 49.1934253344741], [-122.849728183597, 49.1934253056981], [-122.849728190546, 49.1934252769221], [-122.849728196124, 49.1934252481444], [-122.849728205859, 49.193425205879], [-122.849728212809, 49.193425177103], [-122.849728219759, 49.1934251483271], [-122.849728230891, 49.1934250979678], [-122.849728239236, 49.1934250619974], [-122.849728253135, 49.1934250044454], [-122.849728258712, 49.1934249756676], [-122.849731035053, 49.1934132808682], [-122.849732691274, 49.1934066183916], [-122.849742127886, 49.1933721000494], [-122.849752963383, 49.1933377586021], [-122.849765190081, 49.1933036183962], [-122.849851478063, 49.1932607311834], [-122.850207318085, 49.1932635698023], [-122.850590390892, 49.1932666251623], [-122.850658677786, 49.1933121299447], [-122.8506519356, 49.1943006769692]]]}, "properties": {"PLAN_AREA": "City Centre", "PLAN_TYPE": "City Centre Plan", "PLAN_YEAR": 2025, "PLAN_STATUS": "Stage 2 Approved (See Surrey 2050 OCP)", "LAND_USE": "Commercial"}}, {"type": "Feature", "geometry": {"type": "Polygon", "coordinates": [[[-122.842414345246, 49.1876871328539], [-122.842413628934, 49.1874109905959], [-122.843030086705, 49.1874169007578], [-122.843030231323, 49.1876930764158], [-122.842414345246, 49.1876871328539]]]}, "properties": {"PLAN_AREA": "City Centre", "PLAN_TYPE": "City Centre Plan", "PLAN_YEAR": 2025, "PLAN_STATUS": "Stage 2 Approved (See Surrey 2050 OCP)", "LAND_USE": "Commercial"}}, {"type": "Feature", "geometry": {"type": "Polygon", "coordinates": [[[-122.840710298638, 49.1771331146283], [-122.840710343916, 49.1771331146907], [-122.841237230153, 49.1771407486456], [-122.841227960436, 49.1773106264724], [-122.841215769807, 49.1775340252723], [-122.840964727726, 49.1775352702142], [-122.84068907027, 49.1775361766141], [-122.840710298638, 49.1771331146283]]]}, "properties": {"PLAN_AREA": "City Centre", "PLAN_TYPE": "City Centre Plan", "PLAN_YEAR": 2025, "PLAN_STATUS": "Stage 2 Approved (See Surrey 2050 OCP)", "LAND_USE": "Commercial"}}, {"type": "Feature", "geometry": {"type": "Polygon", "coordinates": [[[-122.848373900923, 49.1949335031668], [-122.848376223273, 49.1946173703174], [-122.849525635758, 49.1946253258839], [-122.850673905207, 49.1946333018164], [-122.85067869669, 49.1946333322986], [-122.850676904301, 49.1949510967246], [-122.850671114575, 49.1959775482562], [-122.850618751428, 49.1959771908939], [-122.85053462314, 49.1959766160968], [-122.849050646488, 49.1959664653314], [-122.848559803415, 49.1959643178657], [-122.848536559876, 49.195940539756], [-122.848496109255, 49.195895759299], [-122.848457543544, 49.1958436986938], [-122.84842565998, 49.1957897317424], [-122.848400671549, 49.1957342248389], [-122.848388817592, 49.1956957165273], [-122.848377338087, 49.1956479954036], [-122.848370899208, 49.1955998695523], [-122.848369531497, 49.1955515673711], [-122.848370866858, 49.1953720019405], [-122.848370938786, 49.1953623905404], [-122.848372333094, 49.1951469212777], [-122.848373900923, 49.1949335031668]]]}, "properties": {"PLAN_AREA": "City Centre", "PLAN_TYPE": "City Centre Plan", "PLAN_YEAR": 2025, "PLAN_STATUS": "Stage 2 Approved (See Surrey 2050 OCP)", "LAND_USE": "Commercial"}}, {"type": "Feature", "geometry": {"type": "Polygon", "coordinates": [[[-122.841215769805, 49.1775340261718], [-122.841237230153, 49.1771407486456], [-122.841894355051, 49.1771439115776], [-122.841960525689, 49.1771891722709], [-122.841942238833, 49.1775304207036], [-122.841920130468, 49.1779246581479], [-122.841445798387, 49.177926710102], [-122.840944014527, 49.1779288743241], [-122.840667875147, 49.1779300543683], [-122.840688869945, 49.1775361772373], [-122.840964727726, 49.1775352702142], [-122.841215769805, 49.1775340261718]]]}, "properties": {"PLAN_AREA": "City Centre", "PLAN_TYPE": "City Centre Plan", "PLAN_YEAR": 2025, "PLAN_STATUS": "Stage 2 Approved (See Surrey 2050 OCP)", "LAND_USE": "Employment"}}, {"type": "Feature", "geometry": {"type": "Polygon", "coordinates": [[[-122.843523161856, 49.1775251785039], [-122.843542390675, 49.1771719807856], [-122.844043643125, 49.1771744632473], [-122.844024798103, 49.17752280498], [-122.844016349988, 49.1776870503422], [-122.844007413632, 49.1778512068852], [-122.843998477213, 49.1780153643224], [-122.843989542157, 49.1781795055643], [-122.843986484209, 49.1782356746494], [-122.843979458971, 49.1782357065372], [-122.843938302326, 49.1782358947018], [-122.843649891576, 49.1782372164151], [-122.843485097573, 49.1782379736859], [-122.843488117454, 49.178181872927], [-122.843496949678, 49.178017799049], [-122.843505781785, 49.1778537431563], [-122.843514622649, 49.1776895019659], [-122.843523161856, 49.1775251785039]]]}, "properties": {"PLAN_AREA": "City Centre", "PLAN_TYPE": "City Centre Plan", "PLAN_YEAR": 2025, "PLAN_STATUS": "Stage 2 Approved (See Surrey 2050 OCP)", "LAND_USE": "Employment"}}, {"type": "Feature", "geometry": {"type": "Polygon", "coordinates": [[[-122.842289768707, 49.177190851125], [-122.842360763883, 49.1771462726778], [-122.843173048726, 49.1771504325137], [-122.843212740509, 49.1771776010735], [-122.843179652497, 49.1777905807317], [-122.843158488413, 49.1781834595784], [-122.843156914284, 49.1782126590215], [-122.843114316818, 49.1782398048771], [-122.842274125613, 49.1782436267729], [-122.842234432229, 49.1782168554876], [-122.842236006938, 49.1781876443637], [-122.842257450061, 49.1777895649575], [-122.842289768707, 49.177190851125]]]}, "properties": {"PLAN_AREA": "City Centre", "PLAN_TYPE": "City Centre Plan", "PLAN_YEAR": 2025, "PLAN_STATUS": "Stage 2 Approved (See Surrey 2050 OCP)", "LAND_USE": "Employment"}}, {"type": "Feature", "geometry": {"type": "Polygon", "coordinates": [[[-122.842268401163, 49.1783515909512], [-122.843106885907, 49.1783477766731], [-122.843146566145, 49.1783745476398], [-122.843125090324, 49.1787699510097], [-122.843123929858, 49.1787869866529], [-122.843122300254, 49.1788040057767], [-122.843120202041, 49.1788210028288], [-122.8422017551, 49.1788251802312], [-122.842225561037, 49.1783832311197], [-122.842225803092, 49.1783787364778], [-122.842268401163, 49.1783515909512]]]}, "properties": {"PLAN_AREA": "City Centre", "PLAN_TYPE": "City Centre Plan", "PLAN_YEAR": 2025, "PLAN_STATUS": "Stage 2 Approved (See Surrey 2050 OCP)", "LAND_USE": "Employment"}}, {"type": "Feature", "geometry": {"type": "Polygon", "coordinates": [[[-122.841440509905, 49.1780256435199], [-122.84191482919, 49.1780235978665], [-122.841870780519, 49.1788454968677], [-122.841394896684, 49.1788473368993], [-122.840894947013, 49.1788492677521], [-122.840618806992, 49.1788503343383], [-122.840662594699, 49.1780289940589], [-122.840938741515, 49.1780278059415], [-122.841440509905, 49.1780256435199]]]}, "properties": {"PLAN_AREA": "City Centre", "PLAN_TYPE": "City Centre Plan", "PLAN_YEAR": 2025, "PLAN_STATUS": "Stage 2 Approved (See Surrey 2050 OCP)", "LAND_USE": "Employment"}}, {"type": "Feature", "geometry": {"type": "Polygon", "coordinates": [[[-122.843520429562, 49.1783457578824], [-122.843939462651, 49.178343835882], [-122.843979139226, 49.1783706047586], [-122.843953807192, 49.1788359508478], [-122.84394487333, 49.1790000524851], [-122.84393594078, 49.1791641541188], [-122.843435114214, 49.1791664465018], [-122.843443948247, 49.1790023474714], [-122.843452782221, 49.1788382484355], [-122.843477833549, 49.1783729047729], [-122.843520429562, 49.1783457578824]]]}, "properties": {"PLAN_AREA": "City Centre", "PLAN_TYPE": "City Centre Plan", "PLAN_YEAR": 2025, "PLAN_STATUS": "Stage 2 Approved (See Surrey 2050 OCP)", "LAND_USE": "Employment"}}, {"type": "Feature", "geometry": {"type": "Polygon", "coordinates": [[[-122.836433879427, 49.1780008925537], [-122.835548385586, 49.1776646106353], [-122.835548470152, 49.177676358675], [-122.835260334929, 49.1776298828574], [-122.834816950497, 49.1775583644144], [-122.834778546058, 49.1775249637361], [-122.834779227725, 49.1775130863592], [-122.834784485525, 49.1774215716495], [-122.83478880685, 49.1773463452679], [-122.834798582488, 49.1771761943168], [-122.834869738084, 49.1771316045102], [-122.835374230574, 49.1771340779597], [-122.835457777109, 49.1771344866753], [-122.83550278154, 49.1771347073068], [-122.835544586363, 49.1771349125701], [-122.835544567803, 49.177132231931], [-122.836426393759, 49.1771367954943], [-122.836428154077, 49.1773399983247], [-122.836429501864, 49.1774955972023], [-122.836430628169, 49.177625558132], [-122.836431765896, 49.1777570509819], [-122.836433174679, 49.1779195448653], [-122.836433879427, 49.1780008925537]]]}, "properties": {"PLAN_AREA": "City Centre", "PLAN_TYPE": "City Centre Plan", "PLAN_YEAR": 2025, "PLAN_STATUS": "Stage 2 Approved (See Surrey 2050 OCP)", "LAND_USE": "High Rise"}}, {"type": "Feature", "geometry": {"type": "Polygon", "coordinates": [[[-122.844289456094, 49.1777281489096], [-122.84536821911, 49.1777233915813], [-122.845358879183, 49.1779075353382], [-122.845372575806, 49.1779078343324], [-122.845355119363, 49.1782520249442], [-122.844302379343, 49.1782566850089], [-122.844262660215, 49.1782298954962], [-122.844265539427, 49.1781759291223], [-122.844289456094, 49.1777281489096]]]}, "properties": {"PLAN_AREA": "City Centre", "PLAN_TYPE": "City Centre Plan", "PLAN_YEAR": 2025, "PLAN_STATUS": "Stage 2 Approved (See Surrey 2050 OCP)", "LAND_USE": "High Rise"}}, {"type": "Feature", "geometry": {"type": "Polygon", "coordinates": [[[-122.8422017551, 49.1788251802312], [-122.843120202041, 49.1788210028288], [-122.843116386044, 49.1788452752617], [-122.843111614505, 49.1788694749367], [-122.843105890611, 49.178893585689], [-122.843057043414, 49.1790831860923], [-122.842937048113, 49.1791501560923], [-122.842252637139, 49.1791533116473], [-122.842186482148, 49.1791086970247], [-122.8422017551, 49.1788251802312]]]}, "properties": {"PLAN_AREA": "City Centre", "PLAN_TYPE": "City Centre Plan", "PLAN_YEAR": 2025, "PLAN_STATUS": "Stage 2 Approved (See Surrey 2050 OCP)", "LAND_USE": "High Rise"}}, {"type": "Feature", "geometry": {"type": "Polygon", "coordinates": [[[-122.836866373949, 49.1795604312746], [-122.835057884194, 49.1788732225612], [-122.835050263585, 49.1788818579998], [-122.834881347393, 49.1788176921146], [-122.834688786861, 49.1787075493271], [-122.834704346067, 49.1784357728224], [-122.83473563717, 49.178249001422], [-122.834748471781, 49.1780247973628], [-122.834743371396, 49.1780236575508], [-122.834744463932, 49.1779481333101], [-122.83474574047, 49.1778597891679], [-122.834747027253, 49.1777708387528], [-122.834747567463, 49.1777334521779], [-122.835067572966, 49.1777850706562], [-122.835392651772, 49.1778375059589], [-122.83549698569, 49.1778543346886], [-122.835624992243, 49.1779022552433], [-122.835841942898, 49.1779847506865], [-122.836565348557, 49.1782598207331], [-122.83765093597, 49.1786725947085], [-122.836866373949, 49.1795604312746]]]}, "properties": {"PLAN_AREA": "City Centre", "PLAN_TYPE": "City Centre Plan", "PLAN_YEAR": 2025, "PLAN_STATUS": "Stage 2 Approved (See Surrey 2050 OCP)", "LAND_USE": "High Rise"}}, {"type": "Feature", "geometry": {"type": "Polygon", "coordinates": [[[-122.847076395928, 49.1800670311456], [-122.847309764316, 49.1800660212084], [-122.847313919748, 49.1804008098412], [-122.847080549847, 49.1804017999955], [-122.845954293165, 49.1804061654739], [-122.845887982411, 49.1803614970042], [-122.845902609196, 49.1800717046784], [-122.847076395928, 49.1800670311456]]]}, "properties": {"PLAN_AREA": "City Centre", "PLAN_TYPE": "City Centre Plan", "PLAN_YEAR": 2025, "PLAN_STATUS": "Stage 2 Approved (See Surrey 2050 OCP)", "LAND_USE": "High Rise"}}, {"type": "Feature", "geometry": {"type": "Polygon", "coordinates": [[[-122.841947466997, 49.1799286480846], [-122.842422568716, 49.1799266068083], [-122.842415796484, 49.180058641062], [-122.842406733743, 49.1802352971668], [-122.842397834774, 49.1804087547463], [-122.842191075501, 49.1804095797312], [-122.842363403939, 49.1804776570299], [-122.841717305514, 49.1805368639897], [-122.841550385049, 49.180461600474], [-122.841516108868, 49.1803682949248], [-122.841476715057, 49.1802758617244], [-122.841432255037, 49.1801844214633], [-122.841459606225, 49.1801551791832], [-122.84153061521, 49.1801486668659], [-122.84181384254, 49.1801226880153], [-122.84183152141, 49.1801205085752], [-122.841848811598, 49.1801172541526], [-122.84186556136, 49.1801129533094], [-122.841881623697, 49.1801076437907], [-122.841896857641, 49.1801013721943], [-122.841911129497, 49.1800941935614], [-122.841923201972, 49.1800869080987], [-122.841934281577, 49.1800789735541], [-122.841944287407, 49.1800704478671], [-122.8419531464, 49.1800613932937], [-122.841960793865, 49.1800518759523], [-122.84196717396, 49.18004196534], [-122.841972240097, 49.180031733826], [-122.841975955284, 49.1800212561225], [-122.841978292391, 49.1800106087394], [-122.841979234355, 49.1799998694256], [-122.841978774297, 49.1799891166013], [-122.841976915578, 49.1799784287852], [-122.841973671772, 49.1799678840213], [-122.841969066566, 49.179957559309], [-122.841963133589, 49.1799475300408], [-122.841955916165, 49.1799378694517], [-122.841947466997, 49.1799286480846]]]}, "properties": {"PLAN_AREA": "City Centre", "PLAN_TYPE": "City Centre Plan", "PLAN_YEAR": 2025, "PLAN_STATUS": "Stage 2 Approved (See Surrey 2050 OCP)", "LAND_USE": "High Rise"}}, {"type": "Feature", "geometry": {"type": "Polygon", "coordinates": [[[-122.834545754988, 49.1790641222574], [-122.834546692299, 49.1790636648378], [-122.835210072635, 49.1793157506712], [-122.836186165198, 49.1796866580562], [-122.836423593401, 49.1797768769366], [-122.836503339771, 49.1798071791241], [-122.836772032761, 49.1799092767127], [-122.836771465507, 49.1799190430515], [-122.836734561409, 49.1805540097101], [-122.836720106678, 49.1808027149014], [-122.836713446527, 49.1809173034043], [-122.835958741441, 49.1809081308767], [-122.835965300127, 49.1807952918659], [-122.835690824698, 49.1807925925833], [-122.835125172457, 49.180787026992], [-122.835026665015, 49.1807860569474], [-122.834589278949, 49.1807817504275], [-122.834592316638, 49.1807130789613], [-122.834592193052, 49.1806188202212], [-122.83458783077, 49.180535294045], [-122.8345872633, 49.1805244079718], [-122.834578459738, 49.1804374742946], [-122.834565912906, 49.180352616775], [-122.834544138096, 49.180244384235], [-122.834522759802, 49.1801538874696], [-122.834503324323, 49.1800716880863], [-122.834490175227, 49.1800160789388], [-122.834480320869, 49.1799744028966], [-122.834459960024, 49.1798882937015], [-122.834443432882, 49.1798120956666], [-122.834434995136, 49.1797587564919], [-122.834428743787, 49.179719233696], [-122.834420603988, 49.1796345866623], [-122.83441743711, 49.1795494439172], [-122.834419340905, 49.1794632874698], [-122.834425438716, 49.1793859407747], [-122.83443824802, 49.1792932423553], [-122.83445472652, 49.1792107732979], [-122.834474459979, 49.1791339624747], [-122.834487513857, 49.1790925504385], [-122.834496955697, 49.1790879412636], [-122.834545754988, 49.1790641222574]]]}, "properties": {"PLAN_AREA": "City Centre", "PLAN_TYPE": "City Centre Plan", "PLAN_YEAR": 2025, "PLAN_STATUS": "Stage 2 Approved (See Surrey 2050 OCP)", "LAND_USE": "High Rise"}}, {"type": "Feature", "geometry": {"type": "Polygon", "coordinates": [[[-122.859720607388, 49.197102593797], [-122.860004193219, 49.1971025789678], [-122.860330738113, 49.1971029761117], [-122.86060828206, 49.1971033132048], [-122.860885826016, 49.1971036487314], [-122.861163369974, 49.1971039844907], [-122.86144091394, 49.1971043186835], [-122.861718457914, 49.1971046513098], [-122.86199600189, 49.1971049841687], [-122.862273547246, 49.1971053154628], [-122.86227990742, 49.1974832151914], [-122.862280609366, 49.1975270231947], [-122.86228697214, 49.1979050119518], [-122.86201011025, 49.1979045915549], [-122.861733248117, 49.1979042595475], [-122.861456248975, 49.1979038376586], [-122.861179385481, 49.1979035043219], [-122.860902523617, 49.1979030803704], [-122.860625661506, 49.1979027457081], [-122.860348662137, 49.1979024102162], [-122.860022524025, 49.1979019236645], [-122.859739622586, 49.1979014896058], [-122.859594131388, 49.1979013119316], [-122.859594104376, 49.1978997017381], [-122.859585027084, 49.1975292547932], [-122.859583684748, 49.1974744285367], [-122.859583645311, 49.1974728435148], [-122.85957444131, 49.1971026005811], [-122.859720607388, 49.197102593797]]]}, "properties": {"PLAN_AREA": "City Centre", "PLAN_TYPE": "City Centre Plan", "PLAN_YEAR": 2025, "PLAN_STATUS": "Stage 2 Approved (See Surrey 2050 OCP)", "LAND_USE": "Low Rise"}}, {"type": "Feature", "geometry": {"type": "Polygon", "coordinates": [[[-122.837098838681, 49.1974391444339], [-122.839494809743, 49.1974407475149], [-122.839494079182, 49.1974646020692], [-122.839490820795, 49.1976800154882], [-122.839483349035, 49.1981738981096], [-122.838887807002, 49.1981732308251], [-122.838594768024, 49.1981729503194], [-122.838300201435, 49.1981726255531], [-122.837994789608, 49.1981722839245], [-122.837693792267, 49.1981719288016], [-122.837392341541, 49.1981716999895], [-122.837091049028, 49.1981713626701], [-122.837095834493, 49.1976780602017], [-122.837098119424, 49.1974391443189], [-122.837098838681, 49.1974391444339]]]}, "properties": {"PLAN_AREA": "City Centre", "PLAN_TYPE": "City Centre Plan", "PLAN_YEAR": 2025, "PLAN_STATUS": "Stage 2 Approved (See Surrey 2050 OCP)", "LAND_USE": "Low Rise"}}, {"type": "Feature", "geometry": {"type": "Polygon", "coordinates": [[[-122.8572908349, 49.1984230873834], [-122.857281120308, 49.1980782842299], [-122.857539313811, 49.198078693837], [-122.857797644841, 49.1980790130832], [-122.858073956958, 49.1980795337545], [-122.858350269339, 49.1980799638121], [-122.858626445833, 49.1980803939418], [-122.858902758226, 49.1980808226776], [-122.859153678138, 49.19808121979], [-122.859322637626, 49.198081525554], [-122.859322661157, 49.1980829081619], [-122.859329811531, 49.1984545302316], [-122.8591575593, 49.19845416919], [-122.858906776651, 49.1984535923481], [-122.858630598327, 49.1984530747331], [-122.858354421388, 49.1984525546603], [-122.858078244711, 49.198451944874], [-122.85780220505, 49.198451424549], [-122.85754689243, 49.1984509291303], [-122.857333445417, 49.1984505757206], [-122.8572908349, 49.1984230873834]]]}, "properties": {"PLAN_AREA": "City Centre", "PLAN_TYPE": "City Centre Plan", "PLAN_YEAR": 2025, "PLAN_STATUS": "Stage 2 Approved (See Surrey 2050 OCP)", "LAND_USE": "Low Rise"}}, {"type": "Feature", "geometry": {"type": "Polygon", "coordinates": [[[-122.859604347917, 49.1984536831883], [-122.859597194205, 49.1980820287491], [-122.859742541544, 49.1980822988963], [-122.860025170604, 49.1980828225706], [-122.860589876079, 49.1980836872712], [-122.860882660211, 49.1980841320506], [-122.86115691644, 49.1980845529171], [-122.861470565609, 49.1980851993938], [-122.861723818817, 49.1980856827748], [-122.861974739913, 49.1980861628135], [-122.86228523203, 49.1980868042046], [-122.862294816183, 49.198441678819], [-122.861981439274, 49.1984410349067], [-122.861730516132, 49.1984406448337], [-122.861476964223, 49.1984481669356], [-122.861163420703, 49.1984575053981], [-122.860888751992, 49.1984570831514], [-122.860595964536, 49.1984565493305], [-122.860031803876, 49.1984556853213], [-122.85974944834, 49.1984552519491], [-122.859604374306, 49.1984550289188], [-122.859604347917, 49.1984536831883]]]}, "properties": {"PLAN_AREA": "City Centre", "PLAN_TYPE": "City Centre Plan", "PLAN_YEAR": 2025, "PLAN_STATUS": "Stage 2 Approved (See Surrey 2050 OCP)", "LAND_USE": "Low Rise"}}, {"type": "Feature", "geometry": {"type": "Polygon", "coordinates": [[[-122.838886179859, 49.1982676388485], [-122.839441791367, 49.1982682632329], [-122.839481522531, 49.198294630643], [-122.839475657149, 49.1986823060102], [-122.839420900852, 49.1987177388848], [-122.83940670247, 49.1987269267441], [-122.839171486368, 49.1987266660191], [-122.838878728684, 49.1987262552952], [-122.8385859573, 49.1987258375134], [-122.83829350987, 49.198725419443], [-122.837989786065, 49.1987249848154], [-122.837688646984, 49.1987245521218], [-122.837387668509, 49.1987241197688], [-122.837086510225, 49.1987236854784], [-122.837086598304, 49.1987148396138], [-122.837089137256, 49.1984592144422], [-122.837090422172, 49.1982656794286], [-122.837391671357, 49.1982660094923], [-122.837692913682, 49.1982663396601], [-122.837693440777, 49.1982663404008], [-122.83799394188, 49.1982666687419], [-122.838299061944, 49.1982670009688], [-122.838593270848, 49.1982673207402], [-122.838886179859, 49.1982676388485]]]}, "properties": {"PLAN_AREA": "City Centre", "PLAN_TYPE": "City Centre Plan", "PLAN_YEAR": 2025, "PLAN_STATUS": "Stage 2 Approved (See Surrey 2050 OCP)", "LAND_USE": "Low Rise"}}, {"type": "Feature", "geometry": {"type": "Polygon", "coordinates": [[[-122.840294977321, 49.1987412088062], [-122.840295234892, 49.1987277188948], [-122.839872837436, 49.198727272587], [-122.839859751045, 49.1987185874615], [-122.839804982472, 49.1986822424184], [-122.839817444411, 49.1979381324592], [-122.839790802579, 49.1979377761736], [-122.839796423012, 49.1975983728468], [-122.839838019523, 49.1975719393407], [-122.841026318916, 49.197587498591], [-122.842149618013, 49.1976021966948], [-122.842190278466, 49.1976297068506], [-122.842186062747, 49.197860203266], [-122.842281827102, 49.1982515059981], [-122.842358624736, 49.1985653151214], [-122.842356242283, 49.1986981843036], [-122.842314778097, 49.1987250020921], [-122.842286832213, 49.1987430768931], [-122.841219477356, 49.1987421803035], [-122.840294977321, 49.1987412088062]]]}, "properties": {"PLAN_AREA": "City Centre", "PLAN_TYPE": "City Centre Plan", "PLAN_YEAR": 2025, "PLAN_STATUS": "Stage 2 Approved (See Surrey 2050 OCP)", "LAND_USE": "Low Rise"}}, {"type": "Feature", "geometry": {"type": "Polygon", "coordinates": [[[-122.834933153075, 49.1987349108176], [-122.834933232889, 49.198712165388], [-122.834331077639, 49.1987115479158], [-122.834331936878, 49.1983951156819], [-122.834332440405, 49.1982098381681], [-122.834332943124, 49.1980248008219], [-122.834935814753, 49.1980254301057], [-122.83493492168, 49.1982104749916], [-122.836280344031, 49.1982119725795], [-122.83628132836, 49.1980892500349], [-122.836816781291, 49.198092982543], [-122.836810621085, 49.1987099703494], [-122.836803701783, 49.1987144699223], [-122.836769215298, 49.1987368977725], [-122.836276029445, 49.1987364650805], [-122.836276037429, 49.198736541552], [-122.834933153075, 49.1987349108176]]]}, "properties": {"PLAN_AREA": "City Centre", "PLAN_TYPE": "City Centre Plan", "PLAN_YEAR": 2025, "PLAN_STATUS": "Stage 2 Approved (See Surrey 2050 OCP)", "LAND_USE": "Low Rise"}}, {"type": "Feature", "geometry": {"type": "Polygon", "coordinates": [[[-122.856698005874, 49.1988320762432], [-122.856694101505, 49.1981238778271], [-122.856701001769, 49.1981238890871], [-122.856700994077, 49.1981222753188], [-122.856769363352, 49.1980774294465], [-122.857197302864, 49.1980781356518], [-122.85719876523, 49.1981246872933], [-122.857202626012, 49.1982616915461], [-122.857206486818, 49.198398694896], [-122.85720947346, 49.1985051131076], [-122.857460532503, 49.1985056040227], [-122.857802871333, 49.1985062967608], [-122.8580789113, 49.1985068170844], [-122.85835508854, 49.1985073369167], [-122.858631128518, 49.1985078568202], [-122.858907307148, 49.1985083744342], [-122.859158090073, 49.1985089512752], [-122.859330891555, 49.1985093129848], [-122.859330919149, 49.1985107153872], [-122.859337098683, 49.1988374928299], [-122.856698005874, 49.1988320762432]]]}, "properties": {"PLAN_AREA": "City Centre", "PLAN_TYPE": "City Centre Plan", "PLAN_YEAR": 2025, "PLAN_STATUS": "Stage 2 Approved (See Surrey 2050 OCP)", "LAND_USE": "Low Rise"}}, {"type": "Feature", "geometry": {"type": "Polygon", "coordinates": [[[-122.859611663405, 49.1988380526697], [-122.859605454619, 49.198509817067], [-122.859718957808, 49.1985099963581], [-122.860032884423, 49.1985105580215], [-122.860596908693, 49.1985113319075], [-122.860871714716, 49.1985118440671], [-122.861164365487, 49.198512287971], [-122.861474202688, 49.198503124967], [-122.861731598808, 49.1984954275671], [-122.862003522192, 49.1984959326834], [-122.862296174013, 49.1984964618749], [-122.862305581121, 49.1988434689545], [-122.862049084687, 49.1988429344021], [-122.860661437305, 49.1988401874401], [-122.859611663405, 49.1988380526697]]]}, "properties": {"PLAN_AREA": "City Centre", "PLAN_TYPE": "City Centre Plan", "PLAN_YEAR": 2025, "PLAN_STATUS": "Stage 2 Approved (See Surrey 2050 OCP)", "LAND_USE": "Low Rise"}}, {"type": "Feature", "geometry": {"type": "Polygon", "coordinates": [[[-122.857888536959, 49.199405265678], [-122.857893468982, 49.1991043975549], [-122.859933229112, 49.1991085677198], [-122.859927603025, 49.1994330774535], [-122.859582784033, 49.1994329277185], [-122.859269706411, 49.1994329748505], [-122.859269124393, 49.1994329750409], [-122.859144843205, 49.1994329098981], [-122.85901997863, 49.1994328439096], [-122.85889511543, 49.1994327768882], [-122.858770252225, 49.1994327115308], [-122.858645387654, 49.1994326442378], [-122.858520524451, 49.1994325786105], [-122.858395659881, 49.1994325110474], [-122.858270796682, 49.1994324442506], [-122.85814593348, 49.1994323782184], [-122.85802106891, 49.1994323111499], [-122.857888095912, 49.1994322393673], [-122.857888536959, 49.199405265678]]]}, "properties": {"PLAN_AREA": "City Centre", "PLAN_TYPE": "City Centre Plan", "PLAN_YEAR": 2025, "PLAN_STATUS": "Stage 2 Approved (See Surrey 2050 OCP)", "LAND_USE": "Low Rise"}}, {"type": "Feature", "geometry": {"type": "Polygon", "coordinates": [[[-122.834949640046, 49.1989993569392], [-122.835461469809, 49.199000075523], [-122.835503114866, 49.1990271063816], [-122.835512910436, 49.1995759044151], [-122.835472229462, 49.1996028045165], [-122.834359779291, 49.1996008393865], [-122.834318087753, 49.1995737936591], [-122.834307696209, 49.1990434053666], [-122.834375421303, 49.1989985484382], [-122.834949640046, 49.1989993569392]]]}, "properties": {"PLAN_AREA": "City Centre", "PLAN_TYPE": "City Centre Plan", "PLAN_YEAR": 2025, "PLAN_STATUS": "Stage 2 Approved (See Surrey 2050 OCP)", "LAND_USE": "Low Rise"}}, {"type": "Feature", "geometry": {"type": "Polygon", "coordinates": [[[-122.84053200194, 49.1991712027025], [-122.84053472226, 49.1990082078401], [-122.840763476081, 49.1990088058971], [-122.841043202271, 49.1990095375301], [-122.841616503453, 49.1990110339468], [-122.841715418731, 49.1990112918824], [-122.841753555418, 49.1990363250159], [-122.841753203805, 49.1993582091062], [-122.841677683157, 49.1994076112967], [-122.841581111021, 49.1994075445449], [-122.841557802755, 49.1994200412402], [-122.841160892196, 49.1996328342332], [-122.841141465488, 49.1996432492704], [-122.841121557402, 49.1996419553475], [-122.84102359477, 49.1995637907405], [-122.840864496181, 49.1994367359812], [-122.84054608239, 49.1991824482891], [-122.84053200194, 49.1991712027025]]]}, "properties": {"PLAN_AREA": "City Centre", "PLAN_TYPE": "City Centre Plan", "PLAN_YEAR": 2025, "PLAN_STATUS": "Stage 2 Approved (See Surrey 2050 OCP)", "LAND_USE": "Low Rise"}}, {"type": "Feature", "geometry": {"type": "Polygon", "coordinates": [[[-122.83953266072, 49.199005726159], [-122.839637020411, 49.1990058549108], [-122.839741991841, 49.1990061301411], [-122.840009270713, 49.1990068317144], [-122.840260184741, 49.1990074893481], [-122.840256611555, 49.199221483734], [-122.840003451579, 49.1993571630946], [-122.839750790743, 49.1994925736304], [-122.839543698444, 49.199603561693], [-122.839391348434, 49.199685210856], [-122.839251901688, 49.1997599432923], [-122.839003694675, 49.1998929971157], [-122.838996653265, 49.1995270545203], [-122.838993621704, 49.1993623443746], [-122.838986773351, 49.199005052804], [-122.839237816144, 49.1990053629206], [-122.83953266072, 49.199005726159]]]}, "properties": {"PLAN_AREA": "City Centre", "PLAN_TYPE": "City Centre Plan", "PLAN_YEAR": 2025, "PLAN_STATUS": "Stage 2 Approved (See Surrey 2050 OCP)", "LAND_USE": "Low Rise"}}, {"type": "Feature", "geometry": {"type": "Polygon", "coordinates": [[[-122.846850691399, 49.1962783484857], [-122.846851511266, 49.1961657309369], [-122.846880378085, 49.1961657907991], [-122.846969851363, 49.1961659750483], [-122.847014328169, 49.196163649948], [-122.847058895572, 49.196162256635], [-122.847103508132, 49.19616179653], [-122.847108394557, 49.196161798501], [-122.847120125933, 49.1961618554084], [-122.847856028627, 49.196167429153], [-122.847929484758, 49.1961660890884], [-122.848002552177, 49.1961609649296], [-122.8480747777, 49.196152088458], [-122.848145713367, 49.196139514728], [-122.848307393672, 49.1961063266876], [-122.848338094496, 49.1961377282693], [-122.848360311808, 49.196160452619], [-122.848513180533, 49.1963167606029], [-122.848574339092, 49.1963946304782], [-122.848618557841, 49.1964695906227], [-122.848647778944, 49.1965506326181], [-122.84866564209, 49.1966158423641], [-122.848669756664, 49.196634002097], [-122.848669410106, 49.1967039563965], [-122.848667085424, 49.1972387301042], [-122.848603359126, 49.1972835529877], [-122.848568618121, 49.1972857661666], [-122.848504182852, 49.1972898707837], [-122.848427407722, 49.1972980043636], [-122.84832333265, 49.1973136994852], [-122.848199275865, 49.1973398226048], [-122.8481748885, 49.1973460773735], [-122.848082657961, 49.1973697343064], [-122.847983128469, 49.1973891105849], [-122.847911875679, 49.1973979761124], [-122.84787250469, 49.197402875282], [-122.847796730073, 49.1974078299174], [-122.847640923371, 49.1974086490571], [-122.847229815924, 49.1974055477487], [-122.84715118269, 49.1973612974187], [-122.847150061824, 49.197360667163], [-122.847118602268, 49.1973429632293], [-122.847047857738, 49.1970618847814], [-122.847001080256, 49.1968754381393], [-122.846907390182, 49.1965026336543], [-122.846854799937, 49.1962946822278], [-122.846850691399, 49.1962783484857]]]}, "properties": {"PLAN_AREA": "City Centre", "PLAN_TYPE": "City Centre Plan", "PLAN_YEAR": 2025, "PLAN_STATUS": "Stage 2 Approved (See Surrey 2050 OCP)", "LAND_USE": "Mid Rise"}}, {"type": "Feature", "geometry": {"type": "Polygon", "coordinates": [[[-122.842625680562, 49.1961903203648], [-122.842625986614, 49.1961704303422], [-122.843632457096, 49.1961725826368], [-122.84363199323, 49.1962026047706], [-122.843625508138, 49.1966222067067], [-122.843620171066, 49.1969675925353], [-122.843618450011, 49.1970772448721], [-122.843615402842, 49.1972592177269], [-122.843612355366, 49.1974412805285], [-122.843384078561, 49.197438389556], [-122.843247762995, 49.1974366061647], [-122.843208448682, 49.1974357145154], [-122.843169191004, 49.1974340694907], [-122.843130023571, 49.1974316724987], [-122.843110890641, 49.1974303286975], [-122.842987413131, 49.197421659434], [-122.84293881622, 49.1974186936094], [-122.842890108036, 49.1974166574311], [-122.842841329978, 49.1974155526298], [-122.842703924678, 49.1974137536208], [-122.842606900411, 49.1974124835368], [-122.842609457078, 49.1972461052178], [-122.842612255958, 49.1970639485452], [-122.84261458276, 49.196912467941], [-122.842616910872, 49.1967610026265], [-122.842625680562, 49.1961903203648]]]}, "properties": {"PLAN_AREA": "City Centre", "PLAN_TYPE": "City Centre Plan", "PLAN_YEAR": 2025, "PLAN_STATUS": "Stage 2 Approved (See Surrey 2050 OCP)", "LAND_USE": "Mid Rise"}}, {"type": "Feature", "geometry": {"type": "Polygon", "coordinates": [[[-122.843888379265, 49.1974449840061], [-122.843891426008, 49.1972628321431], [-122.843894335755, 49.1970805883369], [-122.843899896116, 49.1966256992527], [-122.843906743806, 49.1962061580609], [-122.843907282728, 49.1961731684733], [-122.844191260708, 49.1961733522185], [-122.84469226721, 49.1961736734839], [-122.845053512436, 49.1961739050112], [-122.845052915205, 49.1962209721925], [-122.845047598677, 49.1966403140071], [-122.845047453168, 49.196651742358], [-122.845046904899, 49.1967384960252], [-122.845046570151, 49.1968008366968], [-122.845047084201, 49.1968608127391], [-122.84504830344, 49.1969200170295], [-122.845050131754, 49.1969745058937], [-122.845050820466, 49.1969860397086], [-122.845052293155, 49.1970106879428], [-122.845053777588, 49.197035531391], [-122.845058117911, 49.1970956987668], [-122.845058353443, 49.1970989535871], [-122.845063855961, 49.1971627728191], [-122.845071355642, 49.1972274762698], [-122.845074592242, 49.1972521007823], [-122.845081953016, 49.1973081100753], [-122.845089245408, 49.1973552543951], [-122.845088911822, 49.1973785608025], [-122.844477549787, 49.1973705690378], [-122.844461746257, 49.1973729117249], [-122.844415431526, 49.1973797766352], [-122.844377968848, 49.197385330244], [-122.843968526517, 49.1974460224233], [-122.843931615286, 49.1974455479738], [-122.843888379265, 49.1974449840061]]]}, "properties": {"PLAN_AREA": "City Centre", "PLAN_TYPE": "City Centre Plan", "PLAN_YEAR": 2025, "PLAN_STATUS": "Stage 2 Approved (See Surrey 2050 OCP)", "LAND_USE": "Mid Rise"}}, {"type": "Feature", "geometry": {"type": "Polygon", "coordinates": [[[-122.845561279364, 49.1961824757819], [-122.845561736167, 49.1961464114786], [-122.845779189912, 49.1961479254059], [-122.846292540787, 49.1961514999225], [-122.846575364268, 49.1961534681361], [-122.846574502318, 49.1962479807585], [-122.846574910592, 49.196293047825], [-122.846616399836, 49.19645780893], [-122.846657752095, 49.1966225698335], [-122.846740457449, 49.1969516418171], [-122.846781811639, 49.1971160428518], [-122.846823029673, 49.1972801738269], [-122.846855960824, 49.1974111541646], [-122.846829146052, 49.1974122034414], [-122.846795111755, 49.1974135363829], [-122.846154983297, 49.1974385991957], [-122.845714884316, 49.1974558282571], [-122.845619377528, 49.1974595668231], [-122.84561440754, 49.1974347735965], [-122.845609219933, 49.1974088979426], [-122.845597372854, 49.1973400859554], [-122.845587620314, 49.1972770436613], [-122.845577571887, 49.1972005898583], [-122.845570638312, 49.1971407779489], [-122.845565544506, 49.1970817052146], [-122.845561175922, 49.1970211591174], [-122.84555777993, 49.196964333882], [-122.845556094251, 49.1969141116938], [-122.845554930438, 49.1968576312639], [-122.845554439903, 49.1968004860806], [-122.845554766207, 49.1967397708496], [-122.845555308364, 49.1966538132573], [-122.845561279364, 49.1961824757819]]]}, "properties": {"PLAN_AREA": "City Centre", "PLAN_TYPE": "City Centre Plan", "PLAN_YEAR": 2025, "PLAN_STATUS": "Stage 2 Approved (See Surrey 2050 OCP)", "LAND_USE": "Mid Rise"}}, {"type": "Feature", "geometry": {"type": "Polygon", "coordinates": [[[-122.853972948124, 49.1965269301534], [-122.853971699822, 49.1963457620617], [-122.854494376352, 49.1963492138646], [-122.85501705296, 49.1963526633024], [-122.85501816288, 49.1965359909824], [-122.855019292265, 49.1967126612497], [-122.855020557285, 49.1968894207355], [-122.855021686418, 49.1970661818444], [-122.855022815827, 49.1972428511959], [-122.855023944973, 49.1974196122938], [-122.85502472978, 49.1975423021357], [-122.854902786896, 49.1975412674664], [-122.854503455939, 49.1975378758146], [-122.854102071638, 49.1975344648964], [-122.853979493283, 49.1975334230523], [-122.853978711332, 49.1974106414538], [-122.853977585907, 49.1972338812484], [-122.853976323225, 49.1970571217635], [-122.853975198925, 49.1968804506022], [-122.853974073521, 49.1967036903805], [-122.853972948124, 49.1965269301534]]]}, "properties": {"PLAN_AREA": "City Centre", "PLAN_TYPE": "City Centre Plan", "PLAN_YEAR": 2025, "PLAN_STATUS": "Stage 2 Approved (See Surrey 2050 OCP)", "LAND_USE": "Mid Rise"}}, {"type": "Feature", "geometry": {"type": "Polygon", "coordinates": [[[-122.855294188226, 49.1965382270562], [-122.855292941333, 49.196354451241], [-122.855815753946, 49.1963578972347], [-122.856272526931, 49.1963608269247], [-122.856275521845, 49.1968999638405], [-122.856276145989, 49.197012373641], [-122.856279143719, 49.1975529290598], [-122.855824859257, 49.1975490759893], [-122.855823446853, 49.1975490643313], [-122.85530231836, 49.1975446417971], [-122.855300897721, 49.1975446301225], [-122.855300112236, 49.1974219384829], [-122.855298980727, 49.1972451791841], [-122.855297714712, 49.1970684188119], [-122.85529658433, 49.1968917485572], [-122.855295454217, 49.1967149883443], [-122.855294188226, 49.1965382270562]]]}, "properties": {"PLAN_AREA": "City Centre", "PLAN_TYPE": "City Centre Plan", "PLAN_YEAR": 2025, "PLAN_STATUS": "Stage 2 Approved (See Surrey 2050 OCP)", "LAND_USE": "Mid Rise"}}, {"type": "Feature", "geometry": {"type": "Polygon", "coordinates": [[[-122.853980963838, 49.1977640718972], [-122.853980181613, 49.1976413811559], [-122.854501320597, 49.1976458105678], [-122.855025420382, 49.1976502611345], [-122.85502620493, 49.1977730418238], [-122.855027335735, 49.1979497120548], [-122.855028292601, 49.1980994824846], [-122.853983044362, 49.1980906034233], [-122.85398208928, 49.1979408329858], [-122.853981344846, 49.1978239541667], [-122.853980963838, 49.1977640718972]]]}, "properties": {"PLAN_AREA": "City Centre", "PLAN_TYPE": "City Centre Plan", "PLAN_YEAR": 2025, "PLAN_STATUS": "Stage 2 Approved (See Surrey 2050 OCP)", "LAND_USE": "Mid Rise"}}, {"type": "Feature", "geometry": {"type": "Polygon", "coordinates": [[[-122.844003014929, 49.198723593946], [-122.844008900558, 49.1983841368569], [-122.844113964102, 49.1983848274201], [-122.844197545629, 49.1983855105004], [-122.844469467409, 49.1983871633187], [-122.845074761303, 49.1983911386705], [-122.845072555894, 49.198555354107], [-122.84507020699, 49.1987259533182], [-122.844108743621, 49.1987238284503], [-122.844003014929, 49.198723593946]]]}, "properties": {"PLAN_AREA": "City Centre", "PLAN_TYPE": "City Centre Plan", "PLAN_YEAR": 2025, "PLAN_STATUS": "Stage 2 Approved (See Surrey 2050 OCP)", "LAND_USE": "Mid Rise"}}, {"type": "Feature", "geometry": {"type": "Polygon", "coordinates": [[[-122.842832099711, 49.1987236086003], [-122.842824872904, 49.1986845384287], [-122.842823678421, 49.1986789911942], [-122.842780517598, 49.1985032324423], [-122.842747742974, 49.1983758385073], [-122.843114131063, 49.1983782509666], [-122.843365187053, 49.1983799032271], [-122.843616103054, 49.1983815538527], [-122.843734384972, 49.1983823319219], [-122.843728477222, 49.1987229853442], [-122.843610073445, 49.1987227225356], [-122.843359192072, 49.1987221657742], [-122.843108342276, 49.1987216085109], [-122.843026154612, 49.1987214257768], [-122.843021735941, 49.1987214467572], [-122.842832099711, 49.1987236086003]]]}, "properties": {"PLAN_AREA": "City Centre", "PLAN_TYPE": "City Centre Plan", "PLAN_YEAR": 2025, "PLAN_STATUS": "Stage 2 Approved (See Surrey 2050 OCP)", "LAND_USE": "Mid Rise"}}, {"type": "Feature", "geometry": {"type": "Polygon", "coordinates": [[[-122.845763433336, 49.1979734653609], [-122.845770513277, 49.1979735143945], [-122.845821807842, 49.197973869829], [-122.846477196529, 49.1979784075312], [-122.846472530717, 49.1979602892695], [-122.846464588028, 49.1979294346875], [-122.846463401238, 49.1979248239122], [-122.846463771859, 49.1979248217062], [-122.846544237148, 49.1979253748107], [-122.84695185512, 49.1979281510022], [-122.846958821129, 49.1979281989125], [-122.847151848101, 49.1986954990797], [-122.847094408635, 49.1987392598976], [-122.846232383738, 49.1987317360008], [-122.846138302276, 49.1986893984159], [-122.846074049063, 49.1985842034994], [-122.845994398437, 49.1984774300276], [-122.845908548081, 49.1983112225328], [-122.845831528971, 49.198143167164], [-122.845763433336, 49.1979734653609]]]}, "properties": {"PLAN_AREA": "City Centre", "PLAN_TYPE": "City Centre Plan", "PLAN_YEAR": 2025, "PLAN_STATUS": "Stage 2 Approved (See Surrey 2050 OCP)", "LAND_USE": "Mid Rise"}}, {"type": "Feature", "geometry": {"type": "Polygon", "coordinates": [[[-122.853984480201, 49.1982943526251], [-122.853983216104, 49.1981175931712], [-122.854505909778, 49.1981220335212], [-122.855028464911, 49.1981264722315], [-122.855029595729, 49.1983031424517], [-122.855030724919, 49.1984799026175], [-122.855033073501, 49.1988180653537], [-122.8547995876, 49.1988160116797], [-122.854288775408, 49.1988115174881], [-122.853987811057, 49.1988088678896], [-122.853985605663, 49.1984711136974], [-122.853984480201, 49.1982943526251]]]}, "properties": {"PLAN_AREA": "City Centre", "PLAN_TYPE": "City Centre Plan", "PLAN_YEAR": 2025, "PLAN_STATUS": "Stage 2 Approved (See Surrey 2050 OCP)", "LAND_USE": "Mid Rise"}}, {"type": "Feature", "geometry": {"type": "Polygon", "coordinates": [[[-122.847701073046, 49.1877288628208], [-122.847667273376, 49.1876903623199], [-122.847593048947, 49.187621244146], [-122.847468099912, 49.1875163582852], [-122.847375735894, 49.1874424556833], [-122.847310539032, 49.1873900095013], [-122.847220454605, 49.1873166656985], [-122.84722684783, 49.1852401355558], [-122.85145100415, 49.186718612476], [-122.851392183141, 49.186984888485], [-122.851345130873, 49.187121482261], [-122.851285672884, 49.1872459865117], [-122.851174661304, 49.187418402688], [-122.851042341162, 49.1875736452777], [-122.850877426474, 49.1877252933762], [-122.850692255951, 49.18786101581], [-122.850352721762, 49.1880864427275], [-122.850047443852, 49.188304355248], [-122.850020219758, 49.1883371384468], [-122.850012409619, 49.1883384821009], [-122.849971720258, 49.1883247905376], [-122.849907742078, 49.1883032625523], [-122.849895931086, 49.1882992883592], [-122.84875232484, 49.187914470414], [-122.848597424083, 49.1878662641717], [-122.848438261781, 49.1878244454308], [-122.848275450296, 49.1877891750821], [-122.848275377605, 49.1877891605941], [-122.848275306284, 49.1877891470074], [-122.848170741369, 49.187770288118], [-122.848065128439, 49.1877541320267], [-122.847958608082, 49.1877407006899], [-122.847958561987, 49.1877406954119], [-122.847958528513, 49.1877406917697], [-122.847958499017, 49.1877406885825], [-122.847818355025, 49.1877292683896], [-122.847813196379, 49.1877292507976], [-122.847701073046, 49.1877288628208]]]}, "properties": {"PLAN_AREA": "City Centre", "PLAN_TYPE": "City Centre Plan", "PLAN_YEAR": 2025, "PLAN_STATUS": "Stage 2 Approved (See Surrey 2050 OCP)", "LAND_USE": "Central Business District 1"}}, {"type": "Feature", "geometry": {"type": "Polygon", "coordinates": [[[-122.849707900758, 49.1885393602651], [-122.849743735614, 49.1886017058214], [-122.849721773465, 49.1886417030486], [-122.849701627159, 49.1886821088406], [-122.849683314356, 49.1887228877892], [-122.849682368878, 49.1887251209975], [-122.849682356439, 49.1887251497663], [-122.849682301146, 49.1887252810262], [-122.849682283172, 49.1887253250799], [-122.849682263825, 49.1887253691318], [-122.849682220973, 49.1887254707232], [-122.849682208532, 49.1887255003916], [-122.84968219056, 49.1887255435457], [-122.849672452665, 49.1887494484629], [-122.84966334459, 49.1887734598028], [-122.84965486904, 49.188797570437], [-122.84965485381, 49.1887976144942], [-122.849654828883, 49.1887976882234], [-122.849654788725, 49.1887978069094], [-122.849654773495, 49.1887978509667], [-122.849654763798, 49.1887978806387], [-122.849654746487, 49.1887979323393], [-122.849654733336, 49.1887979696528], [-122.849654713945, 49.1887980280971], [-122.849654704249, 49.1887980577691], [-122.849654689016, 49.1887981027259], [-122.84965467932, 49.1887981323978], [-122.84965389963, 49.1888004539759], [-122.849573210816, 49.1888350429807], [-122.848485605163, 49.1886813933837], [-122.848374345837, 49.1886656746616], [-122.848321490222, 49.1886594686334], [-122.848268101248, 49.1886557043726], [-122.848214441149, 49.1886544003684], [-122.848130561304, 49.1886542900997], [-122.847992417568, 49.1886541083629], [-122.847939333924, 49.1886540384841], [-122.847878899494, 49.1886204908889], [-122.847859313228, 49.1886096176255], [-122.84782076045, 49.1884600887985], [-122.847820884676, 49.1881958512448], [-122.847820954783, 49.1880445688293], [-122.847862646144, 49.1880212341071], [-122.847888715083, 49.1880066429423], [-122.848121153311, 49.1880408796254], [-122.848347117836, 49.1880903481692], [-122.848564291816, 49.1881545413714], [-122.849707900758, 49.1885393602651]]]}, "properties": {"PLAN_AREA": "City Centre", "PLAN_TYPE": "City Centre Plan", "PLAN_YEAR": 2025, "PLAN_STATUS": "Stage 2 Approved (See Surrey 2050 OCP)", "LAND_USE": "Central Business District 1"}}, {"type": "Feature", "geometry": {"type": "Polygon", "coordinates": [[[-122.84826150293, 49.1899580638076], [-122.848229377344, 49.1899540096813], [-122.84816622422, 49.1899539419665], [-122.848133312297, 49.1899539067901], [-122.848085744336, 49.1899538559255], [-122.848029089607, 49.1899537948841], [-122.847925231983, 49.1899536824653], [-122.847918032285, 49.1899536747841], [-122.84785054149, 49.1899086731393], [-122.847855894314, 49.1896829767111], [-122.84786349826, 49.1893622539287], [-122.847867763538, 49.1891823701369], [-122.847869350711, 49.189115456003], [-122.847870800879, 49.1890542825044], [-122.847874096758, 49.1889152739847], [-122.847943692337, 49.1888704303842], [-122.848125714568, 49.1888706761846], [-122.848153097004, 49.1888709006678], [-122.848180465749, 49.1888715109382], [-122.848207808153, 49.1888725067138], [-122.848253625369, 49.1888750442463], [-122.848299273007, 49.1888786640109], [-122.848344691585, 49.1888833612908], [-122.848391613095, 49.1888893822976], [-122.849536806522, 49.189051006607], [-122.849561186477, 49.1890711411192], [-122.849594281312, 49.1890984742408], [-122.849602703218, 49.1891054295993], [-122.849580869062, 49.1899454025635], [-122.849579984985, 49.1899794325214], [-122.849510265151, 49.1900235887952], [-122.849489129191, 49.1900233489633], [-122.848708847156, 49.1900145188298], [-122.84847071379, 49.1899844663019], [-122.848388424906, 49.1899740820507], [-122.848270348889, 49.189959180055], [-122.84826150293, 49.1899580638076]]]}, "properties": {"PLAN_AREA": "City Centre", "PLAN_TYPE": "City Centre Plan", "PLAN_YEAR": 2025, "PLAN_STATUS": "Stage 2 Approved (See Surrey 2050 OCP)", "LAND_USE": "Central Business District 1"}}, {"type": "Feature", "geometry": {"type": "Polygon", "coordinates": [[[-122.84784376189, 49.1901945895717], [-122.8479744185, 49.1901950009054], [-122.848193889686, 49.1901951987355], [-122.848449762404, 49.1902275410335], [-122.848456188428, 49.1902283374559], [-122.848670573974, 49.190255391341], [-122.849572472099, 49.190265599063], [-122.849619871453, 49.190266134843], [-122.849657837047, 49.1902665647724], [-122.849656431393, 49.190330973056], [-122.849654994132, 49.1903827122844], [-122.84965467002, 49.1904049770866], [-122.849654730058, 49.1904191322052], [-122.849658381126, 49.1904924905564], [-122.849667613821, 49.1905656380453], [-122.849682405155, 49.1906383923453], [-122.849690251914, 49.1906687351258], [-122.849699066038, 49.1906989636011], [-122.849708843665, 49.190729064524], [-122.84975034245, 49.1908187182282], [-122.849810765385, 49.1909353467452], [-122.849882723812, 49.1910491281949], [-122.849965908224, 49.1911595730566], [-122.850008105569, 49.1912077402446], [-122.850021302595, 49.1912242530041], [-122.850143721879, 49.1913740985618], [-122.850149710967, 49.191382215006], [-122.850154662215, 49.1913906265539], [-122.850158542136, 49.1913992763129], [-122.850161324486, 49.1914081057793], [-122.850162990446, 49.1914170552341], [-122.850163528747, 49.1914260641463], [-122.85016286001, 49.1914356428083], [-122.850160916747, 49.1914451465287], [-122.850157713824, 49.1914545025989], [-122.850153275743, 49.1914636394394], [-122.85014763646, 49.1914724871482], [-122.850140839116, 49.191480978035], [-122.850132935715, 49.1914890471397], [-122.850123986722, 49.1914966327288], [-122.850114060602, 49.191503676768], [-122.850103233294, 49.1915101253663], [-122.850091587635, 49.191515929188], [-122.85007921272, 49.1915210438303], [-122.850066203224, 49.1915254301632], [-122.850052658678, 49.1915290546284], [-122.850038682706, 49.1915318894968], [-122.850024382233, 49.1915339130797], [-122.850009866665, 49.1915351098955], [-122.849995247056, 49.1915354707879], [-122.848311200262, 49.1915290110856], [-122.848035136501, 49.1915279024665], [-122.847925972006, 49.1915274637328], [-122.847926141065, 49.1915094733123], [-122.847848898038, 49.1914640684412], [-122.847832633825, 49.1913632328453], [-122.847823675561, 49.1912620054969], [-122.847822043312, 49.1911606136568], [-122.847822292287, 49.191154614105], [-122.847823547376, 49.1911244175627], [-122.847825663361, 49.1910189268095], [-122.847828257556, 49.1908895217198], [-122.847828711881, 49.1908669098766], [-122.847828247488, 49.1908491758857], [-122.847828381398, 49.1908424322688], [-122.847828514595, 49.1908356976463], [-122.847840818076, 49.1902863155054], [-122.847841136223, 49.1902729740607], [-122.84784376189, 49.1901945895717]]]}, "properties": {"PLAN_AREA": "City Centre", "PLAN_TYPE": "City Centre Plan", "PLAN_YEAR": 2025, "PLAN_STATUS": "Stage 2 Approved (See Surrey 2050 OCP)", "LAND_USE": "Central Business District 1"}}, {"type": "Feature", "geometry": {"type": "Polygon", "coordinates": [[[-122.850584069787, 49.1889452336938], [-122.850584082451, 49.1889446742009], [-122.850858793918, 49.1889457462012], [-122.851052392398, 49.1889469648372], [-122.851044167763, 49.1892970981595], [-122.851042883781, 49.1893517592933], [-122.8510347235, 49.1896991526975], [-122.850962995073, 49.1896988883483], [-122.850521789564, 49.1896972216291], [-122.850286377957, 49.1896963320107], [-122.850042749809, 49.1896954114547], [-122.850058204716, 49.1890845473224], [-122.850125037403, 49.1890264927852], [-122.850450400061, 49.188961625577], [-122.850494302714, 49.1889540165605], [-122.850538939746, 49.188948542733], [-122.850584069787, 49.1889452336938]]]}, "properties": {"PLAN_AREA": "City Centre", "PLAN_TYPE": "City Centre Plan", "PLAN_YEAR": 2025, "PLAN_STATUS": "Stage 2 Approved (See Surrey 2050 OCP)", "LAND_USE": "Central Business District 2"}}, {"type": "Feature", "geometry": {"type": "Polygon", "coordinates": [[[-122.839671279474, 49.1840869693039], [-122.839708487065, 49.1834500685337], [-122.840352180985, 49.1834585342108], [-122.84034206082, 49.1836316723139], [-122.840315002318, 49.1840945554809], [-122.840149704882, 49.1840926078027], [-122.839671279474, 49.1840869693039]]]}, "properties": {"PLAN_AREA": "City Centre", "PLAN_TYPE": "City Centre Plan", "PLAN_YEAR": 2025, "PLAN_STATUS": "Stage 2 Approved (See Surrey 2050 OCP)", "LAND_USE": "Mid Rise"}}, {"type": "Feature", "geometry": {"type": "Polygon", "coordinates": [[[-122.84715118269, 49.1973612974187], [-122.847150061824, 49.197360667163], [-122.847118602268, 49.1973429632293], [-122.847047857738, 49.1970618847814], [-122.847001080256, 49.1968754381393], [-122.846907390182, 49.1965026336543], [-122.846854799937, 49.1962946822278], [-122.846850691399, 49.1962783484857], [-122.846851511266, 49.1961657309369], [-122.846880378085, 49.1961657907991], [-122.846969851363, 49.1961659750483], [-122.847014328169, 49.196163649948], [-122.847058895572, 49.196162256635], [-122.847103508132, 49.19616179653], [-122.847108394557, 49.196161798501], [-122.847120125933, 49.1961618554084], [-122.847856028627, 49.196167429153], [-122.847929484758, 49.1961660890884], [-122.848002552177, 49.1961609649296], [-122.8480747777, 49.196152088458], [-122.848145713367, 49.196139514728], [-122.848307393672, 49.1961063266876], [-122.848338094496, 49.1961377282693], [-122.848360311808, 49.196160452619], [-122.848513180533, 49.1963167606029], [-122.848574339092, 49.1963946304782], [-122.848618557841, 49.1964695906227], [-122.848647778944, 49.1965506326181], [-122.84866564209, 49.1966158423641], [-122.848669756664, 49.196634002097], [-122.848669410106, 49.1967039563965], [-122.848667085424, 49.1972387301042], [-122.848603359126, 49.1972835529877], [-122.848568618121, 49.1972857661666], [-122.848504182852, 49.1972898707837], [-122.848427407722, 49.1972980043636], [-122.84832333265, 49.1973136994852], [-122.848199275865, 49.1973398226048], [-122.8481748885, 49.1973460773735], [-122.848082657961, 49.1973697343064], [-122.847983128469, 49.1973891105849], [-122.847911875679, 49.1973979761124], [-122.84787250469, 49.197402875282], [-122.847796730073, 49.1974078299174], [-122.847640923371, 49.1974086490571], [-122.847229815924, 49.1974055477487], [-122.84715118269, 49.1973612974187]]]}, "properties": {"PLAN_AREA": "City Centre", "PLAN_TYPE": "City Centre Plan", "PLAN_YEAR": 2025, "PLAN_STATUS": "Stage 2 Approved (See Surrey 2050 OCP)", "LAND_USE": "Commercial"}}, {"type": "Feature", "geometry": {"type": "Polygon", "coordinates": [[[-122.846829146052, 49.1974122034414], [-122.846795111755, 49.1974135363829], [-122.846154983297, 49.1974385991957], [-122.845714884316, 49.1974558282571], [-122.845619377528, 49.1974595668231], [-122.84561440754, 49.1974347735965], [-122.845609219933, 49.1974088979426], [-122.845597372854, 49.1973400859554], [-122.845587620314, 49.1972770436613], [-122.845577571887, 49.1972005898583], [-122.845570638312, 49.1971407779489], [-122.845565544506, 49.1970817052146], [-122.845561175922, 49.1970211591174], [-122.84555777993, 49.196964333882], [-122.845556094251, 49.1969141116938], [-122.845554930438, 49.1968576312639], [-122.845554439903, 49.1968004860806], [-122.845554766207, 49.1967397708496], [-122.845555308364, 49.1966538132573], [-122.845561279364, 49.1961824757819], [-122.845561736167, 49.1961464114786], [-122.845779189912, 49.1961479254059], [-122.845783326816, 49.1961479543175], [-122.846292540787, 49.1961514999225], [-122.846343792289, 49.1961518568677], [-122.846575364268, 49.1961534681361], [-122.846574502318, 49.1962479807585], [-122.846574910592, 49.196293047825], [-122.846616399836, 49.19645780893], [-122.846657752095, 49.1966225698335], [-122.846740457449, 49.1969516418171], [-122.846781811639, 49.1971160428518], [-122.846823029673, 49.1972801738269], [-122.846855960824, 49.1974111541646], [-122.846829146052, 49.1974122034414]]]}, "properties": {"PLAN_AREA": "City Centre", "PLAN_TYPE": "City Centre Plan", "PLAN_YEAR": 2025, "PLAN_STATUS": "Stage 2 Approved (See Surrey 2050 OCP)", "LAND_USE": "Commercial"}}, {"type": "Feature", "geometry": {"type": "Polygon", "coordinates": [[[-122.845052915205, 49.1962209721925], [-122.845047598677, 49.1966403140071], [-122.845047453168, 49.196651742358], [-122.845046904899, 49.1967384960252], [-122.845046570151, 49.1968008366968], [-122.845047084201, 49.1968608127391], [-122.84504830344, 49.1969200170295], [-122.845050131754, 49.1969745058937], [-122.845050820466, 49.1969860397086], [-122.845052293155, 49.1970106879428], [-122.845053777588, 49.197035531391], [-122.845058117911, 49.1970956987668], [-122.845058353443, 49.1970989535871], [-122.845063855961, 49.1971627728191], [-122.845071355642, 49.1972274762698], [-122.845074592242, 49.1972521007823], [-122.845081953016, 49.1973081100753], [-122.845089245408, 49.1973552543951], [-122.845088911822, 49.1973785608025], [-122.844477549787, 49.1973705690378], [-122.844461746257, 49.1973729117249], [-122.844415431526, 49.1973797766352], [-122.844377968848, 49.197385330244], [-122.843968526517, 49.1974460224233], [-122.843931615286, 49.1974455479738], [-122.843888379265, 49.1974449840061], [-122.843891426008, 49.1972628321431], [-122.843894335755, 49.1970805883369], [-122.843899896119, 49.1966256983532], [-122.843906743806, 49.1962061580609], [-122.843907282728, 49.1961731684733], [-122.844184304502, 49.1961737584177], [-122.844185576888, 49.1961737610338], [-122.845053512436, 49.1961739050112], [-122.845053372122, 49.1961849897489], [-122.845052915205, 49.1962209721925]]]}, "properties": {"PLAN_AREA": "City Centre", "PLAN_TYPE": "City Centre Plan", "PLAN_YEAR": 2025, "PLAN_STATUS": "Stage 2 Approved (See Surrey 2050 OCP)", "LAND_USE": "Commercial"}}, {"type": "Feature", "geometry": {"type": "Polygon", "coordinates": [[[-122.846951182164, 49.1959864290207], [-122.846879766806, 49.1959445016535], [-122.846883747493, 49.1953979317946], [-122.846952671104, 49.1953534693489], [-122.847462082466, 49.1953571512889], [-122.847972935076, 49.1953608409748], [-122.84804119104, 49.1954062932754], [-122.848040125373, 49.1955494055415], [-122.848042012635, 49.1956121530862], [-122.848050443403, 49.1956746691356], [-122.848065378227, 49.1957366609555], [-122.848063658575, 49.195967833785], [-122.848013592233, 49.1959767083938], [-122.847962615509, 49.1959829734727], [-122.847911044572, 49.1959865901641], [-122.847859199278, 49.1959875360365], [-122.8474601533, 49.195984514398], [-122.847122733759, 49.1959819579679], [-122.847065483251, 49.1959821659769], [-122.84700827708, 49.1959836569092], [-122.846951182164, 49.1959864290207]]]}, "properties": {"PLAN_AREA": "City Centre", "PLAN_TYPE": "City Centre Plan", "PLAN_YEAR": 2025, "PLAN_STATUS": "Stage 2 Approved (See Surrey 2050 OCP)", "LAND_USE": "Commercial"}}, {"type": "Feature", "geometry": {"type": "Polygon", "coordinates": [[[-122.846551879094, 49.1959738005055], [-122.845564987623, 49.195966602186], [-122.845575446436, 49.1954645021776], [-122.845577946147, 49.1953444900188], [-122.845578309231, 49.1953270611806], [-122.84655495942, 49.1953338706808], [-122.846581600429, 49.1953340562938], [-122.846580897795, 49.1954715955343], [-122.846580059294, 49.1956086839259], [-122.846579221062, 49.1957456832608], [-122.846577000999, 49.195973984101], [-122.846551879094, 49.1959738005055]]]}, "properties": {"PLAN_AREA": "City Centre", "PLAN_TYPE": "City Centre Plan", "PLAN_YEAR": 2025, "PLAN_STATUS": "Stage 2 Approved (See Surrey 2050 OCP)", "LAND_USE": "Commercial"}}, {"type": "Feature", "geometry": {"type": "Polygon", "coordinates": [[[-122.848046825102, 49.194615085279], [-122.848044491341, 49.194932465758], [-122.848042922084, 49.1951458874611], [-122.84804279476, 49.195163256349], [-122.847760486895, 49.1951614732121], [-122.847451941029, 49.1951592652359], [-122.847143256286, 49.1951571462047], [-122.846905272488, 49.1951554412192], [-122.846877600817, 49.1951552426206], [-122.846926477128, 49.1949246243265], [-122.846974437889, 49.1946983261398], [-122.846993630997, 49.1946077606328], [-122.847021305125, 49.1946079538098], [-122.848046825102, 49.194615085279]]]}, "properties": {"PLAN_AREA": "City Centre", "PLAN_TYPE": "City Centre Plan", "PLAN_YEAR": 2025, "PLAN_STATUS": "Stage 2 Approved (See Surrey 2050 OCP)", "LAND_USE": "Commercial"}}, {"type": "Feature", "geometry": {"type": "Polygon", "coordinates": [[[-122.846573183384, 49.1951531376181], [-122.846526164423, 49.1951528151837], [-122.846215010813, 49.1951505995383], [-122.845615494612, 49.1951463293303], [-122.845587408643, 49.1951275446464], [-122.845546643272, 49.1951002811063], [-122.845547632686, 49.1950306946637], [-122.84554936788, 49.1949151053708], [-122.845551306976, 49.1947781074946], [-122.845553987768, 49.1945977351892], [-122.846138747149, 49.1946018097533], [-122.846222695967, 49.1946023947105], [-122.846689221077, 49.1946056424518], [-122.846716893832, 49.1946058348004], [-122.846649746554, 49.1949226596628], [-122.846600857822, 49.1951533281975], [-122.846573183384, 49.1951531376181]]]}, "properties": {"PLAN_AREA": "City Centre", "PLAN_TYPE": "City Centre Plan", "PLAN_YEAR": 2025, "PLAN_STATUS": "Stage 2 Approved (See Surrey 2050 OCP)", "LAND_USE": "Commercial"}}, {"type": "Feature", "geometry": {"type": "Polygon", "coordinates": [[[-122.845056894552, 49.195975705887], [-122.845056513482, 49.1959939991474], [-122.844187213983, 49.1959938551506], [-122.844186056891, 49.1959938553886], [-122.843910219284, 49.195993267948], [-122.843910268506, 49.1959902752732], [-122.843910532036, 49.1959741380346], [-122.843927656066, 49.1949250573017], [-122.843933114179, 49.194586681551], [-122.845078972267, 49.1945944696751], [-122.845072371578, 49.1952330725154], [-122.845056894552, 49.195975705887]]]}, "properties": {"PLAN_AREA": "City Centre", "PLAN_TYPE": "City Centre Plan", "PLAN_YEAR": 2025, "PLAN_STATUS": "Stage 2 Approved (See Surrey 2050 OCP)", "LAND_USE": "Commercial"}}, {"type": "Feature", "geometry": {"type": "Polygon", "coordinates": [[[-122.849366047858, 49.1942913196371], [-122.849296794281, 49.1943358082862], [-122.848441578239, 49.1943299702663], [-122.848373648595, 49.1942845456079], [-122.848388299031, 49.1932951905061], [-122.848457557371, 49.1932507302856], [-122.849311200108, 49.1932569034662], [-122.84931263435, 49.1932569143327], [-122.849380567486, 49.1933023654378], [-122.849380361499, 49.1933164158569], [-122.849366047858, 49.1942913196371]]]}, "properties": {"PLAN_AREA": "City Centre", "PLAN_TYPE": "City Centre Plan", "PLAN_YEAR": 2025, "PLAN_STATUS": "Stage 2 Approved (See Surrey 2050 OCP)", "LAND_USE": "Commercial"}}, {"type": "Feature", "geometry": {"type": "Polygon", "coordinates": [[[-122.843470082788, 49.1880073152801], [-122.843538652801, 49.1879630243495], [-122.844204256117, 49.1879694949499], [-122.844245419399, 49.187996870179], [-122.844245547731, 49.1882716434118], [-122.844245747595, 49.188701566317], [-122.844204610598, 49.1887281360982], [-122.843457808063, 49.1887207935693], [-122.843399518997, 49.1887164420572], [-122.843341953464, 49.1887090293848], [-122.843285485045, 49.188698603658], [-122.843230480202, 49.1886852325364], [-122.843214868762, 49.1886328531482], [-122.843269834813, 49.1885871853007], [-122.843318759796, 49.1885386550613], [-122.843361298551, 49.1884876048251], [-122.843397150975, 49.1884343947654], [-122.843426064142, 49.1883794002925], [-122.843447834087, 49.188323009405], [-122.843462307241, 49.1882656199521], [-122.843466659784, 49.1882376033164], [-122.843469270901, 49.1882094938554], [-122.843470136278, 49.1881813380527], [-122.843470082788, 49.1880073152801]]]}, "properties": {"PLAN_AREA": "City Centre", "PLAN_TYPE": "City Centre Plan", "PLAN_YEAR": 2025, "PLAN_STATUS": "Stage 2 Approved (See Surrey 2050 OCP)", "LAND_USE": "Commercial"}}, {"type": "Feature", "geometry": {"type": "Polygon", "coordinates": [[[-122.842794801592, 49.1884524844445], [-122.842640121346, 49.1883518805517], [-122.84262109288, 49.1883405180429], [-122.842600656426, 49.1883302596774], [-122.842578960653, 49.1883211800808], [-122.842556163388, 49.1883133453035], [-122.842532430473, 49.1883068123403], [-122.842507934557, 49.1883016287158], [-122.842482853835, 49.1882978321387], [-122.842457370761, 49.1882954502276], [-122.842431670714, 49.1882945003099], [-122.841559164191, 49.1882866770876], [-122.841549689231, 49.1882863231017], [-122.841540296356, 49.1882854338918], [-122.841531055806, 49.1882840161074], [-122.841522036683, 49.1882820803507], [-122.841513306431, 49.1882796410973], [-122.841504930336, 49.188276716588], [-122.841496971034, 49.1882733286924], [-122.841489488045, 49.1882695027452], [-122.841482537326, 49.1882652673569], [-122.841476170856, 49.1882606541998], [-122.841470436241, 49.1882556977711], [-122.841465376367, 49.188250435135], [-122.841461029069, 49.1882449056455], [-122.841457426858, 49.1882391506523], [-122.841454596669, 49.1882332131912], [-122.841452559668, 49.1882271376624], [-122.841451331086, 49.1882209694988], [-122.841450920111, 49.1882147548259], [-122.841450898333, 49.1879883568005], [-122.841520281457, 49.1879435527515], [-122.842960854657, 49.1879579628661], [-122.84303201819, 49.1880054083123], [-122.84303154594, 49.188181586551], [-122.843028938722, 49.1882186370851], [-122.843021168869, 49.1882553756991], [-122.843008301592, 49.1882914939905], [-122.842990444896, 49.1883266887636], [-122.84296774867, 49.1883606645741], [-122.842940403427, 49.1883931362102], [-122.842908638712, 49.1884238310862], [-122.842872721168, 49.1884524915311], [-122.842794801592, 49.1884524844445]]]}, "properties": {"PLAN_AREA": "City Centre", "PLAN_TYPE": "City Centre Plan", "PLAN_YEAR": 2025, "PLAN_STATUS": "Stage 2 Approved (See Surrey 2050 OCP)", "LAND_USE": "Commercial"}}, {"type": "Feature", "geometry": {"type": "Polygon", "coordinates": [[[-122.845090784818, 49.1877024512764], [-122.844323830745, 49.1876938081744], [-122.844323667717, 49.1874938175278], [-122.844323260623, 49.1869906255012], [-122.844688130023, 49.186994104996], [-122.845014595704, 49.1869972169718], [-122.845096933616, 49.186998002086], [-122.845090784818, 49.1877024512764]]]}, "properties": {"PLAN_AREA": "City Centre", "PLAN_TYPE": "City Centre Plan", "PLAN_YEAR": 2025, "PLAN_STATUS": "Stage 2 Approved (See Surrey 2050 OCP)", "LAND_USE": "Commercial"}}, {"type": "Feature", "geometry": {"type": "Polygon", "coordinates": [[[-122.843469240988, 49.187421498815], [-122.843469008232, 49.1869823771425], [-122.843958536741, 49.1869871459498], [-122.844158577992, 49.1869890541017], [-122.844158931219, 49.1874275912365], [-122.844158985164, 49.1874938742841], [-122.844159145304, 49.1876919516211], [-122.84346938124, 49.1876841724784], [-122.843469240988, 49.187421498815]]]}, "properties": {"PLAN_AREA": "City Centre", "PLAN_TYPE": "City Centre Plan", "PLAN_YEAR": 2025, "PLAN_STATUS": "Stage 2 Approved (See Surrey 2050 OCP)", "LAND_USE": "Commercial"}}, {"type": "Feature", "geometry": {"type": "Polygon", "coordinates": [[[-122.84510345397, 49.1862509550229], [-122.845097875795, 49.186890055805], [-122.844690526354, 49.1868861723674], [-122.844327476036, 49.1868827106238], [-122.844378254602, 49.1862422909062], [-122.844379680579, 49.1862243057657], [-122.845103611685, 49.1862329627754], [-122.84510345397, 49.1862509550229]]]}, "properties": {"PLAN_AREA": "City Centre", "PLAN_TYPE": "City Centre Plan", "PLAN_YEAR": 2025, "PLAN_STATUS": "Stage 2 Approved (See Surrey 2050 OCP)", "LAND_USE": "Commercial"}}, {"type": "Feature", "geometry": {"type": "Polygon", "coordinates": [[[-122.842988701815, 49.1873085614386], [-122.84138509363, 49.1872927755676], [-122.841344357946, 49.1872653972038], [-122.841360456726, 49.1862159378315], [-122.841402016924, 49.1861894568879], [-122.84296025, 49.1862081079298], [-122.843028867903, 49.1862538866952], [-122.843029824563, 49.1872819911652], [-122.842988701815, 49.1873085614386]]]}, "properties": {"PLAN_AREA": "City Centre", "PLAN_TYPE": "City Centre Plan", "PLAN_YEAR": 2025, "PLAN_STATUS": "Stage 2 Approved (See Surrey 2050 OCP)", "LAND_USE": "Commercial"}}, {"type": "Feature", "geometry": {"type": "Polygon", "coordinates": [[[-122.844214937244, 49.1862223349711], [-122.844162699073, 49.1868811391029], [-122.843960964846, 49.1868792142781], [-122.843551289807, 49.186875223832], [-122.843468950807, 49.1868744205232], [-122.843468600099, 49.1862134054479], [-122.844214937244, 49.1862223349711]]]}, "properties": {"PLAN_AREA": "City Centre", "PLAN_TYPE": "City Centre Plan", "PLAN_YEAR": 2025, "PLAN_STATUS": "Stage 2 Approved (See Surrey 2050 OCP)", "LAND_USE": "Commercial"}}, {"type": "Feature", "geometry": {"type": "Polygon", "coordinates": [[[-122.843468501253, 49.1860154747651], [-122.843468156181, 49.1852774055889], [-122.844220391741, 49.1852861253904], [-122.8442218422, 49.1852861426389], [-122.844221746069, 49.1854461613591], [-122.844221577622, 49.1857266994211], [-122.844221537134, 49.1857924912159], [-122.844221398921, 49.1860244904993], [-122.844221387744, 49.1860424766473], [-122.843468508993, 49.186033468135], [-122.843468501253, 49.1860154747651]]]}, "properties": {"PLAN_AREA": "City Centre", "PLAN_TYPE": "City Centre Plan", "PLAN_YEAR": 2025, "PLAN_STATUS": "Stage 2 Approved (See Surrey 2050 OCP)", "LAND_USE": "Commercial"}}, {"type": "Feature", "geometry": {"type": "Polygon", "coordinates": [[[-122.845112396868, 49.1851888982047], [-122.844386864664, 49.1851801680229], [-122.844387301973, 49.184449491266], [-122.844430959761, 49.1844500124426], [-122.844573935918, 49.184451719761], [-122.844998438359, 49.1844567879383], [-122.845014855576, 49.1844569835809], [-122.845018260309, 49.1844758351711], [-122.845113934099, 49.185005471059], [-122.845112396868, 49.1851888982047]]]}, "properties": {"PLAN_AREA": "City Centre", "PLAN_TYPE": "City Centre Plan", "PLAN_YEAR": 2025, "PLAN_STATUS": "Stage 2 Approved (See Surrey 2050 OCP)", "LAND_USE": "Commercial"}}, {"type": "Feature", "geometry": {"type": "Polygon", "coordinates": [[[-122.845111491799, 49.1852968490652], [-122.845105305353, 49.1860350533912], [-122.845105154504, 49.186053044749], [-122.844387497255, 49.1860444636663], [-122.844387489156, 49.1860264783919], [-122.844387378401, 49.1857944167054], [-122.844387140891, 49.185288132164], [-122.845111491799, 49.1852968490652]]]}, "properties": {"PLAN_AREA": "City Centre", "PLAN_TYPE": "City Centre Plan", "PLAN_YEAR": 2025, "PLAN_STATUS": "Stage 2 Approved (See Surrey 2050 OCP)", "LAND_USE": "Commercial"}}, {"type": "Feature", "geometry": {"type": "Polygon", "coordinates": [[[-122.843467901976, 49.1847367489096], [-122.843467761722, 49.1844383951237], [-122.843468568584, 49.1844384052127], [-122.843836152363, 49.1844428706777], [-122.844018460912, 49.1844450852263], [-122.844045297366, 49.184445405721], [-122.844222631759, 49.1844475241764], [-122.84422245154, 49.1847453710899], [-122.844222190699, 49.1851781865361], [-122.843468104255, 49.1851694444473], [-122.843467901976, 49.1847367489096]]]}, "properties": {"PLAN_AREA": "City Centre", "PLAN_TYPE": "City Centre Plan", "PLAN_YEAR": 2025, "PLAN_STATUS": "Stage 2 Approved (See Surrey 2050 OCP)", "LAND_USE": "Commercial"}}, {"type": "Feature", "geometry": {"type": "Polygon", "coordinates": [[[-122.851100924095, 49.1915290225471], [-122.850734054234, 49.1915273463115], [-122.850662206173, 49.1914989235672], [-122.850445388106, 49.1912335994584], [-122.850467113849, 49.1912100013762], [-122.850658538721, 49.1912108400512], [-122.851025138821, 49.1912124460162], [-122.851091379537, 49.191212735634], [-122.851090728979, 49.1912740145254], [-122.851089264117, 49.191411802074], [-122.851102169197, 49.1914118600906], [-122.851100937668, 49.1915277011519], [-122.851100924095, 49.1915290225471]]]}, "properties": {"PLAN_AREA": "City Centre", "PLAN_TYPE": "City Centre Plan", "PLAN_YEAR": 2025, "PLAN_STATUS": "Stage 2 Approved (See Surrey 2050 OCP)", "LAND_USE": "Commercial"}}, {"type": "Feature", "geometry": {"type": "Polygon", "coordinates": [[[-122.851019161691, 49.1903600649328], [-122.851012850058, 49.1906287425904], [-122.851008104724, 49.1908095361567], [-122.851001269667, 49.1911043949019], [-122.850659639072, 49.1911028985101], [-122.850468214616, 49.1911020598373], [-122.850337877234, 49.191101488924], [-122.850291923955, 49.1910453588257], [-122.850243665611, 49.1909831367859], [-122.850199528517, 49.1909196607257], [-122.850159512659, 49.1908549315491], [-122.850063679343, 49.1906999122197], [-122.850042867583, 49.1905805064718], [-122.850031670527, 49.1905162644277], [-122.850025553676, 49.1904517591191], [-122.850024653983, 49.1903870806778], [-122.850027264155, 49.1902854414119], [-122.850419748759, 49.1902805208215], [-122.850615436808, 49.1902933246288], [-122.850808404833, 49.1903181860652], [-122.850996927381, 49.190354882829], [-122.851019161691, 49.1903600649328]]]}, "properties": {"PLAN_AREA": "City Centre", "PLAN_TYPE": "City Centre Plan", "PLAN_YEAR": 2025, "PLAN_STATUS": "Stage 2 Approved (See Surrey 2050 OCP)", "LAND_USE": "Commercial"}}, {"type": "Feature", "geometry": {"type": "Polygon", "coordinates": [[[-122.853798809685, 49.2022382290673], [-122.853311325696, 49.2019175535439], [-122.853524513801, 49.201778216066], [-122.853136095967, 49.201521892748], [-122.853028669967, 49.201592099391], [-122.85291094183, 49.2016690401928], [-122.852685786356, 49.2018161871936], [-122.852587919529, 49.2017508688547], [-122.852522969848, 49.2017082318515], [-122.852531179807, 49.2016871420463], [-122.852561781256, 49.2015877233965], [-122.852579611573, 49.2014869778854], [-122.852584546387, 49.2013856086885], [-122.852576551333, 49.2012843233298], [-122.852555682293, 49.2011838287445], [-122.852522085, 49.2010848263436], [-122.852519132983, 49.2010776587123], [-122.852498022173, 49.2010307631287], [-122.852474046795, 49.2009844626193], [-122.852447245747, 49.2009388322872], [-122.852400712885, 49.2008702680498], [-122.852347804552, 49.2008037186968], [-122.852288722919, 49.2007394384922], [-122.852219236197, 49.2006729840306], [-122.852192371727, 49.2006510038044], [-122.852192471334, 49.2006429144523], [-122.852623759912, 49.2009283514365], [-122.85269095435, 49.2008591732948], [-122.852691338404, 49.200832008858], [-122.852967358182, 49.2008344294828], [-122.853246182388, 49.2008368737004], [-122.853569345777, 49.2008397062927], [-122.854016985378, 49.2008437820085], [-122.853923697842, 49.2010348943836], [-122.853830752952, 49.2012254790864], [-122.853797468947, 49.201293711332], [-122.853170143388, 49.2012879654338], [-122.853360174819, 49.2014129744448], [-122.853613640607, 49.2015797109195], [-122.853899347371, 49.2015823170008], [-122.854450034505, 49.2015873372118], [-122.854369073691, 49.2017174880801], [-122.854368700352, 49.2017511309503], [-122.854361617069, 49.2022008009045], [-122.854109651602, 49.2020349666171], [-122.853798809685, 49.2022382290673]]]}, "properties": {"PLAN_AREA": "City Centre", "PLAN_TYPE": "City Centre Plan", "PLAN_YEAR": 2025, "PLAN_STATUS": "Stage 2 Approved (See Surrey 2050 OCP)", "LAND_USE": "Park"}}, {"type": "Feature", "geometry": {"type": "Polygon", "coordinates": [[[-122.834505179641, 49.2024645681332], [-122.834481181949, 49.2024292982356], [-122.834669789243, 49.2024304840862], [-122.835014754306, 49.2024325992113], [-122.835566590288, 49.202435819379], [-122.835701860026, 49.2024366298536], [-122.835842644063, 49.2024374731939], [-122.836046082776, 49.202438663483], [-122.835562965373, 49.2026973113341], [-122.835276785883, 49.2028510794778], [-122.835082753672, 49.202955410791], [-122.834652020957, 49.2026109971246], [-122.834579045922, 49.2025516954299], [-122.834505179641, 49.2024645681332]]]}, "properties": {"PLAN_AREA": "City Centre", "PLAN_TYPE": "City Centre Plan", "PLAN_YEAR": 2025, "PLAN_STATUS": "Stage 2 Approved (See Surrey 2050 OCP)", "LAND_USE": "Park"}}, {"type": "Feature", "geometry": {"type": "Polygon", "coordinates": [[[-122.839905800232, 49.2021601284419], [-122.840138667454, 49.2020351517717], [-122.8401707895, 49.2020608436414], [-122.840823245985, 49.2027236093047], [-122.840866409215, 49.2027581216968], [-122.840118783115, 49.2031601562134], [-122.839798228344, 49.2033325307217], [-122.839700722364, 49.2032546094507], [-122.839512111163, 49.2031038830859], [-122.839323568208, 49.2029532077769], [-122.839270455598, 49.2029107632974], [-122.838963792661, 49.2026656890507], [-122.839122794987, 49.2025803526861], [-122.839210614301, 49.2025332199376], [-122.839284647462, 49.2024934890666], [-122.839494976307, 49.2023806098072], [-122.83971165737, 49.202264321662], [-122.839905800232, 49.2021601284419]]]}, "properties": {"PLAN_AREA": "City Centre", "PLAN_TYPE": "City Centre Plan", "PLAN_YEAR": 2025, "PLAN_STATUS": "Stage 2 Approved (See Surrey 2050 OCP)", "LAND_USE": "Park"}}, {"type": "Feature", "geometry": {"type": "Polygon", "coordinates": [[[-122.840735139624, 49.1903072278043], [-122.840735240323, 49.1897957205213], [-122.840828715431, 49.1897966391741], [-122.841039778261, 49.1897987136367], [-122.841039712928, 49.1901438083728], [-122.841039681829, 49.1903072983437], [-122.840816579617, 49.1903072465288], [-122.840735139624, 49.1903072278043]]]}, "properties": {"PLAN_AREA": "City Centre", "PLAN_TYPE": "City Centre Plan", "PLAN_YEAR": 2025, "PLAN_STATUS": "Stage 2 Approved (See Surrey 2050 OCP)", "LAND_USE": "Park"}}, {"type": "Feature", "geometry": {"type": "Polygon", "coordinates": [[[-122.85310509562, 49.203005354435], [-122.853099693537, 49.2027384731018], [-122.853208617453, 49.2026240105153], [-122.853615330439, 49.2023582638934], [-122.853671449376, 49.2024609732237], [-122.853818232531, 49.2027292209441], [-122.853728430549, 49.2029234975616], [-122.854195660553, 49.2026185160557], [-122.853995948395, 49.2029365203139], [-122.854000104083, 49.203157451112], [-122.854048701411, 49.2032509746279], [-122.854078942665, 49.2033778475056], [-122.85408895097, 49.2036221158931], [-122.854089248063, 49.2036265887327], [-122.854086651925, 49.2036317802401], [-122.853805295355, 49.2038147658091], [-122.853413049024, 49.2039662892668], [-122.852777065299, 49.2035445047317], [-122.853232958388, 49.2032468717556], [-122.853108199326, 49.2031583513978], [-122.85310509562, 49.203005354435]]]}, "properties": {"PLAN_AREA": "City Centre", "PLAN_TYPE": "City Centre Plan", "PLAN_YEAR": 2025, "PLAN_STATUS": "Stage 2 Approved (See Surrey 2050 OCP)", "LAND_USE": "Park"}}, {"type": "Feature", "geometry": {"type": "Polygon", "coordinates": [[[-122.84954945075, 49.1930413731907], [-122.849176318198, 49.1930387249517], [-122.849042478377, 49.1930377746988], [-122.848379370407, 49.1930330650858], [-122.848380115459, 49.1929877791294], [-122.848380393635, 49.1929708583996], [-122.848377120281, 49.1929245162318], [-122.848372676296, 49.1928782159512], [-122.848367062903, 49.1928319702588], [-122.848368734501, 49.1927174971171], [-122.848340522597, 49.1926053253186], [-122.848302170998, 49.1924944526107], [-122.848277762321, 49.1924393467015], [-122.848363661264, 49.1924397005865], [-122.848504685596, 49.1924402733525], [-122.848505010872, 49.1924402746787], [-122.848825765421, 49.1924417762035], [-122.849146558422, 49.1924432768878], [-122.849467606453, 49.1924448669667], [-122.84964090167, 49.1924456045369], [-122.849637491911, 49.1926767177494], [-122.849632101319, 49.1930419584773], [-122.84954945075, 49.1930413731907]]]}, "properties": {"PLAN_AREA": "City Centre", "PLAN_TYPE": "City Centre Plan", "PLAN_YEAR": 2025, "PLAN_STATUS": "Stage 2 Approved (See Surrey 2050 OCP)", "LAND_USE": "Commercial"}}, {"type": "Feature", "geometry": {"type": "Polygon", "coordinates": [[[-122.846159309714, 49.1932331734386], [-122.846157257731, 49.193380139823], [-122.846154823261, 49.1935446618573], [-122.846152388773, 49.1937091838868], [-122.846149954267, 49.1938737059115], [-122.846148736867, 49.1939560123482], [-122.846147519745, 49.1940382279314], [-122.846143437702, 49.1943139766503], [-122.845589777341, 49.1943101190985], [-122.845601063871, 49.1932291964873], [-122.846159309714, 49.1932331734386]]]}, "properties": {"PLAN_AREA": "City Centre", "PLAN_TYPE": "City Centre Plan", "PLAN_YEAR": 2025, "PLAN_STATUS": "Stage 2 Approved (See Surrey 2050 OCP)", "LAND_USE": "Commercial"}}, {"type": "Feature", "geometry": {"type": "Polygon", "coordinates": [[[-122.847841136223, 49.1902729740607], [-122.84784376189, 49.1901945895717], [-122.8479744185, 49.1901950009054], [-122.848193889686, 49.1901951987355], [-122.848449762404, 49.1902275410335], [-122.848456188428, 49.1902283374559], [-122.848670573974, 49.190255391341], [-122.849572472099, 49.190265599063], [-122.849619871453, 49.190266134843], [-122.849657837047, 49.1902665647724], [-122.849656431393, 49.190330973056], [-122.849654994132, 49.1903827122844], [-122.84965467002, 49.1904049770866], [-122.849654730058, 49.1904191322052], [-122.849658381126, 49.1904924905564], [-122.849667613821, 49.1905656380453], [-122.849682405155, 49.1906383923453], [-122.849690251914, 49.1906687351258], [-122.849699066038, 49.1906989636011], [-122.849708843665, 49.190729064524], [-122.84975034245, 49.1908187182282], [-122.849810765385, 49.1909353467452], [-122.849882723812, 49.1910491281949], [-122.849965908224, 49.1911595730566], [-122.850008105569, 49.1912077402446], [-122.850021302595, 49.1912242530041], [-122.850143721879, 49.1913740985618], [-122.850149710967, 49.191382215006], [-122.850154662215, 49.1913906265539], [-122.850158542136, 49.1913992763129], [-122.850161324486, 49.1914081057793], [-122.850162990446, 49.1914170552341], [-122.850163528747, 49.1914260641463], [-122.85016286001, 49.1914356428083], [-122.850160916747, 49.1914451465287], [-122.850157713824, 49.1914545025989], [-122.850153275743, 49.1914636394394], [-122.85014763646, 49.1914724871482], [-122.850140839116, 49.191480978035], [-122.850132935715, 49.1914890471397], [-122.850123986722, 49.1914966327288], [-122.850114060602, 49.191503676768], [-122.850103233294, 49.1915101253663], [-122.850091587635, 49.191515929188], [-122.85007921272, 49.1915210438303], [-122.850066203224, 49.1915254301632], [-122.850052658678, 49.1915290546284], [-122.850038682706, 49.1915318894968], [-122.850024382233, 49.1915339130797], [-122.850009866665, 49.1915351098955], [-122.849995247056, 49.1915354707879], [-122.848311200262, 49.1915290110856], [-122.848035136501, 49.1915279024665], [-122.847925972006, 49.1915274637328], [-122.847926141065, 49.1915094733123], [-122.847848898038, 49.1914640684412], [-122.847832633825, 49.1913632328453], [-122.847823675561, 49.1912620054969], [-122.847822043312, 49.1911606136568], [-122.847822292287, 49.191154614105], [-122.847823547376, 49.1911244175627], [-122.847825663361, 49.1910189268095], [-122.847828257556, 49.1908895217198], [-122.847828711194, 49.1908669098757], [-122.847828246802, 49.1908491758848], [-122.847828381398, 49.1908424322688], [-122.847828514595, 49.1908356976463], [-122.847840818076, 49.1902863155054], [-122.847841136223, 49.1902729740607]]]}, "properties": {"PLAN_AREA": "City Centre", "PLAN_TYPE": "City Centre Plan", "PLAN_YEAR": 2025, "PLAN_STATUS": "Stage 2 Approved (See Surrey 2050 OCP)", "LAND_USE": "High Rise"}}, {"type": "Feature", "geometry": {"type": "Polygon", "coordinates": [[[-122.845630485953, 49.1923895110307], [-122.845636510987, 49.1918121598166], [-122.845642139429, 49.1918121817316], [-122.846140206345, 49.1918141542382], [-122.846132036154, 49.1923924966016], [-122.845630485953, 49.1923895110307]]]}, "properties": {"PLAN_AREA": "City Centre", "PLAN_TYPE": "City Centre Plan", "PLAN_YEAR": 2025, "PLAN_STATUS": "Stage 2 Approved (See Surrey 2050 OCP)", "LAND_USE": "High Rise"}}, {"type": "Feature", "geometry": {"type": "Polygon", "coordinates": [[[-122.841153601679, 49.1925556964135], [-122.841158940833, 49.1921642687803], [-122.84169950282, 49.192171514569], [-122.841750944865, 49.1921981833295], [-122.841876290142, 49.1925162541348], [-122.841896877125, 49.192568490258], [-122.841901548374, 49.1925803443888], [-122.841894865188, 49.1925813670034], [-122.841678034348, 49.1926145271681], [-122.841660376801, 49.1926172330414], [-122.84115353906, 49.1925602506581], [-122.841153601679, 49.1925556964135]]]}, "properties": {"PLAN_AREA": "City Centre", "PLAN_TYPE": "City Centre Plan", "PLAN_YEAR": 2025, "PLAN_STATUS": "Stage 2 Approved (See Surrey 2050 OCP)", "LAND_USE": "High Rise"}}, {"type": "Feature", "geometry": {"type": "Polygon", "coordinates": [[[-122.848991254464, 49.1983795979961], [-122.848992864487, 49.1980613154138], [-122.849679909418, 49.1980675881341], [-122.849677767397, 49.1983857710833], [-122.84967776016, 49.1983868001374], [-122.849675436909, 49.1987711109561], [-122.849672012202, 49.1987710804124], [-122.849048384701, 49.1987655633991], [-122.848989304048, 49.1987650409008], [-122.848991254464, 49.1983795979961]]]}, "properties": {"PLAN_AREA": "City Centre", "PLAN_TYPE": "City Centre Plan", "PLAN_YEAR": 2025, "PLAN_STATUS": "Stage 2 Approved (See Surrey 2050 OCP)", "LAND_USE": "High Rise"}}, {"type": "Feature", "geometry": {"type": "Polygon", "coordinates": [[[-122.84899410455, 49.1979533706005], [-122.848996469454, 49.197500282537], [-122.849847757303, 49.1975077826492], [-122.850662464627, 49.1975148864732], [-122.850658841198, 49.1982114031471], [-122.850657888235, 49.1983947884161], [-122.850655986588, 49.1987601295873], [-122.850655884669, 49.1987798462756], [-122.85042509916, 49.1987777908482], [-122.850297776899, 49.1987766570971], [-122.849840148154, 49.1987725791599], [-122.849842477324, 49.1983872518759], [-122.849844980646, 49.1980151173161], [-122.849845342388, 49.1979613690022], [-122.849845343071, 49.1979611432208], [-122.848995203999, 49.1979533828323], [-122.848995006345, 49.1979533807748], [-122.84899410455, 49.1979533706005]]]}, "properties": {"PLAN_AREA": "City Centre", "PLAN_TYPE": "City Centre Plan", "PLAN_YEAR": 2025, "PLAN_STATUS": "Stage 2 Approved (See Surrey 2050 OCP)", "LAND_USE": "High Rise"}}, {"type": "Feature", "geometry": {"type": "Polygon", "coordinates": [[[-122.851070633307, 49.198212322562], [-122.851073944958, 49.1975747481561], [-122.851750219153, 49.1975805844891], [-122.851751829196, 49.1975806027473], [-122.853704079472, 49.1975974998506], [-122.853708064029, 49.1982351726136], [-122.853709573079, 49.1984677042014], [-122.853711650417, 49.1988091445154], [-122.853502147847, 49.1988103389137], [-122.853460744794, 49.1988105751406], [-122.85320981857, 49.198812004295], [-122.852897542726, 49.1988137820615], [-122.852833062155, 49.1988131763925], [-122.852742486333, 49.1988124006914], [-122.852254646504, 49.1988044860842], [-122.851104914955, 49.1987858249979], [-122.851067783251, 49.1987610490166], [-122.851070633307, 49.198212322562]]]}, "properties": {"PLAN_AREA": "City Centre", "PLAN_TYPE": "City Centre Plan", "PLAN_YEAR": 2025, "PLAN_STATUS": "Stage 2 Approved (See Surrey 2050 OCP)", "LAND_USE": "High Rise"}}, {"type": "Feature", "geometry": {"type": "Polygon", "coordinates": [[[-122.849296844086, 49.2001885904273], [-122.849254948745, 49.2001575604123], [-122.849243770759, 49.2001648068354], [-122.849181667193, 49.2001144855434], [-122.849126810589, 49.2000606691341], [-122.849079656287, 49.2000038043358], [-122.849040595683, 49.1999443631798], [-122.849009952987, 49.1998828390818], [-122.848987982529, 49.1998197427461], [-122.848974866648, 49.1997555979259], [-122.848970714183, 49.1996909370757], [-122.848973990487, 49.1990797433836], [-122.849042823651, 49.1990353974384], [-122.849666432582, 49.1990409144561], [-122.85054522551, 49.1990487447579], [-122.85066090303, 49.199049775026], [-122.850659981651, 49.1993571552496], [-122.850659122042, 49.1995054238165], [-122.850664538224, 49.1996017651797], [-122.850682457696, 49.1997001196644], [-122.850712443861, 49.1997973473377], [-122.850734018849, 49.1998460308452], [-122.850754647649, 49.199892580338], [-122.850808413353, 49.1999852376077], [-122.850873623521, 49.2000746812116], [-122.850949644235, 49.200160380489], [-122.850999130429, 49.2002069096017], [-122.850995302278, 49.200235588001], [-122.850197296387, 49.2007527781072], [-122.850148270081, 49.2007526506436], [-122.850138482959, 49.2007461676209], [-122.849296844086, 49.2001885904273]]]}, "properties": {"PLAN_AREA": "City Centre", "PLAN_TYPE": "City Centre Plan", "PLAN_YEAR": 2025, "PLAN_STATUS": "Stage 2 Approved (See Surrey 2050 OCP)", "LAND_USE": "High Rise"}}, {"type": "Feature", "geometry": {"type": "Polygon", "coordinates": [[[-122.852623759912, 49.2009283514365], [-122.852192471334, 49.2006429144523], [-122.852192371727, 49.2006510038044], [-122.852137547355, 49.200606147797], [-122.852054227272, 49.2005469014547], [-122.851665357039, 49.2002892538386], [-122.851587675814, 49.2002377854442], [-122.851332865457, 49.2000506485873], [-122.851262168388, 49.1999770362158], [-122.851208226067, 49.1999091124295], [-122.851162776714, 49.1998384577919], [-122.851124881115, 49.1997628735484], [-122.851112437763, 49.1997322005978], [-122.851100860432, 49.1996983813037], [-122.851091373564, 49.1996655290005], [-122.851079840407, 49.1996110637284], [-122.851073088483, 49.1995574663703], [-122.851070959911, 49.1995001671065], [-122.851073655301, 49.1990573629926], [-122.851073723063, 49.1990462241881], [-122.851101610622, 49.1990282776199], [-122.852641304858, 49.1990418634308], [-122.852715059572, 49.1990743406205], [-122.852705538107, 49.1997817519527], [-122.85267359799, 49.1997998745424], [-122.85265039391, 49.1998197659517], [-122.852649971417, 49.1998201279236], [-122.852642279843, 49.199826720667], [-122.852621810338, 49.1998553248168], [-122.852611754447, 49.1998814955281], [-122.85260989621, 49.1999201648862], [-122.852617217627, 49.1999462183444], [-122.852643837752, 49.1999861545967], [-122.852675302785, 49.200012484423], [-122.852702464252, 49.2000273208446], [-122.852711815015, 49.2000324286112], [-122.852762342089, 49.2000492899719], [-122.85284012606, 49.2000558000595], [-122.852864375658, 49.2000578297111], [-122.852927123396, 49.2000480345794], [-122.8529408878, 49.200042365272], [-122.852978494912, 49.2000268755533], [-122.852986495169, 49.2000235790615], [-122.853001232618, 49.2000175088951], [-122.85303577416, 49.1999910005014], [-122.853061123867, 49.1999585399025], [-122.853075062042, 49.199915512386], [-122.853074482495, 49.1999067987933], [-122.853072864812, 49.1998824581302], [-122.853059074529, 49.1998491588461], [-122.853036370502, 49.1998212463029], [-122.853034608886, 49.1998190815893], [-122.853012435773, 49.1998010123832], [-122.852981854295, 49.1997831582524], [-122.85298232194, 49.1997490387436], [-122.852983966771, 49.199628978656], [-122.852986595617, 49.1994372011209], [-122.852986679612, 49.1994310925136], [-122.85299144881, 49.1990831159493], [-122.853329468528, 49.1990811916163], [-122.853592728419, 49.1990796914814], [-122.853588492225, 49.199441981181], [-122.853587711181, 49.1994419765928], [-122.853585445417, 49.1996343069129], [-122.853582883311, 49.1998261115248], [-122.853581366387, 49.1999396016054], [-122.853580173556, 49.2000288641324], [-122.853579304816, 49.2000939009059], [-122.853577466526, 49.2002316158367], [-122.853574758096, 49.2004343684316], [-122.853572051015, 49.2006371210209], [-122.853569345777, 49.2008397062927], [-122.853246182388, 49.2008368737004], [-122.852967358182, 49.2008344294828], [-122.852691338404, 49.200832008858], [-122.85269095435, 49.2008591732948], [-122.852623759912, 49.2009283514365]]]}, "properties": {"PLAN_AREA": "City Centre", "PLAN_TYPE": "City Centre Plan", "PLAN_YEAR": 2025, "PLAN_STATUS": "Stage 2 Approved (See Surrey 2050 OCP)", "LAND_USE": "High Rise"}}, {"type": "Feature", "geometry": {"type": "Polygon", "coordinates": [[[-122.851041832129, 49.2012002264794], [-122.85101987147, 49.2011992086716], [-122.850997907299, 49.2011993602449], [-122.850975939073, 49.2012008611047], [-122.850954378882, 49.2012036209302], [-122.850933226719, 49.2012076415206], [-122.850912618485, 49.2012129221522], [-122.850909321506, 49.201213727474], [-122.850906025067, 49.2012143528903], [-122.850902591897, 49.2012147982238], [-122.850899021994, 49.2012150634746], [-122.850895589906, 49.2012151489971], [-122.850892021085, 49.2012150544369], [-122.850888590348, 49.2012146901956], [-122.850885159882, 49.2012142360015], [-122.850881730227, 49.2012135119492], [-122.850878575659, 49.2012126083458], [-122.850875421632, 49.2012115248369], [-122.85079425793, 49.2011775976653], [-122.85071804886, 49.2011389983816], [-122.850647480809, 49.2010961785476], [-122.850457461251, 49.2009703555018], [-122.850457871408, 49.2009253794996], [-122.851240886016, 49.2004177923808], [-122.851280386671, 49.2004179475947], [-122.851294879787, 49.2004275498558], [-122.851526553927, 49.2005810469793], [-122.851756319707, 49.2007332800421], [-122.851795815405, 49.200761363702], [-122.851825040302, 49.2007821452753], [-122.851843580253, 49.2007973144567], [-122.851888201343, 49.2008338233667], [-122.851900571307, 49.2008456536645], [-122.85122997802, 49.2012846956224], [-122.851221711306, 49.2012751211648], [-122.851209255097, 49.2012632304155], [-122.851195149188, 49.2012521480165], [-122.851179668127, 49.2012418734216], [-122.851162811379, 49.2012325856359], [-122.851144716209, 49.2012242866349], [-122.851125656627, 49.2012171557778], [-122.8511056329, 49.2012111031114], [-122.85108491793, 49.2012062189401], [-122.851063514192, 49.2012025932198], [-122.851041832129, 49.2012002264794]]]}, "properties": {"PLAN_AREA": "City Centre", "PLAN_TYPE": "City Centre Plan", "PLAN_YEAR": 2025, "PLAN_STATUS": "Stage 2 Approved (See Surrey 2050 OCP)", "LAND_USE": "High Rise"}}, {"type": "Feature", "geometry": {"type": "Polygon", "coordinates": [[[-122.846423146774, 49.199104191455], [-122.846358207601, 49.199020663695], [-122.847363459245, 49.1990295795911], [-122.848545695941, 49.1990401150259], [-122.848658404391, 49.1990411191189], [-122.848654825231, 49.199693159208], [-122.84866282917, 49.1997926542111], [-122.848688497426, 49.1998938077017], [-122.84873114238, 49.1999925708784], [-122.84879046378, 49.2000875031807], [-122.848865483546, 49.200177514871], [-122.848955504795, 49.2002615768438], [-122.849056173158, 49.2003361401222], [-122.849904274006, 49.2008979993242], [-122.849913978933, 49.2009044264888], [-122.849913685163, 49.2009366356018], [-122.849371068934, 49.2012882798803], [-122.84936460673, 49.2012921394342], [-122.849357593782, 49.2012956384572], [-122.849350173125, 49.2012986871826], [-122.84934233927, 49.2013012856033], [-122.849334233333, 49.2013035238563], [-122.849325717217, 49.2013052218552], [-122.849317202739, 49.2013063801373], [-122.849308414809, 49.2013071782498], [-122.84930663976, 49.2013072119151], [-122.849272338228, 49.2012845034831], [-122.84918453532, 49.2012262881845], [-122.84910135058, 49.2011712002235], [-122.849006525529, 49.2011083637203], [-122.848916526891, 49.2010487924515], [-122.848824508025, 49.2009878017068], [-122.848747051955, 49.2009364819238], [-122.848681491252, 49.2008930782512], [-122.848600476571, 49.2008393258734], [-122.84852044652, 49.2007864022978], [-122.84843415371, 49.2007291778875], [-122.848334010517, 49.2006629300236], [-122.848247764716, 49.2006057361185], [-122.848147770251, 49.2005394954832], [-122.848047673583, 49.2004730972082], [-122.847961710105, 49.2004162668692], [-122.847879835009, 49.200362037896], [-122.847803071621, 49.2003110817965], [-122.847730383406, 49.2002629870283], [-122.847654912397, 49.2002123617613], [-122.847584334558, 49.2001637416593], [-122.847547114272, 49.2001380999858], [-122.847450426893, 49.2000688181941], [-122.847400925349, 49.2000319736863], [-122.847364715475, 49.200005022672], [-122.84728055324, 49.1999401532951], [-122.847229643193, 49.1998994181787], [-122.84719804201, 49.1998741319421], [-122.847099804808, 49.1997922786582], [-122.84701499613, 49.1997187070672], [-122.8469324391, 49.1996441857937], [-122.846800198541, 49.1995183513949], [-122.846665587539, 49.1993811310304], [-122.846535788384, 49.199238186887], [-122.846423146774, 49.199104191455]]]}, "properties": {"PLAN_AREA": "City Centre", "PLAN_TYPE": "City Centre Plan", "PLAN_YEAR": 2025, "PLAN_STATUS": "Stage 2 Approved (See Surrey 2050 OCP)", "LAND_USE": "High Rise"}}, {"type": "Feature", "geometry": {"type": "Polygon", "coordinates": [[[-122.849733561941, 49.201533247167], [-122.849731129718, 49.2015204706685], [-122.849730482325, 49.2015076065389], [-122.849731482214, 49.2014947445524], [-122.849734128839, 49.2014820646145], [-122.849738559475, 49.2014695660039], [-122.849755548749, 49.2014350461303], [-122.849777064473, 49.201401701531], [-122.849802831554, 49.2013697108525], [-122.849832849436, 49.2013392548968], [-122.849866705203, 49.2013106938357], [-122.849904399957, 49.2012841167208], [-122.850174260163, 49.201109236729], [-122.850242896111, 49.2011094156952], [-122.850432779484, 49.2012353288677], [-122.850532946446, 49.2012954581266], [-122.850641506255, 49.2013488516718], [-122.850757640728, 49.2013950586574], [-122.85076065722, 49.2013962319448], [-122.850763398625, 49.2013975847828], [-122.850766139759, 49.2013990275735], [-122.850768605803, 49.2014006508144], [-122.850770796762, 49.2014024527063], [-122.850772712903, 49.2014043441962], [-122.850774491501, 49.2014063254615], [-122.850775995282, 49.2014083963247], [-122.850777224517, 49.2014104668332], [-122.850784734222, 49.201423879541], [-122.850794030109, 49.2014367548373], [-122.850805112449, 49.2014490027691], [-122.850817706695, 49.2014606229812], [-122.850831813391, 49.2014714355677], [-122.850847432533, 49.2014814414276], [-122.850864290121, 49.2014904585012], [-122.850882250251, 49.2014984875122], [-122.850901172901, 49.2015055291788], [-122.85092106026, 49.2015113118452], [-122.850941499961, 49.2015160157842], [-122.850962629549, 49.2015195512201], [-122.850984182778, 49.2015218953206], [-122.851005281451, 49.2015228885846], [-122.851026432445, 49.2015226951986], [-122.851047480613, 49.2015213165811], [-122.851068271565, 49.2015187628446], [-122.851088652797, 49.2015150527209], [-122.851108474808, 49.2015102134245], [-122.851127592202, 49.2015042804521], [-122.851145864751, 49.2014972973229], [-122.851163158423, 49.2014893152591], [-122.851179346369, 49.20148039281], [-122.851194309847, 49.2014705954231], [-122.8512079391, 49.2014599949633], [-122.851220134156, 49.2014486691861], [-122.851230805564, 49.2014367011674], [-122.851991285466, 49.2009388497813], [-122.852046910665, 49.2010116340933], [-122.852092761543, 49.2010872876811], [-122.852128497214, 49.2011652481602], [-122.852153851981, 49.2012449359948], [-122.852168637312, 49.2013257588059], [-122.852172743245, 49.2014071157739], [-122.852166139204, 49.2014884021061], [-122.85214887423, 49.2015690135316], [-122.852121076619, 49.2016483507938], [-122.852082952965, 49.2017258241052], [-122.852034786631, 49.2018008575323], [-122.85197693564, 49.201872893277], [-122.851909830018, 49.2019413958234], [-122.851833968594, 49.2020058559196], [-122.851749915296, 49.2020657943635], [-122.851658294959, 49.2021207655658], [-122.851119124534, 49.2024172838931], [-122.851101961327, 49.2024267239292], [-122.850992498403, 49.202423498274], [-122.850315028822, 49.2019599901699], [-122.85027337631, 49.2019287584548], [-122.849795236701, 49.2016120381133], [-122.849782087297, 49.2016024850887], [-122.849770311167, 49.2015923050769], [-122.849759774059, 49.2015814070512], [-122.849750884502, 49.2015699714493], [-122.849743507698, 49.2015580871499], [-122.849737642267, 49.2015457559504], [-122.849733561941, 49.201533247167]]]}, "properties": {"PLAN_AREA": "City Centre", "PLAN_TYPE": "City Centre Plan", "PLAN_YEAR": 2025, "PLAN_STATUS": "Stage 2 Approved (See Surrey 2050 OCP)", "LAND_USE": "High Rise"}}, {"type": "Feature", "geometry": {"type": "Polygon", "coordinates": [[[-122.855482020578, 49.1887594863806], [-122.855487292032, 49.1885177211126], [-122.855851375419, 49.1885190603452], [-122.856284291224, 49.1885206631104], [-122.856274832722, 49.1893100019152], [-122.856270430835, 49.1896773726751], [-122.856268313178, 49.1898540912716], [-122.856259416379, 49.1905957373915], [-122.856198029415, 49.1905954432881], [-122.856197254097, 49.1905954054419], [-122.855921828477, 49.1905917914797], [-122.85566216434, 49.1905602202067], [-122.855448060861, 49.1905165598975], [-122.855450033564, 49.1904089810049], [-122.855453399767, 49.1902253888767], [-122.855456800007, 49.1900395263654], [-122.855459927946, 49.1898580874075], [-122.855462293353, 49.1896741027124], [-122.855462296659, 49.1896739102166], [-122.855466087362, 49.1894628117936], [-122.855468370279, 49.1893419939505], [-122.855469032857, 49.189307230549], [-122.855469045233, 49.1893067511137], [-122.855470916779, 49.1892371629259], [-122.855472806757, 49.1891668992114], [-122.855476972624, 49.1889909360792], [-122.855476974093, 49.1889909027983], [-122.855482020578, 49.1887594863806]]]}, "properties": {"PLAN_AREA": "City Centre", "PLAN_TYPE": "City Centre Plan", "PLAN_YEAR": 2025, "PLAN_STATUS": "Stage 2 Approved (See Surrey 2050 OCP)", "LAND_USE": "Low Rise"}}, {"type": "Feature", "geometry": {"type": "Polygon", "coordinates": [[[-122.856675190853, 49.1902594989042], [-122.856678942638, 49.1899465526659], [-122.856882471538, 49.1899474140374], [-122.85715379584, 49.1899485613162], [-122.857425119898, 49.1899497979106], [-122.857696444229, 49.1899509439146], [-122.857960907868, 49.1899520799443], [-122.858225232903, 49.1899532160979], [-122.858489695191, 49.1899543527142], [-122.858754018876, 49.189955489455], [-122.859100138076, 49.1899569062145], [-122.859347718862, 49.1899583108188], [-122.859347716291, 49.1899587335958], [-122.859345894808, 49.1902604381122], [-122.859345858937, 49.1902638931721], [-122.859345311113, 49.1903186776189], [-122.859343857824, 49.1906381483263], [-122.859096136568, 49.190636685074], [-122.858747953718, 49.1906353557335], [-122.858483762023, 49.1906343099946], [-122.8582194331, 49.1906332625834], [-122.857955241425, 49.1906322174346], [-122.857691048392, 49.1906311707802], [-122.857419035241, 49.1906301129681], [-122.857147019355, 49.1906290554115], [-122.856875003482, 49.1906279972143], [-122.856670782634, 49.1906272024368], [-122.856674534413, 49.1903142796065], [-122.856675190853, 49.1902594989042]]]}, "properties": {"PLAN_AREA": "City Centre", "PLAN_TYPE": "City Centre Plan", "PLAN_YEAR": 2025, "PLAN_STATUS": "Stage 2 Approved (See Surrey 2050 OCP)", "LAND_USE": "Low Rise"}}, {"type": "Feature", "geometry": {"type": "Polygon", "coordinates": [[[-122.855357044761, 49.1909996386793], [-122.855358236956, 49.1909202384652], [-122.855573184164, 49.1909212072946], [-122.855792680984, 49.1909221966969], [-122.855793401626, 49.1908673864007], [-122.855794525919, 49.1907818305967], [-122.855864083315, 49.1907874377548], [-122.855933960673, 49.1907909413766], [-122.856004009984, 49.190792334041], [-122.856188414522, 49.1907932177655], [-122.856256456744, 49.1908385030648], [-122.856256077439, 49.1908694698886], [-122.856255405342, 49.1909242811474], [-122.856248087016, 49.1915350012973], [-122.855784648073, 49.1915331570017], [-122.855347605474, 49.1915314167721], [-122.855357044761, 49.1909996386793]]]}, "properties": {"PLAN_AREA": "City Centre", "PLAN_TYPE": "City Centre Plan", "PLAN_YEAR": 2025, "PLAN_STATUS": "Stage 2 Approved (See Surrey 2050 OCP)", "LAND_USE": "Low Rise"}}, {"type": "Feature", "geometry": {"type": "Polygon", "coordinates": [[[-122.856666154183, 49.1910136303344], [-122.856668615887, 49.1908080884829], [-122.857102439584, 49.1908097180863], [-122.857186020649, 49.1908100022742], [-122.85743690084, 49.190810943698], [-122.857689566585, 49.190811886777], [-122.85804077276, 49.1908132203254], [-122.85838456666, 49.1908144546636], [-122.858635446897, 49.190815395283], [-122.858886325774, 49.1908163344562], [-122.859183316351, 49.190818139794], [-122.859343067696, 49.1908190630817], [-122.859343064804, 49.1908195991993], [-122.859341467786, 49.1911868492533], [-122.859341173814, 49.1912416456944], [-122.859341173475, 49.1912417653318], [-122.859339930369, 49.1915446848535], [-122.859092076338, 49.1915439194693], [-122.858883053125, 49.1915432738672], [-122.858395704714, 49.1915417661478], [-122.858381560215, 49.1915417227184], [-122.858334472731, 49.1915415768165], [-122.858035124307, 49.1915406497399], [-122.857684097562, 49.1915395619695], [-122.857505891443, 49.1915390094146], [-122.857327686704, 49.1915384556869], [-122.856659893834, 49.1915363811716], [-122.856663529632, 49.1912327765006], [-122.856666154183, 49.1910136303344]]]}, "properties": {"PLAN_AREA": "City Centre", "PLAN_TYPE": "City Centre Plan", "PLAN_YEAR": 2025, "PLAN_STATUS": "Stage 2 Approved (See Surrey 2050 OCP)", "LAND_USE": "Low Rise"}}, {"type": "Feature", "geometry": {"type": "Polygon", "coordinates": [[[-122.855652689191, 49.1918291028229], [-122.855693764326, 49.1918022878278], [-122.856178447415, 49.1918041724366], [-122.856247210364, 49.1918493974622], [-122.856248493717, 49.1921908848051], [-122.85565376587, 49.1921883277882], [-122.855652689191, 49.1918291028229]]]}, "properties": {"PLAN_AREA": "City Centre", "PLAN_TYPE": "City Centre Plan", "PLAN_YEAR": 2025, "PLAN_STATUS": "Stage 2 Approved (See Surrey 2050 OCP)", "LAND_USE": "Low Rise"}}, {"type": "Feature", "geometry": {"type": "Polygon", "coordinates": [[[-122.855654071818, 49.1923426203957], [-122.855653915176, 49.1922978684837], [-122.855822941651, 49.1922985653567], [-122.856250105795, 49.1923005073784], [-122.856252235704, 49.1926852029652], [-122.856209234533, 49.1926850235027], [-122.856099154771, 49.1926845652691], [-122.855931576335, 49.1926838679085], [-122.855655264556, 49.1926827169276], [-122.855655166794, 49.1926549932314], [-122.855654071818, 49.1923426203957]]]}, "properties": {"PLAN_AREA": "City Centre", "PLAN_TYPE": "City Centre Plan", "PLAN_YEAR": 2025, "PLAN_STATUS": "Stage 2 Approved (See Surrey 2050 OCP)", "LAND_USE": "Low Rise"}}, {"type": "Feature", "geometry": {"type": "Polygon", "coordinates": [[[-122.854292681903, 49.1927279246386], [-122.85429056539, 49.1923387007865], [-122.854290411222, 49.1923103482432], [-122.85435371538, 49.1920547559057], [-122.854370891007, 49.1919854119498], [-122.854374423842, 49.1918423062516], [-122.854442809491, 49.191797594861], [-122.854849175887, 49.1917992154087], [-122.85484919999, 49.1918036429358], [-122.854852067704, 49.1923443219588], [-122.85485384694, 49.1926795734592], [-122.854840141304, 49.1926795346455], [-122.854824134265, 49.1926817471642], [-122.854820519018, 49.1926822472573], [-122.854530515113, 49.1927223325061], [-122.85433306982, 49.1927496228201], [-122.854295173174, 49.1927292626869], [-122.854292681903, 49.1927279246386]]]}, "properties": {"PLAN_AREA": "City Centre", "PLAN_TYPE": "City Centre Plan", "PLAN_YEAR": 2025, "PLAN_STATUS": "Stage 2 Approved (See Surrey 2050 OCP)", "LAND_USE": "Low Rise"}}, {"type": "Feature", "geometry": {"type": "Polygon", "coordinates": [[[-122.854854624033, 49.1927878510936], [-122.854858299711, 49.1927873393815], [-122.854865160753, 49.1927873677931], [-122.855213789211, 49.1927888218339], [-122.855573187562, 49.1927903206737], [-122.855930528587, 49.1927918095321], [-122.856208188761, 49.1927929651311], [-122.856249383908, 49.1928201121116], [-122.856249816503, 49.1931151204267], [-122.856181286634, 49.1931598030129], [-122.855931623162, 49.1931588001149], [-122.855574855789, 49.19315736595], [-122.855215357176, 49.1931559200631], [-122.854856214065, 49.1931544735039], [-122.854565886422, 49.1931533032027], [-122.854336199664, 49.1931523768806], [-122.854294898214, 49.1931252362811], [-122.854293656485, 49.192892381891], [-122.854333782431, 49.192859842465], [-122.854564502828, 49.1928279524713], [-122.854854624033, 49.1927878510936]]]}, "properties": {"PLAN_AREA": "City Centre", "PLAN_TYPE": "City Centre Plan", "PLAN_YEAR": 2025, "PLAN_STATUS": "Stage 2 Approved (See Surrey 2050 OCP)", "LAND_USE": "Low Rise"}}, {"type": "Feature", "geometry": {"type": "Polygon", "coordinates": [[[-122.83850584313, 49.1926673085041], [-122.838533317465, 49.1924877544446], [-122.839052500863, 49.192528751164], [-122.839569685913, 49.1925695871541], [-122.839569623631, 49.1925744166551], [-122.839569386478, 49.1925925778776], [-122.839558330113, 49.1934386784842], [-122.839039761304, 49.1934319372813], [-122.838874989309, 49.1934297951257], [-122.838496401909, 49.1934248721362], [-122.838497944076, 49.1933010870058], [-122.838499994937, 49.1931365591836], [-122.838502044114, 49.1929721222071], [-122.838504093276, 49.1928076852258], [-122.83850584313, 49.1926673085041]]]}, "properties": {"PLAN_AREA": "City Centre", "PLAN_TYPE": "City Centre Plan", "PLAN_YEAR": 2025, "PLAN_STATUS": "Stage 2 Approved (See Surrey 2050 OCP)", "LAND_USE": "Low Rise"}}, {"type": "Feature", "geometry": {"type": "Polygon", "coordinates": [[[-122.837142033157, 49.19249595402], [-122.837183417687, 49.1924692521885], [-122.837711447306, 49.1924727722121], [-122.837795186649, 49.1924733279202], [-122.838188060497, 49.1924759461387], [-122.838228900691, 49.1925031971034], [-122.838226199022, 49.1927327736864], [-122.838222974988, 49.1930067846095], [-122.838219750912, 49.1932807964191], [-122.838218114145, 49.1934199094377], [-122.838176630535, 49.1934466177936], [-122.837717767912, 49.1934435929015], [-122.837634103778, 49.1934430417413], [-122.837175235754, 49.1934400092889], [-122.837134308878, 49.1934127650302], [-122.837135483478, 49.1932736288856], [-122.837137812421, 49.1929977574086], [-122.837140309067, 49.1927008937756], [-122.837142033157, 49.19249595402]]]}, "properties": {"PLAN_AREA": "City Centre", "PLAN_TYPE": "City Centre Plan", "PLAN_YEAR": 2025, "PLAN_STATUS": "Stage 2 Approved (See Surrey 2050 OCP)", "LAND_USE": "Low Rise"}}, {"type": "Feature", "geometry": {"type": "Polygon", "coordinates": [[[-122.834344167013, 49.1938004386394], [-122.8343485651, 49.192466445306], [-122.836869708097, 49.1924836679898], [-122.836857916615, 49.1938176986229], [-122.836855369603, 49.1940917796791], [-122.835634242896, 49.1940833522056], [-122.834411858052, 49.1940749028211], [-122.834343411825, 49.1940294700631], [-122.834344167013, 49.1938004386394]]]}, "properties": {"PLAN_AREA": "City Centre", "PLAN_TYPE": "City Centre Plan", "PLAN_YEAR": 2025, "PLAN_STATUS": "Stage 2 Approved (See Surrey 2050 OCP)", "LAND_USE": "Low Rise"}}, {"type": "Feature", "geometry": {"type": "Polygon", "coordinates": [[[-122.837133145183, 49.1937513408995], [-122.837133172977, 49.1935476365453], [-122.837633032828, 49.1935509345906], [-122.837632730528, 49.1937548472497], [-122.837630541423, 49.1939603053432], [-122.837629033243, 49.1941019722893], [-122.837501822616, 49.1941010962428], [-122.837129908091, 49.1940985358376], [-122.837131229884, 49.1939568002701], [-122.837133145183, 49.1937513408995]]]}, "properties": {"PLAN_AREA": "City Centre", "PLAN_TYPE": "City Centre Plan", "PLAN_YEAR": 2025, "PLAN_STATUS": "Stage 2 Approved (See Surrey 2050 OCP)", "LAND_USE": "Low Rise"}}, {"type": "Feature", "geometry": {"type": "Polygon", "coordinates": [[[-122.837716451399, 49.1937554173805], [-122.837716661456, 49.1935514866012], [-122.838216521392, 49.1935547821213], [-122.838216036832, 49.1937589212076], [-122.838213438092, 49.1939644686906], [-122.838211744027, 49.194105986061], [-122.837792246061, 49.1941030948622], [-122.837712661351, 49.1941025476895], [-122.837714263719, 49.1939609654307], [-122.837716451399, 49.1937554173805]]]}, "properties": {"PLAN_AREA": "City Centre", "PLAN_TYPE": "City Centre Plan", "PLAN_YEAR": 2025, "PLAN_STATUS": "Stage 2 Approved (See Surrey 2050 OCP)", "LAND_USE": "Low Rise"}}, {"type": "Feature", "geometry": {"type": "Polygon", "coordinates": [[[-122.838493845647, 49.1936299609351], [-122.838495056781, 49.1935328194812], [-122.839038203251, 49.1935398825363], [-122.839556718291, 49.1935466227715], [-122.839545630352, 49.1942542420761], [-122.839536066701, 49.194254177516], [-122.839483258899, 49.1942535428282], [-122.839440600376, 49.194252262869], [-122.839407549376, 49.1942506391391], [-122.839382523564, 49.1942490328573], [-122.839354755846, 49.1942468704436], [-122.839329365907, 49.1942445422192], [-122.839302245549, 49.1942416817574], [-122.839280792741, 49.1942391431126], [-122.83925821301, 49.1942362026038], [-122.839232716197, 49.1942325500986], [-122.839206128589, 49.1942283599483], [-122.839169306422, 49.1942219103091], [-122.83913773301, 49.1942158358772], [-122.839104656559, 49.1942093743433], [-122.839058010191, 49.1942002618613], [-122.839003631742, 49.194189639063], [-122.838941571977, 49.1941775150036], [-122.838878849725, 49.1941652622532], [-122.838840563752, 49.1941577823022], [-122.838790936239, 49.1941482751556], [-122.838746987608, 49.19414067123], [-122.838704011794, 49.1941340113555], [-122.838660181567, 49.1941279907381], [-122.83860938432, 49.1941219810581], [-122.838567601432, 49.1941178037085], [-122.838528987487, 49.1941145464976], [-122.838487839791, 49.1941117274006], [-122.838489745783, 49.193958835743], [-122.838491796411, 49.1937943978927], [-122.838493845647, 49.1936299609351]]]}, "properties": {"PLAN_AREA": "City Centre", "PLAN_TYPE": "City Centre Plan", "PLAN_YEAR": 2025, "PLAN_STATUS": "Stage 2 Approved (See Surrey 2050 OCP)", "LAND_USE": "Low Rise"}}, {"type": "Feature", "geometry": {"type": "Polygon", "coordinates": [[[-122.846305323906, 49.1918417837291], [-122.846346883087, 49.1918149727006], [-122.846842306715, 49.1918169323662], [-122.847523054505, 49.1918196204682], [-122.847616993117, 49.1918617166162], [-122.847761401813, 49.1920997487374], [-122.847816236242, 49.1921934080381], [-122.847865186225, 49.1922884575209], [-122.847908169979, 49.192384738447], [-122.847947381778, 49.192481075873], [-122.847980158487, 49.1925784406093], [-122.848006437941, 49.1926766481049], [-122.848027090029, 49.192775332149], [-122.848041926139, 49.1928744643755], [-122.848050924209, 49.1929738976045], [-122.848050733743, 49.1929854464444], [-122.847981398523, 49.1930299153171], [-122.847570658896, 49.1930270063923], [-122.847305948038, 49.1930251302225], [-122.846328902999, 49.1930182005948], [-122.846288149939, 49.1929909346238], [-122.846295036087, 49.1925301261531], [-122.846297312943, 49.1923777682489], [-122.846305323906, 49.1918417837291]]]}, "properties": {"PLAN_AREA": "City Centre", "PLAN_TYPE": "City Centre Plan", "PLAN_YEAR": 2025, "PLAN_STATUS": "Stage 2 Approved (See Surrey 2050 OCP)", "LAND_USE": "High Rise"}}, {"type": "Feature", "geometry": {"type": "Polygon", "coordinates": [[[-122.849697174791, 49.1923378976569], [-122.84946887275, 49.1923369265751], [-122.849468762952, 49.192336926432], [-122.849147767773, 49.1923353364251], [-122.848826729799, 49.1923338345237], [-122.848505807133, 49.1923323327808], [-122.848227433216, 49.1923311928077], [-122.848225350537, 49.1923264594319], [-122.848212771835, 49.1922967563563], [-122.848199670875, 49.1922671504162], [-122.848186049402, 49.1922376455559], [-122.848191789404, 49.1917719770382], [-122.849475701267, 49.1917776793011], [-122.850118760088, 49.1917805296599], [-122.850391279906, 49.1917817366513], [-122.85047051855, 49.1918714837086], [-122.850536845203, 49.1919656214737], [-122.850589699062, 49.1920633540979], [-122.85062863321, 49.1921638553369], [-122.850653318407, 49.1922662755347], [-122.85066354587, 49.1923697488071], [-122.85066382945, 49.1923959129616], [-122.850661580416, 49.1927235825664], [-122.850659371223, 49.193045300901], [-122.850652482959, 49.1930497446769], [-122.849837944713, 49.1930436556446], [-122.849797187004, 49.1930163747149], [-122.849802182833, 49.1926777614099], [-122.849806788593, 49.1923655119613], [-122.849807189193, 49.1923383655056], [-122.849697174791, 49.1923378976569]]]}, "properties": {"PLAN_AREA": "City Centre", "PLAN_TYPE": "City Centre Plan", "PLAN_YEAR": 2025, "PLAN_STATUS": "Stage 2 Approved (See Surrey 2050 OCP)", "LAND_USE": "High Rise"}}, {"type": "Feature", "geometry": {"type": "Polygon", "coordinates": [[[-122.848388299031, 49.1932951905061], [-122.848457557371, 49.1932507302856], [-122.849311200108, 49.1932569034662], [-122.84931263435, 49.1932569143327], [-122.849380567486, 49.1933023654378], [-122.849380361499, 49.1933164158569], [-122.849366047858, 49.1942913196371], [-122.849296794281, 49.1943358082862], [-122.848441578239, 49.1943299702663], [-122.848373648595, 49.1942845456079], [-122.848388299031, 49.1932951905061]]]}, "properties": {"PLAN_AREA": "City Centre", "PLAN_TYPE": "City Centre Plan", "PLAN_YEAR": 2025, "PLAN_STATUS": "Stage 2 Approved (See Surrey 2050 OCP)", "LAND_USE": "High Rise"}}, {"type": "Feature", "geometry": {"type": "Polygon", "coordinates": [[[-122.855234437909, 49.2046412299062], [-122.855405947053, 49.204527142354], [-122.855458716398, 49.2044920403743], [-122.855692537041, 49.2043415508107], [-122.855955020245, 49.2041727649949], [-122.856120413169, 49.2041735909169], [-122.856200288567, 49.2043441774315], [-122.856252989564, 49.2044962582194], [-122.856266961729, 49.204586399525], [-122.856261144218, 49.2046046896264], [-122.856226131447, 49.2046345914046], [-122.85604751701, 49.2046336439122], [-122.855997724092, 49.2046349194053], [-122.855948336042, 49.2046392630474], [-122.855899792211, 49.2046466361984], [-122.855852524436, 49.2046569732677], [-122.855806953205, 49.2046701822985], [-122.855763686416, 49.204686063019], [-122.855722882756, 49.2047045320052], [-122.855684901756, 49.2047254265241], [-122.855664118749, 49.2047387067689], [-122.855644480318, 49.2047527149243], [-122.855626045752, 49.2047674086994], [-122.855616334963, 49.2047758612435], [-122.855607022906, 49.2047845042769], [-122.855598118277, 49.2047933297269], [-122.855585728395, 49.2048066811005], [-122.855574270663, 49.2048203852289], [-122.855563768427, 49.2048344141901], [-122.855548361102, 49.2048393203502], [-122.855533681994, 49.2048451062731], [-122.855519847807, 49.2048517259583], [-122.855506968529, 49.2048591267767], [-122.855495146555, 49.2048672498888], [-122.855484475877, 49.2048760307125], [-122.855134447788, 49.2047573840912], [-122.85519466535, 49.2046676856031], [-122.855234437909, 49.2046412299062]]]}, "properties": {"PLAN_AREA": "City Centre", "PLAN_TYPE": "City Centre Plan", "PLAN_YEAR": 2025, "PLAN_STATUS": "Stage 2 Approved (See Surrey 2050 OCP)", "LAND_USE": "Low Rise"}}, {"type": "Feature", "geometry": {"type": "Polygon", "coordinates": [[[-122.856551006776, 49.2049236563269], [-122.856552681893, 49.2048034973887], [-122.856914421685, 49.2048039937554], [-122.856998013092, 49.2048041089725], [-122.856996218412, 49.2049242101989], [-122.856994177236, 49.2050607563248], [-122.856549102506, 49.2050603843204], [-122.856551006776, 49.2049236563269]]]}, "properties": {"PLAN_AREA": "City Centre", "PLAN_TYPE": "City Centre Plan", "PLAN_YEAR": 2025, "PLAN_STATUS": "Stage 2 Approved (See Surrey 2050 OCP)", "LAND_USE": "Low Rise"}}, {"type": "Feature", "geometry": {"type": "Polygon", "coordinates": [[[-122.84038954556, 49.2043388227192], [-122.840575902444, 49.2042382256642], [-122.840704067748, 49.2043406296048], [-122.840763231074, 49.2043409621538], [-122.841039169644, 49.2043425143323], [-122.841315246884, 49.2043440669416], [-122.841591185489, 49.2043456187008], [-122.841867264143, 49.2043471690931], [-122.842143206907, 49.2043487186397], [-122.842419286969, 49.204350268614], [-122.84269522977, 49.2043518168418], [-122.842834031718, 49.2043525958866], [-122.842828626116, 49.2047608762692], [-122.842823227521, 49.2051664823293], [-122.842408475965, 49.2051641550113], [-122.842132390801, 49.205162784912], [-122.841856441561, 49.2051614152385], [-122.841580494003, 49.2051599531559], [-122.841304548122, 49.2051584013629], [-122.841028600889, 49.2051568480093], [-122.84075279067, 49.2051553841383], [-122.840477255325, 49.2051538300353], [-122.840479069154, 49.2050167441564], [-122.840140153597, 49.2047464120527], [-122.83993612056, 49.2045835816878], [-122.84038954556, 49.2043388227192]]]}, "properties": {"PLAN_AREA": "City Centre", "PLAN_TYPE": "City Centre Plan", "PLAN_YEAR": 2025, "PLAN_STATUS": "Stage 2 Approved (See Surrey 2050 OCP)", "LAND_USE": "Low Rise"}}, {"type": "Feature", "geometry": {"type": "Polygon", "coordinates": [[[-122.84310354061, 49.2047353984377], [-122.84310858528, 49.2043541349398], [-122.843247249963, 49.204354912402], [-122.843523330099, 49.2043564597374], [-122.843799271887, 49.2043579153732], [-122.84407535206, 49.2043594613892], [-122.844351293601, 49.204361005659], [-122.844627371072, 49.2043625485528], [-122.845107830386, 49.2043652447895], [-122.845114151835, 49.2047451302387], [-122.845114601569, 49.2047721194434], [-122.845115049931, 49.2047991086462], [-122.845121371201, 49.2051790840191], [-122.844617288488, 49.2051763488681], [-122.844240712152, 49.2051742189061], [-122.84378862521, 49.2051717139592], [-122.843512540241, 49.2051702572061], [-122.843236454201, 49.2051687098387], [-122.843097787098, 49.2051679782372], [-122.843102823468, 49.2047893683708], [-122.843103182038, 49.2047623838541], [-122.84310354061, 49.2047353984377]]]}, "properties": {"PLAN_AREA": "City Centre", "PLAN_TYPE": "City Centre Plan", "PLAN_YEAR": 2025, "PLAN_STATUS": "Stage 2 Approved (See Surrey 2050 OCP)", "LAND_USE": "Low Rise"}}, {"type": "Feature", "geometry": {"type": "Polygon", "coordinates": [[[-122.845492230642, 49.2051892902376], [-122.845478457906, 49.2043620144627], [-122.846017241811, 49.2043650565876], [-122.846020232825, 49.2045490972459], [-122.846023348075, 49.2047408830181], [-122.846026464721, 49.2049326687856], [-122.846029582483, 49.2051245445011], [-122.846031063523, 49.2052157102459], [-122.845492230642, 49.2051892902376]]]}, "properties": {"PLAN_AREA": "City Centre", "PLAN_TYPE": "City Centre Plan", "PLAN_YEAR": 2025, "PLAN_STATUS": "Stage 2 Approved (See Surrey 2050 OCP)", "LAND_USE": "Low Rise"}}, {"type": "Feature", "geometry": {"type": "Polygon", "coordinates": [[[-122.846103492393, 49.2045277103408], [-122.846100788188, 49.2043586463438], [-122.846683410289, 49.2043617077831], [-122.846686019975, 49.2043617220415], [-122.846688729063, 49.2045307401545], [-122.846691632661, 49.2047034555893], [-122.846694397904, 49.2048760799827], [-122.846697303194, 49.2050487045566], [-122.846700068192, 49.2052214197918], [-122.846114686365, 49.2052182998923], [-122.846111921752, 49.2050456754955], [-122.846109157438, 49.2048729602413], [-122.846106256953, 49.2047003347534], [-122.846103492393, 49.2045277103408]]]}, "properties": {"PLAN_AREA": "City Centre", "PLAN_TYPE": "City Centre Plan", "PLAN_YEAR": 2025, "PLAN_STATUS": "Stage 2 Approved (See Surrey 2050 OCP)", "LAND_USE": "Low Rise"}}, {"type": "Feature", "geometry": {"type": "Polygon", "coordinates": [[[-122.846964795658, 49.2045352458959], [-122.846962026745, 49.2043626214942], [-122.847070203131, 49.2043632109414], [-122.847342454825, 49.2043646955045], [-122.847484930185, 49.2043651445871], [-122.847516333136, 49.2043652436187], [-122.847539158513, 49.2043640071882], [-122.847561917193, 49.2043623237099], [-122.847584588786, 49.2043601946921], [-122.847642785607, 49.2043526197228], [-122.84769991171, 49.2043421128604], [-122.847755623614, 49.20432873728], [-122.84780958634, 49.2043125734049], [-122.847844452957, 49.2043028036681], [-122.847898764583, 49.2042869037183], [-122.847952589242, 49.2042703080476], [-122.84800590618, 49.2042530230554], [-122.848007844859, 49.2043680503264], [-122.848010751949, 49.2045406748834], [-122.848013521773, 49.2047133001542], [-122.84801643055, 49.2048858347499], [-122.848019337696, 49.2050584592913], [-122.848022107575, 49.2052310845463], [-122.847499192953, 49.2052283272976], [-122.846976141119, 49.2052255648012], [-122.846973373228, 49.2050530303749], [-122.846970468351, 49.2048804058088], [-122.846967699126, 49.2047078704707], [-122.846964795658, 49.2045352458959]]]}, "properties": {"PLAN_AREA": "City Centre", "PLAN_TYPE": "City Centre Plan", "PLAN_YEAR": 2025, "PLAN_STATUS": "Stage 2 Approved (See Surrey 2050 OCP)", "LAND_USE": "Low Rise"}}, {"type": "Feature", "geometry": {"type": "Polygon", "coordinates": [[[-122.846982062714, 49.2055790906304], [-122.846979157779, 49.2054064660803], [-122.847517176888, 49.2054092474229], [-122.847800530897, 49.2054107896374], [-122.848064116529, 49.2054121261481], [-122.848286379832, 49.2054133286291], [-122.848281899966, 49.2057584705883], [-122.848277962791, 49.2060715998708], [-122.848222911631, 49.2060713341453], [-122.846990004598, 49.2060654104155], [-122.84698773975, 49.2059242495858], [-122.846984833405, 49.2057516250444], [-122.846982062714, 49.2055790906304]]]}, "properties": {"PLAN_AREA": "City Centre", "PLAN_TYPE": "City Centre Plan", "PLAN_YEAR": 2025, "PLAN_STATUS": "Stage 2 Approved (See Surrey 2050 OCP)", "LAND_USE": "Low Rise"}}, {"type": "Feature", "geometry": {"type": "Polygon", "coordinates": [[[-122.848368748014, 49.2054137804109], [-122.848368749885, 49.2054136175984], [-122.848590657486, 49.2054139689712], [-122.849900113493, 49.2054208575633], [-122.850194709572, 49.205422508361], [-122.850483745021, 49.2054248168615], [-122.850772314927, 49.2054262703833], [-122.851061021868, 49.2054278124143], [-122.851349591812, 49.205429264494], [-122.851604461339, 49.2054306248851], [-122.851599896638, 49.2057485245921], [-122.85159910781, 49.2058033841083], [-122.851594999076, 49.2060895489673], [-122.851340152174, 49.206088212873], [-122.85105157858, 49.2060866995985], [-122.850763003632, 49.2060851856012], [-122.850474555007, 49.2060836710465], [-122.85018598147, 49.2060821556095], [-122.849891285062, 49.206080607207], [-122.848588851588, 49.2060737547132], [-122.848581987361, 49.2060737187289], [-122.848386056283, 49.2060726863148], [-122.848361426069, 49.2060725568325], [-122.84836033223, 49.206071997688], [-122.848364268721, 49.2057589223738], [-122.848368748014, 49.2054137804109]]]}, "properties": {"PLAN_AREA": "City Centre", "PLAN_TYPE": "City Centre Plan", "PLAN_YEAR": 2025, "PLAN_STATUS": "Stage 2 Approved (See Surrey 2050 OCP)", "LAND_USE": "Low Rise"}}, {"type": "Feature", "geometry": {"type": "Polygon", "coordinates": [[[-122.853794980485, 49.2061116019035], [-122.853369141983, 49.2061095733686], [-122.853369805324, 49.2061132047132], [-122.853370532181, 49.2061171770601], [-122.853089834461, 49.206115678876], [-122.85299889161, 49.2061151934624], [-122.852988663902, 49.2061151390668], [-122.851876582812, 49.206109194538], [-122.851877237175, 49.2060588046143], [-122.851882105474, 49.2056837221869], [-122.851888355021, 49.2052446687331], [-122.851890342135, 49.2051120877562], [-122.851890410739, 49.2051075038393], [-122.85189062159, 49.2050934444557], [-122.852974286627, 49.2043868439279], [-122.852987801216, 49.2043959220969], [-122.852987910822, 49.2043959959979], [-122.85300925002, 49.2044103292833], [-122.853274529809, 49.2045885144721], [-122.853554807393, 49.2047767721094], [-122.853647839683, 49.2048392283583], [-122.853771040639, 49.2047595574042], [-122.853859950894, 49.2048191027817], [-122.853957975478, 49.2048847521314], [-122.85403438781, 49.2049359276348], [-122.854129909613, 49.2049999005485], [-122.854215122718, 49.2050569690721], [-122.85441793845, 49.2051927975448], [-122.85437043674, 49.2052236428144], [-122.854467470996, 49.2052240097893], [-122.854948479244, 49.2055428460582], [-122.855825438117, 49.2061241228072], [-122.853949269296, 49.2061124015839], [-122.853794980485, 49.2061116019035]]]}, "properties": {"PLAN_AREA": "City Centre", "PLAN_TYPE": "City Centre Plan", "PLAN_YEAR": 2025, "PLAN_STATUS": "Stage 2 Approved (See Surrey 2050 OCP)", "LAND_USE": "Low Rise"}}, {"type": "Feature", "geometry": {"type": "Polygon", "coordinates": [[[-122.842686777058, 49.1746125347633], [-122.841433366811, 49.1746165344108], [-122.841433776426, 49.174599115481], [-122.841433646084, 49.1745991162016], [-122.841433366811, 49.1746165344108], [-122.841015695407, 49.1746177592398], [-122.840652902236, 49.1746190654893], [-122.840130445136, 49.1746209448698], [-122.840130512919, 49.1746033050853], [-122.840131692543, 49.1742975026417], [-122.840132187576, 49.1741689184101], [-122.840134108818, 49.1735778492383], [-122.840134109243, 49.1735777170073], [-122.840135401483, 49.1732599301594], [-122.840136007657, 49.1731113089145], [-122.840136148428, 49.1730765402792], [-122.840561333452, 49.17307488194], [-122.840986378514, 49.1730732218427], [-122.841409230889, 49.1730716471234], [-122.841748936532, 49.1730703176606], [-122.842035269764, 49.1730691840658], [-122.842321602698, 49.1730681397142], [-122.842592568432, 49.1730670728083], [-122.842786019019, 49.1730663504342], [-122.843972370509, 49.1730617669833], [-122.843968778505, 49.1723764971748], [-122.844379133173, 49.172374986449], [-122.844813185284, 49.1723734647335], [-122.845550950068, 49.1723708754369], [-122.845553397604, 49.1727496963438], [-122.845555374312, 49.1730553996884], [-122.845555607018, 49.1730904081049], [-122.84555583735, 49.1731248570072], [-122.845556028172, 49.1731940566941], [-122.845556055318, 49.1732285494013], [-122.845556082516, 49.173262584245], [-122.845553975343, 49.1735236057962], [-122.845551848153, 49.1737870839387], [-122.845547438589, 49.1739617236476], [-122.845547275885, 49.1739681578032], [-122.845546878254, 49.1739839549036], [-122.845538634635, 49.1743105047268], [-122.845526955674, 49.1745858268253], [-122.845526215404, 49.1746032678152], [-122.845027083641, 49.1746048191431], [-122.843940665196, 49.1746083287579], [-122.843104610918, 49.1746111044145], [-122.842686777058, 49.1746125347633]]]}, "properties": {"PLAN_AREA": "City Centre", "PLAN_TYPE": "City Centre Plan", "PLAN_YEAR": 2025, "PLAN_STATUS": "Stage 2 Approved (See Surrey 2050 OCP)", "LAND_USE": "Mid Rise"}}, {"type": "Feature", "geometry": {"type": "Polygon", "coordinates": [[[-122.834313901656, 49.1739918153675], [-122.834348186932, 49.1739833315629], [-122.834348705246, 49.1745549372858], [-122.834349597879, 49.1755406506181], [-122.834307191789, 49.1755405340125], [-122.832777966064, 49.1755374941587], [-122.832783287255, 49.1743699982903], [-122.834313901656, 49.1739918153675]]]}, "properties": {"PLAN_AREA": "City Centre", "PLAN_TYPE": "City Centre Plan", "PLAN_YEAR": 2025, "PLAN_STATUS": "Stage 2 Approved (See Surrey 2050 OCP)", "LAND_USE": "Mid Rise"}}, {"type": "Feature", "geometry": {"type": "Polygon", "coordinates": [[[-122.847187344681, 49.1752782731422], [-122.8471820908, 49.1757561871576], [-122.846516952113, 49.1757530211675], [-122.846518306562, 49.1755962925491], [-122.84617500436, 49.1753752896724], [-122.846187370513, 49.1753663836587], [-122.846227374026, 49.1753622242999], [-122.846267009957, 49.1753567577127], [-122.846306178991, 49.1753499975945], [-122.846352763972, 49.1753401229618], [-122.846398352776, 49.1753284192281], [-122.846442778499, 49.1753149292417], [-122.846491213538, 49.1753008672059], [-122.846541451923, 49.1752898557724], [-122.846593047812, 49.1752819926625], [-122.846645543316, 49.1752773476576], [-122.846698472561, 49.17527596198], [-122.847187344681, 49.1752782731422]]]}, "properties": {"PLAN_AREA": "City Centre", "PLAN_TYPE": "City Centre Plan", "PLAN_YEAR": 2025, "PLAN_STATUS": "Stage 2 Approved (See Surrey 2050 OCP)", "LAND_USE": "Mid Rise"}}, {"type": "Feature", "geometry": {"type": "Polygon", "coordinates": [[[-122.834761535418, 49.175903764043], [-122.834760927205, 49.175238624703], [-122.834869272443, 49.1752390351433], [-122.835036866009, 49.1752396695575], [-122.835248415627, 49.1752404698913], [-122.835295885428, 49.1752406284552], [-122.835546408159, 49.1752415305956], [-122.83575261671, 49.1752422792222], [-122.835839049871, 49.1752425838245], [-122.835863357532, 49.175242680443], [-122.836041782943, 49.1752433854642], [-122.835747133148, 49.1756829444986], [-122.835746933062, 49.1757181205187], [-122.835746277563, 49.1758337088951], [-122.835746343353, 49.1759083667689], [-122.835286720975, 49.1759061766329], [-122.835270137412, 49.1759061169977], [-122.835245552254, 49.1759060270549], [-122.834993548039, 49.1759048495874], [-122.834761535418, 49.175903764043]]]}, "properties": {"PLAN_AREA": "City Centre", "PLAN_TYPE": "City Centre Plan", "PLAN_YEAR": 2025, "PLAN_STATUS": "Stage 2 Approved (See Surrey 2050 OCP)", "LAND_USE": "Mid Rise"}}, {"type": "Feature", "geometry": {"type": "Polygon", "coordinates": [[[-122.849892946507, 49.18043070452], [-122.849888324754, 49.1800547068324], [-122.850025549255, 49.1800551082003], [-122.850025575604, 49.1800541079528], [-122.850205569403, 49.1800533223834], [-122.850522813762, 49.1800520279155], [-122.850840057003, 49.1800506435209], [-122.851124321371, 49.1800494820084], [-122.851128194668, 49.180385352272], [-122.851128659601, 49.1804256852716], [-122.850527438638, 49.1804281290268], [-122.850030158476, 49.1804301478622], [-122.849892946507, 49.18043070452]]]}, "properties": {"PLAN_AREA": "City Centre", "PLAN_TYPE": "City Centre Plan", "PLAN_YEAR": 2025, "PLAN_STATUS": "Stage 2 Approved (See Surrey 2050 OCP)", "LAND_USE": "Low Rise"}}, {"type": "Feature", "geometry": {"type": "Polygon", "coordinates": [[[-122.851485295278, 49.1792459378978], [-122.851482709776, 49.1790131270592], [-122.851936779971, 49.1790152626993], [-122.8519393701, 49.1792481562902], [-122.85194131682, 49.1794216789018], [-122.851943498771, 49.1796078852391], [-122.851945786585, 49.1798050669199], [-122.851948486338, 49.180046775152], [-122.851950653609, 49.1802383795529], [-122.851952819526, 49.1804299830462], [-122.85195341238, 49.1804823969457], [-122.851954987095, 49.1806214974813], [-122.851500657287, 49.1806182110804], [-122.851498005377, 49.1803901254638], [-122.851496278863, 49.1802347746409], [-122.851494149507, 49.1800430083633], [-122.851491466331, 49.1798015439148], [-122.851489276366, 49.1796043641492], [-122.851488141571, 49.1795021144585], [-122.851487207505, 49.1794180760905], [-122.851485295278, 49.1792459378978]]]}, "properties": {"PLAN_AREA": "City Centre", "PLAN_TYPE": "City Centre Plan", "PLAN_YEAR": 2025, "PLAN_STATUS": "Stage 2 Approved (See Surrey 2050 OCP)", "LAND_USE": "Low Rise"}}, {"type": "Feature", "geometry": {"type": "Polygon", "coordinates": [[[-122.851506106602, 49.1810326549009], [-122.851503201375, 49.180778693885], [-122.851759525727, 49.180780282534], [-122.852064139786, 49.1807822059397], [-122.852349955518, 49.1807840136571], [-122.852374367309, 49.180784161804], [-122.852613132496, 49.1807856127704], [-122.8528625865, 49.1807871929016], [-122.85311094416, 49.1807887719991], [-122.853570336138, 49.1807916096157], [-122.853829065869, 49.1807932524923], [-122.853824408804, 49.1811100381055], [-122.853313456175, 49.181103792456], [-122.853123981472, 49.1811020988942], [-122.852799839487, 49.1810992016896], [-122.852579782457, 49.1810880330415], [-122.852158100828, 49.181047369395], [-122.851919784693, 49.1810352648856], [-122.851506106602, 49.1810326549009]]]}, "properties": {"PLAN_AREA": "City Centre", "PLAN_TYPE": "City Centre Plan", "PLAN_YEAR": 2025, "PLAN_STATUS": "Stage 2 Approved (See Surrey 2050 OCP)", "LAND_USE": "Low Rise"}}, {"type": "Feature", "geometry": {"type": "Polygon", "coordinates": [[[-122.83573057154, 49.1920241025109], [-122.835733297802, 49.1916670451853], [-122.836877660517, 49.1916821502127], [-122.836876468223, 49.1918118529745], [-122.836874907197, 49.1919927547837], [-122.836874503311, 49.1920358633919], [-122.836873210576, 49.192173567342], [-122.836872115717, 49.1922677854879], [-122.836870861817, 49.1923757257696], [-122.835896575001, 49.1923690769896], [-122.83572794395, 49.1923679260385], [-122.83572876939, 49.1922599815606], [-122.83573057154, 49.1920241025109]]]}, "properties": {"PLAN_AREA": "City Centre", "PLAN_TYPE": "City Centre Plan", "PLAN_YEAR": 2025, "PLAN_STATUS": "Stage 2 Approved (See Surrey 2050 OCP)", "LAND_USE": "Mid Rise"}}, {"type": "Feature", "geometry": {"type": "Polygon", "coordinates": [[[-122.838577935203, 49.1920572548762], [-122.838585122045, 49.191704429729], [-122.839046374451, 49.1917096070926], [-122.839580821832, 49.1917174281799], [-122.839576194893, 49.1920715234828], [-122.839572235052, 49.1923746432079], [-122.83957217648, 49.1923791740696], [-122.839572052775, 49.1923885677112], [-122.839055068569, 49.1923477473016], [-122.838643175584, 49.1923152230063], [-122.838572796088, 49.1923096653985], [-122.838572820583, 49.1923084645574], [-122.838573063981, 49.1922965101161], [-122.838573433214, 49.1922783616727], [-122.838577935203, 49.1920572548762]]]}, "properties": {"PLAN_AREA": "City Centre", "PLAN_TYPE": "City Centre Plan", "PLAN_YEAR": 2025, "PLAN_STATUS": "Stage 2 Approved (See Surrey 2050 OCP)", "LAND_USE": "Mid Rise"}}, {"type": "Feature", "geometry": {"type": "Polygon", "coordinates": [[[-122.839905542442, 49.1920760661544], [-122.839910166974, 49.1917219888268], [-122.840396342659, 49.1917283548399], [-122.840790657397, 49.1917335154731], [-122.840790539131, 49.1917429972786], [-122.840786017749, 49.1920874183029], [-122.840786010521, 49.1920879598113], [-122.840785074888, 49.1921592563356], [-122.840949747832, 49.1921614639962], [-122.841158940833, 49.1921642687803], [-122.841154950331, 49.1924568342997], [-122.841153601679, 49.1925556964135], [-122.841153589119, 49.1925566184166], [-122.841153553179, 49.1925592701876], [-122.84115353906, 49.1925602506581], [-122.840780361029, 49.1925182935657], [-122.839901058102, 49.1924194275289], [-122.839901187354, 49.1924095715352], [-122.839905542442, 49.1920760661544]]]}, "properties": {"PLAN_AREA": "City Centre", "PLAN_TYPE": "City Centre Plan", "PLAN_YEAR": 2025, "PLAN_STATUS": "Stage 2 Approved (See Surrey 2050 OCP)", "LAND_USE": "Mid Rise"}}, {"type": "Feature", "geometry": {"type": "Polygon", "coordinates": [[[-122.85484919999, 49.1918036429358], [-122.854849176034, 49.1917991650351], [-122.855447202095, 49.1918014649628], [-122.855487572574, 49.1918285931974], [-122.855489374011, 49.1923428687027], [-122.85549046795, 49.192655241539], [-122.855463986061, 49.1926725288888], [-122.855449405752, 49.1926820465794], [-122.854853846913, 49.1926795824545], [-122.854852067704, 49.1923443219588], [-122.85484919999, 49.1918036429358]]]}, "properties": {"PLAN_AREA": "City Centre", "PLAN_TYPE": "City Centre Plan", "PLAN_YEAR": 2025, "PLAN_STATUS": "Stage 2 Approved (See Surrey 2050 OCP)", "LAND_USE": "Mid Rise"}}, {"type": "Feature", "geometry": {"type": "Polygon", "coordinates": [[[-122.842385365115, 49.1926549840706], [-122.84220584404, 49.192200159522], [-122.842849868566, 49.1922086818412], [-122.84331517998, 49.1922148641486], [-122.843861481159, 49.1922221165993], [-122.844405921494, 49.1922293414707], [-122.84440591784, 49.1922296311151], [-122.844399781257, 49.1926515447495], [-122.844399525909, 49.1926690690878], [-122.844148228264, 49.192665714125], [-122.843974148332, 49.192663334603], [-122.843855899153, 49.1926617184544], [-122.843350428966, 49.1926549126632], [-122.843097763236, 49.192651509482], [-122.842931204251, 49.1926492654391], [-122.842845097545, 49.1926481048486], [-122.84255441535, 49.1926441989775], [-122.84239205298, 49.1926719295858], [-122.842385365115, 49.1926549840706]]]}, "properties": {"PLAN_AREA": "City Centre", "PLAN_TYPE": "City Centre Plan", "PLAN_YEAR": 2025, "PLAN_STATUS": "Stage 2 Approved (See Surrey 2050 OCP)", "LAND_USE": "Mid Rise"}}, {"type": "Feature", "geometry": {"type": "Polygon", "coordinates": [[[-122.843489128307, 49.1921083570273], [-122.84349714394, 49.1917688844685], [-122.845087748632, 49.1917892363123], [-122.845078645428, 49.192660676371], [-122.84507846318, 49.1926781630285], [-122.844565445562, 49.1926712750711], [-122.844565704887, 49.1926537768241], [-122.844565708545, 49.1926534853807], [-122.84456788943, 49.192506296094], [-122.84457060612, 49.1923414083319], [-122.844572909165, 49.1921766828237], [-122.844573666437, 49.1921224672455], [-122.844101421326, 49.1921164875413], [-122.843489128307, 49.1921083570273]]]}, "properties": {"PLAN_AREA": "City Centre", "PLAN_TYPE": "City Centre Plan", "PLAN_YEAR": 2025, "PLAN_STATUS": "Stage 2 Approved (See Surrey 2050 OCP)", "LAND_USE": "Mid Rise"}}, {"type": "Feature", "geometry": {"type": "Polygon", "coordinates": [[[-122.845603338839, 49.1930133136671], [-122.845605891505, 49.1927734631807], [-122.845626478724, 49.1927735491693], [-122.845630485953, 49.1923895110307], [-122.846132036154, 49.1923924966016], [-122.846123213328, 49.1930170164082], [-122.845603338839, 49.1930133136671]]]}, "properties": {"PLAN_AREA": "City Centre", "PLAN_TYPE": "City Centre Plan", "PLAN_YEAR": 2025, "PLAN_STATUS": "Stage 2 Approved (See Surrey 2050 OCP)", "LAND_USE": "Mid Rise"}}, {"type": "Feature", "geometry": {"type": "Polygon", "coordinates": [[[-122.848302170998, 49.1924944526107], [-122.848277763694, 49.1924393467033], [-122.848363661264, 49.1924397005865], [-122.848504669126, 49.1924402733309], [-122.848504703438, 49.1924402733759], [-122.848505010872, 49.1924402746787], [-122.848825765421, 49.1924417762035], [-122.849146558422, 49.1924432768878], [-122.849467606453, 49.1924448669667], [-122.84964090167, 49.1924456045369], [-122.849637491911, 49.1926767177494], [-122.849632101319, 49.1930419584773], [-122.84954945075, 49.1930413731907], [-122.849176318198, 49.1930387249517], [-122.848379370407, 49.1930330650858], [-122.848380115459, 49.1929877791294], [-122.848380393635, 49.1929708583996], [-122.848377120252, 49.1929245168319], [-122.848372676265, 49.1928782171511], [-122.848367062898, 49.1928319720578], [-122.848368734501, 49.1927174971171], [-122.848340522597, 49.1926053253186], [-122.848302170998, 49.1924944526107]]]}, "properties": {"PLAN_AREA": "City Centre", "PLAN_TYPE": "City Centre Plan", "PLAN_YEAR": 2025, "PLAN_STATUS": "Stage 2 Approved (See Surrey 2050 OCP)", "LAND_USE": "Mid Rise"}}, {"type": "Feature", "geometry": {"type": "Polygon", "coordinates": [[[-122.851866993222, 49.1931427165053], [-122.851859817664, 49.1931422836224], [-122.851859820035, 49.1931428683211], [-122.85178888464, 49.193140515917], [-122.851718508414, 49.1931342330557], [-122.851649197457, 49.1931240649196], [-122.851384031335, 49.1930778469918], [-122.851310412614, 49.1930666978558], [-122.85123585237, 49.193058674424], [-122.851160659227, 49.1930538099072], [-122.851092311259, 49.1930071260546], [-122.851094662981, 49.1925921723061], [-122.851095786041, 49.1924022816528], [-122.851091238138, 49.1923095475894], [-122.851078367884, 49.1922171498698], [-122.851057219974, 49.1921254090412], [-122.851034652244, 49.1920559378606], [-122.851006991667, 49.1919872633871], [-122.850974302292, 49.1919195440172], [-122.850974457611, 49.1919194677574], [-122.850970574812, 49.1919112653115], [-122.850968059931, 49.1919031655062], [-122.850966604422, 49.1918949549258], [-122.850966218816, 49.1918866929778], [-122.850966905902, 49.1918784394412], [-122.850968660709, 49.1918702540341], [-122.85097147054, 49.1918621959817], [-122.850975315062, 49.1918543235877], [-122.85098016646, 49.1918466938123], [-122.850985989631, 49.1918393618604], [-122.85099274244, 49.1918323807819], [-122.851000376028, 49.191825801088], [-122.851008835163, 49.1918196703857], [-122.851018058638, 49.1918140330333], [-122.851027979717, 49.1918089298194], [-122.851038526617, 49.191804397668], [-122.851049623027, 49.1918004693711], [-122.851093226521, 49.1917897200514], [-122.851138051237, 49.1917814038713], [-122.851183781722, 49.191775579356], [-122.851230096148, 49.1917722874954], [-122.851276668577, 49.191771551456], [-122.851855041431, 49.1917739526184], [-122.85185508777, 49.1917873907877], [-122.852039274039, 49.1917881261361], [-122.852865298907, 49.1917913807593], [-122.85285464015, 49.192316647117], [-122.852837802016, 49.1931464096923], [-122.851866993222, 49.1931427165053]]]}, "properties": {"PLAN_AREA": "City Centre", "PLAN_TYPE": "City Centre Plan", "PLAN_YEAR": 2025, "PLAN_STATUS": "Stage 2 Approved (See Surrey 2050 OCP)", "LAND_USE": "Mid Rise"}}, {"type": "Feature", "geometry": {"type": "Polygon", "coordinates": [[[-122.85313978109, 49.1917931837532], [-122.853139796953, 49.1917924614491], [-122.854101030876, 49.191796238896], [-122.854100957648, 49.1917992045608], [-122.854099965191, 49.1918393952996], [-122.854096754022, 49.191969459081], [-122.854080475294, 49.192035179915], [-122.854015836315, 49.192296159513], [-122.854016070213, 49.1923393418421], [-122.854018184572, 49.192728565697], [-122.854019153724, 49.1928922268594], [-122.854020532309, 49.1931508979904], [-122.85311230767, 49.1931474526741], [-122.853112307875, 49.1931473834105], [-122.853139779526, 49.1917932485175], [-122.85313978109, 49.1917931837532]]]}, "properties": {"PLAN_AREA": "City Centre", "PLAN_TYPE": "City Centre Plan", "PLAN_YEAR": 2025, "PLAN_STATUS": "Stage 2 Approved (See Surrey 2050 OCP)", "LAND_USE": "Mid Rise"}}, {"type": "Feature", "geometry": {"type": "Polygon", "coordinates": [[[-122.839888484883, 49.1933821872825], [-122.839898325461, 49.192628678283], [-122.839898678808, 49.1926016937113], [-122.840861052841, 49.1927098998541], [-122.84200410961, 49.1928384102467], [-122.842021507159, 49.1928824589392], [-122.842209520569, 49.1933584837965], [-122.84221086321, 49.1934127552898], [-122.841824541287, 49.1934078947103], [-122.841500916721, 49.1934036667122], [-122.841177158009, 49.1933993431719], [-122.840935053702, 49.193396115298], [-122.840935061323, 49.1933954505544], [-122.8408527131, 49.1933950177785], [-122.840770372497, 49.1933939219995], [-122.839888484883, 49.1933821872825]]]}, "properties": {"PLAN_AREA": "City Centre", "PLAN_TYPE": "City Centre Plan", "PLAN_YEAR": 2025, "PLAN_STATUS": "Stage 2 Approved (See Surrey 2050 OCP)", "LAND_USE": "Mid Rise"}}, {"type": "Feature", "geometry": {"type": "Polygon", "coordinates": [[[-122.842461184121, 49.1928470170583], [-122.842586775578, 49.1928255905368], [-122.843498353307, 49.1928378108478], [-122.843770646128, 49.192841420509], [-122.844147245767, 49.1928465196276], [-122.844399371918, 49.1928498838042], [-122.844399158594, 49.1928684498566], [-122.844392547475, 49.1934433542883], [-122.842650264891, 49.1934183759456], [-122.842647819629, 49.1933195374464], [-122.842467887056, 49.192863987776], [-122.842461184121, 49.1928470170583]]]}, "properties": {"PLAN_AREA": "City Centre", "PLAN_TYPE": "City Centre Plan", "PLAN_YEAR": 2025, "PLAN_STATUS": "Stage 2 Approved (See Surrey 2050 OCP)", "LAND_USE": "Mid Rise"}}, {"type": "Feature", "geometry": {"type": "Polygon", "coordinates": [[[-122.849646783193, 49.2045378669234], [-122.84970764926, 49.20452184365], [-122.849843703536, 49.2046109850305], [-122.850305986589, 49.2049142796506], [-122.850558503604, 49.20507994206], [-122.850751832082, 49.205206846757], [-122.850727280218, 49.2052451350073], [-122.850136962179, 49.2052421208657], [-122.849634916925, 49.2052394894152], [-122.849636649706, 49.2050750566854], [-122.849638381101, 49.2049106239491], [-122.849640256866, 49.2047443023829], [-122.849646783193, 49.2045378669234]]]}, "properties": {"PLAN_AREA": "City Centre", "PLAN_TYPE": "City Centre Plan", "PLAN_YEAR": 2025, "PLAN_STATUS": "Stage 2 Approved (See Surrey 2050 OCP)", "LAND_USE": "Low Rise"}}, {"type": "Feature", "geometry": {"type": "Polygon", "coordinates": [[[-122.850465695148, 49.2047618353754], [-122.850200165706, 49.2045870706238], [-122.850023147666, 49.2044705307646], [-122.849846127439, 49.2043540805816], [-122.849550590466, 49.204159666451], [-122.849452158039, 49.2042235181769], [-122.849157006342, 49.2040291233259], [-122.84915697757, 49.2040291043982], [-122.848811799696, 49.203801624258], [-122.848900023795, 49.2037441310917], [-122.849086823599, 49.2036223981112], [-122.849087234616, 49.2036226685073], [-122.849134125277, 49.2035919982124], [-122.849138473082, 49.2035878867414], [-122.849178874034, 49.2035496842804], [-122.849239520074, 49.2034923437396], [-122.849259016091, 49.2034680962604], [-122.849275812585, 49.2034472050006], [-122.849309594313, 49.2034051888421], [-122.849343153075, 49.2034077970353], [-122.849376794813, 49.2034098967037], [-122.849410501582, 49.2034114867274], [-122.849444381519, 49.2034125697425], [-122.849478290666, 49.203413137858], [-122.8495122108, 49.2034131907686], [-122.849573629903, 49.2034119740139], [-122.849634916882, 49.2034090686191], [-122.849695963653, 49.2034044797079], [-122.849696013087, 49.2034044752746], [-122.849718243277, 49.203402378898], [-122.849740421742, 49.2034000591945], [-122.849762543258, 49.2033975167106], [-122.849762617415, 49.2033975078117], [-122.849789433891, 49.2033941160581], [-122.849816149079, 49.2033903969221], [-122.849842753673, 49.2033863516997], [-122.849873195548, 49.2033812990303], [-122.849890571264, 49.2033998015638], [-122.849992029855, 49.2034848130543], [-122.850286807614, 49.2036793978048], [-122.850581641393, 49.2038739260971], [-122.850639660334, 49.2039122041858], [-122.85146598678, 49.2044573730837], [-122.851930254487, 49.2047636636932], [-122.851930097937, 49.2048018404477], [-122.851581485027, 49.2050293762038], [-122.851609999483, 49.2050479836378], [-122.851607072906, 49.2052497354618], [-122.851204062881, 49.2052476401148], [-122.851008680072, 49.2051191134725], [-122.850743146801, 49.2049443508759], [-122.850465695148, 49.2047618353754]]]}, "properties": {"PLAN_AREA": "City Centre", "PLAN_TYPE": "City Centre Plan", "PLAN_YEAR": 2025, "PLAN_STATUS": "Stage 2 Approved (See Surrey 2050 OCP)", "LAND_USE": "Low Rise"}}, {"type": "Feature", "geometry": {"type": "Polygon", "coordinates": [[[-122.84828381629, 49.2044034039756], [-122.848280415277, 49.2042119785923], [-122.848280429587, 49.2042073010543], [-122.84828071846, 49.2042026238768], [-122.848281144614, 49.2041979468797], [-122.848894171286, 49.2042713425804], [-122.84897708549, 49.2041824865904], [-122.849059640302, 49.2040925371408], [-122.849354597446, 49.2042868033519], [-122.849371016775, 49.2042979609491], [-122.849368370659, 49.2044920778997], [-122.849365868364, 49.2046840352596], [-122.84936353639, 49.204865109421], [-122.849361188006, 49.2050515798358], [-122.849358838226, 49.2052380511423], [-122.848857067627, 49.2052354175685], [-122.848298184816, 49.2052325260124], [-122.848295256051, 49.2050666479304], [-122.848292465685, 49.2049008599784], [-122.848289536681, 49.2047350718395], [-122.848286606325, 49.2045692827943], [-122.84828381629, 49.2044034039756]]]}, "properties": {"PLAN_AREA": "City Centre", "PLAN_TYPE": "City Centre Plan", "PLAN_YEAR": 2025, "PLAN_STATUS": "Stage 2 Approved (See Surrey 2050 OCP)", "LAND_USE": "Park"}}, {"type": "Feature", "geometry": {"type": "Polygon", "coordinates": [[[-122.837596274373, 49.1702285595557], [-122.840009446319, 49.1702192796455], [-122.840008283665, 49.1705038793774], [-122.840007129084, 49.1708161946931], [-122.839744954874, 49.1708170878222], [-122.839480721457, 49.1708179765943], [-122.839216489404, 49.1708188647636], [-122.838952394529, 49.1708197534194], [-122.83868816246, 49.1708206403799], [-122.838352593882, 49.1708217867182], [-122.838088364246, 49.1708227622633], [-122.837824134597, 49.1708237381034], [-122.837593791067, 49.1708245954844], [-122.837525194241, 49.1708248507127], [-122.837527678344, 49.1702288228821], [-122.837596274373, 49.1702285595557]]]}, "properties": {"PLAN_AREA": "City Centre", "PLAN_TYPE": "City Centre Plan", "PLAN_YEAR": 2025, "PLAN_STATUS": "Stage 2 Approved (See Surrey 2050 OCP)", "LAND_USE": "Urban Residential"}}, {"type": "Feature", "geometry": {"type": "Polygon", "coordinates": [[[-122.836022841494, 49.1757187887666], [-122.836340786589, 49.1752444743393], [-122.836591452062, 49.1752453717163], [-122.836842117544, 49.1752462685494], [-122.837050526559, 49.1752471043225], [-122.837049713768, 49.1754115372295], [-122.837049039548, 49.1755759694278], [-122.837048365322, 49.1757404016213], [-122.837047535485, 49.1759142013446], [-122.836050524536, 49.1759095761997], [-122.83605020394, 49.1759094372162], [-122.836045546774, 49.1759070918144], [-122.836041302109, 49.1759044771376], [-122.836037332443, 49.1759016829442], [-122.836033912479, 49.1758986196707], [-122.836030767219, 49.1758954668337], [-122.836028034458, 49.1758920447218], [-122.836025850804, 49.1758885334361], [-122.836024216556, 49.1758848430235], [-122.836022856713, 49.1758811530005], [-122.83602218318, 49.1758773739985], [-122.836021921552, 49.1758735056279], [-122.836022591973, 49.1757527908239], [-122.836022841494, 49.1757187887666]]]}, "properties": {"PLAN_AREA": "City Centre", "PLAN_TYPE": "City Centre Plan", "PLAN_YEAR": 2025, "PLAN_STATUS": "Stage 2 Approved (See Surrey 2050 OCP)", "LAND_USE": "Mid Rise"}}, {"type": "Feature", "geometry": {"type": "Polygon", "coordinates": [[[-122.835976868033, 49.1760898750841], [-122.83597687055, 49.1760891131818], [-122.836445437931, 49.1760916172817], [-122.836721078255, 49.176093089464], [-122.836996717622, 49.1760940221659], [-122.837548685147, 49.1760958883639], [-122.837547965396, 49.1763170775162], [-122.837547784645, 49.176372308686], [-122.83754762591, 49.1764212314502], [-122.837209548588, 49.1764206429444], [-122.836995651796, 49.176420270171], [-122.836443968583, 49.1764193066656], [-122.835975693022, 49.1764184869042], [-122.835976868033, 49.1760898750841]]]}, "properties": {"PLAN_AREA": "City Centre", "PLAN_TYPE": "City Centre Plan", "PLAN_YEAR": 2025, "PLAN_STATUS": "Stage 2 Approved (See Surrey 2050 OCP)", "LAND_USE": "Mid Rise"}}, {"type": "Feature", "geometry": {"type": "Polygon", "coordinates": [[[-122.846107057184, 49.1763739569269], [-122.846118288177, 49.1761550557664], [-122.846461539475, 49.1761573000056], [-122.846452691754, 49.1763545030969], [-122.846494438089, 49.1763547879757], [-122.846484927735, 49.1765355844716], [-122.846651801066, 49.1765367614811], [-122.846634411834, 49.1768822163005], [-122.84646930511, 49.1768813033794], [-122.846193971757, 49.1768797793135], [-122.846179581868, 49.1768731035011], [-122.846166101191, 49.1768656564696], [-122.846153625616, 49.1768574911907], [-122.846142243884, 49.1768486657454], [-122.846132036953, 49.1768392429103], [-122.846123077427, 49.1768292897114], [-122.846115429034, 49.1768188769472], [-122.846101381235, 49.1766947377622], [-122.846101250539, 49.1765328789485], [-122.846099961675, 49.1765122437083], [-122.846107057184, 49.1763739569269]]]}, "properties": {"PLAN_AREA": "City Centre", "PLAN_TYPE": "City Centre Plan", "PLAN_YEAR": 2025, "PLAN_STATUS": "Stage 2 Approved (See Surrey 2050 OCP)", "LAND_USE": "Mid Rise"}}, {"type": "Feature", "geometry": {"type": "Polygon", "coordinates": [[[-122.837823617431, 49.1765013999751], [-122.837824045284, 49.1763943793493], [-122.838022011028, 49.1763952067974], [-122.8388002471, 49.176398455496], [-122.838799166457, 49.1765630679134], [-122.83879871947, 49.1768735110474], [-122.837822230136, 49.1768680671951], [-122.837823372235, 49.1765588115247], [-122.837823617431, 49.1765013999751]]]}, "properties": {"PLAN_AREA": "City Centre", "PLAN_TYPE": "City Centre Plan", "PLAN_YEAR": 2025, "PLAN_STATUS": "Stage 2 Approved (See Surrey 2050 OCP)", "LAND_USE": "Mid Rise"}}, {"type": "Feature", "geometry": {"type": "Polygon", "coordinates": [[[-122.834842273265, 49.1768644331713], [-122.834769303945, 49.1768159329366], [-122.834770004326, 49.1767287699408], [-122.834771000903, 49.1765938411823], [-122.834772199947, 49.1764393037557], [-122.834773536839, 49.1762429372625], [-122.83477458537, 49.1760837364235], [-122.834991590346, 49.1760847510246], [-122.835199398705, 49.17608572241], [-122.835281623792, 49.176086065501], [-122.835284845291, 49.1760860790912], [-122.835692260002, 49.1760880204573], [-122.835812228338, 49.1760884078684], [-122.835812224214, 49.1760896546176], [-122.835811863338, 49.1761904640517], [-122.83581095321, 49.1764444697426], [-122.83581085465, 49.1764721932584], [-122.835810661112, 49.1765261425698], [-122.835892957565, 49.1765262865296], [-122.836443676034, 49.1765272504009], [-122.836995394748, 49.1765282139574], [-122.837437501039, 49.1765289837544], [-122.837547274019, 49.176529175104], [-122.837546817588, 49.1766690610804], [-122.837546261291, 49.176839880106], [-122.837505013343, 49.1768666282038], [-122.836994475308, 49.1768641933089], [-122.836442759928, 49.1768669142475], [-122.835891595168, 49.1768699031932], [-122.835685928484, 49.1768687984732], [-122.835480125681, 49.1768677822469], [-122.835274321811, 49.1768666765984], [-122.834842273265, 49.1768644331713]]]}, "properties": {"PLAN_AREA": "City Centre", "PLAN_TYPE": "City Centre Plan", "PLAN_YEAR": 2025, "PLAN_STATUS": "Stage 2 Approved (See Surrey 2050 OCP)", "LAND_USE": "Mid Rise"}}, {"type": "Feature", "geometry": {"type": "Polygon", "coordinates": [[[-122.840710298638, 49.1771331146283], [-122.840710343916, 49.1771331146907], [-122.841237230153, 49.1771407486456], [-122.841227960436, 49.1773106264724], [-122.841215769807, 49.1775340252723], [-122.840964727726, 49.1775352702142], [-122.84068907027, 49.1775361766141], [-122.840710298638, 49.1771331146283]]]}, "properties": {"PLAN_AREA": "City Centre", "PLAN_TYPE": "City Centre Plan", "PLAN_YEAR": 2025, "PLAN_STATUS": "Stage 2 Approved (See Surrey 2050 OCP)", "LAND_USE": "Mid Rise"}}, {"type": "Feature", "geometry": {"type": "Polygon", "coordinates": [[[-122.83738268019, 49.202826640521], [-122.837662252732, 49.2030503017495], [-122.837448562767, 49.2031649737905], [-122.83723479755, 49.2032796858071], [-122.837021178496, 49.2033943175741], [-122.836807639592, 49.2035089058799], [-122.836594084573, 49.2036235018619], [-122.836220475411, 49.2038239808428], [-122.83618948551, 49.2038219633262], [-122.835769796317, 49.2034859990465], [-122.835743708229, 49.2034651180319], [-122.836134384316, 49.2032555561508], [-122.836155467631, 49.2032725871846], [-122.836369037439, 49.2031579344578], [-122.836582605965, 49.2030433703857], [-122.836796173506, 49.2029288059154], [-122.83722358765, 49.202699491774], [-122.837228518072, 49.2027034332687], [-122.83738268019, 49.202826640521]]]}, "properties": {"PLAN_AREA": "City Centre", "PLAN_TYPE": "City Centre Plan", "PLAN_YEAR": 2025, "PLAN_STATUS": "Stage 2 Approved (See Surrey 2050 OCP)", "LAND_USE": "Commercial"}}, {"type": "Feature", "geometry": {"type": "Polygon", "coordinates": [[[-122.837602166328, 49.2033964717159], [-122.837896593688, 49.203238473514], [-122.838150511359, 49.2034412851007], [-122.838363510981, 49.2036115730186], [-122.83806912555, 49.2037695400764], [-122.837842471064, 49.2038910265885], [-122.83764818227, 49.2039953033623], [-122.837615924953, 49.204012616252], [-122.837552195506, 49.204046821229], [-122.836905105831, 49.2043941165765], [-122.836798250645, 49.204308694676], [-122.836438358364, 49.2040209862794], [-122.836563169881, 49.2039540121214], [-122.836725021677, 49.203867162], [-122.836987150529, 49.2037265002906], [-122.837148999469, 49.2036396495682], [-122.837375511942, 49.2035180994453], [-122.837602166328, 49.2033964717159]]]}, "properties": {"PLAN_AREA": "City Centre", "PLAN_TYPE": "City Centre Plan", "PLAN_YEAR": 2025, "PLAN_STATUS": "Stage 2 Approved (See Surrey 2050 OCP)", "LAND_USE": "Commercial"}}, {"type": "Feature", "geometry": {"type": "Polygon", "coordinates": [[[-122.839120159371, 49.2030750106991], [-122.838799698925, 49.2032470308548], [-122.838476098056, 49.2034207341437], [-122.838106949494, 49.2031255806409], [-122.838110112442, 49.2031238831627], [-122.838430544169, 49.2029518981584], [-122.838750929667, 49.2027799364837], [-122.838947366554, 49.2029369231518], [-122.839120159371, 49.2030750106991]]]}, "properties": {"PLAN_AREA": "City Centre", "PLAN_TYPE": "City Centre Plan", "PLAN_YEAR": 2025, "PLAN_STATUS": "Stage 2 Approved (See Surrey 2050 OCP)", "LAND_USE": "Commercial"}}, {"type": "Feature", "geometry": {"type": "Polygon", "coordinates": [[[-122.842094861871, 49.1990122808168], [-122.842246660273, 49.1990126753507], [-122.842332694511, 49.1990128998715], [-122.842430179485, 49.1990131534435], [-122.842480730455, 49.1990132844641], [-122.842482461378, 49.1990132895233], [-122.842482980927, 49.1990143723677], [-122.842509937159, 49.1990663983645], [-122.842540429684, 49.1991175790525], [-122.842574397049, 49.199167811269], [-122.842605692721, 49.199209361038], [-122.84263936623, 49.1992501046585], [-122.842675369306, 49.1992899837204], [-122.842663534408, 49.199296365963], [-122.842635433679, 49.1993116988653], [-122.842303085997, 49.1994908288337], [-122.842293375454, 49.199496062539], [-122.841975467448, 49.1996674132417], [-122.841975364319, 49.1996674688715], [-122.841975330088, 49.1996674418388], [-122.841862778986, 49.1995775029135], [-122.841863369052, 49.1990363764715], [-122.841901086144, 49.1990117764584], [-122.842094861871, 49.1990122808168]]]}, "properties": {"PLAN_AREA": "City Centre", "PLAN_TYPE": "City Centre Plan", "PLAN_YEAR": 2025, "PLAN_STATUS": "Stage 2 Approved (See Surrey 2050 OCP)", "LAND_USE": "Commercial"}}, {"type": "Feature", "geometry": {"type": "Polygon", "coordinates": [[[-122.846254205017, 49.200624381638], [-122.845742687833, 49.200957766429], [-122.845723507711, 49.2009702514841], [-122.844035264057, 49.1999398492275], [-122.844036987049, 49.1999284176173], [-122.844119165584, 49.1998845352001], [-122.844680498891, 49.1995831120098], [-122.844691434398, 49.1995903481491], [-122.846068494082, 49.2005015066535], [-122.846254205017, 49.200624381638]]]}, "properties": {"PLAN_AREA": "City Centre", "PLAN_TYPE": "City Centre Plan", "PLAN_YEAR": 2025, "PLAN_STATUS": "Stage 2 Approved (See Surrey 2050 OCP)", "LAND_USE": "Commercial"}}, {"type": "Feature", "geometry": {"type": "Polygon", "coordinates": [[[-122.853961607799, 49.1811117147998], [-122.853966277592, 49.18079403686], [-122.854031511984, 49.1807944476596], [-122.854451387423, 49.1807971418655], [-122.854793324269, 49.1807991959569], [-122.855040171311, 49.1808007681067], [-122.855287156958, 49.1808023399025], [-122.855534005665, 49.1808038219451], [-122.855780991348, 49.1808053917853], [-122.856027839828, 49.1808069618258], [-122.85627482443, 49.1808084415548], [-122.856483379166, 49.180809771358], [-122.856469657995, 49.1811327175084], [-122.855520288223, 49.1811257227313], [-122.854670668341, 49.1811194556011], [-122.854669571076, 49.1811188245467], [-122.854480857856, 49.1811180579904], [-122.854311844675, 49.1811159936644], [-122.854172897564, 49.1811142962886], [-122.853961607799, 49.1811117147998]]]}, "properties": {"PLAN_AREA": "City Centre", "PLAN_TYPE": "City Centre Plan", "PLAN_YEAR": 2025, "PLAN_STATUS": "Stage 2 Approved (See Surrey 2050 OCP)", "LAND_USE": "Low Rise"}}, {"type": "Feature", "geometry": {"type": "Polygon", "coordinates": [[[-122.849896598205, 49.18140014674], [-122.849892370149, 49.1810227931307], [-122.849889484478, 49.1810227893799], [-122.849908963797, 49.1806471109065], [-122.851131145717, 49.180642146906], [-122.851136634776, 49.1811223718998], [-122.851139840382, 49.1813949707367], [-122.8511400447, 49.1814124012649], [-122.850900143896, 49.1814134303001], [-122.850649306788, 49.1814144527905], [-122.850398469673, 49.1814154738364], [-122.850147631174, 49.1814164952353], [-122.849896792658, 49.181417518788], [-122.849896598205, 49.18140014674]]]}, "properties": {"PLAN_AREA": "City Centre", "PLAN_TYPE": "City Centre Plan", "PLAN_YEAR": 2025, "PLAN_STATUS": "Stage 2 Approved (See Surrey 2050 OCP)", "LAND_USE": "Low Rise"}}, {"type": "Feature", "geometry": {"type": "Polygon", "coordinates": [[[-122.851520727645, 49.1823162785678], [-122.851511747088, 49.1815148590119], [-122.851511590328, 49.1815012101856], [-122.851508194618, 49.1812125823284], [-122.851907850798, 49.1812151041619], [-122.85212749525, 49.1812262609682], [-122.852549183862, 49.1812669247336], [-122.852787362718, 49.1812790133758], [-122.853094636728, 49.1812817596266], [-122.853308338715, 49.1812836675168], [-122.853472644636, 49.1812856760655], [-122.853753721746, 49.1812891123464], [-122.853822324232, 49.1812899512093], [-122.853817020872, 49.1819188327738], [-122.853748413574, 49.1819184004912], [-122.852717820933, 49.1819119076703], [-122.852716522851, 49.1819109767966], [-122.852703236068, 49.1819030439552], [-122.852688986618, 49.1818958295113], [-122.852673911453, 49.1818894235925], [-122.852657873087, 49.1818839159765], [-122.852641283179, 49.1818793062887], [-122.852624278676, 49.1818756864559], [-122.852606722359, 49.1818730554034], [-122.852588888667, 49.1818714134811], [-122.85257091619, 49.1818707608659], [-122.852552939404, 49.1818710968299], [-122.852534959408, 49.1818725131269], [-122.852517388128, 49.1818749194301], [-122.852500088346, 49.1818783146648], [-122.852482785352, 49.1818827902327], [-122.852466163869, 49.181888346109], [-122.852450227177, 49.1818948023914], [-122.852435385561, 49.1819021596044], [-122.852421502069, 49.1819103276202], [-122.852408851139, 49.1819193067897], [-122.852397433038, 49.1819290071604], [-122.852387385255, 49.181939338955], [-122.852378845278, 49.1819502114966], [-122.852371676152, 49.1819615364563], [-122.852366289806, 49.1819732235079], [-122.852362412036, 49.1819847325811], [-122.852360181736, 49.181996423667], [-122.85235946058, 49.182008207535], [-122.852360247738, 49.1820199024783], [-122.852362682905, 49.1820315995284], [-122.852366490805, 49.1820431184264], [-122.852371946146, 49.1820543695702], [-122.852378774758, 49.1820652626556], [-122.852386976909, 49.1820757077293], [-122.852396552599, 49.1820857047912], [-122.852407363772, 49.1820950737576], [-122.852419413173, 49.1821038146318], [-122.852432562207, 49.1821119281358], [-122.852446674461, 49.1821191424358], [-122.852449925165, 49.1821205435647], [-122.852452273385, 49.1823221158491], [-122.851980486271, 49.1823191373671], [-122.851520727645, 49.1823162785678]]]}, "properties": {"PLAN_AREA": "City Centre", "PLAN_TYPE": "City Centre Plan", "PLAN_YEAR": 2025, "PLAN_STATUS": "Stage 2 Approved (See Surrey 2050 OCP)", "LAND_USE": "Low Rise"}}, {"type": "Feature", "geometry": {"type": "Polygon", "coordinates": [[[-122.850697135226, 49.1815952282554], [-122.851142121653, 49.1815932911744], [-122.851142316521, 49.1816106704164], [-122.851150685689, 49.1823577429817], [-122.85094023362, 49.1823587165015], [-122.850682255994, 49.1823598198017], [-122.850424414207, 49.1823609227017], [-122.850420191074, 49.1819883223182], [-122.850427605176, 49.181988288743], [-122.850423628277, 49.1816136647035], [-122.850423444446, 49.1815963493414], [-122.850697135226, 49.1815952282554]]]}, "properties": {"PLAN_AREA": "City Centre", "PLAN_TYPE": "City Centre Plan", "PLAN_YEAR": 2025, "PLAN_STATUS": "Stage 2 Approved (See Surrey 2050 OCP)", "LAND_USE": "Low Rise"}}, {"type": "Feature", "geometry": {"type": "Polygon", "coordinates": [[[-122.854043248481, 49.1824446615045], [-122.854048599062, 49.1821001990838], [-122.855145798762, 49.1821070541394], [-122.855093366646, 49.183335138528], [-122.85477075514, 49.1833331672048], [-122.854436210894, 49.1833311223708], [-122.854101803903, 49.1833290758416], [-122.854005474489, 49.1833285034424], [-122.853971465541, 49.1833283012282], [-122.85398587371, 49.1829902756829], [-122.854022574353, 49.1827251611984], [-122.854040454149, 49.1825960035893], [-122.854043248481, 49.1824446615045]]]}, "properties": {"PLAN_AREA": "City Centre", "PLAN_TYPE": "City Centre Plan", "PLAN_YEAR": 2025, "PLAN_STATUS": "Stage 2 Approved (See Surrey 2050 OCP)", "LAND_USE": "Low Rise"}}, {"type": "Feature", "geometry": {"type": "Polygon", "coordinates": [[[-122.855419786988, 49.1821201600513], [-122.85542310989, 49.1821198871548], [-122.855828862129, 49.1821223769616], [-122.855835859824, 49.1821225656037], [-122.855842718993, 49.1821232038392], [-122.855849576855, 49.1821242918395], [-122.855856296453, 49.1821257394803], [-122.855862740566, 49.1821275465902], [-122.855868909195, 49.1821297131695], [-122.855874802339, 49.182132239218], [-122.855880282779, 49.1821351245647], [-122.855885350776, 49.1821382792565], [-122.855890006331, 49.1821417032935], [-122.855894112222, 49.1821453965045], [-122.85589780567, 49.1821493590608], [-122.855900812496, 49.182153500667], [-122.855903407402, 49.1821577317125], [-122.855905314052, 49.1821622317593], [-122.855906673194, 49.1821667311229], [-122.855907345975, 49.1821713195836], [-122.855907469875, 49.1821759073593], [-122.855902610304, 49.1822890635176], [-122.85589567963, 49.1824534005472], [-122.855891999531, 49.1825384018728], [-122.855888611426, 49.1826178273534], [-122.855881405953, 49.1827822539831], [-122.855874337653, 49.1829466807789], [-122.855867269046, 49.183111196623], [-122.855857857394, 49.1833259952534], [-122.855853151828, 49.1833397522412], [-122.855367850659, 49.1833367707323], [-122.855419786988, 49.1821201600513]]]}, "properties": {"PLAN_AREA": "City Centre", "PLAN_TYPE": "City Centre Plan", "PLAN_YEAR": 2025, "PLAN_STATUS": "Stage 2 Approved (See Surrey 2050 OCP)", "LAND_USE": "Low Rise"}}, {"type": "Feature", "geometry": {"type": "Polygon", "coordinates": [[[-122.85533358067, 49.1818608865721], [-122.855314919645, 49.1818605924354], [-122.85529625547, 49.1818613786316], [-122.855277725104, 49.1818633343862], [-122.855259603508, 49.181866280137], [-122.85524189042, 49.1818703058375], [-122.855224860541, 49.1818753209791], [-122.855208651085, 49.1818813275333], [-122.855193125097, 49.1818882344758], [-122.855178831191, 49.1818961324482], [-122.855165494347, 49.1819047503465], [-122.855153391741, 49.1819140903176], [-122.855142659224, 49.1819241516328], [-122.855140091457, 49.18192710338], [-122.85402284279, 49.1819201230805], [-122.853954235481, 49.1819196936187], [-122.853959530588, 49.1812916270157], [-122.854028131711, 49.1812924648551], [-122.854309175974, 49.1812958979435], [-122.854475744625, 49.1812979331065], [-122.854672334214, 49.1812993860319], [-122.855759583802, 49.1813074047287], [-122.856006423078, 49.1813092239735], [-122.856462032682, 49.1813125796927], [-122.856444857724, 49.1817184405307], [-122.856407607916, 49.1825854915124], [-122.856376137149, 49.1833428406491], [-122.855945088772, 49.183340316721], [-122.855941562289, 49.1833265494614], [-122.855948628857, 49.1831626623903], [-122.855955684329, 49.1829850888989], [-122.855958916367, 49.1829107096096], [-122.855962148393, 49.1828363312188], [-122.855965380414, 49.1827619510278], [-122.855968613792, 49.1826875726365], [-122.855971845791, 49.1826131933429], [-122.855975077779, 49.1825388140483], [-122.855983078069, 49.182363286354], [-122.855990878028, 49.1821834784234], [-122.85599560069, 49.1820701421819], [-122.855576264105, 49.1820676368734], [-122.855568992241, 49.1820673579194], [-122.855561995864, 49.1820667194959], [-122.855555001058, 49.1820655413539], [-122.855548144258, 49.182064093524], [-122.855541563206, 49.1820621962718], [-122.855535257904, 49.1820598495974], [-122.855529365047, 49.1820572335784], [-122.855523747678, 49.1820542580904], [-122.855518680236, 49.1820509234767], [-122.85551402524, 49.1820473195186], [-122.85551995947, 49.1820357229593], [-122.855524386701, 49.182023764701], [-122.855527166183, 49.1820117144279], [-122.855528162332, 49.1819994820171], [-122.855527650438, 49.1819872477198], [-122.855525351687, 49.1819751002409], [-122.855521544368, 49.181963131681], [-122.855516091004, 49.1819514309218], [-122.855508988327, 49.1819401778655], [-122.855500375195, 49.1819292818329], [-122.855490389409, 49.1819190146551], [-122.855479028228, 49.1819093754288], [-122.855466430243, 49.181900364327], [-122.855452732151, 49.1818921614273], [-122.855437796734, 49.1818847656578], [-122.855422035121, 49.1818783592386], [-122.855405447837, 49.1818727613637], [-122.855388172688, 49.1818682420655], [-122.85537034441, 49.1818647115589], [-122.855352101333, 49.1818622590709], [-122.85533358067, 49.1818608865721]]]}, "properties": {"PLAN_AREA": "City Centre", "PLAN_TYPE": "City Centre Plan", "PLAN_YEAR": 2025, "PLAN_STATUS": "Stage 2 Approved (See Surrey 2050 OCP)", "LAND_USE": "Low Rise"}}, {"type": "Feature", "geometry": {"type": "Polygon", "coordinates": [[[-122.852727777601, 49.1824127096076], [-122.852724039508, 49.1820918619033], [-122.853774171591, 49.1820984774578], [-122.853768819198, 49.1824429083806], [-122.853766636638, 49.182583336294], [-122.853747724204, 49.1827199505857], [-122.853711775022, 49.182979623758], [-122.853696980158, 49.183326698986], [-122.853696965388, 49.183327054283], [-122.85369239832, 49.1834341982166], [-122.853505397258, 49.1834333782666], [-122.853274988673, 49.1834323679445], [-122.853186218199, 49.1834319789745], [-122.852802958774, 49.1834304071915], [-122.85278994949, 49.1834213044231], [-122.852775703061, 49.1834129206023], [-122.852760493137, 49.1834055250381], [-122.852744184135, 49.1833990267045], [-122.85273890883, 49.1833973171613], [-122.852738050011, 49.1833214080405], [-122.852727777601, 49.1824127096076]]]}, "properties": {"PLAN_AREA": "City Centre", "PLAN_TYPE": "City Centre Plan", "PLAN_YEAR": 2025, "PLAN_STATUS": "Stage 2 Approved (See Surrey 2050 OCP)", "LAND_USE": "Low Rise"}}, {"type": "Feature", "geometry": {"type": "Polygon", "coordinates": [[[-122.834407501623, 49.1840268184952], [-122.834440924465, 49.183436512499], [-122.834939129862, 49.1834428288138], [-122.835834331412, 49.1834537855653], [-122.836043355052, 49.1834563682117], [-122.83615596895, 49.1834577594917], [-122.836200334454, 49.1834583081719], [-122.83618761855, 49.1836755301685], [-122.836184304318, 49.183732143902], [-122.836164104668, 49.1840771834644], [-122.836072796865, 49.1840760743063], [-122.835798341068, 49.1840727393449], [-122.835797383268, 49.1840727280883], [-122.834867619535, 49.1840618637687], [-122.834450741728, 49.1840567647846], [-122.834407501623, 49.1840268184952]]]}, "properties": {"PLAN_AREA": "City Centre", "PLAN_TYPE": "City Centre Plan", "PLAN_YEAR": 2025, "PLAN_STATUS": "Stage 2 Approved (See Surrey 2050 OCP)", "LAND_USE": "Low Rise"}}, {"type": "Feature", "geometry": {"type": "Polygon", "coordinates": [[[-122.851617392436, 49.183759404697], [-122.851557153426, 49.1836236074917], [-122.851533953291, 49.183478059255], [-122.851533786837, 49.1834635189833], [-122.851533161928, 49.1834086565375], [-122.851522768932, 49.1824971800896], [-122.851977745716, 49.1825000309522], [-122.852454349631, 49.1825030164983], [-122.852464619142, 49.1834119344252], [-122.852435018068, 49.183491011468], [-122.852435964458, 49.1834957802042], [-122.852436087506, 49.1835005478884], [-122.852435661658, 49.1835053148712], [-122.852434666588, 49.1835169175804], [-122.852435179607, 49.1835285222165], [-122.852437066236, 49.1835401286076], [-122.852440600356, 49.1835514672437], [-122.852445368655, 49.1835626275498], [-122.852451785818, 49.1835735201022], [-122.852459439334, 49.1835839653666], [-122.852468466433, 49.1835939617189], [-122.852478730157, 49.1836034199301], [-122.852490778599, 49.1836126105599], [-122.852504063933, 49.1836211730948], [-122.852518311142, 49.183628837323], [-122.852533522702, 49.1836356932009], [-122.852549697773, 49.1836415617197], [-122.852566561643, 49.1836465306826], [-122.852584114576, 49.183650511036], [-122.852602080749, 49.1836535033269], [-122.85262032622, 49.1836553256785], [-122.852638849079, 49.1836561588946], [-122.852657237919, 49.1836559124966], [-122.852675218024, 49.1836546760876], [-122.852693064105, 49.1836523609644], [-122.852710364228, 49.1836490547558], [-122.852727255612, 49.1836447585368], [-122.852743600763, 49.183639562985], [-122.852758988014, 49.1836334657768], [-122.852773693181, 49.1836264681636], [-122.852787301314, 49.1836187495235], [-122.852799951276, 49.1836102200805], [-122.852811368351, 49.1836009694381], [-122.852821552007, 49.1835911775028], [-122.85283036502, 49.1835808440999], [-122.852837808495, 49.1835700591845], [-122.852843742466, 49.1835588225785], [-122.852848304996, 49.1835473143648], [-122.852851222438, 49.1835352643348], [-122.85285263095, 49.1835230324755], [-122.852852392776, 49.1835107985181], [-122.852851020299, 49.1835025471488], [-122.852850371799, 49.1834986522424], [-122.8528467025, 49.1834865938199], [-122.852841522675, 49.1834748932859], [-122.852834696741, 49.183463460514], [-122.852826358644, 49.1834524755814], [-122.853186427449, 49.1834540178086], [-122.853500665758, 49.183455230926], [-122.853691471001, 49.1834559675488], [-122.853689272963, 49.1835075332138], [-122.853815142473, 49.1835082817998], [-122.85381421893, 49.1836014587946], [-122.853811200358, 49.1839059901852], [-122.853810657396, 49.1839608052586], [-122.853807583938, 49.1842709082697], [-122.852428834073, 49.1842632772125], [-122.852150967797, 49.1841626454556], [-122.851978682414, 49.1840851521618], [-122.851833373592, 49.1839928833058], [-122.851713703369, 49.1838862960328], [-122.851617392436, 49.183759404697]]]}, "properties": {"PLAN_AREA": "City Centre", "PLAN_TYPE": "City Centre Plan", "PLAN_YEAR": 2025, "PLAN_STATUS": "Stage 2 Approved (See Surrey 2050 OCP)", "LAND_USE": "Low Rise"}}, {"type": "Feature", "geometry": {"type": "Polygon", "coordinates": [[[-122.838415806142, 49.1835303783689], [-122.838421499834, 49.1834333626547], [-122.839433620827, 49.1834465014648], [-122.839429341469, 49.1835183961245], [-122.839419560921, 49.1836826940037], [-122.839409780304, 49.1838469927769], [-122.839395358846, 49.1840892503473], [-122.838384592894, 49.184097602057], [-122.838382649962, 49.1840962806222], [-122.83840260427, 49.1837556885278], [-122.838415806142, 49.1835303783689]]]}, "properties": {"PLAN_AREA": "City Centre", "PLAN_TYPE": "City Centre Plan", "PLAN_YEAR": 2025, "PLAN_STATUS": "Stage 2 Approved (See Surrey 2050 OCP)", "LAND_USE": "Mid Rise"}}, {"type": "Feature", "geometry": {"type": "Polygon", "coordinates": [[[-122.83712552808, 49.1835943397976], [-122.83714406307, 49.1832865500745], [-122.837144076149, 49.1832863279082], [-122.837258758712, 49.1832878145815], [-122.837292673476, 49.1832882545638], [-122.837341746858, 49.1831984090184], [-122.837659184189, 49.1832026894792], [-122.837725653669, 49.1832035861777], [-122.837724735162, 49.1832192610578], [-122.837720181901, 49.1832969527664], [-122.838152801413, 49.1833020620134], [-122.838139561932, 49.1835271966899], [-122.838139282005, 49.183527193599], [-122.838107448165, 49.1840737801486], [-122.838064733972, 49.1841002430063], [-122.837303625098, 49.1840911350767], [-122.837095524419, 49.1840878921588], [-122.837124857127, 49.1835955712122], [-122.83712552808, 49.1835943397976]]]}, "properties": {"PLAN_AREA": "City Centre", "PLAN_TYPE": "City Centre Plan", "PLAN_YEAR": 2025, "PLAN_STATUS": "Stage 2 Approved (See Surrey 2050 OCP)", "LAND_USE": "Mid Rise"}}, {"type": "Feature", "geometry": {"type": "Polygon", "coordinates": [[[-122.837348718462, 49.1846828684442], [-122.837355688051, 49.184396119633], [-122.837769853931, 49.1844005998342], [-122.838186351292, 49.1844051034055], [-122.839377873841, 49.1843952598687], [-122.839372741212, 49.1844822789804], [-122.839379868494, 49.1844823680519], [-122.839392979576, 49.1851118931536], [-122.838585233046, 49.1851031524915], [-122.838231469926, 49.1850993229468], [-122.837338785035, 49.1850896548773], [-122.837348388593, 49.1846964257454], [-122.837348718462, 49.1846828684442]]]}, "properties": {"PLAN_AREA": "City Centre", "PLAN_TYPE": "City Centre Plan", "PLAN_YEAR": 2025, "PLAN_STATUS": "Stage 2 Approved (See Surrey 2050 OCP)", "LAND_USE": "Mid Rise"}}, {"type": "Feature", "geometry": {"type": "Polygon", "coordinates": [[[-122.84326926974, 49.181362135929], [-122.843269173682, 49.1813621375977], [-122.843269118789, 49.1813621393222], [-122.843269036453, 49.1813621410096], [-122.843268967839, 49.1813621427155], [-122.843268899227, 49.1813621435219], [-122.843268844337, 49.181362144347], [-122.843268789444, 49.1813621460716], [-122.843267964703, 49.181362164742], [-122.843266287291, 49.1813606179661], [-122.843266255821, 49.1813605891383], [-122.843266224355, 49.181360559411], [-122.843266177837, 49.1813605161702], [-122.843266114899, 49.1813604585146], [-122.84326608343, 49.1813604296868], [-122.843266043753, 49.1813603927521], [-122.843265990397, 49.1813603423058], [-122.843265857685, 49.1813602188896], [-122.843265818006, 49.1813601828544], [-122.843241298504, 49.1813351221316], [-122.843220199996, 49.1813087572845], [-122.843202682667, 49.1812812884908], [-122.843188879515, 49.1812529243095], [-122.843178895333, 49.1812238800977], [-122.843172805921, 49.181194376375], [-122.843170657505, 49.1811646371498], [-122.843170657616, 49.1811646020682], [-122.84317065773, 49.181164566087], [-122.843170656469, 49.1811645310034], [-122.843170655551, 49.181162650077], [-122.843171753813, 49.1808150851889], [-122.843240033393, 49.1807649731055], [-122.843321775069, 49.1807587890919], [-122.843433802123, 49.1807509619095], [-122.843545948701, 49.1807439086579], [-122.843658202362, 49.1807376301195], [-122.843677749355, 49.1807366050244], [-122.843740758913, 49.1807335391385], [-122.843803818144, 49.1807309491103], [-122.843866918686, 49.1807288352833], [-122.843938101031, 49.1807270232063], [-122.844009313261, 49.1807258171166], [-122.844080543375, 49.1807252172175], [-122.844330075009, 49.18072417935], [-122.845115471833, 49.1807209058811], [-122.845183140818, 49.1807655739138], [-122.84517840828, 49.1809986889594], [-122.845177295863, 49.1810535401406], [-122.845167523474, 49.1815346543711], [-122.845100401627, 49.1815913321379], [-122.845091178498, 49.1815928561705], [-122.845090783104, 49.1815929213062], [-122.84509051951, 49.1815929641302], [-122.845090255913, 49.1815930078538], [-122.845089990947, 49.181593050676], [-122.845089727353, 49.1815930935001], [-122.845089200162, 49.1815931800477], [-122.845088936568, 49.1815932228717], [-122.845088672973, 49.1815932656958], [-122.845088541176, 49.1815932871078], [-122.845087882188, 49.1815933950674], [-122.844885323461, 49.1816201132024], [-122.844679930063, 49.1816348413263], [-122.844473350163, 49.181637461254], [-122.844276822095, 49.1816286643289], [-122.844082155752, 49.1816089069398], [-122.843890770965, 49.1815783331908], [-122.843704063625, 49.1815371660768], [-122.843523395499, 49.1814857058565], [-122.843522784119, 49.1814855107288], [-122.843522416741, 49.1814853941912], [-122.843522172739, 49.1814853156012], [-122.843521928735, 49.1814852379107], [-122.84352168473, 49.1814851602202], [-122.843521440729, 49.1814850816301], [-122.843520951351, 49.1814849253477], [-122.843520707347, 49.1814848476572], [-122.843512165908, 49.1814821015012], [-122.843511873255, 49.1814813508935], [-122.843511859644, 49.1814813157933], [-122.84351184603, 49.1814812815925], [-122.843511817435, 49.1814812113902], [-122.843511803824, 49.1814811762899], [-122.843505373486, 49.1814675183634], [-122.843497100203, 49.1814542936217], [-122.843487050682, 49.18144160869], [-122.843475305947, 49.1814295658409], [-122.843461960693, 49.1814182621705], [-122.843447122517, 49.1814077888148], [-122.843430911054, 49.1813982302156], [-122.843413457008, 49.1813896634394], [-122.843394901105, 49.1813821575557], [-122.843375392952, 49.181375773081], [-122.843355089833, 49.1813705614901], [-122.843334155444, 49.1813665648015], [-122.843312758567, 49.1813638152385], [-122.843291071716, 49.1813623349694], [-122.84326926974, 49.181362135929]]]}, "properties": {"PLAN_AREA": "City Centre", "PLAN_TYPE": "City Centre Plan", "PLAN_YEAR": 2025, "PLAN_STATUS": "Stage 2 Approved (See Surrey 2050 OCP)", "LAND_USE": "Commercial"}}, {"type": "Feature", "geometry": {"type": "Polygon", "coordinates": [[[-122.851183131637, 49.1903916484173], [-122.851266950882, 49.1904074613245], [-122.851375646612, 49.1904146724749], [-122.851509551724, 49.1904235566842], [-122.851650869307, 49.1904329315094], [-122.851650943418, 49.1904329316046], [-122.851930464495, 49.1904333514716], [-122.851925936504, 49.1906330400347], [-122.851923693438, 49.1907233376046], [-122.851175165791, 49.1907202408952], [-122.851177524119, 49.1906304049479], [-122.851177535189, 49.1906299174157], [-122.851178125285, 49.1906047699521], [-122.851183131637, 49.1903916484173]]]}, "properties": {"PLAN_AREA": "City Centre", "PLAN_TYPE": "City Centre Plan", "PLAN_YEAR": 2025, "PLAN_STATUS": "Stage 2 Approved (See Surrey 2050 OCP)", "LAND_USE": "Commercial"}}, {"type": "Feature", "geometry": {"type": "Polygon", "coordinates": [[[-122.850042749809, 49.1896954114547], [-122.850286377957, 49.1896963320107], [-122.850521789564, 49.1896972216291], [-122.850962995073, 49.1896988883483], [-122.8510347235, 49.1896991526975], [-122.851032847159, 49.1897582027815], [-122.851031628314, 49.189810358797], [-122.851029993184, 49.1898800308694], [-122.851025586467, 49.190067851144], [-122.85097377204, 49.1900938698365], [-122.850813453919, 49.1900673265789], [-122.850649929142, 49.190051251033], [-122.850484784639, 49.190045799204], [-122.850251676223, 49.1900456384197], [-122.850104906802, 49.1900455361809], [-122.850034502157, 49.1899985404672], [-122.850037976974, 49.1898791716339], [-122.850042749809, 49.1896954114547]]]}, "properties": {"PLAN_AREA": "City Centre", "PLAN_TYPE": "City Centre Plan", "PLAN_YEAR": 2025, "PLAN_STATUS": "Stage 2 Approved (See Surrey 2050 OCP)", "LAND_USE": "High Rise"}}, {"type": "Feature", "geometry": {"type": "Polygon", "coordinates": [[[-122.847902130506, 49.1757596105384], [-122.847907377528, 49.175281673096], [-122.848071047006, 49.1752824444436], [-122.848596355458, 49.1755008163244], [-122.848591170174, 49.1758176328201], [-122.848539982932, 49.1758008147419], [-122.848486830793, 49.1757868604423], [-122.848432085712, 49.1757758675723], [-122.848376130792, 49.1757679130593], [-122.848319357602, 49.1757630525684], [-122.848262163436, 49.1757613201128], [-122.847902130506, 49.1757596105384]]]}, "properties": {"PLAN_AREA": "City Centre", "PLAN_TYPE": "City Centre Plan", "PLAN_YEAR": 2025, "PLAN_STATUS": "Stage 2 Approved (See Surrey 2050 OCP)", "LAND_USE": "Low Rise"}}, {"type": "Feature", "geometry": {"type": "Polygon", "coordinates": [[[-122.8471820908, 49.1757561871576], [-122.847187344681, 49.1752782731422], [-122.847907377528, 49.175281673096], [-122.847902130506, 49.1757596105384], [-122.8471820908, 49.1757561871576]]]}, "properties": {"PLAN_AREA": "City Centre", "PLAN_TYPE": "City Centre Plan", "PLAN_YEAR": 2025, "PLAN_STATUS": "Stage 2 Approved (See Surrey 2050 OCP)", "LAND_USE": "High Rise"}}, {"type": "Feature", "geometry": {"type": "Polygon", "coordinates": [[[-122.834813337199, 49.1712385192756], [-122.834815242339, 49.1707611538308], [-122.834816117085, 49.1705419400792], [-122.834817271144, 49.1702391805546], [-122.837321895744, 49.1702296117251], [-122.837390489031, 49.1702293485171], [-122.837388003302, 49.1708253700462], [-122.837319406451, 49.1708256323485], [-122.837251223914, 49.1708258933949], [-122.837237397944, 49.1708166986475], [-122.837222471815, 49.1708083119296], [-122.837206446017, 49.1708010031022], [-122.837189318101, 49.1707946813082], [-122.837173008597, 49.1707898008219], [-122.837156009909, 49.1707859088504], [-122.837138733898, 49.1707829151213], [-122.837121043072, 49.1707809120927], [-122.837103211521, 49.1707799874058], [-122.837085239538, 49.1707800511075], [-122.837067401493, 49.170781105384], [-122.837049697389, 49.1707831493357], [-122.837032401603, 49.1707861824504], [-122.837015514426, 49.1707901165742], [-122.836999309939, 49.1707950411481], [-122.836983649878, 49.1708008660238], [-122.836968948552, 49.1708075917863], [-122.836955067992, 49.1708150374345], [-122.83694173234, 49.1708236541461], [-122.836929628721, 49.1708330821778], [-122.836918756359, 49.1708431407222], [-122.836909392663, 49.1708537420171], [-122.836901534599, 49.1708649751124], [-122.836895186093, 49.1708764801999], [-122.836890482372, 49.1708884373779], [-122.836887424323, 49.1709005767873], [-122.836886010871, 49.1709128084729], [-122.836886381951, 49.1709251326326], [-122.836888262404, 49.1709373689707], [-122.836891925534, 49.1709494279196], [-122.836897237194, 49.1709612184364], [-122.836903786212, 49.1709722029177], [-122.836911706936, 49.170982828622], [-122.836921002698, 49.1709929165463], [-122.836931672129, 49.1710024666883], [-122.836943441439, 49.1710112987539], [-122.836956447524, 49.1710195028897], [-122.836955999405, 49.1711125133203], [-122.836955296023, 49.1712306159289], [-122.83695476052, 49.1713205732096], [-122.836557450201, 49.1713220751142], [-122.836520133936, 49.1713222022016], [-122.836045723015, 49.1713239520893], [-122.836045522488, 49.171302003141], [-122.836058584226, 49.1712937468584], [-122.836070410885, 49.1712847682932], [-122.836081006283, 49.1712751583043], [-122.836090368747, 49.1712650077428], [-122.836098362466, 49.1712543146171], [-122.83610484691, 49.1712432595348], [-122.836108987109, 49.1712337636181], [-122.836109824824, 49.1712318424998], [-122.836113293168, 49.1712201534616], [-122.836115252721, 49.1712083723287], [-122.836115703484, 49.171196499101], [-122.836114509344, 49.171184623539], [-122.836111804153, 49.1711729257396], [-122.836107317763, 49.1711609555516], [-122.836101182838, 49.1711492528844], [-122.836093537347, 49.1711379978405], [-122.836084245176, 49.1711272801801], [-122.836073715151, 49.1711171004831], [-122.836061673967, 49.1711075483147], [-122.836048395411, 49.1710988039701], [-122.836034018043, 49.1710908676458], [-122.836019086986, 49.171084009976], [-122.836003331494, 49.1710779607154], [-122.83598674823, 49.1710728997659], [-122.835969475755, 49.1710688273241], [-122.835951925633, 49.1710657439742], [-122.835933823488, 49.1710636493264], [-122.835915580587, 49.1710626339183], [-122.835897334419, 49.171062607092], [-122.835879084383, 49.171063750553], [-122.835861105751, 49.1710657939323], [-122.835843535119, 49.1710689164318], [-122.835826372778, 49.1710730298975], [-122.835809755918, 49.1710781336252], [-122.835793959217, 49.1710841380521], [-122.835778982671, 49.1710910431786], [-122.835765100661, 49.1710988493952], [-122.835752726837, 49.1711069276158], [-122.835741310957, 49.1711157259264], [-122.835731264881, 49.1711251567587], [-122.835722314828, 49.1711350389169], [-122.835714733509, 49.1711454627429], [-122.835708524561, 49.1711561583814], [-122.835703684645, 49.1711673057349], [-122.835700217697, 49.1711785449951], [-122.835698259237, 49.1711899663085], [-122.835697809568, 49.1712014788225], [-122.83569873042, 49.1712129941859], [-122.835701162029, 49.1712244217451], [-122.835704934793, 49.1712351918527], [-122.835705103322, 49.1712356715449], [-122.835710417407, 49.1712466534369], [-122.835717240401, 49.1712572776611], [-122.835725300668, 49.1712675438307], [-122.835734596061, 49.1712772720354], [-122.835745266514, 49.1712864624739], [-122.835756899086, 49.1712951145585], [-122.835769768751, 49.1713030487729], [-122.835769832264, 49.1713249075733], [-122.835295425408, 49.1713266561835], [-122.835287193711, 49.1713267343965], [-122.834812977541, 49.1713284750001], [-122.834813337199, 49.1712385192756]]]}, "properties": {"PLAN_AREA": "City Centre", "PLAN_TYPE": "City Centre Plan", "PLAN_YEAR": 2025, "PLAN_STATUS": "Stage 2 Approved (See Surrey 2050 OCP)", "LAND_USE": "Urban Residential"}}, {"type": "Feature", "geometry": {"type": "Polygon", "coordinates": [[[-122.844740794099, 49.1990130703559], [-122.844790700087, 49.1990749981775], [-122.844883954535, 49.1991907140868], [-122.84475030458, 49.1992624070418], [-122.844698191309, 49.1992903123945], [-122.844600428247, 49.1993427135078], [-122.844402701268, 49.1994487718634], [-122.844079021843, 49.1996223046406], [-122.843917181967, 49.1997090706872], [-122.843842254844, 49.1997492306126], [-122.843804017103, 49.1997697259928], [-122.84378742467, 49.1997686394079], [-122.84373937746, 49.1997303668398], [-122.843493475225, 49.1995344884681], [-122.84348937434, 49.199531221212], [-122.843467313082, 49.1995136477636], [-122.843445509256, 49.1994962797528], [-122.843441150958, 49.1994928079526], [-122.843312754636, 49.1993905298828], [-122.843176031183, 49.1992816180151], [-122.843139522037, 49.1992525360755], [-122.843124139881, 49.1992400684831], [-122.843109083061, 49.199227431496], [-122.84309435592, 49.1992146287596], [-122.843083705326, 49.1992050801614], [-122.843068083226, 49.1991906040322], [-122.843052878774, 49.1991759381856], [-122.843038097334, 49.1991610877952], [-122.843031668192, 49.1991544324235], [-122.843026472078, 49.1991489634095], [-122.843025876965, 49.1991483311299], [-122.843025808556, 49.199148259974], [-122.843023419915, 49.1991457164521], [-122.842998194023, 49.1991176996215], [-122.842974440545, 49.199089135441], [-122.842952187101, 49.1990600571278], [-122.842955781666, 49.1990203189363], [-122.842956706319, 49.199010080832], [-122.843027104955, 49.1990092787988], [-122.84339825357, 49.1990101019564], [-122.843732919585, 49.1990108430837], [-122.844151006414, 49.1990117677976], [-122.844151003605, 49.1990126619276], [-122.844201702948, 49.1990118802708], [-122.844740794099, 49.1990130703559]]]}, "properties": {"PLAN_AREA": "City Centre", "PLAN_TYPE": "City Centre Plan", "PLAN_YEAR": 2025, "PLAN_STATUS": "Stage 2 Approved (See Surrey 2050 OCP)", "LAND_USE": "Commercial"}}, {"type": "Feature", "geometry": {"type": "Polygon", "coordinates": [[[-122.84692810377, 49.2001851587994], [-122.846370998155, 49.2005482604363], [-122.846185532426, 49.2004255478802], [-122.844808474065, 49.1995143916604], [-122.845212451604, 49.1992974604614], [-122.845248947514, 49.1992792695766], [-122.845419592275, 49.1991854071486], [-122.845507810434, 49.1992439056421], [-122.845566714354, 49.1992828450538], [-122.845643152212, 49.1993335008722], [-122.8457254807, 49.1993880333904], [-122.84585972708, 49.1994769963299], [-122.846153974999, 49.1996719598774], [-122.846230551043, 49.1997227063399], [-122.846271647138, 49.1997500168311], [-122.846448361946, 49.1998671018594], [-122.84659562478, 49.1999647185344], [-122.846742750925, 49.2000623348385], [-122.84692810377, 49.2001851587994]]]}, "properties": {"PLAN_AREA": "City Centre", "PLAN_TYPE": "City Centre Plan", "PLAN_YEAR": 2025, "PLAN_STATUS": "Stage 2 Approved (See Surrey 2050 OCP)", "LAND_USE": "Commercial"}}, {"type": "Feature", "geometry": {"type": "Polygon", "coordinates": [[[-122.849296844086, 49.2001885904273], [-122.849254948745, 49.2001575604123], [-122.849243770759, 49.2001648068354], [-122.849181667193, 49.2001144855434], [-122.849126810589, 49.2000606691341], [-122.849079656287, 49.2000038043358], [-122.849040595683, 49.1999443631798], [-122.849009952987, 49.1998828390818], [-122.848987982529, 49.1998197427461], [-122.848974866648, 49.1997555979259], [-122.848970714183, 49.1996909370757], [-122.848973990487, 49.1990797433836], [-122.849042823651, 49.1990353974384], [-122.849666432582, 49.1990409144561], [-122.85054522551, 49.1990487447579], [-122.85066090303, 49.199049775026], [-122.850659981651, 49.1993571552496], [-122.850659122042, 49.1995054238165], [-122.850664538224, 49.1996017651797], [-122.850682457696, 49.1997001196644], [-122.850712443861, 49.1997973473377], [-122.850734018849, 49.1998460308452], [-122.850754647649, 49.199892580338], [-122.850808413353, 49.1999852376077], [-122.850873623521, 49.2000746812116], [-122.850949644235, 49.200160380489], [-122.850999130429, 49.2002069096017], [-122.850995302278, 49.200235588001], [-122.850197296387, 49.2007527781072], [-122.850148270081, 49.2007526506436], [-122.850138482959, 49.2007461676209], [-122.849296844086, 49.2001885904273]]]}, "properties": {"PLAN_AREA": "City Centre", "PLAN_TYPE": "City Centre Plan", "PLAN_YEAR": 2025, "PLAN_STATUS": "Stage 2 Approved (See Surrey 2050 OCP)", "LAND_USE": "Commercial"}}, {"type": "Feature", "geometry": {"type": "Polygon", "coordinates": [[[-122.853711650417, 49.1988091445154], [-122.852254646504, 49.1988044860842], [-122.851104914955, 49.1987858249979], [-122.851067783251, 49.1987610490166], [-122.851070633307, 49.198212322562], [-122.851073944958, 49.1975747481561], [-122.853704079472, 49.1975974998506], [-122.853711650417, 49.1988091445154]]]}, "properties": {"PLAN_AREA": "City Centre", "PLAN_TYPE": "City Centre Plan", "PLAN_YEAR": 2025, "PLAN_STATUS": "Stage 2 Approved (See Surrey 2050 OCP)", "LAND_USE": "Commercial"}}, {"type": "Feature", "geometry": {"type": "Polygon", "coordinates": [[[-122.839667611456, 49.1851190698164], [-122.839652545096, 49.1843958178582], [-122.839985878725, 49.1843999961507], [-122.840421282368, 49.1844043874232], [-122.840789172843, 49.184408051631], [-122.841608383976, 49.1844170228882], [-122.841609045001, 49.1851183853722], [-122.841609078365, 49.1851543658461], [-122.840790171153, 49.1851546593107], [-122.83996770011, 49.1851549474276], [-122.839668361116, 49.1851550512858], [-122.839667611456, 49.1851190698164]]]}, "properties": {"PLAN_AREA": "City Centre", "PLAN_TYPE": "City Centre Plan", "PLAN_YEAR": 2025, "PLAN_STATUS": "Stage 2 Approved (See Surrey 2050 OCP)", "LAND_USE": "Mid Rise"}}, {"type": "Feature", "geometry": {"type": "Polygon", "coordinates": [[[-122.841884339865, 49.1847177569843], [-122.841884177834, 49.1844193204053], [-122.842201144606, 49.1844231154791], [-122.842957908139, 49.184432173528], [-122.843028634923, 49.1844330198901], [-122.843028969898, 49.1851635456793], [-122.842434728065, 49.1851565243034], [-122.842434103699, 49.1851565162553], [-122.842434026854, 49.185156515251], [-122.842431534869, 49.1851564866642], [-122.842431147888, 49.1851564852366], [-122.841887588295, 49.1851500986871], [-122.841885753614, 49.1851500772851], [-122.841884584466, 49.1851500639905], [-122.841884580632, 49.185138346666], [-122.841884496591, 49.1848821909762], [-122.841884339865, 49.1847177569843]]]}, "properties": {"PLAN_AREA": "City Centre", "PLAN_TYPE": "City Centre Plan", "PLAN_YEAR": 2025, "PLAN_STATUS": "Stage 2 Approved (See Surrey 2050 OCP)", "LAND_USE": "Mid Rise"}}, {"type": "Feature", "geometry": {"type": "Polygon", "coordinates": [[[-122.840790336696, 49.1852626035212], [-122.841609177076, 49.1852623099633], [-122.841609209062, 49.1852982922334], [-122.841609839111, 49.1860110768383], [-122.84079101574, 49.1860009349456], [-122.839947763734, 49.1859909315035], [-122.839685635328, 49.1859876642466], [-122.839685672213, 49.1859860172527], [-122.839685646195, 49.1859847254871], [-122.839671359772, 49.1852989753619], [-122.839670610105, 49.185262994793], [-122.840790336696, 49.1852626035212]]]}, "properties": {"PLAN_AREA": "City Centre", "PLAN_TYPE": "City Centre Plan", "PLAN_YEAR": 2025, "PLAN_STATUS": "Stage 2 Approved (See Surrey 2050 OCP)", "LAND_USE": "Mid Rise"}}, {"type": "Feature", "geometry": {"type": "Polygon", "coordinates": [[[-122.841884663095, 49.185311443948], [-122.84188463432, 49.1852580251315], [-122.842429224275, 49.1852644238947], [-122.84242963184, 49.1852644253503], [-122.842431128955, 49.1852644426849], [-122.842431710785, 49.1852644497755], [-122.843029598547, 49.1852715246965], [-122.843029712158, 49.1853796397407], [-122.843029713179, 49.1853806184342], [-122.843029745836, 49.1855416564981], [-122.843029745565, 49.1855426100029], [-122.843029777928, 49.1857037407138], [-122.843029777574, 49.1857047203049], [-122.843029945842, 49.1858658359039], [-122.84302994686, 49.1858668154968], [-122.843029978396, 49.1860277734872], [-122.842431543098, 49.1860208489466], [-122.842430815798, 49.1860208407581], [-122.841884975359, 49.186014517654], [-122.841884954495, 49.1858500838805], [-122.8418847964, 49.1856856499143], [-122.841884776907, 49.1855212161333], [-122.841884663095, 49.185311443948]]]}, "properties": {"PLAN_AREA": "City Centre", "PLAN_TYPE": "City Centre Plan", "PLAN_YEAR": 2025, "PLAN_STATUS": "Stage 2 Approved (See Surrey 2050 OCP)", "LAND_USE": "Mid Rise"}}, {"type": "Feature", "geometry": {"type": "Polygon", "coordinates": [[[-122.843468501253, 49.1860154747651], [-122.843468156181, 49.1852774055889], [-122.844220391741, 49.1852861253904], [-122.8442218422, 49.1852861426389], [-122.844221746069, 49.1854461613591], [-122.844221577622, 49.1857266994211], [-122.844221537134, 49.1857924912159], [-122.844221398921, 49.1860244904993], [-122.844221387744, 49.1860424766473], [-122.843468508993, 49.186033468135], [-122.843468501253, 49.1860154747651]]]}, "properties": {"PLAN_AREA": "City Centre", "PLAN_TYPE": "City Centre Plan", "PLAN_YEAR": 2025, "PLAN_STATUS": "Stage 2 Approved (See Surrey 2050 OCP)", "LAND_USE": "Mid Rise"}}, {"type": "Feature", "geometry": {"type": "Polygon", "coordinates": [[[-122.844387378401, 49.1857944167054], [-122.844387140891, 49.185288132164], [-122.845111491799, 49.1852968490652], [-122.845105305353, 49.1860350533912], [-122.845105154504, 49.186053044749], [-122.844387497255, 49.1860444636663], [-122.844387489156, 49.1860264783919], [-122.844387378401, 49.1857944167054]]]}, "properties": {"PLAN_AREA": "City Centre", "PLAN_TYPE": "City Centre Plan", "PLAN_YEAR": 2025, "PLAN_STATUS": "Stage 2 Approved (See Surrey 2050 OCP)", "LAND_USE": "Mid Rise"}}, {"type": "Feature", "geometry": {"type": "Polygon", "coordinates": [[[-122.85200757507, 49.1859989954279], [-122.852039629857, 49.1845040025731], [-122.852331829427, 49.1845056224075], [-122.853146664751, 49.1845101344929], [-122.853140572111, 49.1847961567139], [-122.853056864776, 49.1847955995742], [-122.853048931861, 49.1851657878498], [-122.853030877812, 49.1860082297535], [-122.853113797686, 49.186043238023], [-122.853106136242, 49.1864010624874], [-122.852902893304, 49.1863128285835], [-122.85200757507, 49.1859989954279]]]}, "properties": {"PLAN_AREA": "City Centre", "PLAN_TYPE": "City Centre Plan", "PLAN_YEAR": 2025, "PLAN_STATUS": "Stage 2 Approved (See Surrey 2050 OCP)", "LAND_USE": "Mid Rise"}}, {"type": "Feature", "geometry": {"type": "Polygon", "coordinates": [[[-122.843468609208, 49.1862313997186], [-122.843468600099, 49.1862134054479], [-122.844214937244, 49.1862223349711], [-122.84421351121, 49.18624031921], [-122.844162699073, 49.1868811391029], [-122.843960964846, 49.1868792142781], [-122.843551289807, 49.186875223832], [-122.843468950807, 49.1868744205232], [-122.843468609208, 49.1862313997186]]]}, "properties": {"PLAN_AREA": "City Centre", "PLAN_TYPE": "City Centre Plan", "PLAN_YEAR": 2025, "PLAN_STATUS": "Stage 2 Approved (See Surrey 2050 OCP)", "LAND_USE": "Mid Rise"}}, {"type": "Feature", "geometry": {"type": "Polygon", "coordinates": [[[-122.844378254602, 49.1862422909062], [-122.844379680579, 49.1862243057657], [-122.845103611685, 49.1862329627754], [-122.84510345397, 49.1862509550229], [-122.845097875795, 49.186890055805], [-122.844690526354, 49.1868861723674], [-122.844327476036, 49.1868827106238], [-122.844378254602, 49.1862422909062]]]}, "properties": {"PLAN_AREA": "City Centre", "PLAN_TYPE": "City Centre Plan", "PLAN_YEAR": 2025, "PLAN_STATUS": "Stage 2 Approved (See Surrey 2050 OCP)", "LAND_USE": "Mid Rise"}}, {"type": "Feature", "geometry": {"type": "Polygon", "coordinates": [[[-122.843469240988, 49.187421498815], [-122.843469008232, 49.1869823771425], [-122.843958536741, 49.1869871459498], [-122.844158577992, 49.1869890541017], [-122.844158931219, 49.1874275912365], [-122.844158985164, 49.1874938742841], [-122.844159145304, 49.1876919516211], [-122.84346938124, 49.1876841724784], [-122.843469240988, 49.187421498815]]]}, "properties": {"PLAN_AREA": "City Centre", "PLAN_TYPE": "City Centre Plan", "PLAN_YEAR": 2025, "PLAN_STATUS": "Stage 2 Approved (See Surrey 2050 OCP)", "LAND_USE": "Mid Rise"}}, {"type": "Feature", "geometry": {"type": "Polygon", "coordinates": [[[-122.841343395239, 49.1876767909238], [-122.841346071647, 49.187400711787], [-122.841793349032, 49.1874051681579], [-122.842064256002, 49.1874074954246], [-122.842413628934, 49.1874109905959], [-122.843030086705, 49.1874169007578], [-122.843030231323, 49.1876930764158], [-122.842414345246, 49.1876871328539], [-122.842064824513, 49.1876837589204], [-122.841343395239, 49.1876767909238]]]}, "properties": {"PLAN_AREA": "City Centre", "PLAN_TYPE": "City Centre Plan", "PLAN_YEAR": 2025, "PLAN_STATUS": "Stage 2 Approved (See Surrey 2050 OCP)", "LAND_USE": "Mid Rise"}}, {"type": "Feature", "geometry": {"type": "Polygon", "coordinates": [[[-122.844323667717, 49.1874938175278], [-122.844323260623, 49.1869906255012], [-122.844688130023, 49.186994104996], [-122.845014595704, 49.1869972169718], [-122.845096933616, 49.186998002086], [-122.845090784818, 49.1877024512764], [-122.844323830745, 49.1876938081744], [-122.844323667717, 49.1874938175278]]]}, "properties": {"PLAN_AREA": "City Centre", "PLAN_TYPE": "City Centre Plan", "PLAN_YEAR": 2025, "PLAN_STATUS": "Stage 2 Approved (See Surrey 2050 OCP)", "LAND_USE": "Mid Rise"}}, {"type": "Feature", "geometry": {"type": "Polygon", "coordinates": [[[-122.846723074323, 49.1943180126478], [-122.846227031927, 49.1943145584335], [-122.846230051248, 49.1941127300184], [-122.846233537926, 49.1938743578397], [-122.846238407737, 49.1935453137834], [-122.846240841934, 49.1933807908476], [-122.846243017367, 49.1932337688551], [-122.846738453062, 49.1932372959616], [-122.846765389391, 49.1932374873216], [-122.846763208781, 49.1933849087086], [-122.846760776598, 49.1935493408046], [-122.846756048058, 49.1938782051627], [-122.84675256224, 49.1941166673105], [-122.846749631065, 49.1943181972108], [-122.846723074323, 49.1943180126478]]]}, "properties": {"PLAN_AREA": "City Centre", "PLAN_TYPE": "City Centre Plan", "PLAN_YEAR": 2025, "PLAN_STATUS": "Stage 2 Approved (See Surrey 2050 OCP)", "LAND_USE": "Commercial"}}, {"type": "Feature", "geometry": {"type": "Polygon", "coordinates": [[[-122.848060566407, 49.1932466996367], [-122.848049334644, 49.19432723664], [-122.84705246495, 49.1943203050504], [-122.847025769582, 49.194320119474], [-122.847027333064, 49.1942092371678], [-122.847029627149, 49.1940448049024], [-122.847032057097, 49.1938803728122], [-122.847034351148, 49.1937159405372], [-122.847039077547, 49.1933871661094], [-122.847041137466, 49.1932394495113], [-122.847067836357, 49.1932396395868], [-122.848060566407, 49.1932466996367]]]}, "properties": {"PLAN_AREA": "City Centre", "PLAN_TYPE": "City Centre Plan", "PLAN_YEAR": 2025, "PLAN_STATUS": "Stage 2 Approved (See Surrey 2050 OCP)", "LAND_USE": "Commercial"}}, {"type": "Feature", "geometry": {"type": "Polygon", "coordinates": [[[-122.834342761381, 49.1944116810991], [-122.834411946787, 49.194366995322], [-122.835575653272, 49.1943765998364], [-122.835568072196, 49.1953647570081], [-122.83434718377, 49.195361968936], [-122.834340179583, 49.1953619561914], [-122.834342761381, 49.1944116810991]]]}, "properties": {"PLAN_AREA": "City Centre", "PLAN_TYPE": "City Centre Plan", "PLAN_YEAR": 2025, "PLAN_STATUS": "Stage 2 Approved (See Surrey 2050 OCP)", "LAND_USE": "Low Rise"}}, {"type": "Feature", "geometry": {"type": "Polygon", "coordinates": [[[-122.83848373382, 49.1944521467628], [-122.838484372481, 49.1944010065769], [-122.838506443793, 49.1944028688869], [-122.83853724876, 49.1944059487752], [-122.838576098771, 49.1944105448163], [-122.838608411872, 49.1944149832873], [-122.838640404859, 49.1944199412313], [-122.838673265678, 49.1944256272004], [-122.838716218797, 49.1944338558376], [-122.838753384307, 49.1944411165784], [-122.838816105501, 49.1944533702943], [-122.838821194416, 49.1944543641825], [-122.838878166955, 49.1944654935232], [-122.838932544307, 49.1944761163784], [-122.838979190908, 49.1944852298105], [-122.839013145404, 49.1944918617158], [-122.839024752647, 49.1944940952399], [-122.83904816329, 49.1944985994388], [-122.839053314133, 49.1944995457278], [-122.839095390361, 49.1945069157481], [-122.839100743151, 49.1945078065454], [-122.839134465922, 49.1945131058857], [-122.839168516723, 49.1945179864912], [-122.839198966183, 49.1945219535457], [-122.839226476547, 49.1945252202633], [-122.839230395127, 49.1945256574932], [-122.83926403855, 49.1945291900048], [-122.839268414306, 49.1945295909889], [-122.839298409288, 49.1945323421172], [-122.839335213113, 49.1945352079549], [-122.839367243051, 49.194537278252], [-122.839372224486, 49.1945375604368], [-122.83941095026, 49.1945394628261], [-122.839417320814, 49.1945397145572], [-122.839466174661, 49.1945411812434], [-122.839472195621, 49.1945413074507], [-122.839529760803, 49.1945419973282], [-122.839542481298, 49.1945420842652], [-122.839541517374, 49.1946975139118], [-122.839540498182, 49.1948619657801], [-122.839539478565, 49.1950265462763], [-122.839538358372, 49.1952073658724], [-122.839537324605, 49.1953741942685], [-122.839012742494, 49.1953735056431], [-122.838473063557, 49.1953727953217], [-122.83847517982, 49.1952000414338], [-122.838477580356, 49.1949454566426], [-122.838479632438, 49.1947810206217], [-122.838481683137, 49.1946165836946], [-122.83848373382, 49.1944521467628]]]}, "properties": {"PLAN_AREA": "City Centre", "PLAN_TYPE": "City Centre Plan", "PLAN_YEAR": 2025, "PLAN_STATUS": "Stage 2 Approved (See Surrey 2050 OCP)", "LAND_USE": "Low Rise"}}, {"type": "Feature", "geometry": {"type": "Polygon", "coordinates": [[[-122.837706923172, 49.1946461545618], [-122.837709560686, 49.194390391707], [-122.837787630603, 49.1943909286584], [-122.83820815627, 49.1943938267098], [-122.838205006412, 49.1946496536235], [-122.838201770083, 49.1949235645895], [-122.838199439411, 49.1951971151994], [-122.838197239626, 49.1953766658266], [-122.837699981448, 49.1953763450395], [-122.837700993111, 49.1951942488762], [-122.837703958307, 49.1949201567492], [-122.837706923172, 49.1946461545618]]]}, "properties": {"PLAN_AREA": "City Centre", "PLAN_TYPE": "City Centre Plan", "PLAN_YEAR": 2025, "PLAN_STATUS": "Stage 2 Approved (See Surrey 2050 OCP)", "LAND_USE": "Low Rise"}}, {"type": "Feature", "geometry": {"type": "Polygon", "coordinates": [[[-122.837124979023, 49.1946420817569], [-122.837127361286, 49.1943863833205], [-122.83749720959, 49.1943889300315], [-122.837625965034, 49.1943898163504], [-122.837623199425, 49.1946455844206], [-122.837620371353, 49.1949195867983], [-122.837617405692, 49.1951936798222], [-122.837616343995, 49.1953762913462], [-122.837119938196, 49.1953759683608], [-122.837120002429, 49.1951904499468], [-122.837122559367, 49.194916266405], [-122.837124979023, 49.1946420817569]]]}, "properties": {"PLAN_AREA": "City Centre", "PLAN_TYPE": "City Centre Plan", "PLAN_YEAR": 2025, "PLAN_STATUS": "Stage 2 Approved (See Surrey 2050 OCP)", "LAND_USE": "Low Rise"}}, {"type": "Feature", "geometry": {"type": "Polygon", "coordinates": [[[-122.855276592238, 49.1947318369784], [-122.855275333509, 49.1946133122156], [-122.856255765642, 49.1946174088023], [-122.856259310934, 49.1952545208427], [-122.856259359674, 49.1952590158624], [-122.856263774162, 49.1956691321546], [-122.856256964217, 49.1956735952503], [-122.856222902098, 49.1956959188031], [-122.855809324593, 49.1956940170418], [-122.85528678222, 49.195691612113], [-122.855285761519, 49.1955954599156], [-122.855283926643, 49.1954227007953], [-122.855282094518, 49.1952499434723], [-122.855280259496, 49.1950772419114], [-122.855278425864, 49.194904538548], [-122.855276592238, 49.1947318369784]]]}, "properties": {"PLAN_AREA": "City Centre", "PLAN_TYPE": "City Centre Plan", "PLAN_YEAR": 2025, "PLAN_STATUS": "Stage 2 Approved (See Surrey 2050 OCP)", "LAND_USE": "Low Rise"}}, {"type": "Feature", "geometry": {"type": "Polygon", "coordinates": [[[-122.839871017848, 49.1946830425848], [-122.839871874075, 49.1945449242744], [-122.840345547957, 49.1945498455981], [-122.8403437142, 49.1946880318242], [-122.840341380037, 49.1948575939197], [-122.840338969401, 49.1950082648403], [-122.84033655875, 49.1951589357568], [-122.840334147794, 49.1953096966221], [-122.840331593193, 49.1954624371539], [-122.840328310974, 49.1956702280069], [-122.840326035195, 49.1958216187175], [-122.84032362156, 49.1959731900394], [-122.839863061766, 49.1959673414075], [-122.839864001609, 49.1958156682032], [-122.839864938954, 49.1956643413111], [-122.839866225837, 49.195456607073], [-122.839867166464, 49.1953046837865], [-122.839868100372, 49.1951539892469], [-122.839869034242, 49.1950033045981], [-122.839869968384, 49.1948525335907], [-122.839871017848, 49.1946830425848]]]}, "properties": {"PLAN_AREA": "City Centre", "PLAN_TYPE": "City Centre Plan", "PLAN_YEAR": 2025, "PLAN_STATUS": "Stage 2 Approved (See Surrey 2050 OCP)", "LAND_USE": "Low Rise"}}, {"type": "Feature", "geometry": {"type": "Polygon", "coordinates": [[[-122.840427455419, 49.1946832019276], [-122.840429155318, 49.1945507140487], [-122.840930665047, 49.1945559214973], [-122.840928965138, 49.1946884021868], [-122.840926615598, 49.1948638112282], [-122.84092420674, 49.1950144821626], [-122.840921660613, 49.1951651520044], [-122.840919253095, 49.1953158229327], [-122.840916696548, 49.1954697319655], [-122.840913416491, 49.1956776127901], [-122.840911143584, 49.195829092569], [-122.84090873174, 49.1959806630053], [-122.840407208595, 49.1959742959531], [-122.84040962226, 49.195822635576], [-122.840412035042, 49.1956712450531], [-122.840415316624, 49.1954635432506], [-122.840417734576, 49.1953105335684], [-122.840420144989, 49.1951598626539], [-122.840422555386, 49.1950091917354], [-122.840425103312, 49.1948584310497], [-122.840427455419, 49.1946832019276]]]}, "properties": {"PLAN_AREA": "City Centre", "PLAN_TYPE": "City Centre Plan", "PLAN_YEAR": 2025, "PLAN_STATUS": "Stage 2 Approved (See Surrey 2050 OCP)", "LAND_USE": "Low Rise"}}, {"type": "Feature", "geometry": {"type": "Polygon", "coordinates": [[[-122.841199124829, 49.1951256656913], [-122.841240713423, 49.1950991075234], [-122.841632420829, 49.1951030599121], [-122.84170030216, 49.1951487079501], [-122.841699910292, 49.195173440035], [-122.841697524354, 49.1953241110081], [-122.841695065799, 49.1954794675376], [-122.841691773646, 49.1956874293241], [-122.841689372147, 49.1958390888473], [-122.841687909434, 49.195931412058], [-122.841686974203, 49.1959904893063], [-122.841185361858, 49.1959840553474], [-122.841186310027, 49.1959249817188], [-122.841187790219, 49.1958326351503], [-122.841187790337, 49.1958325982696], [-122.841190218847, 49.1956811267953], [-122.841193551024, 49.1954733242943], [-122.841196025963, 49.1953189141045], [-122.841198443903, 49.1951681550311], [-122.841199124829, 49.1951256656913]]]}, "properties": {"PLAN_AREA": "City Centre", "PLAN_TYPE": "City Centre Plan", "PLAN_YEAR": 2025, "PLAN_STATUS": "Stage 2 Approved (See Surrey 2050 OCP)", "LAND_USE": "Low Rise"}}, {"type": "Feature", "geometry": {"type": "Polygon", "coordinates": [[[-122.839012072106, 49.1716146642967], [-122.838921807071, 49.1716121087833], [-122.838641794634, 49.1716131526347], [-122.838361783553, 49.1716141976082], [-122.83808163557, 49.1716151499581], [-122.837801623097, 49.1716161935715], [-122.837521612287, 49.1716171447556], [-122.837358488413, 49.1716177229163], [-122.837347651225, 49.1716174377925], [-122.837336815804, 49.171616612949], [-122.837326119933, 49.1716150686728], [-122.837315563024, 49.1716129839706], [-122.83730541975, 49.171610271075], [-122.837295690112, 49.1716069290865], [-122.837286512084, 49.1716031381068], [-122.837277746028, 49.1715988079855], [-122.8372696674, 49.1715940290647], [-122.8372622765, 49.1715887104917], [-122.837255572731, 49.1715830339719], [-122.837249557469, 49.171576998608], [-122.837244502056, 49.1715706947359], [-122.837240270672, 49.1715641221643], [-122.837236863318, 49.1715572808934], [-122.83723455408, 49.171550261263], [-122.837233068281, 49.1715431528396], [-122.83723240592, 49.1715359556233], [-122.837230654265, 49.1713195267446], [-122.837231965806, 49.1710897890511], [-122.837232264071, 49.1710825032346], [-122.837233522367, 49.1710753087247], [-122.837235878177, 49.1710681157617], [-122.837239056236, 49.1710611938182], [-122.837243332886, 49.1710543633764], [-122.83724829293, 49.1710478937117], [-122.837254349601, 49.1710416954529], [-122.837261090742, 49.1710359479261], [-122.837268518315, 49.1710304712267], [-122.83727676588, 49.1710255354036], [-122.837285560432, 49.1710211400718], [-122.837295039451, 49.171017196371], [-122.837304927975, 49.1710138820215], [-122.837315226297, 49.1710111079698], [-122.837325796933, 49.1710089639756], [-122.837336777072, 49.171007450232], [-122.837347755148, 49.1710065661593], [-122.837358868055, 49.1710064019037], [-122.837503468018, 49.1710057976795], [-122.837786220832, 49.171004759539], [-122.838068972264, 49.1710037207043], [-122.838351862247, 49.1710026813712], [-122.838684276695, 49.1710015315283], [-122.83894823398, 49.1710006432936], [-122.839212192628, 49.1709997544574], [-122.839476289826, 49.1709988661101], [-122.839740248458, 49.170997976067], [-122.840006403767, 49.1709969994099], [-122.840005249156, 49.1713093146987], [-122.84000489386, 49.171460436146], [-122.840004176523, 49.1714705999015], [-122.840002221728, 49.1714807619426], [-122.839998896979, 49.1714907421784], [-122.839994338388, 49.1715004499445], [-122.839988544575, 49.1715098870379], [-122.839981381385, 49.1715189624193], [-122.839973122119, 49.1715275865138], [-122.839963766774, 49.171535759321], [-122.839953451753, 49.1715433002232], [-122.839942042313, 49.171550300786], [-122.839929810674, 49.1715565805797], [-122.83991675958, 49.1715621396079], [-122.839903162041, 49.1715669782489], [-122.839888881157, 49.171571006359], [-122.839691026398, 49.1716199337574], [-122.839440032848, 49.1716820092176], [-122.839392250601, 49.1716938166404], [-122.839327020166, 49.171671326574], [-122.839259170429, 49.1716523419122], [-122.839189390084, 49.1716368618102], [-122.839101495348, 49.1716229755928], [-122.839012072106, 49.1716146642967]]]}, "properties": {"PLAN_AREA": "City Centre", "PLAN_TYPE": "City Centre Plan", "PLAN_YEAR": 2025, "PLAN_STATUS": "Stage 2 Approved (See Surrey 2050 OCP)", "LAND_USE": "Urban Residential"}}, {"type": "Feature", "geometry": {"type": "Polygon", "coordinates": [[[-122.854165330563, 49.1781057224696], [-122.854175073183, 49.1781054649117], [-122.854425889395, 49.1781067744306], [-122.854676702883, 49.1781080816022], [-122.854927516383, 49.1781093891286], [-122.855356747159, 49.1781117005056], [-122.855331528601, 49.1788515690399], [-122.854918329573, 49.1788494270352], [-122.854667649809, 49.1788480297051], [-122.854416832585, 49.1788467216109], [-122.854166014003, 49.1788454129703], [-122.85417018723, 49.1785028747446], [-122.85391937203, 49.1785014756185], [-122.853877660477, 49.1785013328962], [-122.853936197774, 49.1781961941], [-122.853953629148, 49.1781942380696], [-122.853970926225, 49.1781912914796], [-122.85398767711, 49.1781874446623], [-122.854003881802, 49.1781826976177], [-122.854019403091, 49.1781770501729], [-122.854034240977, 49.178170502328], [-122.854047983303, 49.1781632334693], [-122.854060906123, 49.1781551539926], [-122.854072731745, 49.1781464443535], [-122.854083324335, 49.1781371025819], [-122.854089102446, 49.1781318925839], [-122.854095702488, 49.1781271333912], [-122.854102850306, 49.1781227347038], [-122.854110545637, 49.1781187864746], [-122.854118788479, 49.1781152887037], [-122.854127578835, 49.1781122413909], [-122.854136641756, 49.1781098240957], [-122.854145977773, 49.1781078569117], [-122.854155586356, 49.1781065197451], [-122.854165330563, 49.1781057224696]]]}, "properties": {"PLAN_AREA": "City Centre", "PLAN_TYPE": "City Centre Plan", "PLAN_YEAR": 2025, "PLAN_STATUS": "Stage 2 Approved (See Surrey 2050 OCP)", "LAND_USE": "Urban Residential"}}, {"type": "Feature", "geometry": {"type": "Polygon", "coordinates": [[[-122.855550829353, 49.1778860119102], [-122.855533680679, 49.1778851808788], [-122.855515431199, 49.1778854279087], [-122.855497453516, 49.17788657481], [-122.855479609638, 49.177888890371], [-122.855462037553, 49.1778921067032], [-122.855445148625, 49.1778963133754], [-122.855428805646, 49.1779015102163], [-122.855413146085, 49.1779076074447], [-122.855398444357, 49.1779146054046], [-122.855384700987, 49.1779223241901], [-122.855371915712, 49.1779308537546], [-122.855200544314, 49.1779300075397], [-122.854944379477, 49.1779286039311], [-122.854678884491, 49.1779271871146], [-122.85441146971, 49.1779258581206], [-122.854143916627, 49.1779244392788], [-122.853911900255, 49.1779231538297], [-122.853908470046, 49.1779231494905], [-122.853904902365, 49.1779232349308], [-122.853901471892, 49.1779233205445], [-122.853883631896, 49.1779242874619], [-122.853865926195, 49.1779262440342], [-122.853848628942, 49.1779292796623], [-122.853831742032, 49.1779332162409], [-122.853815535769, 49.1779380532129], [-122.853799877058, 49.17794379041], [-122.853785176155, 49.1779504274523], [-122.853771296111, 49.1779578760125], [-122.853758374402, 49.1779660454119], [-122.853746823183, 49.1779747562661], [-122.8537363664, 49.1779840981792], [-122.853727144272, 49.1779939813756], [-122.853719292635, 49.1780044060277], [-122.853412772458, 49.1780027553218], [-122.853368224129, 49.178002515263], [-122.853366753076, 49.1779751702529], [-122.853348684447, 49.1776392603144], [-122.853347183529, 49.1776113494573], [-122.853388968133, 49.1776120555727], [-122.853562396509, 49.1776129070845], [-122.853855055222, 49.1776144499003], [-122.854147578382, 49.1776159027494], [-122.854415128428, 49.177617322479], [-122.854682681179, 49.1776182918251], [-122.854783939517, 49.1776186899546], [-122.854948333016, 49.1776124217031], [-122.855204528761, 49.1776026702176], [-122.855546214576, 49.1775896086977], [-122.855546354925, 49.1775885294321], [-122.856051955758, 49.177591145118], [-122.856109476935, 49.1776272899248], [-122.856131473347, 49.1779399963362], [-122.856138328561, 49.1780355363101], [-122.856119440404, 49.1781600083138], [-122.85609453655, 49.1783238724128], [-122.856068791532, 49.1784938531852], [-122.856041928567, 49.1786707580665], [-122.856013806175, 49.1788555772659], [-122.85560595715, 49.1788533697303], [-122.855630214469, 49.1781416094804], [-122.855644082015, 49.1781360209183], [-122.855659058712, 49.1781288442637], [-122.855673077561, 49.1781207659765], [-122.855685863879, 49.1781118765666], [-122.855697418516, 49.1781023559422], [-122.85570760178, 49.1780921139759], [-122.855716414521, 49.178081330576], [-122.855723582058, 49.1780700962524], [-122.855729378552, 49.1780584995024], [-122.855733530697, 49.1780466308377], [-122.855736035486, 49.1780345802081], [-122.855736894294, 49.1780223476156], [-122.855736106339, 49.1780102020197], [-122.85573367299, 49.1779981452214], [-122.855729591507, 49.1779861763175], [-122.855723863589, 49.1779746551237], [-122.85571676117, 49.1779634920261], [-122.855708148158, 49.1779527759082], [-122.855698024024, 49.177942688475], [-122.855686664821, 49.1779331392181], [-122.855674067283, 49.1779243080399], [-122.855660369991, 49.1779161951131], [-122.855646532943, 49.1779094313114], [-122.855632006394, 49.177903385374], [-122.855616791451, 49.1778981490544], [-122.855600887852, 49.177893811406], [-122.855584570279, 49.177890281919], [-122.855567838463, 49.1778876523454], [-122.855550829353, 49.1778860119102]]]}, "properties": {"PLAN_AREA": "City Centre", "PLAN_TYPE": "City Centre Plan", "PLAN_YEAR": 2025, "PLAN_STATUS": "Stage 2 Approved (See Surrey 2050 OCP)", "LAND_USE": "Urban Residential"}}, {"type": "Feature", "geometry": {"type": "Polygon", "coordinates": [[[-122.855878275237, 49.1775363249726], [-122.855548571212, 49.1775346501], [-122.85529484588, 49.1775443145913], [-122.855043864856, 49.1775538929158], [-122.854782043047, 49.1775639050319], [-122.854406099217, 49.1775624395042], [-122.854124141325, 49.1775610015552], [-122.853848220576, 49.1775595696587], [-122.853572301214, 49.1775581380043], [-122.853302418989, 49.1775567142591], [-122.853284114146, 49.1772201464262], [-122.856651064437, 49.1772362738261], [-122.856605840492, 49.1778729044542], [-122.85656484971, 49.1788585145112], [-122.856096543312, 49.1788560420034], [-122.856122429287, 49.1786848020634], [-122.856149432835, 49.1785066370917], [-122.856177695119, 49.178320648628], [-122.856207355859, 49.1781254866438], [-122.856220649843, 49.1780369890292], [-122.856212751071, 49.1779231872161], [-122.856199185174, 49.1777294997016], [-122.856191284933, 49.1776162384991], [-122.856270132024, 49.1775383479329], [-122.856208389535, 49.1775379994147], [-122.855878275237, 49.1775363249726]]]}, "properties": {"PLAN_AREA": "City Centre", "PLAN_TYPE": "City Centre Plan", "PLAN_YEAR": 2025, "PLAN_STATUS": "Stage 2 Approved (See Surrey 2050 OCP)", "LAND_USE": "Urban Residential"}}, {"type": "Feature", "geometry": {"type": "Polygon", "coordinates": [[[-122.842652549225, 49.1938799567375], [-122.842652442067, 49.1935995770147], [-122.842890093219, 49.1936029382561], [-122.843198211969, 49.1936073167196], [-122.843506329399, 49.1936116952588], [-122.843814170685, 49.1936166114222], [-122.844390465798, 49.1936243696773], [-122.84438731937, 49.1938980363021], [-122.844382674771, 49.194301873934], [-122.844156027724, 49.1943003332758], [-122.844156029442, 49.1943002235352], [-122.843799829288, 49.1942979109047], [-122.843378360295, 49.194293556701], [-122.84337837374, 49.1942927759257], [-122.843118132238, 49.194290867436], [-122.842656196889, 49.194286031944], [-122.84265270526, 49.1942859957036], [-122.842652649951, 49.1941420246696], [-122.842652549225, 49.1938799567375]]]}, "properties": {"PLAN_AREA": "City Centre", "PLAN_TYPE": "City Centre Plan", "PLAN_YEAR": 2025, "PLAN_STATUS": "Stage 2 Approved (See Surrey 2050 OCP)", "LAND_USE": "Mid Rise"}}, {"type": "Feature", "geometry": {"type": "Polygon", "coordinates": [[[-122.852195533772, 49.1908742189362], [-122.852198749396, 49.190722193107], [-122.852202822104, 49.1905538058785], [-122.852205163915, 49.1904504580125], [-122.852222717982, 49.1904391895452], [-122.852246928717, 49.1904236487172], [-122.85255392905, 49.1904248479389], [-122.852577128606, 49.1904250933513], [-122.852600316681, 49.1904256309459], [-122.85262348471, 49.1904264605241], [-122.852724452707, 49.1904335193588], [-122.852824158566, 49.1904461143416], [-122.852921896962, 49.190464156375], [-122.853016976487, 49.1904875178287], [-122.853108724536, 49.1905160334421], [-122.853196492072, 49.1905495014936], [-122.853202362891, 49.1905519790714], [-122.853201834713, 49.1905528356543], [-122.853199742704, 49.1905562224328], [-122.853187600204, 49.1905758860659], [-122.853187267851, 49.1905764253628], [-122.853167153593, 49.1905763584139], [-122.853163666718, 49.1907255144202], [-122.853161336349, 49.1908252021179], [-122.853093306253, 49.1908249860723], [-122.852669349593, 49.1908236364503], [-122.852668855911, 49.1908757277321], [-122.852195533772, 49.1908742189362]]]}, "properties": {"PLAN_AREA": "City Centre", "PLAN_TYPE": "City Centre Plan", "PLAN_YEAR": 2025, "PLAN_STATUS": "Stage 2 Approved (See Surrey 2050 OCP)", "LAND_USE": "Commercial"}}, {"type": "Feature", "geometry": {"type": "Polygon", "coordinates": [[[-122.853465070203, 49.1900149959452], [-122.853462299227, 49.1903979107479], [-122.853404475513, 49.1903826228164], [-122.85334793324, 49.190365398493], [-122.853292823238, 49.190346283725], [-122.853168125749, 49.1903051068759], [-122.853038198082, 49.1902715893515], [-122.852904132604, 49.1902460129485], [-122.852767056467, 49.1902285926985], [-122.852628122128, 49.1902194750608], [-122.852603796218, 49.1902187424343], [-122.852579455544, 49.1902182648616], [-122.852555106331, 49.190218042465], [-122.852251617909, 49.1902168567341], [-122.852211062499, 49.190189723525], [-122.852215040705, 49.1900111039788], [-122.852217295058, 49.1899099157682], [-122.852814500374, 49.1899156177237], [-122.852812066495, 49.1900129647135], [-122.853465070203, 49.1900149959452]]]}, "properties": {"PLAN_AREA": "City Centre", "PLAN_TYPE": "City Centre Plan", "PLAN_YEAR": 2025, "PLAN_STATUS": "Stage 2 Approved (See Surrey 2050 OCP)", "LAND_USE": "Commercial"}}, {"type": "Feature", "geometry": {"type": "Polygon", "coordinates": [[[-122.851313645237, 49.1897905663864], [-122.851343093979, 49.1897715189158], [-122.851506434398, 49.1897721185402], [-122.851506979774, 49.1897480972284], [-122.851945961251, 49.1897497069591], [-122.851942934213, 49.1898833708943], [-122.851936582494, 49.1901635005179], [-122.851933464352, 49.1901634965204], [-122.851672123881, 49.1901631036089], [-122.851345254811, 49.1901414184068], [-122.851169177468, 49.1901081994915], [-122.851174522442, 49.1898805527259], [-122.851313645237, 49.1897905663864]]]}, "properties": {"PLAN_AREA": "City Centre", "PLAN_TYPE": "City Centre Plan", "PLAN_YEAR": 2025, "PLAN_STATUS": "Stage 2 Approved (See Surrey 2050 OCP)", "LAND_USE": "Commercial"}}, {"type": "Feature", "geometry": {"type": "Polygon", "coordinates": [[[-122.850042749809, 49.1896954114547], [-122.850286377957, 49.1896963320107], [-122.850521789564, 49.1896972216291], [-122.850962995073, 49.1896988883483], [-122.8510347235, 49.1896991526975], [-122.851032847159, 49.1897582027815], [-122.851031628314, 49.189810358797], [-122.851029993184, 49.1898800308694], [-122.851025586467, 49.190067851144], [-122.85097377204, 49.1900938698365], [-122.850813453919, 49.1900673265789], [-122.850649929142, 49.190051251033], [-122.850484784639, 49.190045799204], [-122.850251676223, 49.1900456384197], [-122.850104906802, 49.1900455361809], [-122.850034502157, 49.1899985404672], [-122.850037976974, 49.1898791716339], [-122.850042749809, 49.1896954114547]]]}, "properties": {"PLAN_AREA": "City Centre", "PLAN_TYPE": "City Centre Plan", "PLAN_YEAR": 2025, "PLAN_STATUS": "Stage 2 Approved (See Surrey 2050 OCP)", "LAND_USE": "Commercial"}}, {"type": "Feature", "geometry": {"type": "Polygon", "coordinates": [[[-122.84722684783, 49.1852401355558], [-122.847229152269, 49.1844915911521], [-122.84726898706, 49.184498105186], [-122.847392538773, 49.1845264257013], [-122.847511817513, 49.1845618458556], [-122.84762572029, 49.1846042760526], [-122.847674374217, 49.1846243998258], [-122.84931791576, 49.1853051825842], [-122.849702630117, 49.185464545927], [-122.851542715629, 49.1861094848422], [-122.851576032694, 49.1861526098969], [-122.85145100415, 49.186718612476], [-122.84722684783, 49.1852401355558]]]}, "properties": {"PLAN_AREA": "City Centre", "PLAN_TYPE": "City Centre Plan", "PLAN_YEAR": 2025, "PLAN_STATUS": "Stage 2 Approved (See Surrey 2050 OCP)", "LAND_USE": "Commercial"}}, {"type": "Feature", "geometry": {"type": "Polygon", "coordinates": [[[-122.84284247866, 49.1808432544487], [-122.842841468707, 49.181162202584], [-122.842844223228, 49.1812082091987], [-122.842852759532, 49.1812539099012], [-122.842867019411, 49.181298992967], [-122.842886905613, 49.1813431508836], [-122.842912282507, 49.1813860824485], [-122.842942977012, 49.1814274948229], [-122.84297877977, 49.1814671055302], [-122.84301944658, 49.1815046443823], [-122.843023131577, 49.1815080857406], [-122.84302631005, 49.1815117377201], [-122.843028954198, 49.1815155683798], [-122.843031040896, 49.1815195442164], [-122.843032551892, 49.1815236304563], [-122.843033473971, 49.1815277913607], [-122.843034450687, 49.1815403247117], [-122.843033649314, 49.1815528634066], [-122.843031076765, 49.1815652992747], [-122.84302675523, 49.1815775250323], [-122.843020721992, 49.1815894352084], [-122.843013029096, 49.1816009270542], [-122.843003742909, 49.1816119014299], [-122.842928572707, 49.1816917533747], [-122.84280661905, 49.1818295327404], [-122.842150074957, 49.181579797431], [-122.841821998451, 49.1809610108185], [-122.841898289004, 49.1808820237703], [-122.842023603647, 49.1808708728233], [-122.842617216838, 49.1808180494933], [-122.842774645527, 49.1808042536833], [-122.84284247866, 49.1808432544487]]]}, "properties": {"PLAN_AREA": "City Centre", "PLAN_TYPE": "City Centre Plan", "PLAN_YEAR": 2025, "PLAN_STATUS": "Stage 2 Approved (See Surrey 2050 OCP)", "LAND_USE": "Commercial"}}, {"type": "Feature", "geometry": {"type": "Polygon", "coordinates": [[[-122.857252752392, 49.1848339134839], [-122.857256183351, 49.1845022589443], [-122.857509227022, 49.1845032919497], [-122.857762132104, 49.1845043251295], [-122.858015036946, 49.1845054459095], [-122.858267943424, 49.1845064779835], [-122.85852098714, 49.1845075096717], [-122.858773892264, 49.1845085424351], [-122.85902679852, 49.1845096636998], [-122.85927970504, 49.1845106953573], [-122.859363412486, 49.1845110671809], [-122.860127072035, 49.1845142533172], [-122.860014273047, 49.1847067957536], [-122.859901335699, 49.1848994287587], [-122.859842728182, 49.184999564738], [-122.859860304534, 49.185092328829], [-122.859896943485, 49.1852856838395], [-122.859355031627, 49.1852834896674], [-122.859271459854, 49.1852832070573], [-122.859018549394, 49.1852821762779], [-122.858765638947, 49.1852811449446], [-122.858512728256, 49.185280202111], [-122.858259819201, 49.1852791705713], [-122.858006910158, 49.1852781384778], [-122.857753999751, 49.1852771067283], [-122.85750109047, 49.1852761643796], [-122.857248180089, 49.185275130623], [-122.857251611115, 49.184943476109], [-122.857252752392, 49.1848339134839]]]}, "properties": {"PLAN_AREA": "City Centre", "PLAN_TYPE": "City Centre Plan", "PLAN_YEAR": 2025, "PLAN_STATUS": "Stage 2 Approved (See Surrey 2050 OCP)", "LAND_USE": "Urban Residential"}}, {"type": "Feature", "geometry": {"type": "Polygon", "coordinates": [[[-122.857243045914, 49.1857685199478], [-122.857246284668, 49.1854560252787], [-122.85752773801, 49.1854571842073], [-122.857809054398, 49.1854582514284], [-122.858090507769, 49.1854594089855], [-122.858371962529, 49.1854605649589], [-122.858653280324, 49.185461632824], [-122.858934733733, 49.1854627901229], [-122.859216188531, 49.185463945838], [-122.859401858374, 49.1854646235861], [-122.859501623243, 49.1854650166551], [-122.860003191956, 49.1854670703894], [-122.860169444557, 49.1856364766583], [-122.860335696666, 49.1858059726352], [-122.860501951535, 49.1859753784175], [-122.860668207289, 49.1861448730099], [-122.860166769534, 49.1861430921845], [-122.860067003293, 49.1861427005884], [-122.859610988565, 49.186141153183], [-122.859536609831, 49.1861408810402], [-122.859346682272, 49.1861405581374], [-122.859082239614, 49.1861401431267], [-122.85881903067, 49.1861397290187], [-122.858555684759, 49.1861392232903], [-122.858292477199, 49.1861388079839], [-122.858029132408, 49.1861383937081], [-122.857765786512, 49.1861378879775], [-122.857769023985, 49.1858242230209], [-122.857769591611, 49.1857693405135], [-122.857524503095, 49.1857689592619], [-122.857243045914, 49.1857685199478]]]}, "properties": {"PLAN_AREA": "City Centre", "PLAN_TYPE": "City Centre Plan", "PLAN_YEAR": 2025, "PLAN_STATUS": "Stage 2 Approved (See Surrey 2050 OCP)", "LAND_USE": "Urban Residential"}}, {"type": "Feature", "geometry": {"type": "Polygon", "coordinates": [[[-122.838549917837, 49.2021483624771], [-122.838843433191, 49.2023827186878], [-122.838837682971, 49.2024206474642], [-122.838691578762, 49.2024989437365], [-122.838442341755, 49.2026325066899], [-122.838264210669, 49.2027281158566], [-122.838038175604, 49.2028494354281], [-122.837876420143, 49.202936253356], [-122.837440187031, 49.2025879779892], [-122.837436471058, 49.2025850106053], [-122.837598195743, 49.2024982535137], [-122.837824278558, 49.2023768638002], [-122.838002407934, 49.2022812310165], [-122.837976335801, 49.202260414391], [-122.838403932746, 49.2020317986489], [-122.838430058331, 49.2020526593304], [-122.838549917837, 49.2021483624771]]]}, "properties": {"PLAN_AREA": "City Centre", "PLAN_TYPE": "City Centre Plan", "PLAN_YEAR": 2025, "PLAN_STATUS": "Stage 2 Approved (See Surrey 2050 OCP)", "LAND_USE": "Commercial"}}, {"type": "Feature", "geometry": {"type": "Polygon", "coordinates": [[[-122.848186049402, 49.1922376455559], [-122.848191789404, 49.1917719770382], [-122.850118760088, 49.1917805296599], [-122.850391279906, 49.1917817366513], [-122.85047051855, 49.1918714837086], [-122.850536845203, 49.1919656214737], [-122.850589699062, 49.1920633540979], [-122.85062863321, 49.1921638553369], [-122.850653318407, 49.1922662755347], [-122.85066354587, 49.1923697488071], [-122.85066382945, 49.1923959129616], [-122.850661580416, 49.1927235825664], [-122.850659371223, 49.193045300901], [-122.850652482959, 49.1930497446769], [-122.849837944713, 49.1930436556446], [-122.849797187004, 49.1930163747149], [-122.849802182833, 49.1926777614099], [-122.849806788593, 49.1923655119613], [-122.849807189193, 49.1923383655056], [-122.849697174791, 49.1923378976569], [-122.849468762952, 49.192336926432], [-122.849147767773, 49.1923353364251], [-122.848826729799, 49.1923338345237], [-122.848505807133, 49.1923323327808], [-122.848227433216, 49.1923311928077], [-122.848225350537, 49.1923264594319], [-122.848212771835, 49.1922967563563], [-122.848199670875, 49.1922671504162], [-122.848186049402, 49.1922376455559]]]}, "properties": {"PLAN_AREA": "City Centre", "PLAN_TYPE": "City Centre Plan", "PLAN_YEAR": 2025, "PLAN_STATUS": "Stage 2 Approved (See Surrey 2050 OCP)", "LAND_USE": "Commercial"}}, {"type": "Feature", "geometry": {"type": "Polygon", "coordinates": [[[-122.846305323906, 49.1918417837291], [-122.846346883087, 49.1918149727006], [-122.846842306715, 49.1918169323662], [-122.847523054505, 49.1918196204682], [-122.847616993117, 49.1918617166162], [-122.847761401813, 49.1920997487374], [-122.847816236242, 49.1921934080381], [-122.847865186225, 49.1922884575209], [-122.847908169979, 49.192384738447], [-122.847947381778, 49.192481075873], [-122.847980158487, 49.1925784406093], [-122.848006437941, 49.1926766481049], [-122.848027090029, 49.192775332149], [-122.848041926139, 49.1928744643755], [-122.848050924209, 49.1929738976045], [-122.848050733743, 49.1929854464444], [-122.847981398523, 49.1930299153171], [-122.847570658896, 49.1930270063923], [-122.847305948038, 49.1930251302225], [-122.846328902999, 49.1930182005948], [-122.846288149939, 49.1929909346238], [-122.846295036087, 49.1925301261531], [-122.846297312943, 49.1923777682489], [-122.846305323906, 49.1918417837291]]]}, "properties": {"PLAN_AREA": "City Centre", "PLAN_TYPE": "City Centre Plan", "PLAN_YEAR": 2025, "PLAN_STATUS": "Stage 2 Approved (See Surrey 2050 OCP)", "LAND_USE": "Commercial"}}, {"type": "Feature", "geometry": {"type": "Polygon", "coordinates": [[[-122.845603338839, 49.1930133136671], [-122.845605891505, 49.1927734631807], [-122.845626478724, 49.1927735491693], [-122.845630485953, 49.1923895110307], [-122.845636510987, 49.1918121598166], [-122.845642139429, 49.1918121817316], [-122.846140206345, 49.1918141542382], [-122.846132036154, 49.1923924966016], [-122.846123213328, 49.1930170164082], [-122.845603338839, 49.1930133136671]]]}, "properties": {"PLAN_AREA": "City Centre", "PLAN_TYPE": "City Centre Plan", "PLAN_YEAR": 2025, "PLAN_STATUS": "Stage 2 Approved (See Surrey 2050 OCP)", "LAND_USE": "Commercial"}}, {"type": "Feature", "geometry": {"type": "Polygon", "coordinates": [[[-122.845096954801, 49.1928768557644], [-122.845094382339, 49.1931183001801], [-122.84509164977, 49.1933798021328], [-122.845089935051, 49.193543895135], [-122.845085014152, 49.1940147619582], [-122.845081962937, 49.1943066244377], [-122.844547370746, 49.1943029934567], [-122.844563848077, 49.192869684489], [-122.844564050095, 49.1928520791213], [-122.845097141265, 49.1928593358305], [-122.845096954801, 49.1928768557644]]]}, "properties": {"PLAN_AREA": "City Centre", "PLAN_TYPE": "City Centre Plan", "PLAN_YEAR": 2025, "PLAN_STATUS": "Stage 2 Approved (See Surrey 2050 OCP)", "LAND_USE": "Commercial"}}, {"type": "Feature", "geometry": {"type": "Polygon", "coordinates": [[[-122.845087748632, 49.1917892363123], [-122.845078645428, 49.192660676371], [-122.84507846318, 49.1926781630285], [-122.844565445562, 49.1926712750711], [-122.844565704887, 49.1926537768241], [-122.844565708545, 49.1926534853807], [-122.84456788943, 49.192506296094], [-122.84457060612, 49.1923414083319], [-122.844572909165, 49.1921766828237], [-122.844573666437, 49.1921224672455], [-122.844101421326, 49.1921164875413], [-122.843489128307, 49.1921083570273], [-122.84349714394, 49.1917688844685], [-122.845087748632, 49.1917892363123]]]}, "properties": {"PLAN_AREA": "City Centre", "PLAN_TYPE": "City Centre Plan", "PLAN_YEAR": 2025, "PLAN_STATUS": "Stage 2 Approved (See Surrey 2050 OCP)", "LAND_USE": "Commercial"}}, {"type": "Feature", "geometry": {"type": "Polygon", "coordinates": [[[-122.841159921893, 49.1920923336479], [-122.840950692138, 49.1920895288148], [-122.840950701054, 49.1920888883602], [-122.840955229967, 49.1917439024341], [-122.840955331841, 49.1917356709555], [-122.841689968151, 49.1917452815908], [-122.841682074571, 49.192022418421], [-122.841712574135, 49.1920997408275], [-122.841159921893, 49.1920923336479]]]}, "properties": {"PLAN_AREA": "City Centre", "PLAN_TYPE": "City Centre Plan", "PLAN_YEAR": 2025, "PLAN_STATUS": "Stage 2 Approved (See Surrey 2050 OCP)", "LAND_USE": "Commercial"}}, {"type": "Feature", "geometry": {"type": "Polygon", "coordinates": [[[-122.843332477363, 49.1917667766979], [-122.843324462212, 49.1921061745853], [-122.84299731905, 49.1921018479541], [-122.842579280349, 49.1920963278967], [-122.84217421951, 49.1920909347038], [-122.842162673321, 49.1920907812968], [-122.842122310394, 49.1919884565246], [-122.842129069133, 49.1917510279594], [-122.843329688613, 49.1917667414314], [-122.843332477363, 49.1917667766979]]]}, "properties": {"PLAN_AREA": "City Centre", "PLAN_TYPE": "City Centre Plan", "PLAN_YEAR": 2025, "PLAN_STATUS": "Stage 2 Approved (See Surrey 2050 OCP)", "LAND_USE": "Commercial"}}, {"type": "Feature", "geometry": {"type": "Polygon", "coordinates": [[[-122.839905542442, 49.1920760661544], [-122.839910166974, 49.1917219888268], [-122.840396342659, 49.1917283548399], [-122.840790657397, 49.1917335154731], [-122.840790539131, 49.1917429972786], [-122.840786017749, 49.1920874183029], [-122.840391725181, 49.192082597709], [-122.839905542442, 49.1920760661544]]]}, "properties": {"PLAN_AREA": "City Centre", "PLAN_TYPE": "City Centre Plan", "PLAN_YEAR": 2025, "PLAN_STATUS": "Stage 2 Approved (See Surrey 2050 OCP)", "LAND_USE": "Commercial"}}, {"type": "Feature", "geometry": {"type": "Polygon", "coordinates": [[[-122.839572235052, 49.1923746432079], [-122.83957217648, 49.1923791740696], [-122.839572052775, 49.1923885677112], [-122.838572796088, 49.1923096653985], [-122.838572820583, 49.1923084645574], [-122.838573063981, 49.1922965101161], [-122.838573433214, 49.1922783616727], [-122.838576040237, 49.1921503448069], [-122.838577935203, 49.1920572548762], [-122.838579388826, 49.1919859150142], [-122.838585120672, 49.1917044297271], [-122.839046374451, 49.1917096070926], [-122.839580821832, 49.1917174281799], [-122.839576194893, 49.1920715234828], [-122.839572235052, 49.1923746432079]]]}, "properties": {"PLAN_AREA": "City Centre", "PLAN_TYPE": "City Centre Plan", "PLAN_YEAR": 2025, "PLAN_STATUS": "Stage 2 Approved (See Surrey 2050 OCP)", "LAND_USE": "Commercial"}}, {"type": "Feature", "geometry": {"type": "Polygon", "coordinates": [[[-122.838299226666, 49.1922629073311], [-122.838297275357, 49.1922775336896], [-122.838295198831, 49.1922930998838], [-122.837718573861, 49.1922892354026], [-122.837147600763, 49.1922854047971], [-122.837147613666, 49.1922701847321], [-122.837147626629, 49.1922549466765], [-122.8371477411, 49.1921209804192], [-122.837148421153, 49.1920392417925], [-122.837149108775, 49.1919564507228], [-122.837152611791, 49.1916857810334], [-122.838243297588, 49.1917001932467], [-122.838310670591, 49.1917010827728], [-122.83830349615, 49.1920532944403], [-122.838299226666, 49.1922629073311]]]}, "properties": {"PLAN_AREA": "City Centre", "PLAN_TYPE": "City Centre Plan", "PLAN_YEAR": 2025, "PLAN_STATUS": "Stage 2 Approved (See Surrey 2050 OCP)", "LAND_USE": "Commercial"}}, {"type": "Feature", "geometry": {"type": "Polygon", "coordinates": [[[-122.83573057154, 49.1920241025109], [-122.835733297802, 49.1916670451853], [-122.836877660517, 49.1916821502127], [-122.836876468223, 49.1918118529745], [-122.836874907197, 49.1919927547837], [-122.836874503311, 49.1920358633919], [-122.836873210576, 49.192173567342], [-122.836872115717, 49.1922677854879], [-122.836870861817, 49.1923757257696], [-122.835896575001, 49.1923690769896], [-122.83572794395, 49.1923679260385], [-122.83572876939, 49.1922599815606], [-122.83573057154, 49.1920241025109]]]}, "properties": {"PLAN_AREA": "City Centre", "PLAN_TYPE": "City Centre Plan", "PLAN_YEAR": 2025, "PLAN_STATUS": "Stage 2 Approved (See Surrey 2050 OCP)", "LAND_USE": "Commercial"}}, {"type": "Feature", "geometry": {"type": "Polygon", "coordinates": [[[-122.839881364785, 49.1938514982735], [-122.839885882011, 49.1935631020273], [-122.840318177561, 49.1935688134556], [-122.840314160894, 49.1938559870463], [-122.840314158942, 49.19385616695], [-122.840312014099, 49.1940095368591], [-122.840309872351, 49.1941623670494], [-122.840308481042, 49.1942615753853], [-122.839875011643, 49.1942570721664], [-122.839881364785, 49.1938514982735]]]}, "properties": {"PLAN_AREA": "City Centre", "PLAN_TYPE": "City Centre Plan", "PLAN_YEAR": 2025, "PLAN_STATUS": "Stage 2 Approved (See Surrey 2050 OCP)", "LAND_USE": "Low Rise"}}, {"type": "Feature", "geometry": {"type": "Polygon", "coordinates": [[[-122.840480088905, 49.1938576268059], [-122.84048540557, 49.1935709398531], [-122.840754959999, 49.1935745195575], [-122.8410656815, 49.1935786446355], [-122.841376267461, 49.1935826796378], [-122.841686989066, 49.1935868039439], [-122.841997716527, 49.1935908293731], [-122.842213233069, 49.1935937164561], [-122.842213338554, 49.1938755678123], [-122.8422134902, 49.194281425069], [-122.841755061575, 49.1942766807167], [-122.841131999812, 49.1942701340251], [-122.841073900753, 49.1942695233702], [-122.840474529548, 49.194263299875], [-122.840480088905, 49.1938576268059]]]}, "properties": {"PLAN_AREA": "City Centre", "PLAN_TYPE": "City Centre Plan", "PLAN_YEAR": 2025, "PLAN_STATUS": "Stage 2 Approved (See Surrey 2050 OCP)", "LAND_USE": "Low Rise"}}, {"type": "Feature", "geometry": {"type": "Polygon", "coordinates": [[[-122.854318260372, 49.1934124466898], [-122.854322258774, 49.1933679545924], [-122.85625605614, 49.1933755759418], [-122.856261310235, 49.1943295763712], [-122.855145599468, 49.1943249135503], [-122.853969712207, 49.1943199012187], [-122.853969750267, 49.1943195612439], [-122.853978352687, 49.194262901624], [-122.854009155659, 49.1941615507482], [-122.854072646748, 49.1940588145105], [-122.854094727775, 49.1940290535148], [-122.854171086531, 49.1939261346791], [-122.854256525208, 49.1937691608928], [-122.854302479619, 49.1935880135933], [-122.854318260372, 49.1934124466898]]]}, "properties": {"PLAN_AREA": "City Centre", "PLAN_TYPE": "City Centre Plan", "PLAN_YEAR": 2025, "PLAN_STATUS": "Stage 2 Approved (See Surrey 2050 OCP)", "LAND_USE": "Low Rise"}}, {"type": "Feature", "geometry": {"type": "Polygon", "coordinates": [[[-122.857299036466, 49.193394608972], [-122.857341115581, 49.193367225235], [-122.85789231506, 49.1933681791106], [-122.857890451763, 49.1935385490393], [-122.857888585966, 49.1937088290067], [-122.857886722641, 49.1938791989253], [-122.857884995438, 49.1940494799526], [-122.857883132086, 49.194219849861], [-122.857881267605, 49.1943901298097], [-122.857879405598, 49.1945604997096], [-122.857877543579, 49.1947308687049], [-122.857875819056, 49.1949011488107], [-122.857873955635, 49.1950715186935], [-122.857871852196, 49.1952782284496], [-122.857282085245, 49.1952840974542], [-122.857280878102, 49.1950691636983], [-122.85728274356, 49.1948987938267], [-122.857284607373, 49.1947285139012], [-122.857286471429, 49.1945581449174], [-122.857288335472, 49.1943877750288], [-122.857290064735, 49.1942174949219], [-122.857291931496, 49.1940471250266], [-122.857293796614, 49.1938768441778], [-122.857295661975, 49.1937064742707], [-122.857297528435, 49.193536194313], [-122.857299036466, 49.193394608972]]]}, "properties": {"PLAN_AREA": "City Centre", "PLAN_TYPE": "City Centre Plan", "PLAN_YEAR": 2025, "PLAN_STATUS": "Stage 2 Approved (See Surrey 2050 OCP)", "LAND_USE": "Low Rise"}}, {"type": "Feature", "geometry": {"type": "Polygon", "coordinates": [[[-122.856667947878, 49.1934383606277], [-122.856667556331, 49.1933116538896], [-122.856667014978, 49.193136087991], [-122.857262591272, 49.1931372807428], [-122.857262199912, 49.1932227366835], [-122.857261116365, 49.1933126381532], [-122.857218922743, 49.1933125680087], [-122.85721742704, 49.1934393002969], [-122.857214838076, 49.1936587972438], [-122.857212766658, 49.1938343787833], [-122.857210693787, 49.1940099828039], [-122.857208622384, 49.1941855481411], [-122.857206550887, 49.1943611404587], [-122.857204479392, 49.1945367264742], [-122.857202406506, 49.1947123133821], [-122.857200328221, 49.1948883401489], [-122.857199373251, 49.1949692824167], [-122.857198534652, 49.1950403137887], [-122.85719824201, 49.1951095494703], [-122.857198339843, 49.195190473247], [-122.857198455123, 49.1952848855192], [-122.856715483031, 49.1952894785551], [-122.856674198852, 49.1952628956489], [-122.856673880357, 49.1951954582749], [-122.856673496514, 49.1951145341426], [-122.85667313459, 49.1950383757545], [-122.856672799036, 49.1949673420295], [-122.856672415327, 49.1948863729177], [-122.856671871504, 49.1947102286653], [-122.856671330204, 49.1945346376226], [-122.856670788898, 49.1943590492731], [-122.856670246225, 49.194183460017], [-122.856669704924, 49.1940078716569], [-122.856669163633, 49.1938322805927], [-122.856668621098, 49.1936566463441], [-122.856667947878, 49.1934383606277]]]}, "properties": {"PLAN_AREA": "City Centre", "PLAN_TYPE": "City Centre Plan", "PLAN_YEAR": 2025, "PLAN_STATUS": "Stage 2 Approved (See Surrey 2050 OCP)", "LAND_USE": "Low Rise"}}, {"type": "Feature", "geometry": {"type": "Polygon", "coordinates": [[[-122.835680501938, 49.1950155353242], [-122.835685395266, 49.1943773470085], [-122.836280480456, 49.1943815995166], [-122.836809219928, 49.1943853720341], [-122.836850262637, 49.1944126417537], [-122.836845081206, 49.1949731317544], [-122.836841403954, 49.1953612816644], [-122.835677922954, 49.1953528047537], [-122.835678049591, 49.195335292852], [-122.835680501938, 49.1950155353242]]]}, "properties": {"PLAN_AREA": "City Centre", "PLAN_TYPE": "City Centre Plan", "PLAN_YEAR": 2025, "PLAN_STATUS": "Stage 2 Approved (See Surrey 2050 OCP)", "LAND_USE": "Low Rise"}}, {"type": "Feature", "geometry": {"type": "Polygon", "coordinates": [[[-122.852522969848, 49.2017082318515], [-122.852587919529, 49.2017508688547], [-122.852685786356, 49.2018161871936], [-122.85291094183, 49.2016690401928], [-122.853028669967, 49.201592099391], [-122.853136095967, 49.201521892748], [-122.853524513801, 49.201778216066], [-122.853311325696, 49.2019175535439], [-122.853697761906, 49.202171758048], [-122.853798809685, 49.2022382290673], [-122.853698804604, 49.2023036539196], [-122.853615330439, 49.2023582638934], [-122.853287337458, 49.2025725746389], [-122.853287364381, 49.2025727545791], [-122.853209464121, 49.2026236589754], [-122.853209338806, 49.2026237919466], [-122.853100540264, 49.2027381026726], [-122.853099692164, 49.2027384731], [-122.853108199326, 49.2031583513978], [-122.853232958388, 49.2032468717556], [-122.853112446611, 49.2033257072135], [-122.852777065299, 49.2035445047317], [-122.852298139347, 49.2032194120249], [-122.852219539487, 49.2031662661841], [-122.852219566997, 49.2031662482286], [-122.852015706164, 49.2030284472315], [-122.851816638509, 49.2028944309474], [-122.851577026266, 49.2027313055926], [-122.851574951792, 49.202690553301], [-122.851578641299, 49.2026498992685], [-122.851587822159, 49.202609612104], [-122.851602492183, 49.2025699607629], [-122.851622648634, 49.2025313968039], [-122.851648156164, 49.2024941890099], [-122.85172573221, 49.2024433743024], [-122.851785014093, 49.2024046806285], [-122.851797548585, 49.2023964893969], [-122.85192304971, 49.2023274683757], [-122.85203058934, 49.2022634498731], [-122.852130141991, 49.2021941060317], [-122.852221095379, 49.2021198633633], [-122.852318563263, 49.2020244519514], [-122.852401839256, 49.2019234334614], [-122.852470178521, 49.2018177115274], [-122.852522969848, 49.2017082318515]]]}, "properties": {"PLAN_AREA": "City Centre", "PLAN_TYPE": "City Centre Plan", "PLAN_YEAR": 2025, "PLAN_STATUS": "Stage 2 Approved (See Surrey 2050 OCP)", "LAND_USE": "High Rise"}}, {"type": "Feature", "geometry": {"type": "Polygon", "coordinates": [[[-122.836050017602, 49.1718455960361], [-122.836048540792, 49.1716717146615], [-122.836047201181, 49.1714978334764], [-122.836046487822, 49.1714139040147], [-122.836520894115, 49.1714121541171], [-122.836558200845, 49.1714120270159], [-122.836955498164, 49.1714105250901], [-122.836956323333, 49.1715110061541], [-122.836957239625, 49.1716067171091], [-122.836943354406, 49.1716155129509], [-122.836930700948, 49.1716252091662], [-122.836919552845, 49.1716356280337], [-122.836910050331, 49.1716466788988], [-122.836901918245, 49.1716581814663], [-122.836895567864, 49.1716702262708], [-122.836890998704, 49.1716825434514], [-122.836888076615, 49.1716950428652], [-122.836887076191, 49.1717068253649], [-122.836887448757, 49.1717186988579], [-122.836889468204, 49.1717303956694], [-122.836893134242, 49.1717420048529], [-122.836898171707, 49.1717533461127], [-122.836904720832, 49.1717643296929], [-122.836912641682, 49.1717749553959], [-122.83692193759, 49.1717850442184], [-122.83693260719, 49.1717945943592], [-122.836944376393, 49.1718035163768], [-122.836957382685, 49.1718117205116], [-122.836970802433, 49.1718189357397], [-122.836985186554, 49.1718253427457], [-122.837000259294, 49.1718309411402], [-122.837016020653, 49.1718357309228], [-122.837032470625, 49.1718397129927], [-122.837049198234, 49.1718427050637], [-122.83706620318, 49.1718447979882], [-122.837083622945, 49.1718459029062], [-122.837100908475, 49.1718461071973], [-122.837118334146, 49.1718454121482], [-122.837135488681, 49.1718437272253], [-122.837152372077, 49.1718410524287], [-122.837168983741, 49.1718375685642], [-122.837184912399, 49.1718331832995], [-122.837200296606, 49.1718278986293], [-122.837214996139, 49.1718218025107], [-122.837228875175, 49.1718148956519], [-122.837241796227, 49.1718072678131], [-122.837253759, 49.1717990089476], [-122.837401790757, 49.1717985005393], [-122.837694425861, 49.1717974765358], [-122.837987061247, 49.1717963618377], [-122.838279694955, 49.1717953372487], [-122.838572191463, 49.1717943108269], [-122.838864826522, 49.1717932847572], [-122.838923408371, 49.1717930066684], [-122.838976634797, 49.1717942511922], [-122.839029716075, 49.1717983731026], [-122.839081965466, 49.1718051933348], [-122.839133243832, 49.1718148907036], [-122.839183141858, 49.1718271938803], [-122.839231247681, 49.1718421931463], [-122.839190840001, 49.1720740361789], [-122.839141486232, 49.1723560607923], [-122.838869835614, 49.1723571195435], [-122.838577197232, 49.1723581456225], [-122.838284560208, 49.1723591718612], [-122.837991921512, 49.1723602864101], [-122.837699283096, 49.1723613111638], [-122.837406646044, 49.1723623342784], [-122.837114008979, 49.1723633575509], [-122.83682137024, 49.1723644691336], [-122.836528733154, 49.172365490923], [-122.836054310892, 49.1723672408331], [-122.836052834061, 49.1721933576752], [-122.836051357233, 49.1720194763112], [-122.836050017602, 49.1718455960361]]]}, "properties": {"PLAN_AREA": "City Centre", "PLAN_TYPE": "City Centre Plan", "PLAN_YEAR": 2025, "PLAN_STATUS": "Stage 2 Approved (See Surrey 2050 OCP)", "LAND_USE": "Low Rise"}}, {"type": "Feature", "geometry": {"type": "Polygon", "coordinates": [[[-122.835296804852, 49.1714166053928], [-122.835770595199, 49.171414859498], [-122.835771307796, 49.1714988780145], [-122.835772647813, 49.1716727592037], [-122.835774123658, 49.1718466405807], [-122.835775462322, 49.172020520858], [-122.835776938187, 49.172194401325], [-122.835778276858, 49.1723682842902], [-122.835303863078, 49.1723699420755], [-122.83478924812, 49.1723718102675], [-122.834790490162, 49.1720843214763], [-122.8347914, 49.1718954221654], [-122.834792171566, 49.171706432697], [-122.834793081687, 49.1715174434206], [-122.834793557719, 49.1714185006076], [-122.834794758154, 49.1714184960282], [-122.835288571768, 49.1714166836039], [-122.835296188847, 49.171416610811], [-122.835296804852, 49.1714166053928]]]}, "properties": {"PLAN_AREA": "City Centre", "PLAN_TYPE": "City Centre Plan", "PLAN_YEAR": 2025, "PLAN_STATUS": "Stage 2 Approved (See Surrey 2050 OCP)", "LAND_USE": "Low Rise"}}, {"type": "Feature", "geometry": {"type": "Polygon", "coordinates": [[[-122.856670567464, 49.1845268087347], [-122.856712087558, 49.1844999642131], [-122.857172614537, 49.1845018857648], [-122.857256183351, 49.1845022589443], [-122.857252752392, 49.1848339134839], [-122.857251611115, 49.184943476109], [-122.857248180089, 49.185275130623], [-122.857164609974, 49.1852747574365], [-122.856663044454, 49.1852727840298], [-122.856664978957, 49.1850795667216], [-122.856666913706, 49.1848862585544], [-122.856668985406, 49.1846930405039], [-122.856670567464, 49.1845268087347]]]}, "properties": {"PLAN_AREA": "City Centre", "PLAN_TYPE": "City Centre Plan", "PLAN_YEAR": 2025, "PLAN_STATUS": "Stage 2 Approved (See Surrey 2050 OCP)", "LAND_USE": "Low Rise"}}, {"type": "Feature", "geometry": {"type": "Polygon", "coordinates": [[[-122.851091115175, 49.1933127863447], [-122.851159868803, 49.1932701472049], [-122.851206784278, 49.1932740123683], [-122.851253336798, 49.1932794448251], [-122.851299404551, 49.1932864303604], [-122.851564571706, 49.1933326493814], [-122.851662407351, 49.1933458100273], [-122.851761411241, 49.1933544373019], [-122.851861094944, 49.1933584886429], [-122.85186109603, 49.1933585848942], [-122.852838862133, 49.1933623040853], [-122.852843554287, 49.1943151651701], [-122.851865107645, 49.1943110511576], [-122.851098922045, 49.1943078233805], [-122.85108566498, 49.1942990313566], [-122.851091115175, 49.1933127863447]]]}, "properties": {"PLAN_AREA": "City Centre", "PLAN_TYPE": "City Centre Plan", "PLAN_YEAR": 2025, "PLAN_STATUS": "Stage 2 Approved (See Surrey 2050 OCP)", "LAND_USE": "Mid Rise"}}, {"type": "Feature", "geometry": {"type": "Polygon", "coordinates": [[[-122.844563848077, 49.192869684489], [-122.844564050095, 49.1928520791213], [-122.845097141265, 49.1928593358305], [-122.845096954801, 49.1928768557644], [-122.845094382339, 49.1931183001801], [-122.84509164977, 49.1933798021328], [-122.845089935051, 49.193543895135], [-122.845085014152, 49.1940147619582], [-122.845081962937, 49.1943066244377], [-122.844547370746, 49.1943029934567], [-122.844563848077, 49.192869684489]]]}, "properties": {"PLAN_AREA": "City Centre", "PLAN_TYPE": "City Centre Plan", "PLAN_YEAR": 2025, "PLAN_STATUS": "Stage 2 Approved (See Surrey 2050 OCP)", "LAND_USE": "Mid Rise"}}, {"type": "Feature", "geometry": {"type": "Polygon", "coordinates": [[[-122.853118068829, 49.1943163178902], [-122.853113371726, 49.1933633470692], [-122.854044010501, 49.1933668773739], [-122.854043051929, 49.1934118509548], [-122.854040443324, 49.1935343530968], [-122.854024692125, 49.193612769664], [-122.854012793446, 49.1936660365911], [-122.853962350782, 49.1937773573425], [-122.853887919833, 49.1938957882082], [-122.853796019543, 49.1940270485207], [-122.85373032024, 49.1941397783065], [-122.853701699137, 49.1942397034159], [-122.853693962006, 49.1943183963412], [-122.85369392807, 49.1943187336226], [-122.853118068829, 49.1943163178902]]]}, "properties": {"PLAN_AREA": "City Centre", "PLAN_TYPE": "City Centre Plan", "PLAN_YEAR": 2025, "PLAN_STATUS": "Stage 2 Approved (See Surrey 2050 OCP)", "LAND_USE": "Mid Rise"}}, {"type": "Feature", "geometry": {"type": "Polygon", "coordinates": [[[-122.845589777341, 49.1943101190985], [-122.845601063871, 49.1932291964873], [-122.846159309714, 49.1932331734386], [-122.846157257731, 49.193380139823], [-122.846154823261, 49.1935446618573], [-122.846152388773, 49.1937091838868], [-122.846149954267, 49.1938737059115], [-122.846148736867, 49.1939560123482], [-122.846147519745, 49.1940382279314], [-122.846143437702, 49.1943139766503], [-122.845589777341, 49.1943101190985]]]}, "properties": {"PLAN_AREA": "City Centre", "PLAN_TYPE": "City Centre Plan", "PLAN_YEAR": 2025, "PLAN_STATUS": "Stage 2 Approved (See Surrey 2050 OCP)", "LAND_USE": "Mid Rise"}}, {"type": "Feature", "geometry": {"type": "Polygon", "coordinates": [[[-122.846240841934, 49.1933807908476], [-122.846243017367, 49.1932337688551], [-122.846738453062, 49.1932372959616], [-122.846765389391, 49.1932374873216], [-122.846763208781, 49.1933849087086], [-122.846760776598, 49.1935493408046], [-122.846756048058, 49.1938782051627], [-122.84675256224, 49.1941166673105], [-122.846749631065, 49.1943181972108], [-122.846723074323, 49.1943180126478], [-122.846227031927, 49.1943145584335], [-122.846230051248, 49.1941127300184], [-122.846233537926, 49.1938743578397], [-122.846238407737, 49.1935453137834], [-122.846240841934, 49.1933807908476]]]}, "properties": {"PLAN_AREA": "City Centre", "PLAN_TYPE": "City Centre Plan", "PLAN_YEAR": 2025, "PLAN_STATUS": "Stage 2 Approved (See Surrey 2050 OCP)", "LAND_USE": "Mid Rise"}}, {"type": "Feature", "geometry": {"type": "Polygon", "coordinates": [[[-122.847039077547, 49.1933871661094], [-122.847041137466, 49.1932394495113], [-122.847067836357, 49.1932396395868], [-122.848060566407, 49.1932466996367], [-122.848049334644, 49.19432723664], [-122.84705246495, 49.1943203050504], [-122.847025769582, 49.194320119474], [-122.847027333064, 49.1942092371678], [-122.847029627149, 49.1940448049024], [-122.847032057097, 49.1938803728122], [-122.847034351148, 49.1937159405372], [-122.847039077547, 49.1933871661094]]]}, "properties": {"PLAN_AREA": "City Centre", "PLAN_TYPE": "City Centre Plan", "PLAN_YEAR": 2025, "PLAN_STATUS": "Stage 2 Approved (See Surrey 2050 OCP)", "LAND_USE": "Mid Rise"}}, {"type": "Feature", "geometry": {"type": "Polygon", "coordinates": [[[-122.845551306976, 49.1947781074946], [-122.845553987768, 49.1945977351892], [-122.846138747149, 49.1946018097533], [-122.846222695967, 49.1946023947105], [-122.846689221077, 49.1946056424518], [-122.846716893832, 49.1946058348004], [-122.846649746554, 49.1949226596628], [-122.846600857822, 49.1951533281975], [-122.846573183384, 49.1951531376181], [-122.846526164423, 49.1951528151837], [-122.846215010813, 49.1951505995383], [-122.845615494612, 49.1951463293303], [-122.845587408643, 49.1951275446464], [-122.845546643272, 49.1951002811063], [-122.845547632686, 49.1950306946637], [-122.84554936788, 49.1949151053708], [-122.845551306976, 49.1947781074946]]]}, "properties": {"PLAN_AREA": "City Centre", "PLAN_TYPE": "City Centre Plan", "PLAN_YEAR": 2025, "PLAN_STATUS": "Stage 2 Approved (See Surrey 2050 OCP)", "LAND_USE": "Mid Rise"}}, {"type": "Feature", "geometry": {"type": "Polygon", "coordinates": [[[-122.846974437889, 49.1946983261398], [-122.846993630997, 49.1946077606328], [-122.847021305125, 49.1946079538098], [-122.848046825102, 49.194615085279], [-122.848044491341, 49.194932465758], [-122.848042922084, 49.1951458874611], [-122.84804279476, 49.195163256349], [-122.847760486895, 49.1951614732121], [-122.847451941029, 49.1951592652359], [-122.847143256286, 49.1951571462047], [-122.846905272488, 49.1951554412192], [-122.846877600817, 49.1951552426206], [-122.846926477128, 49.1949246243265], [-122.846974437889, 49.1946983261398]]]}, "properties": {"PLAN_AREA": "City Centre", "PLAN_TYPE": "City Centre Plan", "PLAN_YEAR": 2025, "PLAN_STATUS": "Stage 2 Approved (See Surrey 2050 OCP)", "LAND_USE": "Mid Rise"}}, {"type": "Feature", "geometry": {"type": "Polygon", "coordinates": [[[-122.848373900923, 49.1949335031668], [-122.848376223273, 49.1946173703174], [-122.849525635758, 49.1946253258839], [-122.850673905207, 49.1946333018164], [-122.85067869669, 49.1946333322986], [-122.850676904301, 49.1949510967246], [-122.850671114575, 49.1959775482562], [-122.850618751428, 49.1959771908939], [-122.85053462314, 49.1959766160968], [-122.849050646488, 49.1959664653314], [-122.848559803415, 49.1959643178657], [-122.848536559876, 49.195940539756], [-122.848496109255, 49.195895759299], [-122.848457543544, 49.1958436986938], [-122.84842565998, 49.1957897317424], [-122.848400671549, 49.1957342248389], [-122.848388817592, 49.1956957165273], [-122.848377338087, 49.1956479954036], [-122.848370899208, 49.1955998695523], [-122.848369531497, 49.1955515673711], [-122.848370866858, 49.1953720019405], [-122.848370938786, 49.1953623905404], [-122.848372333094, 49.1951469212777], [-122.848373900923, 49.1949335031668]]]}, "properties": {"PLAN_AREA": "City Centre", "PLAN_TYPE": "City Centre Plan", "PLAN_YEAR": 2025, "PLAN_STATUS": "Stage 2 Approved (See Surrey 2050 OCP)", "LAND_USE": "Mid Rise"}}, {"type": "Feature", "geometry": {"type": "Polygon", "coordinates": [[[-122.845577946147, 49.1953444900188], [-122.845578309231, 49.1953270611806], [-122.84655495942, 49.1953338706808], [-122.846581600429, 49.1953340562938], [-122.846580897795, 49.1954715955343], [-122.846580059294, 49.1956086839259], [-122.846579221062, 49.1957456832608], [-122.846577000999, 49.195973984101], [-122.846551879094, 49.1959738005055], [-122.845564987623, 49.195966602186], [-122.845575446436, 49.1954645021776], [-122.845577946147, 49.1953444900188]]]}, "properties": {"PLAN_AREA": "City Centre", "PLAN_TYPE": "City Centre Plan", "PLAN_YEAR": 2025, "PLAN_STATUS": "Stage 2 Approved (See Surrey 2050 OCP)", "LAND_USE": "Mid Rise"}}, {"type": "Feature", "geometry": {"type": "Polygon", "coordinates": [[[-122.842648477752, 49.194706622671], [-122.842650517105, 49.1945738590683], [-122.843155150997, 49.194579135775], [-122.843657117046, 49.19458432121], [-122.843655039578, 49.1947165324653], [-122.843652252371, 49.1948923295632], [-122.843651779516, 49.1949221636894], [-122.843635529785, 49.1959737606576], [-122.84363532972, 49.1959867181378], [-122.843635236802, 49.1959926819058], [-122.843132647798, 49.1959916081937], [-122.842628750754, 49.1959905296128], [-122.842628998092, 49.1959744355324], [-122.842629029345, 49.1959723720497], [-122.84263089232, 49.1958511096461], [-122.842633224065, 49.1956993303718], [-122.842636422039, 49.1954912559905], [-122.842638836875, 49.1953340409505], [-122.842641152699, 49.1951833698637], [-122.842643468788, 49.1950326106192], [-122.842645783204, 49.1948819413216], [-122.842648477752, 49.194706622671]]]}, "properties": {"PLAN_AREA": "City Centre", "PLAN_TYPE": "City Centre Plan", "PLAN_YEAR": 2025, "PLAN_STATUS": "Stage 2 Approved (See Surrey 2050 OCP)", "LAND_USE": "Mid Rise"}}, {"type": "Feature", "geometry": {"type": "Polygon", "coordinates": [[[-122.843927656066, 49.1949250573017], [-122.843933114179, 49.194586681551], [-122.845078972267, 49.1945944696751], [-122.845072371578, 49.1952330725154], [-122.845056894552, 49.195975705887], [-122.845056513482, 49.1959939991474], [-122.844187213983, 49.1959938551506], [-122.844186056891, 49.1959938553886], [-122.843910219284, 49.195993267948], [-122.843910268506, 49.1959902752732], [-122.843910532036, 49.1959741380346], [-122.843927656066, 49.1949250573017]]]}, "properties": {"PLAN_AREA": "City Centre", "PLAN_TYPE": "City Centre Plan", "PLAN_YEAR": 2025, "PLAN_STATUS": "Stage 2 Approved (See Surrey 2050 OCP)", "LAND_USE": "Mid Rise"}}, {"type": "Feature", "geometry": {"type": "Polygon", "coordinates": [[[-122.853971273972, 49.196164505051], [-122.853969756113, 49.19593503087], [-122.85449256874, 49.1959374034172], [-122.854493270724, 49.196167891234], [-122.853971273972, 49.196164505051]]]}, "properties": {"PLAN_AREA": "City Centre", "PLAN_TYPE": "City Centre Plan", "PLAN_YEAR": 2025, "PLAN_STATUS": "Stage 2 Approved (See Surrey 2050 OCP)", "LAND_USE": "Mid Rise"}}, {"type": "Feature", "geometry": {"type": "Polygon", "coordinates": [[[-122.837724478383, 49.1725418850847], [-122.838411144971, 49.1725394386982], [-122.838412825113, 49.1727376994997], [-122.837722992695, 49.1729082654663], [-122.837484489299, 49.1729672067426], [-122.837267542298, 49.1730208715462], [-122.837246139634, 49.1730209313384], [-122.837007964189, 49.1730218511776], [-122.836769790401, 49.173022681474], [-122.83675222919, 49.1730227457048], [-122.834781713613, 49.1735099831054], [-122.834781843113, 49.1734714831902], [-122.834782730542, 49.1732489385818], [-122.834786485524, 49.1730296372933], [-122.834787426285, 49.1727502421213], [-122.834788089612, 49.1725529750033], [-122.835206258022, 49.1725514189954], [-122.835471454508, 49.172550451419], [-122.835805933451, 49.172549221946], [-122.836044239725, 49.1725483038728], [-122.836282411243, 49.1725474759698], [-122.836533342032, 49.1725465756835], [-122.836771513834, 49.1725456559192], [-122.837009686703, 49.1725448265182], [-122.837247859862, 49.1725439057734], [-122.837486031639, 49.172542985435], [-122.837724478383, 49.1725418850847]]]}, "properties": {"PLAN_AREA": "City Centre", "PLAN_TYPE": "City Centre Plan", "PLAN_YEAR": 2025, "PLAN_STATUS": "Stage 2 Approved (See Surrey 2050 OCP)", "LAND_USE": "Low Rise"}}, {"type": "Feature", "geometry": {"type": "Polygon", "coordinates": [[[-122.83624094081, 49.173667797144], [-122.836065389723, 49.1734855685392], [-122.836454388814, 49.1733893337115], [-122.836739032387, 49.1733189466546], [-122.836995662906, 49.1732555348329], [-122.837252294143, 49.1731921224414], [-122.837393448693, 49.1731571512568], [-122.837836130369, 49.1730477650798], [-122.837955038988, 49.1730183390858], [-122.838137373634, 49.1730176970549], [-122.839004783796, 49.1728032784024], [-122.839003927954, 49.1730147309303], [-122.838977590612, 49.1731763019866], [-122.838951130283, 49.1733380914479], [-122.838924668406, 49.173499881796], [-122.838919906345, 49.1735294698562], [-122.838916984073, 49.173542149224], [-122.838912416321, 49.1735545564358], [-122.838906201425, 49.1735667814429], [-122.838898341922, 49.1735784644343], [-122.838889112992, 49.1735897857006], [-122.838878376943, 49.1736004751891], [-122.838866270969, 49.1736105330905], [-122.838852793992, 49.1736198694495], [-122.838838223441, 49.1736283937999], [-122.83882255794, 49.1736361079382], [-122.838805933608, 49.173642921201], [-122.838788628166, 49.1736486540686], [-122.838770502463, 49.1736534862534], [-122.838751694281, 49.1736572380405], [-122.838732615209, 49.1736599100042], [-122.838713265252, 49.1736615012448], [-122.838693644406, 49.1736620135614], [-122.838345989581, 49.1736608033137], [-122.837948256995, 49.1736594318056], [-122.837722021543, 49.1736586616556], [-122.83732648414, 49.1736572910907], [-122.837079530975, 49.1736563996437], [-122.836896374933, 49.173655779496], [-122.836832869843, 49.1736505615381], [-122.836622055514, 49.1736330796692], [-122.836567176973, 49.1736330011187], [-122.836425177079, 49.1736328882279], [-122.836392932377, 49.1736339219932], [-122.836360817272, 49.1736368449566], [-122.836329245799, 49.1736417467591], [-122.836298628166, 49.1736486297816], [-122.836269102165, 49.1736573125143], [-122.83624094081, 49.173667797144]]]}, "properties": {"PLAN_AREA": "City Centre", "PLAN_TYPE": "City Centre Plan", "PLAN_YEAR": 2025, "PLAN_STATUS": "Stage 2 Approved (See Surrey 2050 OCP)", "LAND_USE": "Low Rise"}}, {"type": "Feature", "geometry": {"type": "Polygon", "coordinates": [[[-122.839279813028, 49.1730137470199], [-122.839797545975, 49.1730119000215], [-122.839771159143, 49.173173452299], [-122.839765318572, 49.1732092043127], [-122.839744700821, 49.1733354218511], [-122.839718242616, 49.1734973014393], [-122.839691645378, 49.1736592707774], [-122.839665186531, 49.1738212411965], [-122.839023900984, 49.173823674655], [-122.839045467146, 49.1738156088997], [-122.839065803984, 49.1738062820784], [-122.839084908461, 49.1737957841407], [-122.839102371438, 49.1737842044709], [-122.839118190962, 49.173771722974], [-122.839132228754, 49.1737582495045], [-122.839144486686, 49.1737440539262], [-122.839154551505, 49.1737292256174], [-122.839162695941, 49.1737138549123], [-122.839168648057, 49.1736980313858], [-122.839172404527, 49.1736819349408], [-122.839175764267, 49.1736612503146], [-122.839187006773, 49.1735924587386], [-122.839202225995, 49.1734992800066], [-122.83922868755, 49.1733373096877], [-122.839255147556, 49.1731753402557], [-122.839279926897, 49.1730243428024], [-122.839279813028, 49.1730137470199]]]}, "properties": {"PLAN_AREA": "City Centre", "PLAN_TYPE": "City Centre Plan", "PLAN_YEAR": 2025, "PLAN_STATUS": "Stage 2 Approved (See Surrey 2050 OCP)", "LAND_USE": "Low Rise"}}, {"type": "Feature", "geometry": {"type": "Polygon", "coordinates": [[[-122.849259101476, 49.1740678545664], [-122.849509845643, 49.1740689623852], [-122.849760581591, 49.174070069649], [-122.849956462328, 49.1740709341988], [-122.849948212312, 49.1746225272327], [-122.849752126333, 49.1746216660007], [-122.849501184528, 49.1746205638486], [-122.849250238617, 49.1746194620453], [-122.849250243569, 49.1746191867942], [-122.848854994588, 49.1746173622493], [-122.848814294712, 49.1745901951968], [-122.848816544864, 49.174454566284], [-122.848820134917, 49.1742380142686], [-122.848822547948, 49.1740925896258], [-122.848864136087, 49.174065802839], [-122.849259101476, 49.1740678545664]]]}, "properties": {"PLAN_AREA": "City Centre", "PLAN_TYPE": "City Centre Plan", "PLAN_YEAR": 2025, "PLAN_STATUS": "Stage 2 Approved (See Surrey 2050 OCP)", "LAND_USE": "Low Rise"}}, {"type": "Feature", "geometry": {"type": "Polygon", "coordinates": [[[-122.850066170031, 49.1740764154245], [-122.850066238486, 49.1740719205376], [-122.850262115129, 49.1740727818651], [-122.850517319613, 49.1740739040741], [-122.851272477401, 49.1740772214692], [-122.851269581579, 49.1742405624743], [-122.851268625574, 49.1742945090457], [-122.851265793764, 49.1744543347451], [-122.851263490747, 49.1745841976173], [-122.85126325277, 49.1745976849354], [-122.851221632536, 49.1746244770397], [-122.851124190458, 49.1746240492206], [-122.850507596985, 49.1746213402883], [-122.850253856333, 49.1746202244546], [-122.850057965185, 49.1746193621955], [-122.850058033644, 49.1746148664096], [-122.850066170031, 49.1740764154245]]]}, "properties": {"PLAN_AREA": "City Centre", "PLAN_TYPE": "City Centre Plan", "PLAN_YEAR": 2025, "PLAN_STATUS": "Stage 2 Approved (See Surrey 2050 OCP)", "LAND_USE": "Low Rise"}}, {"type": "Feature", "geometry": {"type": "Polygon", "coordinates": [[[-122.835626690465, 49.1735939614042], [-122.835947441505, 49.1735147240898], [-122.836148831479, 49.1737237075258], [-122.836146809651, 49.1737256467532], [-122.836133003689, 49.1737388872096], [-122.836119094268, 49.1737547892416], [-122.836108376489, 49.1737697270021], [-122.836107101551, 49.173771502674], [-122.836097439683, 49.1737886700802], [-122.836089835351, 49.1738063801269], [-122.836085954635, 49.1738182484808], [-122.836083171192, 49.1738302092451], [-122.836081346163, 49.1738423503771], [-122.836080779852, 49.1738476568297], [-122.836080487637, 49.1738530536249], [-122.836080331544, 49.1738583606598], [-122.836079981783, 49.1740041756833], [-122.836079980298, 49.1740046254486], [-122.836098648274, 49.174166030315], [-122.836097424901, 49.174408994761], [-122.83609620151, 49.1746519600963], [-122.835694904699, 49.1746502105609], [-122.835444111147, 49.1746491284486], [-122.835299781879, 49.1746484693359], [-122.835193317906, 49.1746479558386], [-122.834782417778, 49.1746460239129], [-122.834780242054, 49.1738251789743], [-122.834780316473, 49.1738032304266], [-122.835626690465, 49.1735939614042]]]}, "properties": {"PLAN_AREA": "City Centre", "PLAN_TYPE": "City Centre Plan", "PLAN_YEAR": 2025, "PLAN_STATUS": "Stage 2 Approved (See Surrey 2050 OCP)", "LAND_USE": "Low Rise"}}, {"type": "Feature", "geometry": {"type": "Polygon", "coordinates": [[[-122.836374417868, 49.1741662450631], [-122.836355750478, 49.174004390475], [-122.836356236329, 49.1738586655974], [-122.836356523473, 49.1738547980038], [-122.836357359405, 49.1738509311879], [-122.836358606928, 49.1738470649551], [-122.836360404313, 49.1738432894551], [-122.836362748522, 49.1738396946368], [-122.836365503727, 49.1738362803078], [-122.836368670227, 49.173832956515], [-122.83637238492, 49.1738298134059], [-122.836376373118, 49.1738269405447], [-122.83638090951, 49.173824248367], [-122.836385581912, 49.1738219161958], [-122.836390665311, 49.1738197645137], [-122.836396021918, 49.1738179730324], [-122.836401514832, 49.1738164516045], [-122.836407143757, 49.173815290183], [-122.83641304589, 49.1738144889622], [-122.836418947134, 49.1738139576003], [-122.836424984388, 49.1738137862448], [-122.836604576737, 49.1738139532299], [-122.83687835003, 49.1738365614726], [-122.83712516552, 49.1738374522558], [-122.837372669746, 49.1738383443809], [-122.83762085752, 49.1738391460837], [-122.837620458105, 49.1741672077209], [-122.837528535553, 49.1741670775349], [-122.837527901206, 49.174276640896], [-122.837525915434, 49.1746268297336], [-122.837509156237, 49.1746331928516], [-122.837493353113, 49.1746404568473], [-122.837478645714, 49.1746487109717], [-122.837465169077, 49.1746577773074], [-122.837275012765, 49.1746569680021], [-122.837024212267, 49.1746558920101], [-122.836773275954, 49.1746548152814], [-122.836372106369, 49.1746531645293], [-122.83637333156, 49.1744096594733], [-122.836374417868, 49.1741662450631]]]}, "properties": {"PLAN_AREA": "City Centre", "PLAN_TYPE": "City Centre Plan", "PLAN_YEAR": 2025, "PLAN_STATUS": "Stage 2 Approved (See Surrey 2050 OCP)", "LAND_USE": "Low Rise"}}, {"type": "Feature", "geometry": {"type": "Polygon", "coordinates": [[[-122.834760927205, 49.175238624703], [-122.834760551372, 49.1748268234227], [-122.835297665353, 49.1748294545302], [-122.835548459812, 49.1748305369614], [-122.835751962076, 49.1748313950774], [-122.836065841765, 49.1748327397009], [-122.836068157672, 49.1748327501847], [-122.836066547697, 49.1752064416457], [-122.836041782943, 49.1752433854642], [-122.835863357532, 49.175242680443], [-122.835839049871, 49.1752425838245], [-122.83575261671, 49.1752422792222], [-122.835546408159, 49.1752415305956], [-122.835295885428, 49.1752406284552], [-122.835248415627, 49.1752404698913], [-122.835036866009, 49.1752396695575], [-122.834869272443, 49.1752390351433], [-122.834760927205, 49.175238624703]]]}, "properties": {"PLAN_AREA": "City Centre", "PLAN_TYPE": "City Centre Plan", "PLAN_YEAR": 2025, "PLAN_STATUS": "Stage 2 Approved (See Surrey 2050 OCP)", "LAND_USE": "Low Rise"}}, {"type": "Feature", "geometry": {"type": "Polygon", "coordinates": [[[-122.837915479915, 49.1778952802232], [-122.837844542198, 49.177414611591], [-122.837845199564, 49.1773561868534], [-122.837845667717, 49.1773145210756], [-122.837847592099, 49.1771437687504], [-122.837993341669, 49.1771444932341], [-122.83800825522, 49.1771716513099], [-122.838033931985, 49.1772078486089], [-122.83803776202, 49.1772114521182], [-122.838104511062, 49.1772760423303], [-122.83819088101, 49.1773397613609], [-122.838259818559, 49.1773636056384], [-122.838284489583, 49.177372096711], [-122.838387769914, 49.1773833964147], [-122.838449328902, 49.1774826112371], [-122.838468027906, 49.1775128617492], [-122.838425415905, 49.1775792768322], [-122.838419496545, 49.1776273927408], [-122.838399774246, 49.1777858622024], [-122.83839159976, 49.1778523263526], [-122.838314416943, 49.1779159935058], [-122.838275145639, 49.177966762208], [-122.838269220474, 49.1779744899057], [-122.838238944947, 49.1780440705606], [-122.838252756432, 49.1781004907071], [-122.838204478463, 49.1781150665995], [-122.838181328985, 49.178122071222], [-122.838162121371, 49.1781278615953], [-122.837978436712, 49.1778663001128], [-122.837978084751, 49.1778665164068], [-122.837978005538, 49.1778664038539], [-122.837963982128, 49.1778750188091], [-122.837948862609, 49.1778827335898], [-122.83793264973, 49.1778895472998], [-122.837915479915, 49.1778952802232]]]}, "properties": {"PLAN_AREA": "City Centre", "PLAN_TYPE": "City Centre Plan", "PLAN_YEAR": 2025, "PLAN_STATUS": "Stage 2 Approved (See Surrey 2050 OCP)", "LAND_USE": "Mid Rise"}}, {"type": "Feature", "geometry": {"type": "Polygon", "coordinates": [[[-122.837915479915, 49.1778952802232], [-122.838013662899, 49.1780351345532], [-122.838093299553, 49.1781485704601], [-122.837849099604, 49.1782220751145], [-122.837947254345, 49.1781105743842], [-122.837915479915, 49.1778952802232]]]}, "properties": {"PLAN_AREA": "City Centre", "PLAN_TYPE": "City Centre Plan", "PLAN_YEAR": 2025, "PLAN_STATUS": "Stage 2 Approved (See Surrey 2050 OCP)", "LAND_USE": "Mid Rise"}}, {"type": "Feature", "geometry": {"type": "Polygon", "coordinates": [[[-122.836426393759, 49.1771367954943], [-122.836426392657, 49.1771367136352], [-122.837572683734, 49.1771424028356], [-122.837570029705, 49.1774226319685], [-122.837573103597, 49.1774434614133], [-122.837592611443, 49.1775756565401], [-122.837619839147, 49.1777601515491], [-122.837626825977, 49.1778074939717], [-122.837665646371, 49.1780705516991], [-122.837402745193, 49.1783691987476], [-122.837390489757, 49.1783645398953], [-122.837250434063, 49.1783113582388], [-122.837110517247, 49.1782581775074], [-122.836934148653, 49.1781910905147], [-122.836723931687, 49.1781112728672], [-122.836544000863, 49.1780429208922], [-122.836433879427, 49.1780008925537], [-122.836433645863, 49.1779739214846], [-122.836433174679, 49.1779195448653], [-122.836432708257, 49.1778658051226], [-122.836431765896, 49.1777570509819], [-122.836430853777, 49.1776516116663], [-122.836430628169, 49.177625558132], [-122.836430347885, 49.1775931960853], [-122.836429501864, 49.1774955972023], [-122.836428154077, 49.1773399983247], [-122.836427246644, 49.1772352228645], [-122.836426393759, 49.1771367954943]]]}, "properties": {"PLAN_AREA": "City Centre", "PLAN_TYPE": "City Centre Plan", "PLAN_YEAR": 2025, "PLAN_STATUS": "Stage 2 Approved (See Surrey 2050 OCP)", "LAND_USE": "Mid Rise"}}, {"type": "Feature", "geometry": {"type": "Polygon", "coordinates": [[[-122.837849099604, 49.1782220751145], [-122.837947083078, 49.1782592743605], [-122.838087000793, 49.1783124549789], [-122.838226917435, 49.1783656354257], [-122.838314760276, 49.1783990421093], [-122.838394481852, 49.1783987057264], [-122.838561742128, 49.1783979519706], [-122.838640453892, 49.1783975978146], [-122.838729005141, 49.178397198876], [-122.838731909911, 49.1786847831301], [-122.838714636903, 49.1786799905776], [-122.838696811547, 49.1786762775916], [-122.838678433843, 49.1786736432724], [-122.838659915422, 49.1786720881948], [-122.838641119076, 49.1786716112674], [-122.838564554266, 49.1786719540326], [-122.838472901514, 49.178672366498], [-122.838397428908, 49.1786727070819], [-122.838230166332, 49.1786734605968], [-122.83820368416, 49.1786736025058], [-122.838090352875, 49.178630444139], [-122.837950297051, 49.1785772633341], [-122.837810378738, 49.1785240825519], [-122.837670462096, 49.1784709016019], [-122.837640178963, 49.1784594025633], [-122.837849099604, 49.1782220751145]]]}, "properties": {"PLAN_AREA": "City Centre", "PLAN_TYPE": "City Centre Plan", "PLAN_YEAR": 2025, "PLAN_STATUS": "Stage 2 Approved (See Surrey 2050 OCP)", "LAND_USE": "Mid Rise"}}, {"type": "Feature", "geometry": {"type": "Polygon", "coordinates": [[[-122.845986928094, 49.1786224851615], [-122.846024581548, 49.1781385706662], [-122.846019839506, 49.1781385976265], [-122.84604439409, 49.1776543327908], [-122.846046032444, 49.1776220102084], [-122.846052692374, 49.1774906645829], [-122.846063773254, 49.1772721059927], [-122.846071509472, 49.1772644279838], [-122.846094344035, 49.1772456581482], [-122.846119507997, 49.1772283315665], [-122.84614699834, 49.1772125363875], [-122.846176405907, 49.1771983629175], [-122.846207590469, 49.1771859018213], [-122.846210443135, 49.1771849719034], [-122.846605894554, 49.177186926298], [-122.846970704075, 49.1771887280967], [-122.846943578695, 49.1776500363409], [-122.847363471816, 49.1776480283972], [-122.847434947302, 49.1776476865689], [-122.847510331905, 49.1776473255706], [-122.847486995282, 49.1781314834786], [-122.847412215348, 49.1781317436134], [-122.847136960524, 49.1781332011596], [-122.846908633772, 49.1781343046832], [-122.846890091013, 49.1781343943419], [-122.846892977946, 49.1784034974336], [-122.846927280979, 49.1784033387116], [-122.846928529883, 49.1785198147543], [-122.846929585055, 49.1786181361391], [-122.847195170025, 49.1786168614912], [-122.847286638817, 49.1786164220706], [-122.847417301079, 49.1786157905934], [-122.847748433951, 49.1786141973663], [-122.848534980096, 49.1786104101226], [-122.848535032591, 49.1786089448503], [-122.848809476869, 49.1786104702631], [-122.848809461874, 49.1786090867599], [-122.849371347716, 49.1786064972105], [-122.84978864438, 49.1786045499227], [-122.849822914614, 49.1786043902979], [-122.849925891335, 49.1786039133772], [-122.850063138287, 49.1786032766687], [-122.851107613204, 49.1785984292981], [-122.851110643147, 49.1788627082381], [-122.851112942317, 49.1790632254491], [-122.849913854634, 49.1790687670773], [-122.849776606404, 49.179069400009], [-122.848792616425, 49.1790739358497], [-122.848518067766, 49.1790752006157], [-122.847200356705, 49.1790812591512], [-122.847070119471, 49.1790673481783], [-122.845967895784, 49.1789496113569], [-122.845986928094, 49.1786224851615]]]}, "properties": {"PLAN_AREA": "City Centre", "PLAN_TYPE": "City Centre Plan", "PLAN_YEAR": 2025, "PLAN_STATUS": "Stage 2 Approved (See Surrey 2050 OCP)", "LAND_USE": "Mid Rise"}}, {"type": "Feature", "geometry": {"type": "Polygon", "coordinates": [[[-122.836171938674, 49.1850906627806], [-122.836342763076, 49.1850284278936], [-122.836691319656, 49.1850320885485], [-122.836693639756, 49.1849421483993], [-122.836700876818, 49.184661603199], [-122.836707563438, 49.1844023500599], [-122.836707904788, 49.1843891094118], [-122.83708127174, 49.1843931502889], [-122.837074641347, 49.1846659666916], [-122.837073970306, 49.184693552632], [-122.837067801671, 49.1849460771009], [-122.837063405704, 49.1851259595559], [-122.837043161678, 49.1859546475044], [-122.836668805742, 49.1859502363022], [-122.836667036878, 49.1859502230062], [-122.83661708005, 49.1859479071098], [-122.836567705971, 49.1859424058701], [-122.836519386557, 49.1859337703299], [-122.83647258401, 49.1859220839019], [-122.836459868318, 49.185918296853], [-122.836457005955, 49.1859173806732], [-122.836447319424, 49.1859142833566], [-122.836434941429, 49.1859100479162], [-122.836352511261, 49.1858841451288], [-122.836298383712, 49.1858711214392], [-122.836266697566, 49.1858634979554], [-122.836178277807, 49.1858482918954], [-122.836088052921, 49.1858386675073], [-122.835996839119, 49.1858347105022], [-122.835904131122, 49.1858335875299], [-122.835803398532, 49.1857650798427], [-122.836120965798, 49.1851839431213], [-122.836171938674, 49.1850906627806]]]}, "properties": {"PLAN_AREA": "City Centre", "PLAN_TYPE": "City Centre Plan", "PLAN_YEAR": 2025, "PLAN_STATUS": "Stage 2 Approved (See Surrey 2050 OCP)", "LAND_USE": "Low Rise"}}, {"type": "Feature", "geometry": {"type": "Polygon", "coordinates": [[[-122.837317583516, 49.185957726686], [-122.837338785035, 49.1850896548773], [-122.838231469926, 49.1850993229468], [-122.838585233046, 49.1851031524915], [-122.839392979576, 49.1851118931536], [-122.83941114842, 49.185984242482], [-122.838564120815, 49.1859736794698], [-122.837486903805, 49.1859600951623], [-122.837317577252, 49.1859579632544], [-122.837317581982, 49.1859577761582], [-122.837317583516, 49.185957726686]]]}, "properties": {"PLAN_AREA": "City Centre", "PLAN_TYPE": "City Centre Plan", "PLAN_YEAR": 2025, "PLAN_STATUS": "Stage 2 Approved (See Surrey 2050 OCP)", "LAND_USE": "Low Rise"}}, {"type": "Feature", "geometry": {"type": "Polygon", "coordinates": [[[-122.834387501406, 49.1853984332821], [-122.834387685039, 49.1852064830527], [-122.834824344852, 49.1852110501447], [-122.834823535659, 49.1855667064226], [-122.834823161868, 49.1857309489483], [-122.834822507588, 49.1860186205035], [-122.834821678745, 49.1860186103227], [-122.834389740888, 49.1860131990368], [-122.8343871734, 49.18601316657], [-122.834387221569, 49.1859243089595], [-122.834387414682, 49.1855613449143], [-122.834387501406, 49.1853984332821]]]}, "properties": {"PLAN_AREA": "City Centre", "PLAN_TYPE": "City Centre Plan", "PLAN_YEAR": 2025, "PLAN_STATUS": "Stage 2 Approved (See Surrey 2050 OCP)", "LAND_USE": "Low Rise"}}, {"type": "Feature", "geometry": {"type": "Polygon", "coordinates": [[[-122.8566594137, 49.1856242279873], [-122.856661145528, 49.1854536786724], [-122.857162712879, 49.1854556511895], [-122.857246284668, 49.1854560252787], [-122.857243045914, 49.1857685199478], [-122.857524503095, 49.1857689592619], [-122.857769591611, 49.1857693405135], [-122.857769023985, 49.1858242230209], [-122.857765786512, 49.1861378879775], [-122.857502578966, 49.1861374717706], [-122.857239232824, 49.1861370547924], [-122.857155659367, 49.1861368615025], [-122.856654220359, 49.1861360576097], [-122.856655950856, 49.185965507409], [-122.856657682972, 49.1857948672517], [-122.8566594137, 49.1856242279873]]]}, "properties": {"PLAN_AREA": "City Centre", "PLAN_TYPE": "City Centre Plan", "PLAN_YEAR": 2025, "PLAN_STATUS": "Stage 2 Approved (See Surrey 2050 OCP)", "LAND_USE": "Low Rise"}}, {"type": "Feature", "geometry": {"type": "Polygon", "coordinates": [[[-122.855303083243, 49.1842791666424], [-122.855118504755, 49.1842780069198], [-122.85511850297, 49.1842781481443], [-122.854082202417, 49.1842724258591], [-122.854085326444, 49.1839403401104], [-122.854085858011, 49.1838855637011], [-122.85408957938, 49.1835099124846], [-122.854253308423, 49.1835108856268], [-122.854504149792, 49.1835124648575], [-122.854754851473, 49.1835139534144], [-122.855005693142, 49.1835154407033], [-122.85533392636, 49.1835174768815], [-122.855662981583, 49.183519511355], [-122.855909843828, 49.1835209890081], [-122.856140238116, 49.1835223565675], [-122.856368545272, 49.1835237111768], [-122.856352644311, 49.1838989749052], [-122.856350324541, 49.1839537212143], [-122.856336258587, 49.1842856521813], [-122.855351779889, 49.1842794723168], [-122.855351779999, 49.1842794345365], [-122.855303083243, 49.1842791666424]]]}, "properties": {"PLAN_AREA": "City Centre", "PLAN_TYPE": "City Centre Plan", "PLAN_YEAR": 2025, "PLAN_STATUS": "Stage 2 Approved (See Surrey 2050 OCP)", "LAND_USE": "Low Rise"}}, {"type": "Feature", "geometry": {"type": "Polygon", "coordinates": [[[-122.834390985679, 49.1850254702138], [-122.834392539213, 49.1846635767081], [-122.834393631612, 49.1844090166382], [-122.834462406233, 49.1843647979264], [-122.83463111759, 49.1843666246022], [-122.834931782754, 49.1843698792625], [-122.835175812423, 49.1843725207016], [-122.835529142009, 49.1843763436989], [-122.835547242934, 49.1843765394869], [-122.835546940134, 49.1843892341699], [-122.835540098377, 49.1846756646234], [-122.835231701276, 49.1846724158088], [-122.83523076282, 49.1849525777094], [-122.835230488079, 49.185034496012], [-122.835186341905, 49.1850340102401], [-122.83492955558, 49.1850311841788], [-122.834390985679, 49.1850254702138]]]}, "properties": {"PLAN_AREA": "City Centre", "PLAN_TYPE": "City Centre Plan", "PLAN_YEAR": 2025, "PLAN_STATUS": "Stage 2 Approved (See Surrey 2050 OCP)", "LAND_USE": "Low Rise"}}, {"type": "Feature", "geometry": {"type": "Polygon", "coordinates": [[[-122.853048931861, 49.1851657878498], [-122.853056864776, 49.1847955995742], [-122.853140572111, 49.1847961567139], [-122.853146664751, 49.1845101344929], [-122.855161108914, 49.1845212653578], [-122.855155175489, 49.1848065529619], [-122.855154189482, 49.1848613332947], [-122.855147636508, 49.1851764315312], [-122.854882241076, 49.1851751061741], [-122.854618492403, 49.1851737813804], [-122.854354606517, 49.1851724558114], [-122.854049003752, 49.1851708970209], [-122.853743538238, 49.1851693366961], [-122.853438072743, 49.1851677764628], [-122.853132607268, 49.1851662154217], [-122.853048931861, 49.1851657878498]]]}, "properties": {"PLAN_AREA": "City Centre", "PLAN_TYPE": "City Centre Plan", "PLAN_YEAR": 2025, "PLAN_STATUS": "Stage 2 Approved (See Surrey 2050 OCP)", "LAND_USE": "Low Rise"}}, {"type": "Feature", "geometry": {"type": "Polygon", "coordinates": [[[-122.855431545249, 49.1848080722367], [-122.855436975894, 49.1845228919337], [-122.856329781042, 49.1845284965037], [-122.856322025481, 49.1852174671774], [-122.85632200355, 49.1852193543706], [-122.855947707389, 49.1852174344707], [-122.855864059323, 49.1852170053744], [-122.855423692545, 49.1852147440329], [-122.855426365434, 49.1850768462549], [-122.855430425065, 49.1848628524038], [-122.855431545249, 49.1848080722367]]]}, "properties": {"PLAN_AREA": "City Centre", "PLAN_TYPE": "City Centre Plan", "PLAN_YEAR": 2025, "PLAN_STATUS": "Stage 2 Approved (See Surrey 2050 OCP)", "LAND_USE": "Low Rise"}}, {"type": "Feature", "geometry": {"type": "Polygon", "coordinates": [[[-122.8531232328, 49.1856248799164], [-122.853129277269, 49.1853477864417], [-122.853422378679, 49.1853491590894], [-122.853892447295, 49.1853513603956], [-122.853888662879, 49.1855437216544], [-122.853886940864, 49.1856312665297], [-122.853885102411, 49.1857247976487], [-122.853885973574, 49.1857360681006], [-122.853893963728, 49.185839335604], [-122.853911633602, 49.1860677286935], [-122.853930678518, 49.1863138991807], [-122.853919830538, 49.186318022412], [-122.853604559382, 49.1861853603828], [-122.853406397521, 49.1861019750888], [-122.853149764563, 49.1859931806736], [-122.853116119909, 49.1859508877236], [-122.8531232328, 49.1856248799164]]]}, "properties": {"PLAN_AREA": "City Centre", "PLAN_TYPE": "City Centre Plan", "PLAN_YEAR": 2025, "PLAN_STATUS": "Stage 2 Approved (See Surrey 2050 OCP)", "LAND_USE": "Low Rise"}}, {"type": "Feature", "geometry": {"type": "Polygon", "coordinates": [[[-122.85416626992, 49.1853796360862], [-122.854207949672, 49.1853528682305], [-122.854279685287, 49.1853532241271], [-122.854384791859, 49.1853537452953], [-122.85463545141, 49.1853549884823], [-122.85465026511, 49.1853550610988], [-122.854717859624, 49.1853552540931], [-122.85514394809, 49.1853573230096], [-122.855139774689, 49.1855633117454], [-122.855135601518, 49.1857692096211], [-122.85513142831, 49.1859751074893], [-122.85512711646, 49.1861810060756], [-122.855121025043, 49.1864718516113], [-122.854695085239, 49.1864682356042], [-122.854611883265, 49.1864675291069], [-122.85457486573, 49.1864672144402], [-122.854417072498, 49.1864005302649], [-122.854206168371, 49.186311342689], [-122.8542052665, 49.1863109628472], [-122.854204789238, 49.1863047869511], [-122.854185742968, 49.1860586156079], [-122.854183767755, 49.1860330843683], [-122.85417169967, 49.1858771054027], [-122.854156522553, 49.1858754958635], [-122.8541570744, 49.1858474194367], [-122.854160335351, 49.1856815388716], [-122.854165790712, 49.1854040119279], [-122.85416626992, 49.1853796360862]]]}, "properties": {"PLAN_AREA": "City Centre", "PLAN_TYPE": "City Centre Plan", "PLAN_YEAR": 2025, "PLAN_STATUS": "Stage 2 Approved (See Surrey 2050 OCP)", "LAND_USE": "Low Rise"}}, {"type": "Feature", "geometry": {"type": "Polygon", "coordinates": [[[-122.855420437236, 49.1854602207358], [-122.855422023619, 49.1853226823163], [-122.855425092018, 49.1853226987509], [-122.855425137303, 49.1853226988076], [-122.855504825154, 49.185323111573], [-122.855862602684, 49.1853249448282], [-122.855862774217, 49.1853249459418], [-122.855946222114, 49.1853253738898], [-122.85632078943, 49.1853272941315], [-122.856320401737, 49.1853616630088], [-122.856317084676, 49.1856570097634], [-122.85631094828, 49.1862032570243], [-122.856307480915, 49.1865116053968], [-122.855445775142, 49.1865051526575], [-122.855441416211, 49.1864939929937], [-122.855435548315, 49.1864831013008], [-122.85542816819, 49.1864726565815], [-122.855419278576, 49.1864626606379], [-122.855409150672, 49.1864532928165], [-122.855397647245, 49.1864445529449], [-122.855415894436, 49.185652085447], [-122.855420437236, 49.1854602207358]]]}, "properties": {"PLAN_AREA": "City Centre", "PLAN_TYPE": "City Centre Plan", "PLAN_YEAR": 2025, "PLAN_STATUS": "Stage 2 Approved (See Surrey 2050 OCP)", "LAND_USE": "Low Rise"}}, {"type": "Feature", "geometry": {"type": "Polygon", "coordinates": [[[-122.839680925514, 49.1861958105573], [-122.839722700594, 49.1861693539036], [-122.839943174934, 49.1861721117907], [-122.841045844472, 49.1861851433128], [-122.841086582961, 49.1862126036488], [-122.841082347867, 49.1864933132873], [-122.839935953729, 49.1864822787576], [-122.839674326858, 49.1864784364702], [-122.839680925514, 49.1861958105573]]]}, "properties": {"PLAN_AREA": "City Centre", "PLAN_TYPE": "City Centre Plan", "PLAN_YEAR": 2025, "PLAN_STATUS": "Stage 2 Approved (See Surrey 2050 OCP)", "LAND_USE": "Low Rise"}}, {"type": "Feature", "geometry": {"type": "Polygon", "coordinates": [[[-122.839665967493, 49.1868425854947], [-122.839673094331, 49.1865328583041], [-122.839934869547, 49.1865367484751], [-122.840252141346, 49.1865398953541], [-122.840569411816, 49.1865430413597], [-122.840842906738, 49.1865456755097], [-122.841081276264, 49.1865481041656], [-122.841077209261, 49.186855152343], [-122.840839303612, 49.1868526829401], [-122.840566220359, 49.1868499593973], [-122.840247025294, 49.1868468107216], [-122.839927694414, 49.186843660076], [-122.839665967493, 49.1868425854947]]]}, "properties": {"PLAN_AREA": "City Centre", "PLAN_TYPE": "City Centre Plan", "PLAN_YEAR": 2025, "PLAN_STATUS": "Stage 2 Approved (See Surrey 2050 OCP)", "LAND_USE": "Low Rise"}}, {"type": "Feature", "geometry": {"type": "Polygon", "coordinates": [[[-122.853106138981, 49.18640106429], [-122.853113797686, 49.186043238023], [-122.853404361926, 49.1861657682824], [-122.854072390898, 49.1864474583692], [-122.854283189826, 49.1865366010777], [-122.854494126741, 49.1866257444733], [-122.854382708849, 49.1869553880837], [-122.853900807769, 49.1867457883112], [-122.853700827206, 49.1866588066972], [-122.853106138981, 49.18640106429]]]}, "properties": {"PLAN_AREA": "City Centre", "PLAN_TYPE": "City Centre Plan", "PLAN_YEAR": 2025, "PLAN_STATUS": "Stage 2 Approved (See Surrey 2050 OCP)", "LAND_USE": "Low Rise"}}, {"type": "Feature", "geometry": {"type": "Polygon", "coordinates": [[[-122.85408895097, 49.2036221158931], [-122.854078942665, 49.2033778475056], [-122.854048701411, 49.2032509746279], [-122.854000104083, 49.203157451112], [-122.853995948395, 49.2029365203139], [-122.854195660553, 49.2026185160557], [-122.853764579529, 49.2028999018787], [-122.853728430549, 49.2029234975616], [-122.853781823569, 49.2028079881103], [-122.853818232531, 49.2027292209441], [-122.853693493847, 49.202501261432], [-122.853671448004, 49.2024609732219], [-122.853615330439, 49.2023582638934], [-122.853698804604, 49.2023036539196], [-122.853798809685, 49.2022382290673], [-122.854097695237, 49.2020427855253], [-122.854109651602, 49.2020349666171], [-122.854361617069, 49.2022008009045], [-122.854359872955, 49.2023277233494], [-122.854499899147, 49.2024198327371], [-122.8552216931, 49.2028946177397], [-122.854193902886, 49.2035623379163], [-122.854193899654, 49.2035620365696], [-122.854086651925, 49.2036317802401], [-122.854089248063, 49.2036265887327], [-122.85408895097, 49.2036221158931]]]}, "properties": {"PLAN_AREA": "City Centre", "PLAN_TYPE": "City Centre Plan", "PLAN_YEAR": 2025, "PLAN_STATUS": "Stage 2 Approved (See Surrey 2050 OCP)", "LAND_USE": "Low Rise"}}, {"type": "Feature", "geometry": {"type": "Polygon", "coordinates": [[[-122.835743708229, 49.2034651180319], [-122.835716470704, 49.2034514118297], [-122.835715128472, 49.2034521313439], [-122.835710162246, 49.2034482374094], [-122.835258856346, 49.2030943903839], [-122.835448881862, 49.2029924566146], [-122.835662305196, 49.2028778076786], [-122.835875732746, 49.2027632456068], [-122.836089306508, 49.2026485888955], [-122.836302743086, 49.2025340206465], [-122.836730024627, 49.2023046136775], [-122.83688035145, 49.2024249161018], [-122.837030816283, 49.202545217623], [-122.837176352513, 49.2026616656052], [-122.83718128017, 49.2026656106961], [-122.83722358765, 49.202699491774], [-122.837228518072, 49.2027034332687], [-122.83738268019, 49.202826640521], [-122.837662252732, 49.2030503017495], [-122.837448562767, 49.2031649737905], [-122.83723479755, 49.2032796858071], [-122.837021178496, 49.2033943175741], [-122.836807639592, 49.2035089058799], [-122.836594084573, 49.2036235018619], [-122.836220475411, 49.2038239808428], [-122.83618948551, 49.2038219633262], [-122.835769796317, 49.2034859990465], [-122.835743708229, 49.2034651180319]]]}, "properties": {"PLAN_AREA": "City Centre", "PLAN_TYPE": "City Centre Plan", "PLAN_YEAR": 2025, "PLAN_STATUS": "Stage 2 Approved (See Surrey 2050 OCP)", "LAND_USE": "Low Rise"}}, {"type": "Feature", "geometry": {"type": "Polygon", "coordinates": [[[-122.846934778413, 49.2026886890642], [-122.847545227604, 49.2025247537309], [-122.848020330607, 49.2028374215612], [-122.848286401738, 49.2030126355628], [-122.848315213743, 49.2030319197556], [-122.848344276114, 49.203051041455], [-122.84847709773, 49.2031384297396], [-122.848539799842, 49.2031772515001], [-122.848605985827, 49.2032135052544], [-122.84867541114, 49.2032470570474], [-122.848789006328, 49.203292898968], [-122.848908501543, 49.2033317707641], [-122.849032903397, 49.2033633492831], [-122.849004371688, 49.203398835338], [-122.848953207234, 49.203447210844], [-122.84892706531, 49.2034719299284], [-122.848714684694, 49.2036103981938], [-122.848520043419, 49.2037372476116], [-122.848176702883, 49.2039618610752], [-122.848117532319, 49.2039617832827], [-122.847961204648, 49.2038589412128], [-122.847775419378, 49.2037366293569], [-122.847647645747, 49.2036526327651], [-122.847589497469, 49.2036144069721], [-122.847536097956, 49.2035792521176], [-122.847477993865, 49.2035409984407], [-122.847403714029, 49.2034920954145], [-122.847217793952, 49.2033698724279], [-122.847032013723, 49.2032475584718], [-122.846942686239, 49.2031888789106], [-122.846934867348, 49.2026941223458], [-122.846934778413, 49.2026886890642]]]}, "properties": {"PLAN_AREA": "City Centre", "PLAN_TYPE": "City Centre Plan", "PLAN_YEAR": 2025, "PLAN_STATUS": "Stage 2 Approved (See Surrey 2050 OCP)", "LAND_USE": "Low Rise"}}, {"type": "Feature", "geometry": {"type": "Polygon", "coordinates": [[[-122.840118783115, 49.2031601562134], [-122.840866409215, 49.2027581216968], [-122.840881063062, 49.2027698393792], [-122.841481694874, 49.2034634943605], [-122.84146247657, 49.2035310847779], [-122.841000000884, 49.2037793095156], [-122.840936280951, 49.2038135100765], [-122.840615345683, 49.2039855246983], [-122.840032843122, 49.203520024771], [-122.840027657712, 49.2035158797498], [-122.839834001562, 49.2033611188337], [-122.839798228344, 49.2033325307217], [-122.840118783115, 49.2031601562134]]]}, "properties": {"PLAN_AREA": "City Centre", "PLAN_TYPE": "City Centre Plan", "PLAN_YEAR": 2025, "PLAN_STATUS": "Stage 2 Approved (See Surrey 2050 OCP)", "LAND_USE": "Low Rise"}}, {"type": "Feature", "geometry": {"type": "Polygon", "coordinates": [[[-122.841382310107, 49.2038059674219], [-122.841578687487, 49.2037005439283], [-122.841630990136, 49.2037008855131], [-122.841881943042, 49.2037024014182], [-122.842132894592, 49.2037039167762], [-122.842383847531, 49.2037054315908], [-122.842634799117, 49.2037069449589], [-122.842748445577, 49.203707671841], [-122.842756869536, 49.2041712238374], [-122.842643220381, 49.2041705788177], [-122.842392401788, 49.2041692446569], [-122.842141446215, 49.2041678198112], [-122.841890629311, 49.20416639461], [-122.84163967377, 49.2041649686741], [-122.841388858271, 49.2041635423852], [-122.84083424294, 49.2041604505579], [-122.840789097077, 49.2041243738452], [-122.841382310107, 49.2038059674219]]]}, "properties": {"PLAN_AREA": "City Centre", "PLAN_TYPE": "City Centre Plan", "PLAN_YEAR": 2025, "PLAN_STATUS": "Stage 2 Approved (See Surrey 2050 OCP)", "LAND_USE": "Low Rise"}}, {"type": "Feature", "geometry": {"type": "Polygon", "coordinates": [[[-122.846075443946, 49.2028010992808], [-122.846073294773, 49.2026708740976], [-122.846658266583, 49.2026738929266], [-122.846660380187, 49.2028041306445], [-122.846663283881, 49.2029767552796], [-122.846666050035, 49.2031494705792], [-122.846668952393, 49.203322095202], [-122.846671719955, 49.2034948104931], [-122.84667462235, 49.2036674351054], [-122.846677388576, 49.2038401503842], [-122.846680292382, 49.2040127749878], [-122.846683001431, 49.2041817940107], [-122.846100380071, 49.2041787325695], [-122.846097769021, 49.2041787182961], [-122.84609506457, 49.2040097451409], [-122.846092300364, 49.2038370298553], [-122.846089398618, 49.2036644043341], [-122.846086635542, 49.2034917789925], [-122.846083871387, 49.2033190645907], [-122.846080971068, 49.2031464390556], [-122.846078206673, 49.2029738136965], [-122.846075443946, 49.2028010992808]]]}, "properties": {"PLAN_AREA": "City Centre", "PLAN_TYPE": "City Centre Plan", "PLAN_YEAR": 2025, "PLAN_STATUS": "Stage 2 Approved (See Surrey 2050 OCP)", "LAND_USE": "Low Rise"}}, {"type": "Feature", "geometry": {"type": "Polygon", "coordinates": [[[-122.838731909911, 49.1786847831301], [-122.838729005141, 49.178397198876], [-122.838561742128, 49.1783979519706], [-122.838394481852, 49.1783987057264], [-122.838314761648, 49.1783990421113], [-122.838226917435, 49.1783656354257], [-122.838087000793, 49.1783124549789], [-122.837947083078, 49.1782592743605], [-122.837849099604, 49.1782220751145], [-122.838093299553, 49.1781485704601], [-122.837915479915, 49.1778952802232], [-122.83793264973, 49.1778895472998], [-122.837948862609, 49.1778827335898], [-122.837963982128, 49.1778750188091], [-122.837978005538, 49.1778664038539], [-122.838161697017, 49.1781279770406], [-122.838252756432, 49.1781004907071], [-122.838238944947, 49.1780440705606], [-122.838269220474, 49.1779744899057], [-122.838275145639, 49.177966762208], [-122.838314416943, 49.1779159935058], [-122.83839159976, 49.1778523263526], [-122.838399774246, 49.1777858622024], [-122.838419496545, 49.1776273927408], [-122.838425415905, 49.1775792768322], [-122.838468027906, 49.1775128617492], [-122.838449328902, 49.1774826112371], [-122.838387769914, 49.1773833964147], [-122.838284489583, 49.177372096711], [-122.838259818559, 49.1773636056384], [-122.83819088101, 49.1773397613609], [-122.838104511062, 49.1772760423303], [-122.83803776202, 49.1772114521182], [-122.838033931985, 49.1772078486089], [-122.83800825522, 49.1771716513099], [-122.837993341669, 49.1771444932341], [-122.838933428422, 49.1771491634464], [-122.839780647113, 49.1771533652751], [-122.840269805988, 49.1771557888683], [-122.84016506434, 49.1791203518904], [-122.840010864649, 49.1790996991597], [-122.839455968199, 49.1790253741991], [-122.838951517986, 49.178958639734], [-122.838798718391, 49.1788996851709], [-122.838810411993, 49.1788902563836], [-122.838820735232, 49.1788802868617], [-122.838829688405, 49.1788696848534], [-122.838837133716, 49.1788586309731], [-122.838843071165, 49.178847125221], [-122.838847501542, 49.1788353475053], [-122.838850284599, 49.178823387584], [-122.83885155863, 49.1788113356035], [-122.838851048922, 49.1787992811339], [-122.838849029897, 49.1787872245583], [-122.838845363762, 49.178775345591], [-122.838840050225, 49.178763734185], [-122.838833225915, 49.1787525704374], [-122.838824891417, 49.178741674442], [-122.838815182772, 49.1787314062021], [-122.838804099983, 49.1787217657173], [-122.838791780258, 49.1787127531788], [-122.838778360518, 49.1787044587306], [-122.83876384018, 49.178697061379], [-122.838748356741, 49.1786904731611], [-122.838731909911, 49.1786847831301]]]}, "properties": {"PLAN_AREA": "City Centre", "PLAN_TYPE": "City Centre Plan", "PLAN_YEAR": 2025, "PLAN_STATUS": "Stage 2 Approved (See Surrey 2050 OCP)", "LAND_USE": "Park"}}, {"type": "Feature", "geometry": {"type": "Polygon", "coordinates": [[[-122.842451358261, 49.1793519274871], [-122.842926381821, 49.1793498525495], [-122.842925481212, 49.1793673517603], [-122.842899104559, 49.1798798281043], [-122.842424277364, 49.1798819868558], [-122.842422568716, 49.1799266068083], [-122.841947466997, 49.1799286480846], [-122.841939437402, 49.1799212693767], [-122.841930618727, 49.1799142885678], [-122.841921056692, 49.1799077418489], [-122.841929812041, 49.1797376510498], [-122.841939757107, 49.1795459730557], [-122.841948795947, 49.179371701598], [-122.84194970375, 49.1793542060028], [-122.842451358261, 49.1793519274871]]]}, "properties": {"PLAN_AREA": "City Centre", "PLAN_TYPE": "City Centre Plan", "PLAN_YEAR": 2025, "PLAN_STATUS": "Stage 2 Approved (See Surrey 2050 OCP)", "LAND_USE": "Park"}}, {"type": "Feature", "geometry": {"type": "Polygon", "coordinates": [[[-122.849765190081, 49.1933036183962], [-122.849851478063, 49.1932607311834], [-122.850207318085, 49.1932635698023], [-122.850590390892, 49.1932666251623], [-122.850658677786, 49.1933121299447], [-122.8506519356, 49.1943006769692], [-122.850589392201, 49.1943410480182], [-122.850583034575, 49.1943451524525], [-122.85039150306, 49.1943438070822], [-122.849763513704, 49.1943393919829], [-122.849695600721, 49.1942939537316], [-122.849706204945, 49.1935949207075], [-122.849706254698, 49.1935916365815], [-122.849707233458, 49.1935707462286], [-122.849707996059, 49.1935591387628], [-122.849707998894, 49.1935591090819], [-122.849708011773, 49.193558935489], [-122.849708013232, 49.1935589067059], [-122.849708016065, 49.1935588779246], [-122.849708027573, 49.1935587034304], [-122.849708030406, 49.193558674649], [-122.849708036114, 49.1935586026939], [-122.849708038992, 49.1935585586206], [-122.849708040452, 49.1935585298375], [-122.849708043328, 49.1935584866637], [-122.849708047576, 49.1935584434917], [-122.849708050455, 49.1935583994184], [-122.849708063333, 49.1935582258255], [-122.849708066209, 49.1935581826517], [-122.849708069044, 49.1935581529709], [-122.849708074796, 49.1935580666233], [-122.84970807909, 49.1935580081593], [-122.849708081923, 49.193557979378], [-122.84970808482, 49.193557929008], [-122.849708090509, 49.1935578633496], [-122.849708093407, 49.1935578129795], [-122.84970809768, 49.1935577617118], [-122.849708099161, 49.1935577257324], [-122.849708103431, 49.1935576753642], [-122.849708106286, 49.1935576393867], [-122.849708109142, 49.1935576025096], [-122.849708111975, 49.1935575737282], [-122.849708116266, 49.1935575161638], [-122.849708117729, 49.1935574864811], [-122.849708122021, 49.1935574289167], [-122.849708129191, 49.1935573272789], [-122.84970813344, 49.1935572841069], [-122.849708136316, 49.1935572409331], [-122.849708139194, 49.1935571968598], [-122.849708144902, 49.1935571249047], [-122.849708147781, 49.1935570808314], [-122.849708153489, 49.1935570088763], [-122.849708160659, 49.1935569072385], [-122.849708164908, 49.1935568640665], [-122.849708166367, 49.1935568352834], [-122.849708177786, 49.1935566904736], [-122.849708180665, 49.1935566464003], [-122.84970819496, 49.1935564584167], [-122.849708206422, 49.1935562992146], [-122.849708212133, 49.1935562263599], [-122.849708233554, 49.193555951131], [-122.849712580866, 49.1935129934314], [-122.849719068133, 49.193470151804], [-122.849727688419, 49.193427472026], [-122.849727698157, 49.1934274288612], [-122.849727713473, 49.1934273569186], [-122.849727723211, 49.1934273137537], [-122.849727732949, 49.1934272705888], [-122.849727773273, 49.1934270988307], [-122.849727792749, 49.193427012501], [-122.849727841438, 49.1934267975762], [-122.849727858127, 49.1934267256354], [-122.849727870654, 49.1934266680817], [-122.84972788455, 49.1934266114292], [-122.849727904027, 49.1934265250995], [-122.849727913765, 49.1934264819347], [-122.849727922109, 49.1934264459642], [-122.849727949928, 49.1934263245636], [-122.849727958272, 49.1934262885932], [-122.849727972193, 49.1934262238451], [-122.849727981931, 49.1934261806802], [-122.849727995831, 49.1934261231282], [-122.849728009749, 49.1934260592796], [-122.849728019488, 49.1934260161147], [-122.849728027832, 49.1934259801443], [-122.849728040337, 49.1934259297868], [-122.849728048681, 49.1934258938164], [-122.849728054258, 49.1934258650386], [-122.849728061208, 49.1934258362626], [-122.849728068158, 49.1934258074866], [-122.849728077893, 49.1934257652213], [-122.849728087632, 49.1934257220565], [-122.84972809737, 49.1934256788916], [-122.849728126585, 49.193425549397], [-122.849728137696, 49.1934255062339], [-122.849728144665, 49.1934254711613], [-122.84972816412, 49.1934253920278], [-122.849728176647, 49.1934253344741], [-122.849728183597, 49.1934253056981], [-122.849728190546, 49.1934252769221], [-122.849728196124, 49.1934252481444], [-122.849728205859, 49.193425205879], [-122.849728212809, 49.193425177103], [-122.849728219759, 49.1934251483271], [-122.849728230892, 49.1934250979677], [-122.849728239236, 49.1934250619974], [-122.849728253135, 49.1934250044454], [-122.849728258712, 49.1934249756676], [-122.849731035053, 49.1934132808682], [-122.849732691274, 49.1934066183916], [-122.849742127886, 49.1933721000494], [-122.849752963383, 49.1933377586021], [-122.849765190081, 49.1933036183962]]]}, "properties": {"PLAN_AREA": "City Centre", "PLAN_TYPE": "City Centre Plan", "PLAN_YEAR": 2025, "PLAN_STATUS": "Stage 2 Approved (See Surrey 2050 OCP)", "LAND_USE": "High Rise"}}, {"type": "Feature", "geometry": {"type": "Polygon", "coordinates": [[[-122.846951182164, 49.1959864290207], [-122.846879766806, 49.1959445016535], [-122.846883747493, 49.1953979317946], [-122.846952671104, 49.1953534693489], [-122.847462082466, 49.1953571512889], [-122.847972935076, 49.1953608409748], [-122.84804119104, 49.1954062932754], [-122.848040125373, 49.1955494055415], [-122.848042012635, 49.1956121530862], [-122.848050443403, 49.1956746691356], [-122.848065378227, 49.1957366609555], [-122.848063658575, 49.195967833785], [-122.848013592233, 49.1959767083938], [-122.847962615509, 49.1959829734727], [-122.847911044572, 49.1959865901641], [-122.847859199278, 49.1959875360365], [-122.8474601533, 49.195984514398], [-122.847122733759, 49.1959819579679], [-122.847065483251, 49.1959821659769], [-122.84700827708, 49.1959836569092], [-122.846951182164, 49.1959864290207]]]}, "properties": {"PLAN_AREA": "City Centre", "PLAN_TYPE": "City Centre Plan", "PLAN_YEAR": 2025, "PLAN_STATUS": "Stage 2 Approved (See Surrey 2050 OCP)", "LAND_USE": "High Rise"}}, {"type": "Feature", "geometry": {"type": "Polygon", "coordinates": [[[-122.845679125064, 49.1977177464631], [-122.845734527625, 49.1976713309031], [-122.846814759741, 49.1976290388513], [-122.846893586251, 49.1976703023213], [-122.84691804931, 49.1977677170945], [-122.846958821129, 49.1979281989125], [-122.84695185512, 49.1979281510022], [-122.846544237148, 49.1979253748107], [-122.846463771859, 49.1979248217062], [-122.846463401238, 49.1979248239122], [-122.846464588028, 49.1979294346875], [-122.846472530717, 49.1979602892695], [-122.846477196529, 49.1979784075312], [-122.845821807842, 49.197973869829], [-122.845770513277, 49.1979735143945], [-122.845763433336, 49.1979734653609], [-122.845733172951, 49.1978885353132], [-122.845705067617, 49.1978032878533], [-122.845679125064, 49.1977177464631]]]}, "properties": {"PLAN_AREA": "City Centre", "PLAN_TYPE": "City Centre Plan", "PLAN_YEAR": 2025, "PLAN_STATUS": "Stage 2 Approved (See Surrey 2050 OCP)", "LAND_USE": "High Rise"}}, {"type": "Feature", "geometry": {"type": "Polygon", "coordinates": [[[-122.847235384886, 49.1978074899452], [-122.847203999189, 49.1976828264786], [-122.847226733301, 49.1976657186836], [-122.847262530829, 49.1976387800925], [-122.847285628097, 49.1976214056052], [-122.847821638595, 49.197621868412], [-122.847940564366, 49.1976144357], [-122.848058124831, 49.1975992219236], [-122.848166150955, 49.1975790642641], [-122.848319104581, 49.1975432003302], [-122.848408311289, 49.1975222828105], [-122.848515597485, 49.1975069939148], [-122.848580105624, 49.1975015931624], [-122.848591456057, 49.1975006428454], [-122.848592927597, 49.1975015155207], [-122.848665994977, 49.1975448562446], [-122.848666801999, 49.1975453340536], [-122.848665535926, 49.1977875464593], [-122.848664815316, 49.1977875383189], [-122.848664658899, 49.1978185602453], [-122.848663136658, 49.1981190826098], [-122.848010707561, 49.1981138226918], [-122.847338003747, 49.1981083964625], [-122.84731092759, 49.1981081780663], [-122.847282165492, 49.1979939364657], [-122.847235384886, 49.1978074899452]]]}, "properties": {"PLAN_AREA": "City Centre", "PLAN_TYPE": "City Centre Plan", "PLAN_YEAR": 2025, "PLAN_STATUS": "Stage 2 Approved (See Surrey 2050 OCP)", "LAND_USE": "High Rise"}}, {"type": "Feature", "geometry": {"type": "Polygon", "coordinates": [[[-122.84262793089, 49.1976736560089], [-122.842697344742, 49.1976295979768], [-122.842834752012, 49.197631396996], [-122.842873967649, 49.1976322853017], [-122.842913127038, 49.1976339230924], [-122.842952196834, 49.1976363089734], [-122.843094770828, 49.1976463202324], [-122.843143477598, 49.1976492982462], [-122.843192296361, 49.1976513422684], [-122.843241185422, 49.1976524505532], [-122.843568358491, 49.1976567315409], [-122.843609056826, 49.1976842448461], [-122.843607600659, 49.1977699457104], [-122.843620271634, 49.1979497089883], [-122.843624052973, 49.1979881159933], [-122.843631519544, 49.1980349537325], [-122.843642097589, 49.1980815333637], [-122.843655766966, 49.1981277661628], [-122.843707335504, 49.1982838623306], [-122.843674616954, 49.1983100025028], [-122.842779866685, 49.1983041140485], [-122.842732179592, 49.1982772044183], [-122.842658435652, 49.1979759085689], [-122.842624912389, 49.1978389452539], [-122.84262793089, 49.1976736560089]]]}, "properties": {"PLAN_AREA": "City Centre", "PLAN_TYPE": "City Centre Plan", "PLAN_YEAR": 2025, "PLAN_STATUS": "Stage 2 Approved (See Surrey 2050 OCP)", "LAND_USE": "High Rise"}}, {"type": "Feature", "geometry": {"type": "Polygon", "coordinates": [[[-122.843883425664, 49.1976878345521], [-122.843925039297, 49.1976613977993], [-122.844001976406, 49.1976624048692], [-122.844511093855, 49.1975869379722], [-122.845085702335, 49.1975944493922], [-122.845085057302, 49.1976414427365], [-122.845080043539, 49.1980065062457], [-122.845075749259, 49.1983191793066], [-122.844470527618, 49.1983152049563], [-122.844198740752, 49.1983135523224], [-122.844115199152, 49.1983128692968], [-122.843994997091, 49.1983120791292], [-122.843990051392, 49.1982930155716], [-122.84398458519, 49.1982740131546], [-122.843978600239, 49.198255077981], [-122.843923968839, 49.1980897144232], [-122.843914183316, 49.198057210488], [-122.843906231611, 49.198024492381], [-122.843900124516, 49.197991604518], [-122.843897735157, 49.1979748716569], [-122.84389582342, 49.1979581124544], [-122.843894389973, 49.1979413327647], [-122.843882084524, 49.1977667953878], [-122.843883425664, 49.1976878345521]]]}, "properties": {"PLAN_AREA": "City Centre", "PLAN_TYPE": "City Centre Plan", "PLAN_YEAR": 2025, "PLAN_STATUS": "Stage 2 Approved (See Surrey 2050 OCP)", "LAND_USE": "High Rise"}}, {"type": "Feature", "geometry": {"type": "Polygon", "coordinates": [[[-122.84430348969, 49.1783646270169], [-122.845347889514, 49.1783600034485], [-122.845328958041, 49.1786032553234], [-122.845297686836, 49.1791406212254], [-122.845296686505, 49.1791578072836], [-122.844212088581, 49.1791628889098], [-122.844213043988, 49.1791452719235], [-122.844255361218, 49.1783648400774], [-122.844262328843, 49.1783648089946], [-122.84430348969, 49.1783646270169]]]}, "properties": {"PLAN_AREA": "City Centre", "PLAN_TYPE": "City Centre Plan", "PLAN_YEAR": 2025, "PLAN_STATUS": "Stage 2 Approved (See Surrey 2050 OCP)", "LAND_USE": "Mid Rise"}}, {"type": "Feature", "geometry": {"type": "Polygon", "coordinates": [[[-122.841600314299, 49.1788465429853], [-122.841870040941, 49.1788454994532], [-122.841853057504, 49.1791562382606], [-122.841852072525, 49.1791742608771], [-122.841377538701, 49.1791760226283], [-122.840877426798, 49.179177876723], [-122.840648095629, 49.1791787263111], [-122.840633150093, 49.1791604658343], [-122.840630381033, 49.1791570833629], [-122.840610403098, 49.1791326748189], [-122.840604226709, 49.1791251299974], [-122.840619232351, 49.1788503331263], [-122.840894947013, 49.1788492677521], [-122.841394896684, 49.1788473368993], [-122.841600314299, 49.1788465429853]]]}, "properties": {"PLAN_AREA": "City Centre", "PLAN_TYPE": "City Centre Plan", "PLAN_YEAR": 2025, "PLAN_STATUS": "Stage 2 Approved (See Surrey 2050 OCP)", "LAND_USE": "Mid Rise"}}, {"type": "Feature", "geometry": {"type": "Polygon", "coordinates": [[[-122.845902609196, 49.1800717046784], [-122.845957355538, 49.1791307643694], [-122.847179102664, 49.1792612673795], [-122.847299767708, 49.1792607136582], [-122.847309764316, 49.1800660212084], [-122.847076395928, 49.1800670311456], [-122.845902609196, 49.1800717046784]]]}, "properties": {"PLAN_AREA": "City Centre", "PLAN_TYPE": "City Centre Plan", "PLAN_YEAR": 2025, "PLAN_STATUS": "Stage 2 Approved (See Surrey 2050 OCP)", "LAND_USE": "Mid Rise"}}, {"type": "Feature", "geometry": {"type": "Polygon", "coordinates": [[[-122.852239192829, 49.1879335493678], [-122.851971017361, 49.1879322398558], [-122.851970948743, 49.1879322397678], [-122.851152610604, 49.1879284228261], [-122.851199481083, 49.1878940689014], [-122.85139072523, 49.1877182073253], [-122.851545147171, 49.1875370349358], [-122.851672671029, 49.1873389705478], [-122.851743035196, 49.1871916220726], [-122.851797325161, 49.1870340171411], [-122.851956360496, 49.1863140496819], [-122.85198180724, 49.1863081336868], [-122.852058508554, 49.1862903195648], [-122.852256694805, 49.1863599353513], [-122.852548337159, 49.1864626983029], [-122.852657752751, 49.186502687568], [-122.852765237777, 49.1865448665163], [-122.852870690279, 49.1865891951391], [-122.853347378974, 49.1867964340236], [-122.853358904524, 49.1868338143537], [-122.853071602486, 49.1871173327742], [-122.853067807847, 49.1871210780989], [-122.853022411176, 49.1871658755387], [-122.852591888114, 49.1875907221904], [-122.852543178979, 49.1876387877106], [-122.85253457553, 49.187642068116], [-122.852453801736, 49.1877217759939], [-122.852452421575, 49.18793438958], [-122.852315201744, 49.1879338534808], [-122.85224658428, 49.1879335858101], [-122.852239192829, 49.1879335493678]]]}, "properties": {"PLAN_AREA": "City Centre", "PLAN_TYPE": "City Centre Plan", "PLAN_YEAR": 2025, "PLAN_STATUS": "Stage 2 Approved (See Surrey 2050 OCP)", "LAND_USE": "Mid Rise"}}, {"type": "Feature", "geometry": {"type": "Polygon", "coordinates": [[[-122.841450898333, 49.1879883568005], [-122.841520281457, 49.1879435527515], [-122.842960854657, 49.1879579628661], [-122.84303201819, 49.1880054083123], [-122.84303154594, 49.188181586551], [-122.843028938722, 49.1882186370851], [-122.843021168869, 49.1882553756991], [-122.843008301592, 49.1882914939905], [-122.842990444896, 49.1883266887636], [-122.84296774867, 49.1883606645741], [-122.842940403427, 49.1883931362102], [-122.842908638712, 49.1884238310862], [-122.842872721168, 49.1884524915311], [-122.842794801592, 49.1884524844445], [-122.842640121346, 49.1883518805517], [-122.84262109288, 49.1883405180429], [-122.842600656426, 49.1883302596774], [-122.842578960653, 49.1883211800808], [-122.842556163388, 49.1883133453035], [-122.842532430473, 49.1883068123403], [-122.842507934557, 49.1883016287158], [-122.842482853835, 49.1882978321387], [-122.842457370761, 49.1882954502276], [-122.842431670714, 49.1882945003099], [-122.841559164191, 49.1882866770876], [-122.841549689231, 49.1882863231017], [-122.841540296356, 49.1882854338918], [-122.841531055806, 49.1882840161074], [-122.841522036683, 49.1882820803507], [-122.841513306431, 49.1882796410973], [-122.841504930336, 49.188276716588], [-122.841496971034, 49.1882733286924], [-122.841489488045, 49.1882695027452], [-122.841482537326, 49.1882652673569], [-122.841476170856, 49.1882606541998], [-122.841470436241, 49.1882556977711], [-122.841465376367, 49.188250435135], [-122.841461029069, 49.1882449056455], [-122.841457426858, 49.1882391506523], [-122.841454596669, 49.1882332131912], [-122.841452559668, 49.1882271376624], [-122.841451331086, 49.1882209694988], [-122.841450920111, 49.1882147548259], [-122.841450898333, 49.1879883568005]]]}, "properties": {"PLAN_AREA": "City Centre", "PLAN_TYPE": "City Centre Plan", "PLAN_YEAR": 2025, "PLAN_STATUS": "Stage 2 Approved (See Surrey 2050 OCP)", "LAND_USE": "Mid Rise"}}, {"type": "Feature", "geometry": {"type": "Polygon", "coordinates": [[[-122.843470082788, 49.1880073152801], [-122.843538652801, 49.1879630243495], [-122.844204256117, 49.1879694949499], [-122.844245419399, 49.187996870179], [-122.844245547731, 49.1882716434118], [-122.844245747595, 49.188701566317], [-122.844204610598, 49.1887281360982], [-122.843457808063, 49.1887207935693], [-122.843399518997, 49.1887164420572], [-122.843341953464, 49.1887090293848], [-122.843285485045, 49.188698603658], [-122.843230480202, 49.1886852325364], [-122.843214868762, 49.1886328531482], [-122.843269834813, 49.1885871853007], [-122.843318759796, 49.1885386550613], [-122.843361298551, 49.1884876048251], [-122.843397150975, 49.1884343947654], [-122.843426064142, 49.1883794002925], [-122.843447834087, 49.188323009405], [-122.843462307241, 49.1882656199521], [-122.843466659784, 49.1882376033164], [-122.843469270901, 49.1882094938554], [-122.843470136278, 49.1881813380527], [-122.843470082788, 49.1880073152801]]]}, "properties": {"PLAN_AREA": "City Centre", "PLAN_TYPE": "City Centre Plan", "PLAN_YEAR": 2025, "PLAN_STATUS": "Stage 2 Approved (See Surrey 2050 OCP)", "LAND_USE": "Mid Rise"}}, {"type": "Feature", "geometry": {"type": "Polygon", "coordinates": [[[-122.844410380278, 49.1887300704285], [-122.84441002049, 49.1879646782818], [-122.845142547301, 49.1879729337304], [-122.845136693851, 49.1883762484568], [-122.845131567887, 49.1887293666126], [-122.845091307385, 49.188730732981], [-122.844981647502, 49.1887344538346], [-122.844937591198, 49.1887354423237], [-122.844893509102, 49.1887354194262], [-122.844849455243, 49.18873438517], [-122.844410380278, 49.1887300704285]]]}, "properties": {"PLAN_AREA": "City Centre", "PLAN_TYPE": "City Centre Plan", "PLAN_YEAR": 2025, "PLAN_STATUS": "Stage 2 Approved (See Surrey 2050 OCP)", "LAND_USE": "Mid Rise"}}, {"type": "Feature", "geometry": {"type": "Polygon", "coordinates": [[[-122.851139529979, 49.1884377618368], [-122.85114198227, 49.1881093627206], [-122.85141782626, 49.1881106210558], [-122.851969648781, 49.1881131350227], [-122.851968468175, 49.1882774799239], [-122.851967287561, 49.1884418248204], [-122.851964789337, 49.1887704235709], [-122.8516890789, 49.1887691667148], [-122.851413231241, 49.188767909024], [-122.851137805323, 49.1887665162881], [-122.851137522615, 49.1887665150242], [-122.85113799528, 49.1887301898096], [-122.851139529979, 49.1884377618368]]]}, "properties": {"PLAN_AREA": "City Centre", "PLAN_TYPE": "City Centre Plan", "PLAN_YEAR": 2025, "PLAN_STATUS": "Stage 2 Approved (See Surrey 2050 OCP)", "LAND_USE": "Mid Rise"}}, {"type": "Feature", "geometry": {"type": "Polygon", "coordinates": [[[-122.852240771018, 49.1887723097885], [-122.852245330881, 49.1881143902745], [-122.852389921849, 49.1881150483194], [-122.85272572343, 49.1881153663732], [-122.852727887606, 49.1877815462567], [-122.852736238178, 49.1877733054911], [-122.853020104998, 49.187493182898], [-122.853296497726, 49.187220431667], [-122.853587545492, 49.1869332149638], [-122.853644611745, 49.186925654758], [-122.854179446049, 49.1871581660739], [-122.854213081288, 49.1872000458073], [-122.854198610006, 49.1877917608698], [-122.854193784135, 49.187989067272], [-122.854188959737, 49.1881863259938], [-122.854184135283, 49.1883835901059], [-122.854179310804, 49.1885808488137], [-122.854174475389, 49.1887785464727], [-122.853756510625, 49.1887770509826], [-122.85307078547, 49.1887748178539], [-122.852240771018, 49.1887723097885]]]}, "properties": {"PLAN_AREA": "City Centre", "PLAN_TYPE": "City Centre Plan", "PLAN_YEAR": 2025, "PLAN_STATUS": "Stage 2 Approved (See Surrey 2050 OCP)", "LAND_USE": "Mid Rise"}}, {"type": "Feature", "geometry": {"type": "Polygon", "coordinates": [[[-122.841204062415, 49.1888972311274], [-122.8412040139, 49.1884093848228], [-122.842389547689, 49.188420017596], [-122.842398893166, 49.1884203630184], [-122.842408159743, 49.1884212291661], [-122.84241728001, 49.1884226097382], [-122.842426187618, 49.1884244946915], [-122.84243481777, 49.1884268703136], [-122.842443107682, 49.1884297193229], [-122.84245099705, 49.1884330209936], [-122.84245842848, 49.1884367513073], [-122.842465347912, 49.1884408831274], [-122.842639745593, 49.1885543117706], [-122.842639886439, 49.1886051022744], [-122.842158831653, 49.188920442647], [-122.842005319274, 49.1890210712472], [-122.841943127195, 49.189065559122], [-122.841887084137, 49.1891134288767], [-122.84183761621, 49.1891643165621], [-122.841795099535, 49.1892178352833], [-122.841759857387, 49.1892735781398], [-122.841732157735, 49.1893311213206], [-122.841712211207, 49.1893900273246], [-122.841700169485, 49.1894498482882], [-122.84169612415, 49.1895101293895], [-122.841696102012, 49.1895428768401], [-122.841624385972, 49.189588691557], [-122.841204128828, 49.1895844551989], [-122.841204062415, 49.1888972311274]]]}, "properties": {"PLAN_AREA": "City Centre", "PLAN_TYPE": "City Centre Plan", "PLAN_YEAR": 2025, "PLAN_STATUS": "Stage 2 Approved (See Surrey 2050 OCP)", "LAND_USE": "Mid Rise"}}, {"type": "Feature", "geometry": {"type": "Polygon", "coordinates": [[[-122.854417658492, 49.1901064570069], [-122.854419405284, 49.190034529904], [-122.855292160327, 49.1900384647426], [-122.855284020532, 49.1904821569507], [-122.855270294495, 49.1904897902729], [-122.85519972345, 49.1904840411025], [-122.855128819844, 49.190480457661], [-122.855057738304, 49.190479047763], [-122.854449837012, 49.1904762952961], [-122.854409336531, 49.190449137743], [-122.854417658492, 49.1901064570069]]]}, "properties": {"PLAN_AREA": "City Centre", "PLAN_TYPE": "City Centre Plan", "PLAN_YEAR": 2025, "PLAN_STATUS": "Stage 2 Approved (See Surrey 2050 OCP)", "LAND_USE": "Mid Rise"}}, {"type": "Feature", "geometry": {"type": "Polygon", "coordinates": [[[-122.842134482909, 49.1907384607092], [-122.842134877443, 49.190152504071], [-122.843102825174, 49.1901612145293], [-122.843171379316, 49.1902067897957], [-122.843170985373, 49.1907478030961], [-122.843129813052, 49.1907744075195], [-122.842175617242, 49.1907658069383], [-122.842134482909, 49.1907384607092]]]}, "properties": {"PLAN_AREA": "City Centre", "PLAN_TYPE": "City Centre Plan", "PLAN_YEAR": 2025, "PLAN_STATUS": "Stage 2 Approved (See Surrey 2050 OCP)", "LAND_USE": "Mid Rise"}}, {"type": "Feature", "geometry": {"type": "Polygon", "coordinates": [[[-122.84347334446, 49.1907777377206], [-122.843473991934, 49.1902009944409], [-122.843501100727, 49.1902012407685], [-122.844332253719, 49.1902088010756], [-122.844332460949, 49.190208803154], [-122.845109983972, 49.1902158699831], [-122.845101572324, 49.1907935113788], [-122.844323587435, 49.1907859779166], [-122.843500266869, 49.1907779990878], [-122.84347334446, 49.1907777377206]]]}, "properties": {"PLAN_AREA": "City Centre", "PLAN_TYPE": "City Centre Plan", "PLAN_YEAR": 2025, "PLAN_STATUS": "Stage 2 Approved (See Surrey 2050 OCP)", "LAND_USE": "Mid Rise"}}, {"type": "Feature", "geometry": {"type": "Polygon", "coordinates": [[[-122.854009919569, 49.1793814280064], [-122.854006175617, 49.1790252968451], [-122.854254936404, 49.1790267831424], [-122.854589316584, 49.1790285575459], [-122.854923695418, 49.1790303309795], [-122.855258074277, 49.1790321034449], [-122.855592592008, 49.1790337851625], [-122.855926970919, 49.1790355556914], [-122.856261351228, 49.1790373252538], [-122.856557333391, 49.1790388914416], [-122.856542467494, 49.1793950677627], [-122.856504968885, 49.180293394709], [-122.854051976016, 49.1802803881357], [-122.854059102025, 49.1798219937593], [-122.854014920049, 49.1798216671587], [-122.854009919569, 49.1793814280064]]]}, "properties": {"PLAN_AREA": "City Centre", "PLAN_TYPE": "City Centre Plan", "PLAN_YEAR": 2025, "PLAN_STATUS": "Stage 2 Approved (See Surrey 2050 OCP)", "LAND_USE": "Park"}}, {"type": "Feature", "geometry": {"type": "Polygon", "coordinates": [[[-122.838957824217, 49.1793819683959], [-122.83895517243, 49.1791428685268], [-122.840177342445, 49.1793064573069], [-122.8402639616, 49.1793181127717], [-122.840304021838, 49.1793668491607], [-122.8404291508, 49.1795190748661], [-122.840163920356, 49.1798075196898], [-122.840023605888, 49.1799601544398], [-122.839883841734, 49.1801120701514], [-122.839678806833, 49.18033513639], [-122.839573465352, 49.1804496788857], [-122.83953038745, 49.1804964748606], [-122.839413125733, 49.1804709351154], [-122.839278594861, 49.1804379734521], [-122.839146257437, 49.180401874414], [-122.839012947684, 49.1803614408135], [-122.838969322243, 49.1803467886524], [-122.838957824217, 49.1793819683959]]]}, "properties": {"PLAN_AREA": "City Centre", "PLAN_TYPE": "City Centre Plan", "PLAN_YEAR": 2025, "PLAN_STATUS": "Stage 2 Approved (See Surrey 2050 OCP)", "LAND_USE": "Park"}}, {"type": "Feature", "geometry": {"type": "Polygon", "coordinates": [[[-122.841074309959, 49.1830478469936], [-122.841123044802, 49.1822102566765], [-122.842009721688, 49.1822208417047], [-122.842110427635, 49.1823602686126], [-122.842293621846, 49.1826513480263], [-122.842881613515, 49.1835854478496], [-122.842712332891, 49.1835834327534], [-122.84268989868, 49.1835395130621], [-122.842276437337, 49.1835374091411], [-122.842087806857, 49.1834068917365], [-122.84201326219, 49.1833553121842], [-122.842021495427, 49.1833502006036], [-122.841821814141, 49.1832119982204], [-122.841419097897, 49.1830852063142], [-122.841421038674, 49.1830520009002], [-122.841200328008, 49.1830493561458], [-122.841074309959, 49.1830478469936]]]}, "properties": {"PLAN_AREA": "City Centre", "PLAN_TYPE": "City Centre Plan", "PLAN_YEAR": 2025, "PLAN_STATUS": "Stage 2 Approved (See Surrey 2050 OCP)", "LAND_USE": "Park"}}, {"type": "Feature", "geometry": {"type": "Polygon", "coordinates": [[[-122.83615596895, 49.1834577594917], [-122.836335949929, 49.1831280523017], [-122.836433500877, 49.1829493434426], [-122.836614669577, 49.182617451606], [-122.836627297942, 49.1823994899827], [-122.837069347526, 49.1824037854622], [-122.837204912272, 49.1822210492689], [-122.837194338373, 49.1824049997916], [-122.837210666304, 49.1824050075159], [-122.837218854284, 49.1824050109613], [-122.83726181026, 49.1823262660545], [-122.837297094637, 49.1822615835274], [-122.83781367283, 49.1817016451656], [-122.837851251199, 49.1810142616033], [-122.838185988273, 49.181022880874], [-122.838281895945, 49.1807425513439], [-122.838360974725, 49.1805114098709], [-122.838418202975, 49.1805321945268], [-122.838540405026, 49.1805755889421], [-122.83866346388, 49.1806180282202], [-122.838790522043, 49.180660701431], [-122.838942064271, 49.180706664962], [-122.839013242751, 49.1807260816948], [-122.838992403461, 49.1810822932436], [-122.838973065433, 49.181403702998], [-122.83870086157, 49.1813993130195], [-122.838234864777, 49.1819066540381], [-122.8382306388, 49.1819785208624], [-122.838217805471, 49.1821967270604], [-122.838204963192, 49.1824151176407], [-122.838192119447, 49.1826335019124], [-122.838179276944, 49.1828518906739], [-122.838166036347, 49.1830770217713], [-122.838155865359, 49.1832499653265], [-122.838152801413, 49.1833020620134], [-122.837720181901, 49.1832969527664], [-122.837724735162, 49.1832192610578], [-122.837725653669, 49.1832035861777], [-122.837659184189, 49.1832026894792], [-122.837341746858, 49.1831984090184], [-122.837292673476, 49.1832882545638], [-122.837258758712, 49.1832878145815], [-122.837144076149, 49.1832863279082], [-122.83714406307, 49.1832865500745], [-122.83712552808, 49.1835943397976], [-122.837124857127, 49.1835955712122], [-122.837097410899, 49.1840562357421], [-122.837095524419, 49.1840878921588], [-122.836529916486, 49.1840811731288], [-122.836385855539, 49.1840798770954], [-122.836164104668, 49.1840771834644], [-122.83618761855, 49.1836755301685], [-122.836200334454, 49.1834583081719], [-122.83615596895, 49.1834577594917]]]}, "properties": {"PLAN_AREA": "City Centre", "PLAN_TYPE": "City Centre Plan", "PLAN_YEAR": 2025, "PLAN_STATUS": "Stage 2 Approved (See Surrey 2050 OCP)", "LAND_USE": "Park"}}, {"type": "Feature", "geometry": {"type": "Polygon", "coordinates": [[[-122.850943528641, 49.1825395278986], [-122.851152733915, 49.1825386265274], [-122.851163592539, 49.18349161797], [-122.851192106496, 49.1836705098346], [-122.851270166346, 49.1838464808514], [-122.851270890124, 49.1838481117378], [-122.851299296125, 49.1838855383183], [-122.851396277611, 49.18401331682], [-122.851423001038, 49.184037117772], [-122.85143798593, 49.1840504645343], [-122.851518534138, 49.1841222069519], [-122.851665627398, 49.1846641506632], [-122.851660937336, 49.1848830046621], [-122.8516398345, 49.1858675390152], [-122.851625559854, 49.1858624563062], [-122.849825129839, 49.1852214049618], [-122.84783047277, 49.1844235698189], [-122.847725861292, 49.1843495703596], [-122.847703542851, 49.1843338890516], [-122.847547684055, 49.1842797096203], [-122.847384796936, 49.1842353256037], [-122.847216252566, 49.1842010976999], [-122.847043695353, 49.1841772997211], [-122.846992664064, 49.1841722846904], [-122.846941491136, 49.1841682589361], [-122.846890178219, 49.1841651316073], [-122.845830833683, 49.1841523783227], [-122.845783183454, 49.1841192109783], [-122.845782994922, 49.1834782014438], [-122.845782911753, 49.1830960552332], [-122.845942832139, 49.1830954428974], [-122.847012208288, 49.1830913448998], [-122.847357767666, 49.183090018366], [-122.847357423178, 49.1830614838092], [-122.847356330384, 49.1829710792492], [-122.847355920662, 49.1829258321726], [-122.847351579124, 49.1825550378129], [-122.847607363657, 49.1825539390583], [-122.847864107355, 49.1825528410008], [-122.848120715193, 49.1825517421939], [-122.84837732165, 49.182550642815], [-122.848633928097, 49.182549542866], [-122.848890535905, 49.1825484423485], [-122.849147143704, 49.182547341261], [-122.849403750123, 49.1825462387019], [-122.849660356529, 49.1825451364722], [-122.849916964567, 49.1825439446207], [-122.850173570952, 49.1825428412507], [-122.850430315921, 49.18254173749], [-122.850686922286, 49.1825406329794], [-122.850943528641, 49.1825395278986]]]}, "properties": {"PLAN_AREA": "City Centre", "PLAN_TYPE": "City Centre Plan", "PLAN_YEAR": 2025, "PLAN_STATUS": "Stage 2 Approved (See Surrey 2050 OCP)", "LAND_USE": "Park"}}, {"type": "Feature", "geometry": {"type": "Polygon", "coordinates": [[[-122.834822507588, 49.1860186205035], [-122.834823161868, 49.1857309489483], [-122.834823535659, 49.1855667064226], [-122.835166016168, 49.1855709171014], [-122.835166897732, 49.1852146303528], [-122.835527023603, 49.1852183937896], [-122.835527031516, 49.1852180762656], [-122.835531445091, 49.1850378763599], [-122.835531449802, 49.1850376973595], [-122.835528879014, 49.1850378475186], [-122.835230488079, 49.185034496012], [-122.83523076282, 49.1849525777094], [-122.835231701276, 49.1846724158088], [-122.835540098377, 49.1846756646234], [-122.835546940134, 49.1843892341699], [-122.835547242934, 49.1843765394869], [-122.836707904788, 49.1843891094118], [-122.836707563438, 49.1844023500599], [-122.836700876818, 49.184661603199], [-122.836693639756, 49.1849421483993], [-122.836691319656, 49.1850320885485], [-122.836342763076, 49.1850284278936], [-122.836171938674, 49.1850906627806], [-122.836120965798, 49.1851839431213], [-122.835803398532, 49.1857650798427], [-122.835904131122, 49.1858335875299], [-122.835996839119, 49.1858347105022], [-122.836088052921, 49.1858386675073], [-122.836178277807, 49.1858482918954], [-122.836266697566, 49.1858634979554], [-122.836298383712, 49.1858711214392], [-122.836352511261, 49.1858841451288], [-122.836434941429, 49.1859100479162], [-122.836447319424, 49.1859142833566], [-122.836457005955, 49.1859173806732], [-122.836459868318, 49.185918296853], [-122.836472579893, 49.185922083896], [-122.836519386557, 49.1859337703299], [-122.836567705971, 49.1859424058701], [-122.83661708005, 49.1859479071098], [-122.836667036878, 49.1859502230062], [-122.836507797415, 49.1859487599358], [-122.836226494328, 49.1859778741562], [-122.835728747055, 49.1860293887444], [-122.83550767885, 49.1860272003656], [-122.834822507588, 49.1860186205035]]]}, "properties": {"PLAN_AREA": "City Centre", "PLAN_TYPE": "City Centre Plan", "PLAN_YEAR": 2025, "PLAN_STATUS": "Stage 2 Approved (See Surrey 2050 OCP)", "LAND_USE": "Park"}}, {"type": "Feature", "geometry": {"type": "Polygon", "coordinates": [[[-122.83437733038, 49.1873624105705], [-122.834386606162, 49.1861913506678], [-122.835269947903, 49.1862023982099], [-122.835763145877, 49.1862079634989], [-122.835740247068, 49.1871060147774], [-122.835727391031, 49.1876258167544], [-122.834376013808, 49.1876137687508], [-122.83437733038, 49.1873624105705]]]}, "properties": {"PLAN_AREA": "City Centre", "PLAN_TYPE": "City Centre Plan", "PLAN_YEAR": 2025, "PLAN_STATUS": "Stage 2 Approved (See Surrey 2050 OCP)", "LAND_USE": "Park"}}, {"type": "Feature", "geometry": {"type": "Polygon", "coordinates": [[[-122.839653282098, 49.187020806734], [-122.839655944321, 49.1870208428133], [-122.839661864334, 49.1870209238945], [-122.839923537594, 49.1870244604319], [-122.840243829982, 49.1870277023718], [-122.840564259936, 49.1870308536601], [-122.840837071378, 49.1870334868792], [-122.841075133241, 49.1870358710456], [-122.841072155909, 49.187342884715], [-122.841071624722, 49.1873977563872], [-122.841068944557, 49.187674103574], [-122.840557355351, 49.187669030304], [-122.839578327344, 49.1876593161037], [-122.839369988178, 49.1876572472523], [-122.839399356285, 49.1875663529787], [-122.839440983781, 49.1874775395349], [-122.839494538341, 49.1873915158089], [-122.839529777869, 49.1873381194651], [-122.839561093215, 49.1872836825363], [-122.83958841316, 49.1872283288452], [-122.839590413298, 49.1872238888304], [-122.839617216428, 49.18715701025], [-122.839638195156, 49.1870892436355], [-122.839653282098, 49.187020806734]]]}, "properties": {"PLAN_AREA": "City Centre", "PLAN_TYPE": "City Centre Plan", "PLAN_YEAR": 2025, "PLAN_STATUS": "Stage 2 Approved (See Surrey 2050 OCP)", "LAND_USE": "Park"}}, {"type": "Feature", "geometry": {"type": "Polygon", "coordinates": [[[-122.846928529883, 49.1785198147543], [-122.846927280979, 49.1784033387116], [-122.846892977946, 49.1784034974336], [-122.846890091013, 49.1781343943419], [-122.847136960524, 49.1781332011596], [-122.847412215348, 49.1781317436134], [-122.847413276921, 49.1782318631774], [-122.847417301079, 49.1786157905934], [-122.847286638817, 49.1786164220706], [-122.846929585055, 49.1786181361391], [-122.846928529883, 49.1785198147543]]]}, "properties": {"PLAN_AREA": "City Centre", "PLAN_TYPE": "City Centre Plan", "PLAN_YEAR": 2025, "PLAN_STATUS": "Stage 2 Approved (See Surrey 2050 OCP)", "LAND_USE": "Park"}}, {"type": "Feature", "geometry": {"type": "Polygon", "coordinates": [[[-122.834626756213, 49.1895134985542], [-122.834630207686, 49.1893550085569], [-122.834634133972, 49.1891746983731], [-122.834638053749, 49.18899468502], [-122.834641974866, 49.1888146725626], [-122.834645894583, 49.1886346591979], [-122.834649814267, 49.1884546467269], [-122.834653733918, 49.1882746351496], [-122.834657653536, 49.1880946244661], [-122.834662888897, 49.1878541679553], [-122.834995834617, 49.1878576395582], [-122.835681930817, 49.1878647894389], [-122.835676897731, 49.1881049170525], [-122.835673127582, 49.1882848371288], [-122.835665585824, 49.1886446772622], [-122.835661815585, 49.1888245982207], [-122.835654273656, 49.1891844374199], [-122.835650495375, 49.1893646884781], [-122.835649344613, 49.1894195862126], [-122.835648590013, 49.189455564642], [-122.835618086451, 49.1894552810551], [-122.835161371239, 49.1895184753328], [-122.834961042753, 49.1895166105602], [-122.834878706243, 49.1895158443101], [-122.834626756213, 49.1895134985542]]]}, "properties": {"PLAN_AREA": "City Centre", "PLAN_TYPE": "City Centre Plan", "PLAN_YEAR": 2025, "PLAN_STATUS": "Stage 2 Approved (See Surrey 2050 OCP)", "LAND_USE": "Park"}}, {"type": "Feature", "geometry": {"type": "Polygon", "coordinates": [[[-122.847376002563, 49.1983667389433], [-122.847329083992, 49.1981802922907], [-122.84735612999, 49.1981805106429], [-122.848009356006, 49.1981857798044], [-122.848662771587, 49.1981910473191], [-122.848661827091, 49.1983773371716], [-122.848661819633, 49.1983788816567], [-122.84865992239, 49.1987532567967], [-122.847497491271, 49.1987428989025], [-122.847470483469, 49.1987426581457], [-122.847376002563, 49.1983667389433]]]}, "properties": {"PLAN_AREA": "City Centre", "PLAN_TYPE": "City Centre Plan", "PLAN_YEAR": 2025, "PLAN_STATUS": "Stage 2 Approved (See Surrey 2050 OCP)", "LAND_USE": "High Rise"}}, {"type": "Feature", "geometry": {"type": "Polygon", "coordinates": [[[-122.839573633726, 49.2054909637121], [-122.839870682725, 49.2053316283727], [-122.83990528047, 49.205331857138], [-122.840197955787, 49.2053332932947], [-122.840512912878, 49.2053350149451], [-122.840807119779, 49.2053366216842], [-122.841101229227, 49.2053382284393], [-122.841352281479, 49.2053395981057], [-122.841603114092, 49.2053409669251], [-122.841853945433, 49.2053423082122], [-122.842130031588, 49.205343678978], [-122.842405981851, 49.2053450479989], [-122.842682067466, 49.2053465982499], [-122.842820736432, 49.2053473312524], [-122.842816735113, 49.2056551035945], [-122.842677932266, 49.2056543245292], [-122.842401941035, 49.2056527752973], [-122.842125811967, 49.2056514042239], [-122.841849951989, 49.2056500346579], [-122.841599055415, 49.2056484279119], [-122.841347960887, 49.205646908503], [-122.841096457255, 49.2056458197598], [-122.840802938971, 49.2056442398944], [-122.840509004739, 49.2056426569097], [-122.840192962446, 49.2056409553367], [-122.839949885926, 49.2056375936484], [-122.839934006126, 49.2056371632565], [-122.839905014427, 49.2056353824853], [-122.839904938941, 49.205635376084], [-122.83986851976, 49.2056312765867], [-122.839832768608, 49.2056251525269], [-122.839797947134, 49.2056170487243], [-122.839764310182, 49.2056070244876], [-122.839732103929, 49.2055951531806], [-122.839701564078, 49.2055815216846], [-122.839672914138, 49.2055662297636], [-122.839646363785, 49.205549389333], [-122.839634649033, 49.2055409606642], [-122.839597271976, 49.2055103328389], [-122.839580208729, 49.2054963511342], [-122.839573633726, 49.2054909637121]]]}, "properties": {"PLAN_AREA": "City Centre", "PLAN_TYPE": "City Centre Plan", "PLAN_YEAR": 2025, "PLAN_STATUS": "Stage 2 Approved (See Surrey 2050 OCP)", "LAND_USE": "Low Rise"}}, {"type": "Feature", "geometry": {"type": "Polygon", "coordinates": [[[-122.841368188887, 49.1793568206401], [-122.841674315925, 49.1793551753953], [-122.841673368748, 49.1793729398952], [-122.841656793639, 49.1796838420212], [-122.841644572565, 49.1799137569562], [-122.841633907391, 49.1799222336554], [-122.841624410426, 49.1799312877739], [-122.841616154029, 49.1799408503272], [-122.841609201106, 49.179950848457], [-122.841603604633, 49.1799612059863], [-122.841599407253, 49.1799718439998], [-122.841596640945, 49.1799826814447], [-122.841595326789, 49.1799936357492], [-122.841595474797, 49.1800046234508], [-122.841597083844, 49.1800155608324], [-122.841600141669, 49.1800263645605], [-122.841604624977, 49.1800369523196], [-122.841610499609, 49.1800472434398], [-122.841617720806, 49.1800571595113], [-122.841626233549, 49.1800666249818], [-122.841635972979, 49.1800755677321], [-122.84163549563, 49.1800845489244], [-122.841634533471, 49.1800846375584], [-122.841519207682, 49.1800952152958], [-122.841470188407, 49.1800997113536], [-122.841448200145, 49.1801017276081], [-122.841388775552, 49.1801071763446], [-122.841326115548, 49.1800155842758], [-122.84127683612, 49.1799435511394], [-122.841065942176, 49.1796867112969], [-122.840863468155, 49.1794406563794], [-122.840882873123, 49.179376361032], [-122.840888140415, 49.1793589083322], [-122.841117360369, 49.1793579114901], [-122.841368188887, 49.1793568206401]]]}, "properties": {"PLAN_AREA": "City Centre", "PLAN_TYPE": "City Centre Plan", "PLAN_YEAR": 2025, "PLAN_STATUS": "Stage 2 Approved (See Surrey 2050 OCP)", "LAND_USE": "Mid Rise"}}, {"type": "Feature", "geometry": {"type": "Polygon", "coordinates": [[[-122.836866373949, 49.1795604312746], [-122.83765093597, 49.1786725947085], [-122.838013015567, 49.1788103315861], [-122.838012970091, 49.1788103917911], [-122.838613431786, 49.179038174142], [-122.838853953491, 49.1791294133298], [-122.83895517243, 49.1791428685268], [-122.838957824217, 49.1793819683959], [-122.838964576842, 49.1799485565392], [-122.838969322243, 49.1803467886524], [-122.838897400902, 49.1803226339089], [-122.838779505696, 49.1802819759673], [-122.838662132677, 49.1802402967638], [-122.838545337196, 49.1801978770321], [-122.838429406262, 49.1801546470118], [-122.838314217893, 49.1801105651561], [-122.838313805385, 49.1801104089592], [-122.837228304857, 49.1796979562905], [-122.836866373949, 49.1795604312746]]]}, "properties": {"PLAN_AREA": "City Centre", "PLAN_TYPE": "City Centre Plan", "PLAN_YEAR": 2025, "PLAN_STATUS": "Stage 2 Approved (See Surrey 2050 OCP)", "LAND_USE": "Mid Rise"}}, {"type": "Feature", "geometry": {"type": "Polygon", "coordinates": [[[-122.844415027956, 49.1793424630219], [-122.845271383851, 49.1793389395521], [-122.845285587094, 49.1793485116325], [-122.845285118787, 49.1793565672323], [-122.845244395247, 49.1800563348442], [-122.845231078008, 49.1803200909347], [-122.845224378072, 49.1803239562484], [-122.845208987278, 49.1803312218455], [-122.845160489261, 49.180350316905], [-122.84510939641, 49.1803663500486], [-122.845056389319, 49.1803793221861], [-122.84501368168, 49.1803869981729], [-122.843676700937, 49.1804016117858], [-122.843656721643, 49.1804018303131], [-122.843622164196, 49.1804034683525], [-122.843193874553, 49.1804237640119], [-122.843199870023, 49.1803723502954], [-122.843205934552, 49.180320355573], [-122.843206564626, 49.180308112872], [-122.843207411077, 49.1802916606459], [-122.843255056114, 49.1793658484553], [-122.84325599172, 49.1793476584473], [-122.84348032674, 49.1793466790702], [-122.843731291007, 49.1793455814728], [-122.844073228926, 49.1793439774206], [-122.844415027956, 49.1793424630219]]]}, "properties": {"PLAN_AREA": "City Centre", "PLAN_TYPE": "City Centre Plan", "PLAN_YEAR": 2025, "PLAN_STATUS": "Stage 2 Approved (See Surrey 2050 OCP)", "LAND_USE": "Mid Rise"}}, {"type": "Feature", "geometry": {"type": "Polygon", "coordinates": [[[-122.849950256962, 49.1792485098045], [-122.851115023431, 49.1792431268505], [-122.851124321371, 49.1800494820084], [-122.850840057003, 49.1800506435209], [-122.850522813762, 49.1800520279155], [-122.850205569403, 49.1800533223834], [-122.850025575604, 49.1800541079528], [-122.849888324754, 49.1800547068324], [-122.849892946507, 49.18043070452], [-122.849755733163, 49.180431261013], [-122.848761180929, 49.180435289008], [-122.848756714156, 49.1800607775056], [-122.848756762034, 49.1800594750432], [-122.848786069316, 49.1792538772716], [-122.849771946819, 49.1792493322471], [-122.849909195546, 49.1792486993214], [-122.849950256962, 49.1792485098045]]]}, "properties": {"PLAN_AREA": "City Centre", "PLAN_TYPE": "City Centre Plan", "PLAN_YEAR": 2025, "PLAN_STATUS": "Stage 2 Approved (See Surrey 2050 OCP)", "LAND_USE": "Mid Rise"}}, {"type": "Feature", "geometry": {"type": "Polygon", "coordinates": [[[-122.847409535178, 49.1792602092796], [-122.848511521033, 49.1792551420228], [-122.848482258867, 49.1800593338137], [-122.848482275484, 49.1800606327625], [-122.848482276472, 49.1800607586985], [-122.848486754193, 49.1804363991416], [-122.847424191293, 49.1804406906885], [-122.847419530977, 49.1800654664448], [-122.847419531074, 49.1800654349612], [-122.847409535178, 49.1792602092796]]]}, "properties": {"PLAN_AREA": "City Centre", "PLAN_TYPE": "City Centre Plan", "PLAN_YEAR": 2025, "PLAN_STATUS": "Stage 2 Approved (See Surrey 2050 OCP)", "LAND_USE": "Mid Rise"}}, {"type": "Feature", "geometry": {"type": "Polygon", "coordinates": [[[-122.847762600749, 49.1995514898058], [-122.847229643193, 49.1998994181787], [-122.84719804201, 49.1998741319421], [-122.847099804808, 49.1997922786582], [-122.84701499613, 49.1997187070672], [-122.8469324391, 49.1996441857937], [-122.846800198541, 49.1995183513949], [-122.846665587539, 49.1993811310304], [-122.846535788384, 49.199238186887], [-122.846423146774, 49.199104191455], [-122.846358207601, 49.199020663695], [-122.847363459245, 49.1990295795911], [-122.848545695941, 49.1990401150259], [-122.847860258939, 49.1994875718851], [-122.847762600749, 49.1995514898058]]]}, "properties": {"PLAN_AREA": "City Centre", "PLAN_TYPE": "City Centre Plan", "PLAN_YEAR": 2025, "PLAN_STATUS": "Stage 2 Approved (See Surrey 2050 OCP)", "LAND_USE": "Commercial"}}, {"type": "Feature", "geometry": {"type": "Polygon", "coordinates": [[[-122.849840148154, 49.1987725791599], [-122.849842477324, 49.1983872518759], [-122.850135120677, 49.198389881691], [-122.850293887051, 49.1983913577259], [-122.850428496762, 49.1983926097624], [-122.850657888235, 49.1983947884161], [-122.850655986588, 49.1987601295873], [-122.850655884669, 49.1987798462756], [-122.85042509916, 49.1987777908482], [-122.850297776899, 49.1987766570971], [-122.849840148154, 49.1987725791599]]]}, "properties": {"PLAN_AREA": "City Centre", "PLAN_TYPE": "City Centre Plan", "PLAN_YEAR": 2025, "PLAN_STATUS": "Stage 2 Approved (See Surrey 2050 OCP)", "LAND_USE": "Commercial"}}, {"type": "Feature", "geometry": {"type": "Polygon", "coordinates": [[[-122.848991254464, 49.1983795979961], [-122.848992864487, 49.1980613154138], [-122.849679909418, 49.1980675881341], [-122.849677767397, 49.1983857710833], [-122.84967776016, 49.1983868001374], [-122.849675436909, 49.1987711109561], [-122.849672012202, 49.1987710804124], [-122.849048384701, 49.1987655633991], [-122.848989304048, 49.1987650409008], [-122.848991254464, 49.1983795979961]]]}, "properties": {"PLAN_AREA": "City Centre", "PLAN_TYPE": "City Centre Plan", "PLAN_YEAR": 2025, "PLAN_STATUS": "Stage 2 Approved (See Surrey 2050 OCP)", "LAND_USE": "Commercial"}}, {"type": "Feature", "geometry": {"type": "Polygon", "coordinates": [[[-122.849847757303, 49.1975077826492], [-122.849845343071, 49.1979611432208], [-122.848995203999, 49.1979533828323], [-122.848995006345, 49.1979533807748], [-122.84899410455, 49.1979533706005], [-122.848996469454, 49.197500282537], [-122.849847757303, 49.1975077826492]]]}, "properties": {"PLAN_AREA": "City Centre", "PLAN_TYPE": "City Centre Plan", "PLAN_YEAR": 2025, "PLAN_STATUS": "Stage 2 Approved (See Surrey 2050 OCP)", "LAND_USE": "Commercial"}}, {"type": "Feature", "geometry": {"type": "Polygon", "coordinates": [[[-122.834363662416, 49.1920044069888], [-122.834365067302, 49.1916489696522], [-122.835568615636, 49.1916648705521], [-122.835565912166, 49.1920188344158], [-122.835564077659, 49.1922588566623], [-122.835563251861, 49.1923668011386], [-122.834362260317, 49.1923585903597], [-122.834362687974, 49.1922506426213], [-122.8343626888, 49.1922503952511], [-122.834363662416, 49.1920044069888]]]}, "properties": {"PLAN_AREA": "City Centre", "PLAN_TYPE": "City Centre Plan", "PLAN_YEAR": 2025, "PLAN_STATUS": "Stage 2 Approved (See Surrey 2050 OCP)", "LAND_USE": "Commercial"}}, {"type": "Feature", "geometry": {"type": "Polygon", "coordinates": [[[-122.845101572324, 49.1907935113788], [-122.843500266869, 49.1907779990878], [-122.84347334446, 49.1907777377206], [-122.843473991934, 49.1902009944409], [-122.843501100727, 49.1902012407685], [-122.844332253719, 49.1902088010756], [-122.844332460949, 49.190208803154], [-122.845109983972, 49.1902158699831], [-122.845101572324, 49.1907935113788]]]}, "properties": {"PLAN_AREA": "City Centre", "PLAN_TYPE": "City Centre Plan", "PLAN_YEAR": 2025, "PLAN_STATUS": "Stage 2 Approved (See Surrey 2050 OCP)", "LAND_USE": "Commercial"}}, {"type": "Feature", "geometry": {"type": "Polygon", "coordinates": [[[-122.843169930946, 49.1914317583129], [-122.842133958752, 49.1914181996405], [-122.8421341999, 49.1910525599063], [-122.842134317751, 49.1908731825369], [-122.842625251496, 49.1908779463062], [-122.843170727451, 49.1908832372276], [-122.843197528201, 49.1908829272971], [-122.843196772448, 49.1914321095941], [-122.843169930946, 49.1914317583129]]]}, "properties": {"PLAN_AREA": "City Centre", "PLAN_TYPE": "City Centre Plan", "PLAN_YEAR": 2025, "PLAN_STATUS": "Stage 2 Approved (See Surrey 2050 OCP)", "LAND_USE": "Commercial"}}, {"type": "Feature", "geometry": {"type": "Polygon", "coordinates": [[[-122.845099993141, 49.1909019298862], [-122.845091918474, 49.1914564006149], [-122.843502033985, 49.1914360578954], [-122.843472605466, 49.1914356815903], [-122.843472977757, 49.1911040857331], [-122.843473221957, 49.1908861707749], [-122.843500110117, 49.1908864311962], [-122.845099993141, 49.1909019298862]]]}, "properties": {"PLAN_AREA": "City Centre", "PLAN_TYPE": "City Centre Plan", "PLAN_YEAR": 2025, "PLAN_STATUS": "Stage 2 Approved (See Surrey 2050 OCP)", "LAND_USE": "Commercial"}}, {"type": "Feature", "geometry": {"type": "Polygon", "coordinates": [[[-122.843170985373, 49.1907478030961], [-122.843129813052, 49.1907744075195], [-122.842175617242, 49.1907658069383], [-122.842134482909, 49.1907384607092], [-122.842134877443, 49.190152504071], [-122.842135061943, 49.1898771223659], [-122.843102825174, 49.1901612145293], [-122.843171379316, 49.1902067897957], [-122.843170985373, 49.1907478030961]]]}, "properties": {"PLAN_AREA": "City Centre", "PLAN_TYPE": "City Centre Plan", "PLAN_YEAR": 2025, "PLAN_STATUS": "Stage 2 Approved (See Surrey 2050 OCP)", "LAND_USE": "Commercial"}}, {"type": "Feature", "geometry": {"type": "Polygon", "coordinates": [[[-122.84037538238, 49.1913823756851], [-122.840386285427, 49.1909322378256], [-122.840801648569, 49.190937826004], [-122.841039506958, 49.190941025831], [-122.841204197807, 49.1909432403516], [-122.841204272416, 49.1908641850586], [-122.841204277109, 49.1908352749965], [-122.841204334786, 49.1905050828441], [-122.841204404059, 49.1901438217389], [-122.841204468599, 49.1898003317679], [-122.84128753427, 49.1898011475825], [-122.841695851205, 49.1898051576797], [-122.841695826968, 49.1898411434425], [-122.841695378906, 49.1905097868527], [-122.841695018983, 49.1910479945306], [-122.841695019698, 49.1910482005244], [-122.84169478369, 49.1913996015708], [-122.841490418875, 49.1913969788915], [-122.841203777051, 49.1913933000458], [-122.840791522509, 49.1913878003576], [-122.840791028443, 49.1913877942793], [-122.840382244395, 49.1913824652272], [-122.84037538238, 49.1913823756851]]]}, "properties": {"PLAN_AREA": "City Centre", "PLAN_TYPE": "City Centre Plan", "PLAN_YEAR": 2025, "PLAN_STATUS": "Stage 2 Approved (See Surrey 2050 OCP)", "LAND_USE": "Commercial"}}, {"type": "Feature", "geometry": {"type": "Polygon", "coordinates": [[[-122.840109945649, 49.1910072112118], [-122.840100942943, 49.1913787973215], [-122.840052917078, 49.1913781704126], [-122.840052899756, 49.1913788603298], [-122.839192318798, 49.1913670382438], [-122.839197556225, 49.1911434191199], [-122.839201001489, 49.1909963530876], [-122.839284083654, 49.190997345774], [-122.840061918599, 49.1910066373772], [-122.840109945649, 49.1910072112118]]]}, "properties": {"PLAN_AREA": "City Centre", "PLAN_TYPE": "City Centre Plan", "PLAN_YEAR": 2025, "PLAN_STATUS": "Stage 2 Approved (See Surrey 2050 OCP)", "LAND_USE": "Commercial"}}, {"type": "Feature", "geometry": {"type": "Polygon", "coordinates": [[[-122.837022275127, 49.1913511645983], [-122.836445451215, 49.191343552321], [-122.836454895305, 49.1909500410091], [-122.836455095731, 49.1909416990303], [-122.837756193639, 49.1909592624302], [-122.837760308058, 49.1909593185838], [-122.838885830283, 49.1909745004897], [-122.838926346207, 49.1910020269192], [-122.838923099072, 49.1911406574061], [-122.838918955054, 49.1913175329508], [-122.838849320321, 49.1913615641631], [-122.838685339083, 49.1913593607693], [-122.838603043113, 49.1913582545105], [-122.837747250324, 49.1913467494808], [-122.837746869686, 49.1913607411701], [-122.837022275127, 49.1913511645983]]]}, "properties": {"PLAN_AREA": "City Centre", "PLAN_TYPE": "City Centre Plan", "PLAN_YEAR": 2025, "PLAN_STATUS": "Stage 2 Approved (See Surrey 2050 OCP)", "LAND_USE": "Commercial"}}, {"type": "Feature", "geometry": {"type": "Polygon", "coordinates": [[[-122.836293025803, 49.1908315420711], [-122.836290435319, 49.1909394750822], [-122.836280787927, 49.1913413796291], [-122.834552107055, 49.1913185480983], [-122.835700727743, 49.1901116462897], [-122.835686513702, 49.1907046140216], [-122.836378269888, 49.1907112352771], [-122.836375356513, 49.1908326545232], [-122.836293025803, 49.1908315420711]]]}, "properties": {"PLAN_AREA": "City Centre", "PLAN_TYPE": "City Centre Plan", "PLAN_YEAR": 2025, "PLAN_STATUS": "Stage 2 Approved (See Surrey 2050 OCP)", "LAND_USE": "Commercial"}}, {"type": "Feature", "geometry": {"type": "Polygon", "coordinates": [[[-122.842135312051, 49.1896406437183], [-122.842135271362, 49.1895430084059], [-122.842135294643, 49.1895102420668], [-122.842137781096, 49.1894741061739], [-122.842145187142, 49.1894382607386], [-122.842157453444, 49.189402992911], [-122.842174481727, 49.1893685852138], [-122.842196135572, 49.1893353132784], [-122.842222241508, 49.1893034436376], [-122.842252590399, 49.1892732315903], [-122.842272368569, 49.1892562993309], [-122.842293481809, 49.1892400744174], [-122.842315871337, 49.1892246020215], [-122.842469383718, 49.189123973012], [-122.842714466711, 49.1889633167957], [-122.842879481406, 49.1888551459277], [-122.8429871018, 49.1888468258868], [-122.843056080342, 49.1888704510001], [-122.843127523079, 49.188890686877], [-122.843201043026, 49.1889074239053], [-122.843201035693, 49.1889127842101], [-122.843201012204, 49.1889284684284], [-122.843201000571, 49.1889364922433], [-122.843200592506, 49.1892176163054], [-122.843199549343, 49.1899368127019], [-122.843199526848, 49.1899530501312], [-122.842269699532, 49.1896800946214], [-122.8422663855, 49.1896791221984], [-122.842135312051, 49.1896406437183]]]}, "properties": {"PLAN_AREA": "City Centre", "PLAN_TYPE": "City Centre Plan", "PLAN_YEAR": 2025, "PLAN_STATUS": "Stage 2 Approved (See Surrey 2050 OCP)", "LAND_USE": "Commercial"}}, {"type": "Feature", "geometry": {"type": "Polygon", "coordinates": [[[-122.845108335398, 49.1889463324028], [-122.845128247488, 49.1889581924568], [-122.845113124152, 49.1899999900182], [-122.844336823186, 49.1899929347508], [-122.843505686162, 49.1899853744967], [-122.843473963542, 49.1899850841368], [-122.843475478238, 49.1889367898993], [-122.844838573945, 49.1889501900096], [-122.844891933264, 49.1889513202927], [-122.844945320397, 49.1889512746963], [-122.844998675041, 49.1889500532719], [-122.845108335398, 49.1889463324028]]]}, "properties": {"PLAN_AREA": "City Centre", "PLAN_TYPE": "City Centre Plan", "PLAN_YEAR": 2025, "PLAN_STATUS": "Stage 2 Approved (See Surrey 2050 OCP)", "LAND_USE": "Commercial"}}, {"type": "Feature", "geometry": {"type": "Polygon", "coordinates": [[[-122.841204062415, 49.1888972311274], [-122.8412040139, 49.1884093848228], [-122.842389547689, 49.188420017596], [-122.842398893166, 49.1884203630184], [-122.842408159743, 49.1884212291661], [-122.84241728001, 49.1884226097382], [-122.842426187618, 49.1884244946915], [-122.84243481777, 49.1884268703137], [-122.842443107682, 49.1884297193229], [-122.84245099705, 49.1884330209936], [-122.84245842848, 49.1884367513073], [-122.842465347912, 49.1884408831274], [-122.842639745593, 49.1885543117706], [-122.842639886439, 49.1886051022744], [-122.842158831653, 49.188920442647], [-122.842005319274, 49.1890210712472], [-122.841943127195, 49.189065559122], [-122.841887084137, 49.1891134288767], [-122.84183761621, 49.1891643165621], [-122.841795099535, 49.1892178352833], [-122.841759857387, 49.1892735781398], [-122.841732157735, 49.1893311213206], [-122.841712211207, 49.1893900273246], [-122.841700169485, 49.1894498482882], [-122.84169612415, 49.1895101293895], [-122.841696102012, 49.1895428768401], [-122.841624385972, 49.189588691557], [-122.841204128828, 49.1895844551989], [-122.841204062415, 49.1888972311274]]]}, "properties": {"PLAN_AREA": "City Centre", "PLAN_TYPE": "City Centre Plan", "PLAN_YEAR": 2025, "PLAN_STATUS": "Stage 2 Approved (See Surrey 2050 OCP)", "LAND_USE": "Commercial"}}, {"type": "Feature", "geometry": {"type": "Polygon", "coordinates": [[[-122.855311896219, 49.205206570035], [-122.855266556233, 49.2051766272459], [-122.855278565675, 49.205176689969], [-122.855246108792, 49.2051551055542], [-122.855030648325, 49.2050118172558], [-122.85502962391, 49.2050039288909], [-122.855029618569, 49.205003877611], [-122.855028683155, 49.2049941911974], [-122.855028677898, 49.2049941111327], [-122.855028134212, 49.2049852033041], [-122.855028131705, 49.2049851214437], [-122.855027876971, 49.2049736413221], [-122.855027876098, 49.2049734704103], [-122.85502808374, 49.2049630217303], [-122.855028871122, 49.2049505570317], [-122.855028878225, 49.2049504751834], [-122.855030174464, 49.2049386389953], [-122.855030182885, 49.2049385760388], [-122.855032246177, 49.2049254544856], [-122.85503469442, 49.2049135504795], [-122.855037761154, 49.2049014016779], [-122.855112302372, 49.204790371765], [-122.855458907429, 49.2049078573735], [-122.855454269458, 49.204917668711], [-122.855450867675, 49.2049276951431], [-122.855448724729, 49.204937869918], [-122.855447854888, 49.2049481252967], [-122.855448263942, 49.2049583930033], [-122.85544994917, 49.2049686046796], [-122.855452899353, 49.2049786923408], [-122.855457076479, 49.2049885519585], [-122.855462461939, 49.2049981567083], [-122.855469020151, 49.2050074431281], [-122.855476707782, 49.2050163498589], [-122.855485474038, 49.2050248180508], [-122.855495260997, 49.2050327917511], [-122.855506003993, 49.2050402182745], [-122.855505437654, 49.2050404685349], [-122.855506406862, 49.205040474245], [-122.855518791885, 49.2050476708013], [-122.855532076404, 49.2050541420718], [-122.855546161793, 49.2050598400128], [-122.855560943482, 49.2050647223223], [-122.85557631173, 49.2050687527535], [-122.855592152441, 49.2050719013841], [-122.855608348011, 49.2050741448381], [-122.855624778205, 49.2050754664599], [-122.855640709295, 49.2050758587983], [-122.85565663518, 49.2050753843218], [-122.855672446194, 49.2050740462978], [-122.855688033463, 49.2050718539397], [-122.855703289654, 49.2050688223442], [-122.855718109714, 49.2050649723865], [-122.855732391592, 49.2050603305774], [-122.855746036944, 49.2050549288802], [-122.855758951809, 49.2050488044907], [-122.855771047257, 49.2050419995812], [-122.855782778119, 49.2050341705893], [-122.85579342403, 49.2050257020435], [-122.855802904122, 49.2050166582734], [-122.855811146382, 49.2050071079781], [-122.8558180882, 49.2049971237044], [-122.855823676844, 49.2049867812957], [-122.855827869862, 49.2049761593158], [-122.855830635405, 49.2049653384523], [-122.855831952465, 49.2049544009032], [-122.855831811039, 49.2049434297532], [-122.855830212201, 49.2049325083418], [-122.855827168098, 49.2049217196311], [-122.855822701855, 49.2049111455747], [-122.855819985881, 49.2049047129943], [-122.855818136741, 49.2048981496836], [-122.855817168538, 49.2048915056931], [-122.855817088653, 49.2048848316887], [-122.855817897696, 49.204878178565], [-122.855819589496, 49.2048715970576], [-122.855822151153, 49.2048651373557], [-122.85582556313, 49.2048588487197], [-122.855829799409, 49.2048527791056], [-122.855834827685, 49.2048469747989], [-122.855840609611, 49.2048414800622], [-122.855847101097, 49.2048363367972], [-122.85585425264, 49.2048315842253], [-122.855862009702, 49.2048272585886], [-122.855882116079, 49.2048178619454], [-122.855903351375, 49.2048096000334], [-122.855925566799, 49.204802530741], [-122.855948606696, 49.2047967036003], [-122.855972309634, 49.2047921594399], [-122.855996509533, 49.2047889300992], [-122.856021036835, 49.2047870382051], [-122.856045719684, 49.2047864970134], [-122.856235210076, 49.204787502123], [-122.856276016934, 49.204814694427], [-122.856272952657, 49.2050449334153], [-122.856271126201, 49.2051820195113], [-122.856269304275, 49.2053189598858], [-122.856267508933, 49.2054538295723], [-122.856263167749, 49.2057797625327], [-122.856239110637, 49.2057846719112], [-122.856043418822, 49.2056027276384], [-122.855804950156, 49.2054511049596], [-122.855769093103, 49.2054283065803], [-122.855649245696, 49.205390247073], [-122.855518568441, 49.2053148407031], [-122.855311896219, 49.205206570035]]]}, "properties": {"PLAN_AREA": "City Centre", "PLAN_TYPE": "City Centre Plan", "PLAN_YEAR": 2025, "PLAN_STATUS": "Stage 2 Approved (See Surrey 2050 OCP)", "LAND_USE": "Low Rise"}}, {"type": "Feature", "geometry": {"type": "Polygon", "coordinates": [[[-122.837545427392, 49.2049059440016], [-122.837372183055, 49.2047663710816], [-122.837371331799, 49.2047668205477], [-122.837222056078, 49.2046474899891], [-122.837010177282, 49.2044781128029], [-122.836957321115, 49.2044358583331], [-122.837636316236, 49.2040714526085], [-122.837668166563, 49.2040543442341], [-122.83770003195, 49.2040372412692], [-122.837894661857, 49.203932780484], [-122.838121294401, 49.203811306433], [-122.838415723919, 49.2036533159173], [-122.838585777927, 49.203789203762], [-122.838755832866, 49.2039250913541], [-122.838838742274, 49.2039913963038], [-122.838925750084, 49.2040609785002], [-122.839012802143, 49.204130537304], [-122.839095813747, 49.2041968664963], [-122.839265879715, 49.2043327542418], [-122.839435946617, 49.204468640835], [-122.83960574213, 49.2046042578379], [-122.839843593253, 49.2047944813992], [-122.840081583771, 49.2049846156034], [-122.840204800094, 49.2050830067252], [-122.840202941274, 49.2051562816725], [-122.839744759777, 49.2051650892433], [-122.839594322466, 49.2052456951013], [-122.839366138632, 49.2053679443512], [-122.839334253812, 49.2053850261561], [-122.839302374449, 49.2054021115578], [-122.839010505552, 49.2055585390771], [-122.838622676128, 49.2057664540494], [-122.838464768938, 49.2056403207089], [-122.838306921437, 49.2055142322094], [-122.838149080211, 49.2053881488972], [-122.837991420533, 49.2052622095457], [-122.837816324074, 49.2051223414569], [-122.837630597708, 49.2049739791854], [-122.837545427392, 49.2049059440016]]]}, "properties": {"PLAN_AREA": "City Centre", "PLAN_TYPE": "City Centre Plan", "PLAN_YEAR": 2025, "PLAN_STATUS": "Stage 2 Approved (See Surrey 2050 OCP)", "LAND_USE": "Low Rise"}}, {"type": "Feature", "geometry": {"type": "Polygon", "coordinates": [[[-122.840323234412, 49.2060262593621], [-122.840186695658, 49.2060255218117], [-122.840186692252, 49.2060257268998], [-122.839784451918, 49.2060232446575], [-122.839418721488, 49.2060216501406], [-122.839122413216, 49.2060194999205], [-122.83889103176, 49.2059455616808], [-122.838812126657, 49.2058973402341], [-122.838729840209, 49.2058470513898], [-122.838669146066, 49.2058035751037], [-122.838649313113, 49.2057877327636], [-122.839002413663, 49.2055983769777], [-122.839098278793, 49.2056728117402], [-122.839110157556, 49.2056786469856], [-122.839122779234, 49.2056837690674], [-122.839136044386, 49.2056881376303], [-122.8391498485, 49.2056917182557], [-122.839164082818, 49.2056944827329], [-122.839178635191, 49.2056964092815], [-122.839193390967, 49.2056974827227], [-122.839208233888, 49.2056976945994], [-122.839223047011, 49.205697043242], [-122.83923771363, 49.2056955337825], [-122.839252118189, 49.2056931781135], [-122.839266396759, 49.2056899297505], [-122.839280169481, 49.2056858500735], [-122.839293323886, 49.2056809723979], [-122.839305752552, 49.2056753365553], [-122.839317353986, 49.2056689885689], [-122.83932803345, 49.205661980277], [-122.839337703733, 49.2056543689103], [-122.839346285869, 49.2056462166242], [-122.839353709773, 49.2056375899911], [-122.839359914824, 49.2056285594572], [-122.839364850349, 49.2056191987669], [-122.839368476047, 49.2056095843604], [-122.83937076231, 49.2055997947501], [-122.839446157248, 49.2055593487635], [-122.83945154102, 49.2055637612455], [-122.839468604248, 49.2055777447681], [-122.839508066604, 49.2056100810411], [-122.839526822517, 49.2056236639175], [-122.839566762148, 49.2056488129396], [-122.839610089018, 49.2056714268065], [-122.839656429734, 49.2056913106292], [-122.839705384928, 49.2057082930461], [-122.8397565327, 49.2057222277003], [-122.839797740891, 49.2057309163624], [-122.839839802046, 49.2057376245912], [-122.839882494784, 49.205742317079], [-122.839882772004, 49.2057423471478], [-122.83988458508, 49.2057424926864], [-122.839897751318, 49.2057434915537], [-122.839910948169, 49.2057442985631], [-122.839924169121, 49.2057449133164], [-122.83994627021, 49.2057455106479], [-122.840097902506, 49.2057476060807], [-122.840190337057, 49.205748882709], [-122.840191195094, 49.2057488825469], [-122.840327734504, 49.2057496061504], [-122.84046427388, 49.2057503417361], [-122.840600811887, 49.2057510771585], [-122.840737351274, 49.2057518115219], [-122.840873890663, 49.2057525466234], [-122.841095043316, 49.2057537483688], [-122.841095236849, 49.2057537607787], [-122.841346655914, 49.2057548485087], [-122.84159749015, 49.2057563666638], [-122.84184852181, 49.2057579735979], [-122.842124563602, 49.2057593443151], [-122.842400610899, 49.2057607152796], [-122.842676521736, 49.2057622635055], [-122.842815313902, 49.2057630425578], [-122.842811592266, 49.2060418953714], [-122.841090911171, 49.2060313029942], [-122.841090925042, 49.2060304016843], [-122.840869393598, 49.206029206156], [-122.84073285345, 49.206028470149], [-122.840596314683, 49.2060277330828], [-122.840459774544, 49.2060269967529], [-122.840323234412, 49.2060262593621]]]}, "properties": {"PLAN_AREA": "City Centre", "PLAN_TYPE": "City Centre Plan", "PLAN_YEAR": 2025, "PLAN_STATUS": "Stage 2 Approved (See Surrey 2050 OCP)", "LAND_USE": "Low Rise"}}, {"type": "Feature", "geometry": {"type": "Polygon", "coordinates": [[[-122.843090595169, 49.2057106189392], [-122.84309529564, 49.2053488262658], [-122.843234101761, 49.2053496039348], [-122.843510050151, 49.205351151121], [-122.843786136127, 49.205352607881], [-122.844062222121, 49.205354063981], [-122.844338309223, 49.2053556093757], [-122.844614253855, 49.2053570621667], [-122.845124331709, 49.2053599726816], [-122.845135520808, 49.2060561600006], [-122.843086153338, 49.206043582907], [-122.843090595169, 49.2057106189392]]]}, "properties": {"PLAN_AREA": "City Centre", "PLAN_TYPE": "City Centre Plan", "PLAN_YEAR": 2025, "PLAN_STATUS": "Stage 2 Approved (See Surrey 2050 OCP)", "LAND_USE": "Low Rise"}}, {"type": "Feature", "geometry": {"type": "Polygon", "coordinates": [[[-122.845506247501, 49.2060582027585], [-122.84549517982, 49.20536984335], [-122.846033996817, 49.2053962633218], [-122.846035814517, 49.2055081151024], [-122.846038933998, 49.2056999008478], [-122.846044787555, 49.2060608234416], [-122.845506247501, 49.2060582027585]]]}, "properties": {"PLAN_AREA": "City Centre", "PLAN_TYPE": "City Centre Plan", "PLAN_YEAR": 2025, "PLAN_STATUS": "Stage 2 Approved (See Surrey 2050 OCP)", "LAND_USE": "Low Rise"}}, {"type": "Feature", "geometry": {"type": "Polygon", "coordinates": [[[-122.84865992239, 49.1987532567967], [-122.847497491271, 49.1987428989025], [-122.847470483469, 49.1987426581457], [-122.847376002563, 49.1983667389433], [-122.847329083992, 49.1981802922907], [-122.84735612999, 49.1981805106429], [-122.848009356006, 49.1981857798044], [-122.848662771587, 49.1981910473191], [-122.848661827091, 49.1983773371716], [-122.848661819633, 49.1983788816567], [-122.84865992239, 49.1987532567967]]]}, "properties": {"PLAN_AREA": "City Centre", "PLAN_TYPE": "City Centre Plan", "PLAN_YEAR": 2025, "PLAN_STATUS": "Stage 2 Approved (See Surrey 2050 OCP)", "LAND_USE": "Commercial"}}, {"type": "Feature", "geometry": {"type": "Polygon", "coordinates": [[[-122.848010707561, 49.1981138226918], [-122.847338003747, 49.1981083964625], [-122.84731092759, 49.1981081780663], [-122.847282165492, 49.1979939364657], [-122.847235384886, 49.1978074899452], [-122.847203999189, 49.1976828264786], [-122.847226733301, 49.1976657186836], [-122.847262530829, 49.1976387800925], [-122.847285628097, 49.1976214056052], [-122.847821638595, 49.197621868412], [-122.847940564366, 49.1976144357], [-122.848058124831, 49.1975992219236], [-122.848166150955, 49.1975790642641], [-122.848319104581, 49.1975432003302], [-122.848408311289, 49.1975222828105], [-122.848515597485, 49.1975069939148], [-122.848580105624, 49.1975015931624], [-122.848591456057, 49.1975006428454], [-122.848592927597, 49.1975015155207], [-122.848665994977, 49.1975448562446], [-122.848666801999, 49.1975453340536], [-122.848665535926, 49.1977875464593], [-122.848664815316, 49.1977875383189], [-122.848664658899, 49.1978185602453], [-122.848663136658, 49.1981190826098], [-122.848010707561, 49.1981138226918]]]}, "properties": {"PLAN_AREA": "City Centre", "PLAN_TYPE": "City Centre Plan", "PLAN_YEAR": 2025, "PLAN_STATUS": "Stage 2 Approved (See Surrey 2050 OCP)", "LAND_USE": "Commercial"}}, {"type": "Feature", "geometry": {"type": "Polygon", "coordinates": [[[-122.845734527625, 49.1976713309031], [-122.846814759741, 49.1976290388513], [-122.846893586251, 49.1976703023213], [-122.84691804931, 49.1977677170945], [-122.846958821129, 49.1979281989125], [-122.847151848101, 49.1986954990797], [-122.847094408635, 49.1987392598976], [-122.846232383738, 49.1987317360008], [-122.846138302276, 49.1986893984159], [-122.846074049063, 49.1985842034994], [-122.845994398437, 49.1984774300276], [-122.845908548081, 49.1983112225328], [-122.845831528971, 49.1981431671639], [-122.845763433336, 49.1979734653609], [-122.845733172951, 49.1978885353132], [-122.845705067617, 49.1978032878533], [-122.845679125064, 49.1977177464631], [-122.845734527625, 49.1976713309031]]]}, "properties": {"PLAN_AREA": "City Centre", "PLAN_TYPE": "City Centre Plan", "PLAN_YEAR": 2025, "PLAN_STATUS": "Stage 2 Approved (See Surrey 2050 OCP)", "LAND_USE": "Commercial"}}, {"type": "Feature", "geometry": {"type": "Polygon", "coordinates": [[[-122.843707335504, 49.1982838623306], [-122.843674616954, 49.1983100025028], [-122.842779866685, 49.1983041140485], [-122.842732179592, 49.1982772044183], [-122.842658435652, 49.1979759085689], [-122.842624912389, 49.1978389452539], [-122.84262793089, 49.1976736560089], [-122.842697344742, 49.1976295979768], [-122.842834752012, 49.197631396996], [-122.842873967649, 49.1976322853017], [-122.842913127038, 49.1976339230924], [-122.842952196834, 49.1976363089734], [-122.843094770828, 49.1976463202324], [-122.843143477598, 49.1976492982462], [-122.843192296361, 49.1976513422684], [-122.843241185422, 49.1976524505532], [-122.843568358491, 49.1976567315409], [-122.843609056826, 49.1976842448461], [-122.843607600659, 49.1977699457104], [-122.843620271634, 49.1979497089883], [-122.843624052973, 49.1979881159933], [-122.843631519544, 49.1980349537325], [-122.843642097589, 49.1980815333637], [-122.843655766966, 49.1981277661628], [-122.843707335504, 49.1982838623306]]]}, "properties": {"PLAN_AREA": "City Centre", "PLAN_TYPE": "City Centre Plan", "PLAN_YEAR": 2025, "PLAN_STATUS": "Stage 2 Approved (See Surrey 2050 OCP)", "LAND_USE": "Commercial"}}, {"type": "Feature", "geometry": {"type": "Polygon", "coordinates": [[[-122.843734384972, 49.1983823319219], [-122.843728477222, 49.1987229853442], [-122.843610073445, 49.1987227225356], [-122.843359192072, 49.1987221657742], [-122.843108342276, 49.1987216085109], [-122.843026154612, 49.1987214257768], [-122.843021735941, 49.1987214467572], [-122.842832099711, 49.1987236086003], [-122.842824872904, 49.1986845384287], [-122.842823678421, 49.1986789911942], [-122.842780517598, 49.1985032324423], [-122.842747742974, 49.1983758385073], [-122.843114131063, 49.1983782509666], [-122.843365187053, 49.1983799032271], [-122.843616103054, 49.1983815538527], [-122.843734384972, 49.1983823319219]]]}, "properties": {"PLAN_AREA": "City Centre", "PLAN_TYPE": "City Centre Plan", "PLAN_YEAR": 2025, "PLAN_STATUS": "Stage 2 Approved (See Surrey 2050 OCP)", "LAND_USE": "Commercial"}}, {"type": "Feature", "geometry": {"type": "Polygon", "coordinates": [[[-122.843994997091, 49.1983120791292], [-122.843990051392, 49.1982930155716], [-122.84398458519, 49.1982740131546], [-122.843978600239, 49.198255077981], [-122.843923968839, 49.1980897144232], [-122.843914183316, 49.198057210488], [-122.843906231611, 49.198024492381], [-122.843900124516, 49.197991604518], [-122.843897735157, 49.1979748716569], [-122.84389582342, 49.1979581124544], [-122.843894389973, 49.1979413327647], [-122.843882084524, 49.1977667953878], [-122.843883425664, 49.1976878345521], [-122.843925039297, 49.1976613977993], [-122.844001976406, 49.1976624048692], [-122.844511093855, 49.1975869379722], [-122.845085702335, 49.1975944493922], [-122.845085057302, 49.1976414427365], [-122.845080043539, 49.1980065062457], [-122.845075749259, 49.1983191793066], [-122.844470527618, 49.1983152049563], [-122.844198740752, 49.1983135523224], [-122.844115199152, 49.1983128692968], [-122.843994997091, 49.1983120791292]]]}, "properties": {"PLAN_AREA": "City Centre", "PLAN_TYPE": "City Centre Plan", "PLAN_YEAR": 2025, "PLAN_STATUS": "Stage 2 Approved (See Surrey 2050 OCP)", "LAND_USE": "Commercial"}}, {"type": "Feature", "geometry": {"type": "Polygon", "coordinates": [[[-122.844003014929, 49.198723593946], [-122.844008900558, 49.1983841368569], [-122.844113964102, 49.1983848274201], [-122.844197545629, 49.1983855105004], [-122.844469467409, 49.1983871633187], [-122.845074761303, 49.1983911386705], [-122.845072555894, 49.198555354107], [-122.84507020699, 49.1987259533182], [-122.844108743621, 49.1987238284503], [-122.844003014929, 49.198723593946]]]}, "properties": {"PLAN_AREA": "City Centre", "PLAN_TYPE": "City Centre Plan", "PLAN_YEAR": 2025, "PLAN_STATUS": "Stage 2 Approved (See Surrey 2050 OCP)", "LAND_USE": "Commercial"}}, {"type": "Feature", "geometry": {"type": "Polygon", "coordinates": [[[-122.841010964544, 49.1980757241067], [-122.841026318916, 49.197587498591], [-122.842149618013, 49.1976021966948], [-122.842190278466, 49.1976297068506], [-122.842186062747, 49.197860203266], [-122.842281827102, 49.1982515059981], [-122.842358624736, 49.1985653151214], [-122.842356242283, 49.1986981843036], [-122.842314778097, 49.1987250020921], [-122.842286832213, 49.1987430768931], [-122.841219477356, 49.1987421803035], [-122.84123553633, 49.1982373810251], [-122.84124052141, 49.1980788248217], [-122.841010964544, 49.1980757241067]]]}, "properties": {"PLAN_AREA": "City Centre", "PLAN_TYPE": "City Centre Plan", "PLAN_YEAR": 2025, "PLAN_STATUS": "Stage 2 Approved (See Surrey 2050 OCP)", "LAND_USE": "Commercial"}}, {"type": "Feature", "geometry": {"type": "Polygon", "coordinates": [[[-122.845142547301, 49.1879729337304], [-122.845136693851, 49.1883762484568], [-122.845131567887, 49.1887293666126], [-122.845091307385, 49.188730732981], [-122.844981648189, 49.1887344538355], [-122.844937592113, 49.1887354423407], [-122.844893509559, 49.1887354194425], [-122.844849455243, 49.18873438517], [-122.844410380278, 49.1887300704285], [-122.84441002049, 49.1879646782818], [-122.845142547301, 49.1879729337304]]]}, "properties": {"PLAN_AREA": "City Centre", "PLAN_TYPE": "City Centre Plan", "PLAN_YEAR": 2025, "PLAN_STATUS": "Stage 2 Approved (See Surrey 2050 OCP)", "LAND_USE": "Commercial"}}, {"type": "Feature", "geometry": {"type": "Polygon", "coordinates": [[[-122.850505472268, 49.1747291485798], [-122.851219691683, 49.1747323395526], [-122.851225191995, 49.1747360140419], [-122.851260336771, 49.1747594957909], [-122.851260628422, 49.1747596913656], [-122.851258589841, 49.1748846278197], [-122.851255236821, 49.1750901680845], [-122.851251347717, 49.175328540667], [-122.850836243943, 49.1753272100644], [-122.850492458303, 49.1753261061504], [-122.850240145417, 49.1753253276627], [-122.850073531799, 49.1753257933269], [-122.85007935244, 49.1749839794954], [-122.850083660221, 49.1747310332175], [-122.850083725116, 49.174727262452], [-122.850505472268, 49.1747291485798], [-122.850505044032, 49.1747328505105], [-122.850505403492, 49.1747328518754], [-122.850505472268, 49.1747291485798]]]}, "properties": {"PLAN_AREA": "City Centre", "PLAN_TYPE": "City Centre Plan", "PLAN_YEAR": 2025, "PLAN_STATUS": "Stage 2 Approved (See Surrey 2050 OCP)", "LAND_USE": "Low Rise"}}, {"type": "Feature", "geometry": {"type": "Polygon", "coordinates": [[[-122.836340786589, 49.1752444743393], [-122.836342554409, 49.1748339309582], [-122.836593355791, 49.174835007532], [-122.83684415581, 49.1748360844587], [-122.83709495447, 49.1748371608388], [-122.837512041815, 49.1748389214304], [-122.837515745912, 49.1748390165955], [-122.837519311924, 49.1748393823262], [-122.83752287735, 49.1748399270634], [-122.837526442187, 49.1748406517066], [-122.837529869235, 49.1748415560628], [-122.837533021296, 49.1748426399391], [-122.837536172473, 49.1748439936745], [-122.837539048957, 49.1748454369768], [-122.837541786281, 49.1748470599902], [-122.837544249988, 49.1748488625256], [-122.837546439002, 49.1748507546281], [-122.837548353028, 49.1748528262507], [-122.837550129559, 49.1748549876333], [-122.837551494492, 49.1748571484369], [-122.837552584437, 49.1748594887606], [-122.837553262782, 49.1748618285053], [-122.837553666434, 49.1748642578172], [-122.83755379598, 49.17486659679], [-122.837553074185, 49.1750439849389], [-122.837552131975, 49.1752488958376], [-122.837551320849, 49.1754133278503], [-122.837550648288, 49.1755777609527], [-122.837549975723, 49.1757421931509], [-122.837549144527, 49.1759165253997], [-122.837047535485, 49.1759142013446], [-122.837048365322, 49.1757404016213], [-122.837049039548, 49.1755759694278], [-122.837049713768, 49.1754115372295], [-122.837050526559, 49.1752471043225], [-122.836842117544, 49.1752462685494], [-122.836591452062, 49.1752453717163], [-122.836340786589, 49.1752444743393]]]}, "properties": {"PLAN_AREA": "City Centre", "PLAN_TYPE": "City Centre Plan", "PLAN_YEAR": 2025, "PLAN_STATUS": "Stage 2 Approved (See Surrey 2050 OCP)", "LAND_USE": "Low Rise"}}, {"type": "Feature", "geometry": {"type": "Polygon", "coordinates": [[[-122.837829962636, 49.174914033298], [-122.837830506962, 49.1747495082427], [-122.837855909218, 49.1747496122756], [-122.837929454342, 49.1747499125099], [-122.838806540901, 49.17475349326], [-122.838805864271, 49.1749179290801], [-122.838805190092, 49.1750824530532], [-122.838804521401, 49.1752469752303], [-122.83880385133, 49.1754114983003], [-122.838803182628, 49.1755760204679], [-122.838802512546, 49.1757405435284], [-122.838801842749, 49.1759049766311], [-122.838801174027, 49.1760694996841], [-122.83880050393, 49.176234021831], [-122.8388002471, 49.176398455496], [-122.838022011028, 49.1763952067974], [-122.837824045284, 49.1763943793493], [-122.837824717252, 49.1762298563147], [-122.837825388917, 49.1760654241279], [-122.837826062245, 49.1759009010857], [-122.837826596699, 49.1757364677974], [-122.837827268641, 49.1755719456434], [-122.837827941953, 49.1754074225871], [-122.837828613589, 49.1752429903768], [-122.837829285517, 49.1750784673091], [-122.837829962636, 49.174914033298]]]}, "properties": {"PLAN_AREA": "City Centre", "PLAN_TYPE": "City Centre Plan", "PLAN_YEAR": 2025, "PLAN_STATUS": "Stage 2 Approved (See Surrey 2050 OCP)", "LAND_USE": "Low Rise"}}, {"type": "Feature", "geometry": {"type": "Polygon", "coordinates": [[[-122.854762094573, 49.1866646582372], [-122.85476746434, 49.1866487711435], [-122.855117471085, 49.1866517429363], [-122.855255054714, 49.186652910334], [-122.855255208411, 49.1866529114261], [-122.855255126366, 49.1866565742211], [-122.855271458081, 49.1866562348752], [-122.855287655187, 49.1866549958255], [-122.85530371742, 49.1866529470249], [-122.85531937084, 49.1866499082238], [-122.85533461492, 49.1866460593282], [-122.855349312428, 49.1866414001665], [-122.855363326129, 49.1866359314664], [-122.855363522644, 49.1866358381611], [-122.855376518794, 49.1866296512574], [-122.855389027391, 49.1866226505641], [-122.855393617168, 49.1866195817076], [-122.85540043996, 49.1866150188241], [-122.855403296796, 49.1866127852626], [-122.855410893472, 49.1866068461625], [-122.85542025233, 49.1865980424567], [-122.855428376293, 49.1865886974845], [-122.855435266211, 49.1865789911539], [-122.855440922084, 49.1865689234651], [-122.855445207529, 49.1865586741541], [-122.855448120326, 49.1865480633118], [-122.855449660801, 49.1865374507518], [-122.855449829215, 49.1865267465212], [-122.856305660237, 49.1865332674816], [-122.856304857362, 49.1866195388821], [-122.856300726533, 49.1870631347633], [-122.856297051682, 49.1874577705101], [-122.856286606295, 49.1874654952935], [-122.856275162295, 49.1874725864616], [-122.85626280905, 49.187478987455], [-122.856249642763, 49.1874846498181], [-122.85623576512, 49.1874895287009], [-122.856221284645, 49.1874935864576], [-122.856206315342, 49.1874967899473], [-122.856190973925, 49.1874991168268], [-122.855243603155, 49.1872675683496], [-122.855243622557, 49.1872660922406], [-122.854766364553, 49.1871009559245], [-122.854629748578, 49.1870562202915], [-122.854634309971, 49.1870427267439], [-122.854639711655, 49.1870267470454], [-122.854762094573, 49.1866646582372]]]}, "properties": {"PLAN_AREA": "City Centre", "PLAN_TYPE": "City Centre Plan", "PLAN_YEAR": 2025, "PLAN_STATUS": "Stage 2 Approved (See Surrey 2050 OCP)", "LAND_USE": "Low Rise"}}, {"type": "Feature", "geometry": {"type": "Polygon", "coordinates": [[[-122.836314978513, 49.1861508511761], [-122.836526961091, 49.1861289113665], [-122.836996685719, 49.1861342618518], [-122.837037077664, 49.1861616646585], [-122.837017110641, 49.186902817495], [-122.837000612522, 49.1876117385705], [-122.836958837412, 49.1876382275165], [-122.83644735084, 49.1876322294564], [-122.835727391031, 49.1876258167544], [-122.835740247068, 49.1871060147774], [-122.83576315137, 49.1862079626072], [-122.836314978513, 49.1861508511761]]]}, "properties": {"PLAN_AREA": "City Centre", "PLAN_TYPE": "City Centre Plan", "PLAN_YEAR": 2025, "PLAN_STATUS": "Stage 2 Approved (See Surrey 2050 OCP)", "LAND_USE": "Low Rise"}}, {"type": "Feature", "geometry": {"type": "Polygon", "coordinates": [[[-122.837275684881, 49.1876364354391], [-122.837313539519, 49.1861384920562], [-122.838559652015, 49.1861548076991], [-122.839407051745, 49.1861654072415], [-122.83938950627, 49.1869278652318], [-122.839379615606, 49.1870057728461], [-122.839360827563, 49.1870829595875], [-122.83933324819, 49.1871590033707], [-122.83930824165, 49.1872123996319], [-122.839278897417, 49.187264838836], [-122.839245300128, 49.1873161697096], [-122.839177537983, 49.1874262686974], [-122.839126424554, 49.1875401638361], [-122.839092444087, 49.1876567763473], [-122.839092808296, 49.1876544956395], [-122.838897621423, 49.1876525567009], [-122.837275684881, 49.1876364354391]]]}, "properties": {"PLAN_AREA": "City Centre", "PLAN_TYPE": "City Centre Plan", "PLAN_YEAR": 2025, "PLAN_STATUS": "Stage 2 Approved (See Surrey 2050 OCP)", "LAND_USE": "Low Rise"}}, {"type": "Feature", "geometry": {"type": "Polygon", "coordinates": [[[-122.839131038129, 49.1882648710836], [-122.839139007502, 49.1878978557317], [-122.839210508127, 49.1878985660801], [-122.841202227264, 49.1879183256547], [-122.841203964624, 49.187918342436], [-122.841204000975, 49.1882834907071], [-122.839202543618, 49.1882655139785], [-122.839131038129, 49.1882648710836]]]}, "properties": {"PLAN_AREA": "City Centre", "PLAN_TYPE": "City Centre Plan", "PLAN_YEAR": 2025, "PLAN_STATUS": "Stage 2 Approved (See Surrey 2050 OCP)", "LAND_USE": "Low Rise"}}, {"type": "Feature", "geometry": {"type": "Polygon", "coordinates": [[[-122.854457646121, 49.1884598214731], [-122.854462334805, 49.1882804048083], [-122.854466708176, 49.1881008627054], [-122.854471081514, 49.1879213205967], [-122.854475593427, 49.1877417786568], [-122.854486655813, 49.1872907254995], [-122.854486967653, 49.1872779822115], [-122.854735655383, 49.1873640306428], [-122.854984142441, 49.1874500099207], [-122.855109946172, 49.1874936359362], [-122.85586006079, 49.1876773470068], [-122.855860359046, 49.1876649077412], [-122.856293272345, 49.1877709453193], [-122.856285583745, 49.1884127226078], [-122.85585241225, 49.1884111186285], [-122.855852303833, 49.1884111184932], [-122.855324956627, 49.1884091781682], [-122.855323778085, 49.1884631918251], [-122.855312305185, 49.1889892915519], [-122.855312294206, 49.1889897619937], [-122.855308140526, 49.1891651107548], [-122.855304362938, 49.1893056057975], [-122.855303695299, 49.1893406534441], [-122.855301433242, 49.1894621810412], [-122.854433306089, 49.1894588493916], [-122.854436289913, 49.1893371509097], [-122.854440651079, 49.1891618357284], [-122.854444793476, 49.1889862324156], [-122.854444934988, 49.1889800977822], [-122.854459983444, 49.1889716233607], [-122.854473803372, 49.1889622919337], [-122.854486280635, 49.1889521807178], [-122.854497314808, 49.1889413723439], [-122.854506815055, 49.188929954852], [-122.854514701501, 49.188918022593], [-122.85452091348, 49.1889056717406], [-122.854525398547, 49.1888930029768], [-122.854528119339, 49.1888801214999], [-122.854529054968, 49.1888671316296], [-122.854528250602, 49.1888545425582], [-122.854525767526, 49.1888420476223], [-122.85452162742, 49.188829743099], [-122.854515861567, 49.188817724378], [-122.854508510879, 49.188806081464], [-122.854499635476, 49.1887949043855], [-122.854489302353, 49.1887842795817], [-122.854477590868, 49.1887742890098], [-122.854464590009, 49.1887650074426], [-122.854450399748, 49.1887565069684], [-122.854457646121, 49.1884598214731]]]}, "properties": {"PLAN_AREA": "City Centre", "PLAN_TYPE": "City Centre Plan", "PLAN_YEAR": 2025, "PLAN_STATUS": "Stage 2 Approved (See Surrey 2050 OCP)", "LAND_USE": "Low Rise"}}, {"type": "Feature", "geometry": {"type": "Polygon", "coordinates": [[[-122.835923783537, 49.1894228531258], [-122.835956372782, 49.1878674419021], [-122.836303127294, 49.1878705299567], [-122.837132200081, 49.187877908867], [-122.83886456407, 49.1878951298714], [-122.838828423652, 49.1895591068981], [-122.837815556347, 49.1894788179874], [-122.837808404163, 49.1894781512848], [-122.836684635107, 49.1894669408742], [-122.83626936278, 49.1894626540285], [-122.83605038959, 49.1894601800158], [-122.835923029139, 49.1894588306576], [-122.835923783537, 49.1894228531258]]]}, "properties": {"PLAN_AREA": "City Centre", "PLAN_TYPE": "City Centre Plan", "PLAN_YEAR": 2025, "PLAN_STATUS": "Stage 2 Approved (See Surrey 2050 OCP)", "LAND_USE": "Low Rise"}}, {"type": "Feature", "geometry": {"type": "Polygon", "coordinates": [[[-122.839102833002, 49.1895637532946], [-122.839128305241, 49.1883907388888], [-122.839199812284, 49.1883913817876], [-122.839989603904, 49.1883984803911], [-122.839960986352, 49.1895721967528], [-122.839174353889, 49.1895644573959], [-122.839102833002, 49.1895637532946]]]}, "properties": {"PLAN_AREA": "City Centre", "PLAN_TYPE": "City Centre Plan", "PLAN_YEAR": 2025, "PLAN_STATUS": "Stage 2 Approved (See Surrey 2050 OCP)", "LAND_USE": "Low Rise"}}, {"type": "Feature", "geometry": {"type": "Polygon", "coordinates": [[[-122.840235437831, 49.1895748957274], [-122.84026405376, 49.1884009463193], [-122.8412040139, 49.1884093848228], [-122.841204025592, 49.188531804939], [-122.841204062415, 49.1888972311274], [-122.841204091257, 49.1891918217914], [-122.841204128951, 49.1895844165192], [-122.840235437831, 49.1895748957274]]]}, "properties": {"PLAN_AREA": "City Centre", "PLAN_TYPE": "City Centre Plan", "PLAN_YEAR": 2025, "PLAN_STATUS": "Stage 2 Approved (See Surrey 2050 OCP)", "LAND_USE": "Low Rise"}}, {"type": "Feature", "geometry": {"type": "Polygon", "coordinates": [[[-122.856693904224, 49.1886970576945], [-122.856696036664, 49.1885189519942], [-122.857238355887, 49.188521545933], [-122.857235917979, 49.1886996512651], [-122.857233478681, 49.1888777565898], [-122.857231179344, 49.1890558629815], [-122.857228742751, 49.1892339691981], [-122.857226304766, 49.1894120754073], [-122.857224005375, 49.1895901817822], [-122.857221566239, 49.1897681980257], [-122.856681109246, 49.1897656863821], [-122.856683241758, 49.18958759061], [-122.856685374287, 49.1894094831385], [-122.856687506797, 49.189231376561], [-122.85668963929, 49.1890532699779], [-122.856691771767, 49.1888751633892], [-122.856693904224, 49.1886970576945]]]}, "properties": {"PLAN_AREA": "City Centre", "PLAN_TYPE": "City Centre Plan", "PLAN_YEAR": 2025, "PLAN_STATUS": "Stage 2 Approved (See Surrey 2050 OCP)", "LAND_USE": "Low Rise"}}, {"type": "Feature", "geometry": {"type": "Polygon", "coordinates": [[[-122.851188216448, 49.1892975887956], [-122.851196438093, 49.1889476560553], [-122.851409913543, 49.1889486802141], [-122.851525099602, 49.1889492331412], [-122.851685627517, 49.1889500034067], [-122.851964065668, 49.1889513393277], [-122.851956155922, 49.1893002047754], [-122.851954913687, 49.1893550098976], [-122.851947035363, 49.1897024981764], [-122.851945961251, 49.1897497069591], [-122.851942934213, 49.1898833708943], [-122.851936582494, 49.1901635005179], [-122.851933464352, 49.1901634965204], [-122.851672123881, 49.1901631036089], [-122.851345254811, 49.1901414184068], [-122.851169177468, 49.1901081994915], [-122.851174522442, 49.1898805527259], [-122.851178663688, 49.1897041759491], [-122.851178770494, 49.1896996811232], [-122.851186929442, 49.1893523956513], [-122.851188216448, 49.1892975887956]]]}, "properties": {"PLAN_AREA": "City Centre", "PLAN_TYPE": "City Centre Plan", "PLAN_YEAR": 2025, "PLAN_STATUS": "Stage 2 Approved (See Surrey 2050 OCP)", "LAND_USE": "High Rise"}}, {"type": "Feature", "geometry": {"type": "Polygon", "coordinates": [[[-122.842134877443, 49.190152504071], [-122.842135061943, 49.1898771223659], [-122.843102825174, 49.1901612145293], [-122.842134877443, 49.190152504071]]]}, "properties": {"PLAN_AREA": "City Centre", "PLAN_TYPE": "City Centre Plan", "PLAN_YEAR": 2025, "PLAN_STATUS": "Stage 2 Approved (See Surrey 2050 OCP)", "LAND_USE": "High Rise"}}, {"type": "Feature", "geometry": {"type": "Polygon", "coordinates": [[[-122.852238461959, 49.1889794628823], [-122.852280235209, 49.1889526202966], [-122.852839550223, 49.1889544020701], [-122.853019592821, 49.1889549749598], [-122.854128170335, 49.1889584943518], [-122.854168657263, 49.1889855953234], [-122.854153811957, 49.1895907244515], [-122.854143381218, 49.1900171022238], [-122.854133540965, 49.1904218271681], [-122.854091729075, 49.1904486622727], [-122.853878723799, 49.1904479531071], [-122.853772495042, 49.1904445289126], [-122.853667138377, 49.1904349899471], [-122.85356347156, 49.1904194102501], [-122.853462299227, 49.1903979107479], [-122.853404475519, 49.1903826228079], [-122.853347933247, 49.1903653984846], [-122.853292823238, 49.190346283725], [-122.853168125749, 49.1903051068759], [-122.853038198082, 49.1902715893515], [-122.852904132604, 49.1902460129485], [-122.852767056467, 49.1902285926986], [-122.852628122128, 49.1902194750608], [-122.852603796218, 49.1902187424343], [-122.852579455544, 49.1902182648616], [-122.852555106331, 49.190218042465], [-122.852251617909, 49.1902168567341], [-122.852211062499, 49.190189723525], [-122.852215040705, 49.1900111039788], [-122.852217295058, 49.1899099157682], [-122.852226564231, 49.1894938660015], [-122.852230869011, 49.1893129224591], [-122.852234985325, 49.1891321180973], [-122.852238461959, 49.1889794628823]]]}, "properties": {"PLAN_AREA": "City Centre", "PLAN_TYPE": "City Centre Plan", "PLAN_YEAR": 2025, "PLAN_STATUS": "Stage 2 Approved (See Surrey 2050 OCP)", "LAND_USE": "High Rise"}}, {"type": "Feature", "geometry": {"type": "Polygon", "coordinates": [[[-122.850027264155, 49.1902854414119], [-122.850419748759, 49.1902805208215], [-122.850615436808, 49.1902933246288], [-122.850808404833, 49.1903181860652], [-122.850996927381, 49.190354882829], [-122.851019161691, 49.1903600649328], [-122.851012850058, 49.1906287425904], [-122.851008104724, 49.1908095361567], [-122.851001269667, 49.1911043949019], [-122.850659639072, 49.1911028985101], [-122.850468214616, 49.1911020598373], [-122.850337877234, 49.191101488924], [-122.850291923955, 49.1910453588257], [-122.850243665611, 49.1909831367859], [-122.850199528517, 49.1909196607257], [-122.850159512659, 49.1908549315491], [-122.850063679343, 49.1906999122197], [-122.850042867583, 49.1905805064718], [-122.850031670527, 49.1905162644277], [-122.850025553676, 49.1904517591191], [-122.850024653983, 49.1903870806778], [-122.850027264155, 49.1902854414119]]]}, "properties": {"PLAN_AREA": "City Centre", "PLAN_TYPE": "City Centre Plan", "PLAN_YEAR": 2025, "PLAN_STATUS": "Stage 2 Approved (See Surrey 2050 OCP)", "LAND_USE": "High Rise"}}, {"type": "Feature", "geometry": {"type": "Polygon", "coordinates": [[[-122.851177535189, 49.1906299174157], [-122.851183131637, 49.1903916484173], [-122.851266950882, 49.1904074613245], [-122.851650869307, 49.1904329315094], [-122.851930464495, 49.1904333514716], [-122.851925936504, 49.1906330400347], [-122.851923693438, 49.1907233376046], [-122.851921445841, 49.1908137709966], [-122.851914858479, 49.1911083899363], [-122.851872060462, 49.1911082028222], [-122.851373255803, 49.1911060229021], [-122.851165965971, 49.1911051163932], [-122.85117277808, 49.1908111760315], [-122.851175165791, 49.1907202408952], [-122.851177524119, 49.1906304049479], [-122.851177535189, 49.1906299174157]]]}, "properties": {"PLAN_AREA": "City Centre", "PLAN_TYPE": "City Centre Plan", "PLAN_YEAR": 2025, "PLAN_STATUS": "Stage 2 Approved (See Surrey 2050 OCP)", "LAND_USE": "High Rise"}}, {"type": "Feature", "geometry": {"type": "Polygon", "coordinates": [[[-122.837747250324, 49.1913467494808], [-122.837756193639, 49.1909592624302], [-122.837760308058, 49.1909593185838], [-122.838885830283, 49.1909745004897], [-122.838926346207, 49.1910020269192], [-122.838923099072, 49.1911406574061], [-122.838918955054, 49.1913175329508], [-122.838849320321, 49.1913615641631], [-122.838685339083, 49.1913593607693], [-122.838603043113, 49.1913582545105], [-122.837747250324, 49.1913467494808]]]}, "properties": {"PLAN_AREA": "City Centre", "PLAN_TYPE": "City Centre Plan", "PLAN_YEAR": 2025, "PLAN_STATUS": "Stage 2 Approved (See Surrey 2050 OCP)", "LAND_USE": "High Rise"}}, {"type": "Feature", "geometry": {"type": "Polygon", "coordinates": [[[-122.845640638453, 49.1914763223064], [-122.845649983138, 49.1908341353515], [-122.845659327565, 49.1901919474242], [-122.846483010262, 49.1901951789074], [-122.846647702351, 49.1901958240803], [-122.847472968957, 49.1901990542046], [-122.847470644944, 49.1902684104775], [-122.847470304768, 49.1902826352329], [-122.8474579907, 49.1908323411536], [-122.847457852741, 49.1908392691689], [-122.847457747204, 49.190844579868], [-122.8474528156, 49.1910915543245], [-122.847453612992, 49.1910915553777], [-122.847453052162, 49.1911195129979], [-122.847451867966, 49.1911480050164], [-122.847451549322, 49.1911556695095], [-122.847453121365, 49.1912662315913], [-122.847462516916, 49.1913766268544], [-122.847479715798, 49.1914866176154], [-122.846845368142, 49.1914841122323], [-122.846622607693, 49.1914832310254], [-122.846457915469, 49.1914825795214], [-122.84634994921, 49.1914821525849], [-122.845645210279, 49.1914793616391], [-122.845640638453, 49.1914763223064]]]}, "properties": {"PLAN_AREA": "City Centre", "PLAN_TYPE": "City Centre Plan", "PLAN_YEAR": 2025, "PLAN_STATUS": "Stage 2 Approved (See Surrey 2050 OCP)", "LAND_USE": "High Rise"}}, {"type": "Feature", "geometry": {"type": "Polygon", "coordinates": [[[-122.854383841511, 49.1914827967364], [-122.854391329815, 49.1911801864723], [-122.854418666893, 49.1911804773006], [-122.85448082164, 49.19114104278], [-122.854859707873, 49.1911439446808], [-122.854861578834, 49.1910378112299], [-122.854930656941, 49.191038314501], [-122.854931522975, 49.1909979418854], [-122.855357044761, 49.1909996386793], [-122.855347605474, 49.1915314167721], [-122.854451323278, 49.1915280095252], [-122.854383841511, 49.1914827967364]]]}, "properties": {"PLAN_AREA": "City Centre", "PLAN_TYPE": "City Centre Plan", "PLAN_YEAR": 2025, "PLAN_STATUS": "Stage 2 Approved (See Surrey 2050 OCP)", "LAND_USE": "High Rise"}}, {"type": "Feature", "geometry": {"type": "Polygon", "coordinates": [[[-122.846120351277, 49.2055636397035], [-122.846117704275, 49.2053982279054], [-122.846697830304, 49.2054013192244], [-122.846703089599, 49.2054013477934], [-122.846705739926, 49.2055667595817], [-122.84670864529, 49.2057393841348], [-122.846713918307, 49.2060640755551], [-122.846128518817, 49.2060612300627], [-122.84612311869, 49.2057362640883], [-122.846120351277, 49.2055636397035]]]}, "properties": {"PLAN_AREA": "City Centre", "PLAN_TYPE": "City Centre Plan", "PLAN_YEAR": 2025, "PLAN_STATUS": "Stage 2 Approved (See Surrey 2050 OCP)", "LAND_USE": "Low Rise"}}, {"type": "Feature", "geometry": {"type": "Polygon", "coordinates": [[[-122.860379650965, 49.1872352584688], [-122.860365975351, 49.1872422872851], [-122.860353325079, 49.1872500976387], [-122.860341803734, 49.1872586255759], [-122.860331505659, 49.1872678012668], [-122.860322515177, 49.1872775495776], [-122.860314905907, 49.1872877906858], [-122.860308740157, 49.1872984407333], [-122.860304068416, 49.1873094125137], [-122.860300928939, 49.187320616186], [-122.860299365311, 49.1873317116639], [-122.860299304699, 49.1873428543068], [-122.860300747579, 49.187353956811], [-122.860303682647, 49.1873649321872], [-122.860308086907, 49.187375694442], [-122.860313925852, 49.1873861592519], [-122.860321153735, 49.1873962446237], [-122.860329713924, 49.1874058715373], [-122.86033953935, 49.1874149645644], [-122.860350553031, 49.18742345246], [-122.860362668672, 49.1874312687201], [-122.860375791348, 49.1874383521033], [-122.86037358044, 49.187567610482], [-122.860331969829, 49.1875942250165], [-122.86015698642, 49.1875926990545], [-122.859655325939, 49.1875883205919], [-122.859658032395, 49.1873917480965], [-122.859660740377, 49.1871951135283], [-122.859663446543, 49.186998627374], [-122.859666090403, 49.186806695472], [-122.859669196016, 49.1866150105966], [-122.85967358457, 49.186278768739], [-122.859966297757, 49.186279667343], [-122.860258872102, 49.1862806540908], [-122.860510690588, 49.1862814109736], [-122.860787896653, 49.1862822887649], [-122.861010307366, 49.1866231926495], [-122.861120072978, 49.1867899451623], [-122.861229596073, 49.186956332064], [-122.861265612451, 49.1870110426403], [-122.861380591799, 49.1871857053509], [-122.861511560655, 49.1873846556093], [-122.861657125502, 49.1876057768878], [-122.86119188069, 49.1876017230718], [-122.860815578909, 49.1875984429575], [-122.860640595471, 49.1875969168287], [-122.860599906427, 49.1875695848972], [-122.860602112148, 49.1874404974193], [-122.860615458867, 49.1874337119546], [-122.860627844371, 49.1874261840537], [-122.860639172852, 49.1874179719477], [-122.860649356682, 49.1874091391601], [-122.860658317087, 49.1873997540156], [-122.860665984754, 49.1873898891115], [-122.860672300372, 49.1873796207562], [-122.86067721509, 49.1873690283788], [-122.860680690891, 49.1873581939149], [-122.860682700889, 49.1873472011725], [-122.860683229538, 49.1873361351842], [-122.860682272749, 49.1873250815486], [-122.86067969997, 49.1873136567845], [-122.860675540662, 49.187302434646], [-122.860669829834, 49.1872915095837], [-122.86066261555, 49.1872809735477], [-122.860653958531, 49.1872709152139], [-122.860643931639, 49.1872614192377], [-122.860632619265, 49.1872525655412], [-122.860620116619, 49.1872444286408], [-122.860606528929, 49.1872370770201], [-122.860592214723, 49.1872306713369], [-122.860577077752, 49.1872251376293], [-122.8605612413, 49.1872205209672], [-122.860544834349, 49.1872168589515], [-122.860527990529, 49.187214181408], [-122.860510847024, 49.1872125101441], [-122.860493543462, 49.1872118587716], [-122.860476220774, 49.1872122325957], [-122.860459020046, 49.1872136285718], [-122.860442081371, 49.1872160353301], [-122.860425542708, 49.1872194332686], [-122.860409538758, 49.1872237947123], [-122.860394199867, 49.1872290841392], [-122.860379650965, 49.1872352584688]]]}, "properties": {"PLAN_AREA": "City Centre", "PLAN_TYPE": "City Centre Plan", "PLAN_YEAR": 2025, "PLAN_STATUS": "Stage 2 Approved (See Surrey 2050 OCP)", "LAND_USE": "Urban Residential"}}, {"type": "Feature", "geometry": {"type": "Polygon", "coordinates": [[[-122.859596470006, 49.1877953160832], [-122.859637996093, 49.1877687017118], [-122.859731101604, 49.1877695128659], [-122.859847705468, 49.1877705296711], [-122.859964310709, 49.1877715463601], [-122.860080915956, 49.1877725629315], [-122.86040793874, 49.1877754143806], [-122.860735365035, 49.1877782662898], [-122.861055793868, 49.1877810575793], [-122.861376074532, 49.1877838451032], [-122.861704353157, 49.1877867024847], [-122.861655949209, 49.1881138126285], [-122.861626564634, 49.188314374094], [-122.861601238982, 49.1884875046664], [-122.86159312502, 49.188542276475], [-122.861563740433, 49.1887426589028], [-122.861530723503, 49.1889664239061], [-122.861503825166, 49.1891491172806], [-122.861135410651, 49.189004792885], [-122.860863610017, 49.188898314633], [-122.860591984649, 49.1887919052146], [-122.860319239077, 49.1886850539288], [-122.860046157444, 49.1885780711571], [-122.859917147916, 49.1885275301347], [-122.859780161605, 49.1884738633026], [-122.85964317422, 49.1884201954066], [-122.859608490116, 49.1884066071893], [-122.859588084314, 49.1883988158182], [-122.859588116944, 49.1883964995615], [-122.859591937242, 49.1881226280137], [-122.859593491584, 49.1880088516194], [-122.859596470006, 49.1877953160832]]]}, "properties": {"PLAN_AREA": "City Centre", "PLAN_TYPE": "City Centre Plan", "PLAN_YEAR": 2025, "PLAN_STATUS": "Stage 2 Approved (See Surrey 2050 OCP)", "LAND_USE": "Urban Residential"}}, {"type": "Feature", "geometry": {"type": "Polygon", "coordinates": [[[-122.847342155607, 49.1764294755988], [-122.84714091314, 49.1763377528308], [-122.847139265032, 49.1764265095202], [-122.847130103621, 49.1769197868118], [-122.846632630803, 49.1769173299611], [-122.846634411834, 49.1768822163005], [-122.846651801066, 49.1765367614811], [-122.846484927735, 49.1765355844716], [-122.846494438089, 49.1763547879757], [-122.846452691754, 49.1763545030969], [-122.846461539475, 49.1761573000056], [-122.846880575764, 49.1761478670243], [-122.847144476865, 49.176141977451], [-122.847144483298, 49.1761416707182], [-122.848282902358, 49.1761485016496], [-122.848344761614, 49.1761486692549], [-122.848344857035, 49.176148872675], [-122.848585726498, 49.176150316749], [-122.848591170174, 49.1758176328201], [-122.848591414673, 49.175802697268], [-122.848595348762, 49.1755623242846], [-122.848596347048, 49.1755013245504], [-122.848596354086, 49.1755008163226], [-122.848844670555, 49.17550178747], [-122.849095473173, 49.1755027469397], [-122.849448628759, 49.1755041092021], [-122.849801920194, 49.1755054714609], [-122.849798610043, 49.1758258804894], [-122.849797009388, 49.1759903124304], [-122.849797005607, 49.1759906551482], [-122.849795272887, 49.1761547450896], [-122.849786612321, 49.1769328698363], [-122.849581293301, 49.1769318604781], [-122.848688996381, 49.1769274717963], [-122.848269040922, 49.176925403288], [-122.847488875597, 49.1769215573934], [-122.847490435354, 49.1767608801113], [-122.847430307098, 49.1766735908236], [-122.847403205102, 49.176586498068], [-122.847342155607, 49.1764294755988]]]}, "properties": {"PLAN_AREA": "City Centre", "PLAN_TYPE": "City Centre Plan", "PLAN_YEAR": 2025, "PLAN_STATUS": "Stage 2 Approved (See Surrey 2050 OCP)", "LAND_USE": "Low Rise"}}, {"type": "Feature", "geometry": {"type": "Polygon", "coordinates": [[[-122.850074522924, 49.1758266905812], [-122.850077695736, 49.1755061914137], [-122.850350039601, 49.1755069971141], [-122.850590304761, 49.1755076284431], [-122.850580041351, 49.1769368334103], [-122.850063422862, 49.1769342442286], [-122.850066038873, 49.1766741292496], [-122.850067850586, 49.1764849604001], [-122.850069588385, 49.176320257888], [-122.850071187596, 49.1761555551911], [-122.850074522924, 49.1758266905812]]]}, "properties": {"PLAN_AREA": "City Centre", "PLAN_TYPE": "City Centre Plan", "PLAN_YEAR": 2025, "PLAN_STATUS": "Stage 2 Approved (See Surrey 2050 OCP)", "LAND_USE": "Low Rise"}}, {"type": "Feature", "geometry": {"type": "Polygon", "coordinates": [[[-122.850718314987, 49.1766516700109], [-122.85072652491, 49.1755079683139], [-122.851248396356, 49.1755094494761], [-122.851245567691, 49.1756828293328], [-122.851242995956, 49.1758405153353], [-122.85124042289, 49.1759981815418], [-122.851237798995, 49.1761590680122], [-122.851232415674, 49.1764889626615], [-122.851229726274, 49.1766538330718], [-122.851227388318, 49.1768950824989], [-122.851158381266, 49.1769396896475], [-122.851106951715, 49.1769394254546], [-122.851024664978, 49.1769390044981], [-122.850982886359, 49.17693878958], [-122.850981641917, 49.1769387834766], [-122.850756389981, 49.1769376290481], [-122.850715536294, 49.1769104435885], [-122.850718314987, 49.1766516700109]]]}, "properties": {"PLAN_AREA": "City Centre", "PLAN_TYPE": "City Centre Plan", "PLAN_YEAR": 2025, "PLAN_STATUS": "Stage 2 Approved (See Surrey 2050 OCP)", "LAND_USE": "Low Rise"}}, {"type": "Feature", "geometry": {"type": "Polygon", "coordinates": [[[-122.849895204614, 49.1753255688753], [-122.849238911241, 49.1753224678372], [-122.849238842641, 49.1753224677477], [-122.84880438672, 49.175320671001], [-122.848814643726, 49.1747251726477], [-122.84924857125, 49.1747271188902], [-122.84985050756, 49.1747298154884], [-122.849918310798, 49.1747750773605], [-122.849909065635, 49.1753166464155], [-122.849895204614, 49.1753255688753]]]}, "properties": {"PLAN_AREA": "City Centre", "PLAN_TYPE": "City Centre Plan", "PLAN_YEAR": 2025, "PLAN_STATUS": "Stage 2 Approved (See Surrey 2050 OCP)", "LAND_USE": "Low Rise"}}, {"type": "Feature", "geometry": {"type": "Polygon", "coordinates": [[[-122.852721755228, 49.1775563296225], [-122.852717921493, 49.1772174242719], [-122.853242303681, 49.1772199457781], [-122.853284114146, 49.1772201464262], [-122.853302418989, 49.1775567142591], [-122.853260699682, 49.1775589991469], [-122.852982858069, 49.1775575636417], [-122.852721755228, 49.1775563296225]]]}, "properties": {"PLAN_AREA": "City Centre", "PLAN_TYPE": "City Centre Plan", "PLAN_YEAR": 2025, "PLAN_STATUS": "Stage 2 Approved (See Surrey 2050 OCP)", "LAND_USE": "Low Rise"}}, {"type": "Feature", "geometry": {"type": "Polygon", "coordinates": [[[-122.847417301079, 49.1786157905934], [-122.847413276921, 49.1782318631774], [-122.847412215348, 49.1781317436134], [-122.847486995282, 49.1781314834786], [-122.847510331905, 49.1776473255706], [-122.847434947302, 49.1776476865689], [-122.847435081216, 49.1776197418123], [-122.847368391316, 49.1775367292188], [-122.847302351442, 49.1775364125376], [-122.847301938149, 49.1775076500451], [-122.847297700781, 49.1774790207421], [-122.847289671624, 49.177450742738], [-122.847277911856, 49.1774230314656], [-122.847262511073, 49.1773960980398], [-122.847243586609, 49.177370147649], [-122.847244243203, 49.1773110536066], [-122.847267767718, 49.1772632267926], [-122.84726858118, 49.1771901523927], [-122.847388344508, 49.177190725404], [-122.847501452034, 49.1771912661144], [-122.847739469454, 49.1771924032432], [-122.847998609567, 49.1771936414465], [-122.848217078068, 49.1771946843942], [-122.848242960375, 49.1771948119598], [-122.848517519469, 49.1771961637106], [-122.84886536377, 49.1771978761014], [-122.849835179423, 49.1772026457954], [-122.850036659208, 49.1772036353239], [-122.851091687555, 49.1772088118279], [-122.851096537386, 49.1776320381948], [-122.851107613204, 49.1785984292981], [-122.850063138287, 49.1786032766687], [-122.849822914614, 49.1786043902979], [-122.84978864438, 49.1786045499227], [-122.849371347716, 49.1786064972105], [-122.848809461874, 49.1786090867599], [-122.848809476869, 49.1786104702631], [-122.848676192608, 49.1786097298893], [-122.848534980096, 49.1786104101226], [-122.847748433951, 49.1786141973663], [-122.847417301079, 49.1786157905934]]]}, "properties": {"PLAN_AREA": "City Centre", "PLAN_TYPE": "City Centre Plan", "PLAN_YEAR": 2025, "PLAN_STATUS": "Stage 2 Approved (See Surrey 2050 OCP)", "LAND_USE": "Low Rise"}}, {"type": "Feature", "geometry": {"type": "Polygon", "coordinates": [[[-122.851462996771, 49.1772427454809], [-122.851510947048, 49.1772113693174], [-122.852442002472, 49.1772160663772], [-122.852445834553, 49.1775548943755], [-122.852447762703, 49.1777357032331], [-122.852450051081, 49.1779328840687], [-122.852451887703, 49.178097411228], [-122.852453814518, 49.1782782209663], [-122.852455878554, 49.1784590308741], [-122.852457940433, 49.1786401097343], [-122.852460091407, 49.1788373803165], [-122.851958729432, 49.1788345744371], [-122.85148069714, 49.1788319088278], [-122.851466458556, 49.1775499400122], [-122.851464521089, 49.1773738995508], [-122.851462996771, 49.1772427454809]]]}, "properties": {"PLAN_AREA": "City Centre", "PLAN_TYPE": "City Centre Plan", "PLAN_YEAR": 2025, "PLAN_STATUS": "Stage 2 Approved (See Surrey 2050 OCP)", "LAND_USE": "Low Rise"}}, {"type": "Feature", "geometry": {"type": "Polygon", "coordinates": [[[-122.85272973975, 49.1782794753921], [-122.8527278133, 49.1780986665588], [-122.852725748282, 49.177917857543], [-122.85272368465, 49.1777370485233], [-122.852722310374, 49.1776083063222], [-122.853263501587, 49.1776109418177], [-122.853347183529, 49.1776113494573], [-122.853348684447, 49.1776392603144], [-122.853366753076, 49.1779751702529], [-122.853368224129, 49.178002515263], [-122.853719292635, 49.1780044060277], [-122.85371295265, 49.1780148575682], [-122.853707942546, 49.1780256149967], [-122.853704296133, 49.1780366057206], [-122.853702038017, 49.1780477555733], [-122.853701183439, 49.1780589893139], [-122.853701154373, 49.1780590747328], [-122.853701805685, 49.1780708594563], [-122.853703966824, 49.1780824661854], [-122.853707637525, 49.1780939848734], [-122.853712816949, 49.1781052356121], [-122.853719370897, 49.1781161282778], [-122.85372743547, 49.1781265730894], [-122.85373673488, 49.1781365696972], [-122.853747272135, 49.1781460290509], [-122.853759046396, 49.1781547694431], [-122.85377178298, 49.1781628813787], [-122.853785482416, 49.1781701849511], [-122.85380014333, 49.1781766810578], [-122.85381563126, 49.1781823677291], [-122.853831807623, 49.1781872456889], [-122.853848535739, 49.1781911348571], [-122.853865678398, 49.1781940350597], [-122.853883098126, 49.1781960360762], [-122.853900795182, 49.1781970488528], [-122.85391849489, 49.1781971611963], [-122.853936197774, 49.1781961941], [-122.853877660477, 49.1785013328962], [-122.85391937203, 49.1785014756185], [-122.85417018723, 49.1785028747446], [-122.854166014003, 49.1788454129703], [-122.853915195435, 49.178844103785], [-122.853664514093, 49.1788427942288], [-122.853413697193, 49.178841394003], [-122.853329999365, 49.1788410169764], [-122.852736020012, 49.1788385456767], [-122.852733867944, 49.178641274199], [-122.852731805059, 49.1784601953429], [-122.85272973975, 49.1782794753921]]]}, "properties": {"PLAN_AREA": "City Centre", "PLAN_TYPE": "City Centre Plan", "PLAN_YEAR": 2025, "PLAN_STATUS": "Stage 2 Approved (See Surrey 2050 OCP)", "LAND_USE": "Low Rise"}}, {"type": "Feature", "geometry": {"type": "Polygon", "coordinates": [[[-122.842424277364, 49.1798819868558], [-122.842899104559, 49.1798798281043], [-122.842877041943, 49.1803084817993], [-122.842862544001, 49.1804327911559], [-122.842363405311, 49.1804776570318], [-122.842198939064, 49.1804126857724], [-122.842191075501, 49.1804095797312], [-122.842397834774, 49.1804087547463], [-122.842406733743, 49.1802352971668], [-122.842409784888, 49.1801758241449], [-122.842415796484, 49.180058641062], [-122.842418581409, 49.1800043543878], [-122.842422568716, 49.1799266068083], [-122.842424277364, 49.1798819868558]]]}, "properties": {"PLAN_AREA": "City Centre", "PLAN_TYPE": "City Centre Plan", "PLAN_YEAR": 2025, "PLAN_STATUS": "Stage 2 Approved (See Surrey 2050 OCP)", "LAND_USE": "Mid Rise"}}, {"type": "Feature", "geometry": {"type": "Polygon", "coordinates": [[[-122.857318691332, 49.1887877287352], [-122.85732193284, 49.1885219199721], [-122.857584740369, 49.1885231447732], [-122.857585858267, 49.1884683646181], [-122.857251415202, 49.1884667805413], [-122.857047344853, 49.1884658975589], [-122.856696692813, 49.1884642540313], [-122.856699058642, 49.1882666287557], [-122.856703842653, 49.1878670092187], [-122.857053978708, 49.1879100530785], [-122.857263872136, 49.1879358558039], [-122.857597335305, 49.1879768489624], [-122.857696975145, 49.1879890974757], [-122.857834207161, 49.1880414942481], [-122.858075603843, 49.1881336613106], [-122.858522626699, 49.1883043347783], [-122.85869311679, 49.1883694276861], [-122.858810112474, 49.1884140958362], [-122.859065397202, 49.1885115616543], [-122.859283772837, 49.188594934842], [-122.859365780071, 49.1886262449113], [-122.859365455383, 49.1886488020934], [-122.859361373893, 49.1889325384639], [-122.859355180424, 49.1889295840533], [-122.859339416676, 49.1889234480346], [-122.859322826088, 49.188918029733], [-122.859305683231, 49.188913781048], [-122.859287851632, 49.1889104310539], [-122.859269742496, 49.1889081601578], [-122.859251493064, 49.1889069676273], [-122.859232966346, 49.1889067651413], [-122.859214573548, 49.1889077322079], [-122.859196452419, 49.1889096890884], [-122.85917956414, 49.1889124570485], [-122.859163084769, 49.1889162140911], [-122.859147014556, 49.1889208720623], [-122.859131765474, 49.1889263406121], [-122.859117063045, 49.1889326194059], [-122.859103456227, 49.1889397082142], [-122.85909080803, 49.188947518716], [-122.859078981475, 49.1889559598916], [-122.859077761195, 49.1889570045589], [-122.859059488477, 49.1889499937936], [-122.858786521075, 49.1888452678132], [-122.858617583352, 49.188780453106], [-122.858566094708, 49.1887802317463], [-122.858065479594, 49.1887780776039], [-122.85779929166, 49.1887769306931], [-122.857799102086, 49.188789924207], [-122.857796698501, 49.1889543566902], [-122.857794296526, 49.1891187001169], [-122.857791892904, 49.1892831334902], [-122.857789489283, 49.1894475605619], [-122.857784763817, 49.1897708493851], [-122.857561235982, 49.1897697886321], [-122.857305146408, 49.1897686611339], [-122.857309649927, 49.1894453711555], [-122.857311911052, 49.1892809385199], [-122.857314170791, 49.1891165049784], [-122.857316431628, 49.1889521613867], [-122.857318691332, 49.1887877287352]]]}, "properties": {"PLAN_AREA": "City Centre", "PLAN_TYPE": "City Centre Plan", "PLAN_YEAR": 2025, "PLAN_STATUS": "Stage 2 Approved (See Surrey 2050 OCP)", "LAND_USE": "Low Rise"}}, {"type": "Feature", "geometry": {"type": "Polygon", "coordinates": [[[-122.858066447429, 49.1892788440304], [-122.858068850159, 49.1891144043538], [-122.858071135159, 49.1889580117455], [-122.858542324213, 49.1889600398718], [-122.858550836094, 49.1889633057051], [-122.858803641823, 49.1890602968011], [-122.858813055789, 49.1890639091382], [-122.859027172871, 49.1891460560314], [-122.859045873378, 49.1891532310385], [-122.859115559247, 49.1891799656144], [-122.859239184086, 49.1891807730106], [-122.859257575706, 49.1891802566045], [-122.859275695911, 49.1891786595263], [-122.859293681681, 49.1891760727957], [-122.859311258534, 49.1891724969781], [-122.859328426729, 49.1891678403216], [-122.85934463705, 49.1891621930102], [-122.859358238464, 49.1891565362229], [-122.859357546368, 49.1892080012299], [-122.859352843662, 49.1895573756953], [-122.85935284195, 49.189557495331], [-122.859349884262, 49.1897768597908], [-122.859349880856, 49.1897770927655], [-122.859047954195, 49.1897758548319], [-122.858793374555, 49.1897750904902], [-122.858538931909, 49.1897744157085], [-122.858282706678, 49.1897731984594], [-122.858059240579, 49.189772138746], [-122.858064044685, 49.1894432828027], [-122.858066447429, 49.1892788440304]]]}, "properties": {"PLAN_AREA": "City Centre", "PLAN_TYPE": "City Centre Plan", "PLAN_YEAR": 2025, "PLAN_STATUS": "Stage 2 Approved (See Surrey 2050 OCP)", "LAND_USE": "Low Rise"}}, {"type": "Feature", "geometry": {"type": "Polygon", "coordinates": [[[-122.854419405284, 49.190034529904], [-122.854430681026, 49.1895667854769], [-122.854431500347, 49.1895667883087], [-122.855299460588, 49.1895701179631], [-122.855297612424, 49.1896730122602], [-122.855295244961, 49.1898570221366], [-122.855292119721, 49.1900382703927], [-122.855292116409, 49.1900384646876], [-122.854419405284, 49.190034529904]]]}, "properties": {"PLAN_AREA": "City Centre", "PLAN_TYPE": "City Centre Plan", "PLAN_YEAR": 2025, "PLAN_STATUS": "Stage 2 Approved (See Surrey 2050 OCP)", "LAND_USE": "Low Rise"}}, {"type": "Feature", "geometry": {"type": "Polygon", "coordinates": [[[-122.834364641056, 49.1897359434451], [-122.834433485192, 49.1896916241409], [-122.834623668424, 49.1896933943437], [-122.834612877846, 49.1902012450381], [-122.834519495718, 49.190299403187], [-122.834519166336, 49.1902994027151], [-122.834360454786, 49.1904661662003], [-122.834361414881, 49.1902990335544], [-122.834364641056, 49.1897359434451]]]}, "properties": {"PLAN_AREA": "City Centre", "PLAN_TYPE": "City Centre Plan", "PLAN_YEAR": 2025, "PLAN_STATUS": "Stage 2 Approved (See Surrey 2050 OCP)", "LAND_USE": "Low Rise"}}, {"type": "Feature", "geometry": {"type": "Polygon", "coordinates": [[[-122.84021731918, 49.1903181507263], [-122.840229523825, 49.1898174914582], [-122.840257436856, 49.1897997643025], [-122.840270991106, 49.1897911574321], [-122.840735240323, 49.1897957205213], [-122.840735139624, 49.1903072278043], [-122.840816579617, 49.1903072465288], [-122.841039681829, 49.1903072983437], [-122.8410396718, 49.1903575489074], [-122.841039642456, 49.1905050694767], [-122.841039583877, 49.190833059573], [-122.840804196298, 49.1908298937358], [-122.840388899933, 49.1908243065579], [-122.840394246114, 49.1906035813064], [-122.840394268334, 49.190602646723], [-122.840394285685, 49.1906019460113], [-122.840393110732, 49.1905778104104], [-122.840388648639, 49.1905538402799], [-122.840380935141, 49.1905302275534], [-122.840370032005, 49.190507161302], [-122.840356026539, 49.1904848262209], [-122.840339030891, 49.1904634011507], [-122.84031918115, 49.190443057645], [-122.840242253907, 49.1903713062056], [-122.840235656021, 49.1903645274165], [-122.840230008122, 49.1903573895242], [-122.84022535534, 49.1903499495682], [-122.840221734856, 49.1903422670018], [-122.840219156088, 49.1903343264091], [-122.840217680188, 49.1903262657621], [-122.84021731918, 49.1903181507263]]]}, "properties": {"PLAN_AREA": "City Centre", "PLAN_TYPE": "City Centre Plan", "PLAN_YEAR": 2025, "PLAN_STATUS": "Stage 2 Approved (See Surrey 2050 OCP)", "LAND_USE": "Mid Rise"}}, {"type": "Feature", "geometry": {"type": "Polygon", "coordinates": [[[-122.837758811124, 49.1908513312248], [-122.83778691759, 49.1896578638982], [-122.837788362687, 49.1896578803204], [-122.838955670188, 49.1897504098705], [-122.838955444149, 49.1897600084664], [-122.838955287907, 49.1897667079665], [-122.838929507114, 49.1908671221714], [-122.838889217966, 49.1908665793295], [-122.838336552571, 49.1908591262319], [-122.837763706422, 49.1908513974705], [-122.837759605734, 49.1908513422359], [-122.837758811124, 49.1908513312248]]]}, "properties": {"PLAN_AREA": "City Centre", "PLAN_TYPE": "City Centre Plan", "PLAN_YEAR": 2025, "PLAN_STATUS": "Stage 2 Approved (See Surrey 2050 OCP)", "LAND_USE": "Mid Rise"}}, {"type": "Feature", "geometry": {"type": "Polygon", "coordinates": [[[-122.839228627235, 49.1898168887048], [-122.839229469819, 49.1897809121766], [-122.839928309528, 49.1897877873971], [-122.839955722682, 49.1897880565677], [-122.839955075688, 49.1898146170659], [-122.839942868276, 49.1903152754029], [-122.83994395577, 49.1903396573191], [-122.839948397938, 49.1903638752648], [-122.83995615849, 49.1903877313644], [-122.839967760536, 49.1904120913703], [-122.839982821501, 49.1904356241398], [-122.840001206701, 49.1904581192214], [-122.840006487883, 49.1904637483008], [-122.840011977779, 49.1904692909353], [-122.840017673097, 49.1904747438011], [-122.840094717851, 49.1905466052945], [-122.840101284611, 49.1905533161314], [-122.840106919011, 49.190560381698], [-122.840111576792, 49.1905677464938], [-122.840115221366, 49.1905753526676], [-122.840117824104, 49.1905831404723], [-122.840119364561, 49.1905910487339], [-122.840119830635, 49.1905990153323], [-122.840119825246, 49.1905994102196], [-122.840119815843, 49.1905997727181], [-122.840119814317, 49.1905998203912], [-122.840119763465, 49.1906019720022], [-122.840114446158, 49.1908214505297], [-122.840112560871, 49.1908992457703], [-122.840050136089, 49.1908985143697], [-122.83928704866, 49.1908895697389], [-122.839203524703, 49.190888590832], [-122.839228627235, 49.1898168887048]]]}, "properties": {"PLAN_AREA": "City Centre", "PLAN_TYPE": "City Centre Plan", "PLAN_YEAR": 2025, "PLAN_STATUS": "Stage 2 Approved (See Surrey 2050 OCP)", "LAND_USE": "Mid Rise"}}, {"type": "Feature", "geometry": {"type": "Polygon", "coordinates": [[[-122.834552107055, 49.1913185480983], [-122.835700727743, 49.1901116462897], [-122.835686513702, 49.1907046140216], [-122.836378269888, 49.1907112352771], [-122.836375356513, 49.1908326545232], [-122.836293025803, 49.1908315420711], [-122.836290435319, 49.1909394750822], [-122.836280787927, 49.1913413796291], [-122.834552107055, 49.1913185480983]]]}, "properties": {"PLAN_AREA": "City Centre", "PLAN_TYPE": "City Centre Plan", "PLAN_YEAR": 2025, "PLAN_STATUS": "Stage 2 Approved (See Surrey 2050 OCP)", "LAND_USE": "Mid Rise"}}, {"type": "Feature", "geometry": {"type": "Polygon", "coordinates": [[[-122.836454895305, 49.1909500410091], [-122.836455095731, 49.1909416990303], [-122.837756193639, 49.1909592624302], [-122.837756112125, 49.1909627848842], [-122.837747250324, 49.1913467494808], [-122.837746869686, 49.1913607411701], [-122.837022275127, 49.1913511645983], [-122.836445451215, 49.191343552321], [-122.836454895305, 49.1909500410091]]]}, "properties": {"PLAN_AREA": "City Centre", "PLAN_TYPE": "City Centre Plan", "PLAN_YEAR": 2025, "PLAN_STATUS": "Stage 2 Approved (See Surrey 2050 OCP)", "LAND_USE": "Mid Rise"}}, {"type": "Feature", "geometry": {"type": "Polygon", "coordinates": [[[-122.840052899756, 49.1913788603298], [-122.839192318798, 49.1913670382438], [-122.839197556225, 49.1911434191199], [-122.839201001489, 49.1909963530876], [-122.839284083654, 49.190997345774], [-122.840061918599, 49.1910066373772], [-122.840109945649, 49.1910072112118], [-122.840100942943, 49.1913787973215], [-122.840052917078, 49.1913781704126], [-122.840052899756, 49.1913788603298]]]}, "properties": {"PLAN_AREA": "City Centre", "PLAN_TYPE": "City Centre Plan", "PLAN_YEAR": 2025, "PLAN_STATUS": "Stage 2 Approved (See Surrey 2050 OCP)", "LAND_USE": "Mid Rise"}}, {"type": "Feature", "geometry": {"type": "Polygon", "coordinates": [[[-122.84037538238, 49.1913823756851], [-122.840386285427, 49.1909322378256], [-122.840801648569, 49.190937826004], [-122.841039506958, 49.190941025831], [-122.841204197807, 49.1909432403516], [-122.841204272416, 49.1908641850586], [-122.841204277109, 49.1908352749965], [-122.841204334786, 49.1905050828441], [-122.841204404059, 49.1901438217389], [-122.841204468599, 49.1898003317679], [-122.84128753427, 49.1898011475825], [-122.841695851205, 49.1898051576797], [-122.841695826968, 49.1898411434425], [-122.841695378906, 49.1905097868527], [-122.841695018983, 49.1910479945306], [-122.841695019698, 49.1910482005244], [-122.84169478369, 49.1913996015708], [-122.841490418875, 49.1913969788915], [-122.841203777051, 49.1913933000458], [-122.840791522509, 49.1913878003576], [-122.840791028443, 49.1913877942793], [-122.840382244395, 49.1913824652272], [-122.84037538238, 49.1913823756851]]]}, "properties": {"PLAN_AREA": "City Centre", "PLAN_TYPE": "City Centre Plan", "PLAN_YEAR": 2025, "PLAN_STATUS": "Stage 2 Approved (See Surrey 2050 OCP)", "LAND_USE": "Mid Rise"}}, {"type": "Feature", "geometry": {"type": "Polygon", "coordinates": [[[-122.8421341999, 49.1910525599063], [-122.842134317751, 49.1908731825369], [-122.842625251496, 49.1908779463062], [-122.843170727451, 49.1908832372276], [-122.843197528201, 49.1908829272971], [-122.843197399435, 49.1911012804842], [-122.843196773196, 49.1914318730181], [-122.843196772448, 49.1914321095941], [-122.843169930946, 49.1914317583129], [-122.842133958752, 49.1914181996405], [-122.8421341999, 49.1910525599063]]]}, "properties": {"PLAN_AREA": "City Centre", "PLAN_TYPE": "City Centre Plan", "PLAN_YEAR": 2025, "PLAN_STATUS": "Stage 2 Approved (See Surrey 2050 OCP)", "LAND_USE": "Mid Rise"}}, {"type": "Feature", "geometry": {"type": "Polygon", "coordinates": [[[-122.850445388106, 49.1912335994584], [-122.850467113849, 49.1912100013762], [-122.850658538721, 49.1912108400512], [-122.851025138821, 49.1912124460162], [-122.851091379537, 49.191212735634], [-122.851372157005, 49.1912139644514], [-122.851870962749, 49.1912161443773], [-122.851880485021, 49.1912225225791], [-122.851911496797, 49.191243295664], [-122.851905304615, 49.1915057190338], [-122.8518772898, 49.1915236737507], [-122.851863514085, 49.1915325038805], [-122.851347672025, 49.191530149077], [-122.851100924095, 49.1915290225471], [-122.850734054234, 49.1915273463115], [-122.850662206173, 49.1914989235672], [-122.850445388106, 49.1912335994584]]]}, "properties": {"PLAN_AREA": "City Centre", "PLAN_TYPE": "City Centre Plan", "PLAN_YEAR": 2025, "PLAN_STATUS": "Stage 2 Approved (See Surrey 2050 OCP)", "LAND_USE": "High Rise"}}, {"type": "Feature", "geometry": {"type": "Polygon", "coordinates": [[[-122.853155910627, 49.1910766810385], [-122.853167153593, 49.1905763584139], [-122.853163666718, 49.1907255144202], [-122.853161465355, 49.1908252031815], [-122.853155910627, 49.1910766810385], [-122.85315291121, 49.1912081123698], [-122.853145713967, 49.1915234369117], [-122.852222061806, 49.1915206791952], [-122.852219509989, 49.1915189722162], [-122.852181518982, 49.1914935765825], [-122.852183728076, 49.1913961106047], [-122.85218754177, 49.1912276331116], [-122.852188055131, 49.1912050393194], [-122.852191366424, 49.1910591529289], [-122.852195185559, 49.1908906736336], [-122.852195533772, 49.1908742189362], [-122.852198749396, 49.190722193107], [-122.852202822104, 49.1905538058785], [-122.852205163915, 49.1904504580125], [-122.852222717982, 49.1904391895452], [-122.852246928717, 49.1904236487172], [-122.85255392905, 49.1904248479389], [-122.852577128606, 49.1904250933513], [-122.852600316681, 49.1904256309459], [-122.85262348471, 49.1904264605241], [-122.852724452707, 49.1904335193588], [-122.852824158566, 49.1904461143416], [-122.852921896962, 49.190464156375], [-122.853016976487, 49.1904875178287], [-122.853108724536, 49.1905160334421], [-122.853196492072, 49.1905495014936], [-122.853202362891, 49.1905519790714], [-122.853201834713, 49.1905528356543], [-122.853199742704, 49.1905562224328], [-122.853187600204, 49.1905758860659], [-122.853187267851, 49.1905764253628], [-122.853331593412, 49.19057690648], [-122.85346381548, 49.1906063026097], [-122.853599595015, 49.1906276233208], [-122.853737786524, 49.1906406887424], [-122.853877224161, 49.1906453886486], [-122.854086962392, 49.1906461359672], [-122.854127457484, 49.1906732540462], [-122.854118891546, 49.1910230443226], [-122.854118312336, 49.1910739337253], [-122.854113517906, 49.1914950940216], [-122.854044410393, 49.1915398285946], [-122.853145545861, 49.1915371077871], [-122.853155910627, 49.1910766810385]]]}, "properties": {"PLAN_AREA": "City Centre", "PLAN_TYPE": "City Centre Plan", "PLAN_YEAR": 2025, "PLAN_STATUS": "Stage 2 Approved (See Surrey 2050 OCP)", "LAND_USE": "High Rise"}}, {"type": "Feature", "geometry": {"type": "Polygon", "coordinates": [[[-122.846953449121, 49.2038449260056], [-122.84694697423, 49.203447952022], [-122.847475550257, 49.203795873514], [-122.847920237422, 49.2040885715231], [-122.847851757685, 49.2041150660802], [-122.847781236261, 49.2041391516815], [-122.847708870341, 49.2041607609778], [-122.847671676891, 49.2041701646954], [-122.847633337053, 49.2041773238054], [-122.847594165616, 49.2041821795282], [-122.847554484193, 49.2041846919963], [-122.847514618586, 49.2041848405812], [-122.847482028161, 49.2041847750628], [-122.846959019102, 49.2041837297442], [-122.846956354165, 49.2040174606505], [-122.846953449121, 49.2038449260056]]]}, "properties": {"PLAN_AREA": "City Centre", "PLAN_TYPE": "City Centre Plan", "PLAN_YEAR": 2025, "PLAN_STATUS": "Stage 2 Approved (See Surrey 2050 OCP)", "LAND_USE": "Low Rise"}}, {"type": "Feature", "geometry": {"type": "Polygon", "coordinates": [[[-122.845466910635, 49.2036313043213], [-122.84545172962, 49.2026676639204], [-122.845989655799, 49.2026704423705], [-122.845992048871, 49.2028228458026], [-122.84599516392, 49.2030146316329], [-122.845998280364, 49.2032064174585], [-122.846001396551, 49.2033982932303], [-122.84600451304, 49.2035900790431], [-122.846007766831, 49.2037818650324], [-122.846010883368, 49.2039736499326], [-122.846014205107, 49.2041851267153], [-122.845475552198, 49.2041820856503], [-122.845466910635, 49.2036313043213]]]}, "properties": {"PLAN_AREA": "City Centre", "PLAN_TYPE": "City Centre Plan", "PLAN_YEAR": 2025, "PLAN_STATUS": "Stage 2 Approved (See Surrey 2050 OCP)", "LAND_USE": "Low Rise"}}, {"type": "Feature", "geometry": {"type": "Polygon", "coordinates": [[[-122.843031479692, 49.204172781142], [-122.843023056817, 49.203709376691], [-122.843136703421, 49.2037100618128], [-122.843387656427, 49.2037115744466], [-122.843638608077, 49.2037130865333], [-122.843889561116, 49.2037145980766], [-122.844140512799, 49.2037161090728], [-122.844391603151, 49.2037176197106], [-122.844642552124, 49.2037191287129], [-122.84509765741, 49.2037219456081], [-122.845104908445, 49.2041843507497], [-122.844650309945, 49.2041818628949], [-122.844399495628, 49.2041804440448], [-122.844148539931, 49.2041790235598], [-122.843897722905, 49.2041776018174], [-122.843646766956, 49.2041762701949], [-122.843395948586, 49.2041748482606], [-122.84314499295, 49.2041734255952], [-122.843031479692, 49.204172781142]]]}, "properties": {"PLAN_AREA": "City Centre", "PLAN_TYPE": "City Centre Plan", "PLAN_YEAR": 2025, "PLAN_STATUS": "Stage 2 Approved (See Surrey 2050 OCP)", "LAND_USE": "Low Rise"}}, {"type": "Feature", "geometry": {"type": "Polygon", "coordinates": [[[-122.848483777662, 49.2040164160225], [-122.848714462437, 49.2038650558127], [-122.849059640302, 49.2040925371408], [-122.84897708549, 49.2041824865904], [-122.848894171286, 49.2042713425804], [-122.848281144614, 49.2041979468797], [-122.848283792306, 49.2041850870762], [-122.848287949261, 49.204172499114], [-122.848293890315, 49.204160093401], [-122.848301340079, 49.2041481394342], [-122.848310572839, 49.2041367275267], [-122.84832117703, 49.204125766285], [-122.84833315182, 49.2041155273657], [-122.848346497212, 49.2041060098689], [-122.848483777662, 49.2040164160225]]]}, "properties": {"PLAN_AREA": "City Centre", "PLAN_TYPE": "City Centre Plan", "PLAN_YEAR": 2025, "PLAN_STATUS": "Stage 2 Approved (See Surrey 2050 OCP)", "LAND_USE": "Low Rise"}}, {"type": "Feature", "geometry": {"type": "Polygon", "coordinates": [[[-122.837602166328, 49.2033964717159], [-122.837896593688, 49.203238473514], [-122.838150511359, 49.2034412851007], [-122.838363510981, 49.2036115730186], [-122.83806912555, 49.2037695400764], [-122.837842471064, 49.2038910265885], [-122.83764818227, 49.2039953033623], [-122.837615924953, 49.204012616252], [-122.837552195506, 49.204046821229], [-122.836905105831, 49.2043941165765], [-122.836798250645, 49.204308694676], [-122.836438358364, 49.2040209862794], [-122.836563169881, 49.2039540121214], [-122.836725021677, 49.203867162], [-122.836987150529, 49.2037265002906], [-122.837148999469, 49.2036396495682], [-122.837375511942, 49.2035180994453], [-122.837602166328, 49.2033964717159]]]}, "properties": {"PLAN_AREA": "City Centre", "PLAN_TYPE": "City Centre Plan", "PLAN_YEAR": 2025, "PLAN_STATUS": "Stage 2 Approved (See Surrey 2050 OCP)", "LAND_USE": "Low Rise"}}, {"type": "Feature", "geometry": {"type": "Polygon", "coordinates": [[[-122.838851896719, 49.2032887825331], [-122.839172383387, 49.2031167469783], [-122.83936302419, 49.2032690976744], [-122.83955413308, 49.2034218211071], [-122.839570857155, 49.2034351843726], [-122.839778773737, 49.2036013148845], [-122.839986625988, 49.2037673918554], [-122.84019448237, 49.2039334702518], [-122.840402644123, 49.2040997924635], [-122.840081827473, 49.2042721880599], [-122.83975836965, 49.2044459742678], [-122.839578030959, 49.2043018872586], [-122.839397694979, 49.2041577100146], [-122.839217497325, 49.2040135335771], [-122.839037164814, 49.203869355767], [-122.838856835799, 49.2037252694284], [-122.838676649528, 49.2035810912515], [-122.838528306765, 49.2034624787861], [-122.838851896719, 49.2032887825331]]]}, "properties": {"PLAN_AREA": "City Centre", "PLAN_TYPE": "City Centre Plan", "PLAN_YEAR": 2025, "PLAN_STATUS": "Stage 2 Approved (See Surrey 2050 OCP)", "LAND_USE": "Low Rise"}}, {"type": "Feature", "geometry": {"type": "Polygon", "coordinates": [[[-122.856644520143, 49.2028915961559], [-122.857122731254, 49.2028913233517], [-122.857120124122, 49.2030343463455], [-122.857117379437, 49.2031774591186], [-122.857114772273, 49.2033204821052], [-122.85711216509, 49.2034635059876], [-122.857109556262, 49.203606618918], [-122.85710694905, 49.2037496418936], [-122.857104204542, 49.2038926646958], [-122.857101597039, 49.204035777617], [-122.857098988406, 49.20417880058], [-122.8570963825, 49.2043218244424], [-122.857093636294, 49.2044649371811], [-122.85709138615, 49.2045883490226], [-122.856570811219, 49.2045876344915], [-122.856566878438, 49.2045220088896], [-122.856562158389, 49.2044793895899], [-122.856557806244, 49.2044400999074], [-122.856555802092, 49.2044220069689], [-122.856557280497, 49.2043195352362], [-122.856559203776, 49.2041766913433], [-122.85656126269, 49.2040339375682], [-122.856563184311, 49.2038911836191], [-122.856565243462, 49.2037483389846], [-122.856567166432, 49.20360558503], [-122.856567597564, 49.2035756572956], [-122.856578069309, 49.203554282169], [-122.856620440327, 49.2034034187882], [-122.856637931613, 49.2032683706349], [-122.856644520143, 49.2028915961559]]]}, "properties": {"PLAN_AREA": "City Centre", "PLAN_TYPE": "City Centre Plan", "PLAN_YEAR": 2025, "PLAN_STATUS": "Stage 2 Approved (See Surrey 2050 OCP)", "LAND_USE": "Low Rise"}}, {"type": "Feature", "geometry": {"type": "Polygon", "coordinates": [[[-122.857185467292, 49.2028913109869], [-122.857701223869, 49.2028910498223], [-122.857697929869, 49.2030343418416], [-122.857694636964, 49.2031777238115], [-122.857691481576, 49.2033210159942], [-122.857688188631, 49.2034643979568], [-122.857684894552, 49.2036076899613], [-122.857681738847, 49.2037510720856], [-122.857678446099, 49.203894364984], [-122.857675153333, 49.2040376569791], [-122.85767199757, 49.2041810390924], [-122.857668703393, 49.2043243310786], [-122.857665410309, 49.2044677130153], [-122.857662736246, 49.204589130087], [-122.857357919271, 49.2045887135714], [-122.85715412817, 49.2045884347304], [-122.857156373545, 49.2044651946921], [-122.85715911931, 49.2043221719044], [-122.857161726667, 49.2041790580895], [-122.857164334006, 49.2040359451705], [-122.857166941069, 49.2038929222005], [-122.857169687028, 49.2037498094456], [-122.857172294318, 49.2036066965156], [-122.857174901333, 49.2034636735348], [-122.857177508594, 49.203320559698], [-122.857180115836, 49.2031774467571], [-122.857182861454, 49.2030344239368], [-122.857185467292, 49.2028913109869]]]}, "properties": {"PLAN_AREA": "City Centre", "PLAN_TYPE": "City Centre Plan", "PLAN_YEAR": 2025, "PLAN_STATUS": "Stage 2 Approved (See Surrey 2050 OCP)", "LAND_USE": "Low Rise"}}, {"type": "Feature", "geometry": {"type": "Polygon", "coordinates": [[[-122.857969761612, 49.2032198015582], [-122.8579772903, 49.2028908507892], [-122.85825307935, 49.2028916393396], [-122.858531065102, 49.2028923408687], [-122.858807953764, 49.2028931294411], [-122.859084841317, 49.2028938282949], [-122.859076618247, 49.2032281754679], [-122.859072440362, 49.2033940446472], [-122.859068406564, 49.203558474749], [-122.859064369992, 49.2037229048426], [-122.859060336136, 49.2038873358342], [-122.859054592657, 49.2041214774198], [-122.859050420078, 49.2042859082304], [-122.859049487474, 49.2043242270741], [-122.859042991939, 49.204591084531], [-122.857938723968, 49.2045895157407], [-122.857942415888, 49.2044302746751], [-122.857946507264, 49.2042480331116], [-122.857950597234, 49.2040657924401], [-122.857954823081, 49.2038835510301], [-122.857958455629, 49.2037176812336], [-122.857962224058, 49.2035518115993], [-122.857965992203, 49.2033860319127], [-122.857969761612, 49.2032198015582]]]}, "properties": {"PLAN_AREA": "City Centre", "PLAN_TYPE": "City Centre Plan", "PLAN_YEAR": 2025, "PLAN_STATUS": "Stage 2 Approved (See Surrey 2050 OCP)", "LAND_USE": "Low Rise"}}, {"type": "Feature", "geometry": {"type": "Polygon", "coordinates": [[[-122.834373439841, 49.1880917525094], [-122.834374745201, 49.1878511635408], [-122.834662888897, 49.1878541679553], [-122.834657653536, 49.1880946244661], [-122.834653733918, 49.1882746351496], [-122.834649814267, 49.1884546467269], [-122.834645894583, 49.1886346591979], [-122.834641974866, 49.1888146725626], [-122.834638053749, 49.18899468502], [-122.834634133972, 49.1891746983731], [-122.834630207686, 49.1893550085569], [-122.834626756213, 49.1895134985542], [-122.834437384739, 49.1895117358166], [-122.834365751331, 49.1895110690995], [-122.834365945562, 49.1894750862767], [-122.834366608664, 49.1893525061253], [-122.834367585395, 49.1891721521406], [-122.834369532794, 49.1888120189469], [-122.834370508541, 49.1886319518948], [-122.834372462751, 49.188271818677], [-122.834373439841, 49.1880917525094]]]}, "properties": {"PLAN_AREA": "City Centre", "PLAN_TYPE": "City Centre Plan", "PLAN_YEAR": 2025, "PLAN_STATUS": "Stage 2 Approved (See Surrey 2050 OCP)", "LAND_USE": "Urban Residential"}}, {"type": "Feature", "geometry": {"type": "Polygon", "coordinates": [[[-122.859496696169, 49.1890662189768], [-122.859502260078, 49.1886793799939], [-122.859638736693, 49.1887328468379], [-122.859811617093, 49.1888005748251], [-122.860095662349, 49.1889118541026], [-122.860562236871, 49.1890946384447], [-122.860813090677, 49.1891929109124], [-122.861136026009, 49.1893194203905], [-122.861436587043, 49.1894371631637], [-122.861494890811, 49.1894613198781], [-122.861540405585, 49.1894838510685], [-122.861637845163, 49.1895320874288], [-122.861725575263, 49.1895856912857], [-122.861807308963, 49.1896449018822], [-122.861881231393, 49.1897084361262], [-122.861946559004, 49.1897757605731], [-122.861951950259, 49.1897825207062], [-122.861141277759, 49.1897810262469], [-122.860714048175, 49.1897802365393], [-122.86027748697, 49.1897791641027], [-122.860014261961, 49.1897785718993], [-122.859750759224, 49.1897781586653], [-122.859624363124, 49.1897779169534], [-122.859487120879, 49.1897776547118], [-122.859490079674, 49.1895581697128], [-122.859494780044, 49.1892087943398], [-122.859496696169, 49.1890662189768]]]}, "properties": {"PLAN_AREA": "City Centre", "PLAN_TYPE": "City Centre Plan", "PLAN_YEAR": 2025, "PLAN_STATUS": "Stage 2 Approved (See Surrey 2050 OCP)", "LAND_USE": "Urban Residential"}}, {"type": "Feature", "geometry": {"type": "Polygon", "coordinates": [[[-122.859483136751, 49.1902607940722], [-122.859484956027, 49.1899590895513], [-122.859622197137, 49.1899594453453], [-122.859622199505, 49.189959093631], [-122.85978496727, 49.1899590979542], [-122.860084701136, 49.1899596458606], [-122.860384572253, 49.1899601922556], [-122.860684306135, 49.189960738606], [-122.860984178641, 49.1899612834458], [-122.861283912796, 49.1899617364881], [-122.861546592578, 49.1899623242444], [-122.861633329058, 49.1899625190438], [-122.862071179435, 49.1899635186305], [-122.862091270903, 49.1900047807825], [-122.862352513717, 49.1906485674357], [-122.861839058371, 49.1906468677167], [-122.861753422653, 49.1906452351382], [-122.861416629859, 49.1906442890883], [-122.861140634348, 49.1906435051224], [-122.860864640221, 49.1906427195991], [-122.860588507234, 49.1906420241013], [-122.86031251313, 49.1906412363591], [-122.860036517661, 49.1906404488553], [-122.859760523317, 49.190639751546], [-122.859618341046, 49.1906393485326], [-122.859618341393, 49.1906392261967], [-122.859481098152, 49.1906389585502], [-122.859482568502, 49.1903155748968], [-122.859483136751, 49.1902607940722]]]}, "properties": {"PLAN_AREA": "City Centre", "PLAN_TYPE": "City Centre Plan", "PLAN_YEAR": 2025, "PLAN_STATUS": "Stage 2 Approved (See Surrey 2050 OCP)", "LAND_USE": "Urban Residential"}}, {"type": "Feature", "geometry": {"type": "Polygon", "coordinates": [[[-122.859478712232, 49.19118722591], [-122.859480308576, 49.1908198553164], [-122.85961755198, 49.1908202417021], [-122.859877488253, 49.1908209720443], [-122.860252985632, 49.1908222410795], [-122.860627383706, 49.1908235084668], [-122.861001919048, 49.1908247739061], [-122.861376318291, 49.1908261270212], [-122.861750716435, 49.190827388968], [-122.862001734315, 49.1908282306876], [-122.862085315447, 49.1908285113301], [-122.862426342928, 49.1908296619693], [-122.862502806337, 49.1910152392561], [-122.862545658425, 49.1911192437964], [-122.862634594257, 49.1912012187255], [-122.862652789135, 49.1912179896525], [-122.863019488863, 49.1915559826654], [-122.862652023991, 49.1915548599126], [-122.862392531436, 49.1915540661812], [-122.862133229662, 49.1915532720945], [-122.861881975965, 49.1915525023425], [-122.861630796387, 49.1915517330322], [-122.861379699168, 49.1915509623749], [-122.861024391573, 49.1915498715229], [-122.85987518295, 49.1915463357722], [-122.859614420979, 49.1915455315603], [-122.859477175673, 49.1915451082884], [-122.859478418456, 49.1912420070596], [-122.859478712232, 49.19118722591]]]}, "properties": {"PLAN_AREA": "City Centre", "PLAN_TYPE": "City Centre Plan", "PLAN_YEAR": 2025, "PLAN_STATUS": "Stage 2 Approved (See Surrey 2050 OCP)", "LAND_USE": "Urban Residential"}}, {"type": "Feature", "geometry": {"type": "Polygon", "coordinates": [[[-122.860744072075, 49.2027151250428], [-122.860747573096, 49.2023966928199], [-122.860749589686, 49.20221579789], [-122.860751468982, 49.2020349036884], [-122.860753486913, 49.2018540087487], [-122.860755366181, 49.2016731136362], [-122.861308034061, 49.2016738703466], [-122.861310185845, 49.2014929755472], [-122.861312476007, 49.2013121708613], [-122.86131638709, 49.2009930194124], [-122.861592581972, 49.2009931717079], [-122.861868914133, 49.2009933226076], [-122.861864868078, 49.2013129245775], [-122.861862581302, 49.2014937292778], [-122.861860292888, 49.2016746230239], [-122.86185800745, 49.2018554277144], [-122.861855719248, 49.2020362323958], [-122.861853432401, 49.2022170370731], [-122.861851145285, 49.2023979316974], [-122.861847102492, 49.2027162733505], [-122.861571034417, 49.2027159419125], [-122.861295104746, 49.2027156999339], [-122.861019176706, 49.2027153664455], [-122.860744072075, 49.2027151250428]]]}, "properties": {"PLAN_AREA": "City Centre", "PLAN_TYPE": "City Centre Plan", "PLAN_YEAR": 2025, "PLAN_STATUS": "Stage 2 Approved (See Surrey 2050 OCP)", "LAND_USE": "Urban Residential"}}, {"type": "Feature", "geometry": {"type": "Polygon", "coordinates": [[[-122.859762698977, 49.2033880483608], [-122.85977479832, 49.2028949378592], [-122.859981812955, 49.2028950990474], [-122.860188901552, 49.2028958068686], [-122.86042405782, 49.2028960903788], [-122.86046458856, 49.2029231252594], [-122.860449533099, 49.2035364175892], [-122.860445240595, 49.203712442365], [-122.860436909719, 49.2040126936644], [-122.860422463872, 49.2045930296299], [-122.859319000258, 49.2045914750076], [-122.859330527385, 49.204121723855], [-122.85933410014, 49.2039748340367], [-122.859337811524, 49.2038279452829], [-122.859341382865, 49.2036810545556], [-122.859345094206, 49.2035341648944], [-122.859348665342, 49.2033878147769], [-122.859555682031, 49.2033879767307], [-122.859762698977, 49.2033880483608]]]}, "properties": {"PLAN_AREA": "City Centre", "PLAN_TYPE": "City Centre Plan", "PLAN_YEAR": 2025, "PLAN_STATUS": "Stage 2 Approved (See Surrey 2050 OCP)", "LAND_USE": "Urban Residential"}}, {"type": "Feature", "geometry": {"type": "Polygon", "coordinates": [[[-122.856996218412, 49.2049242101989], [-122.856998013092, 49.2048041089725], [-122.857797979746, 49.2048052018713], [-122.858245887701, 49.2048058406012], [-122.858245933157, 49.205061762338], [-122.858036299732, 49.2050615948227], [-122.857828315083, 49.2050614289565], [-122.857620467722, 49.2050612619854], [-122.857411246156, 49.2050610929438], [-122.857202163246, 49.2050609245943], [-122.856994177236, 49.2050607563248], [-122.856996218412, 49.2049242101989]]]}, "properties": {"PLAN_AREA": "City Centre", "PLAN_TYPE": "City Centre Plan", "PLAN_YEAR": 2025, "PLAN_STATUS": "Stage 2 Approved (See Surrey 2050 OCP)", "LAND_USE": "Urban Residential"}}, {"type": "Feature", "geometry": {"type": "Polygon", "coordinates": [[[-122.857077196546, 49.2052652340898], [-122.857079041934, 49.2051008013963], [-122.857551708956, 49.2051019259146], [-122.857551649828, 49.205266360818], [-122.857551726348, 49.2054308867365], [-122.85755166859, 49.2055953216322], [-122.857551716592, 49.2057707300186], [-122.857113225883, 49.2057696477863], [-122.85707170749, 49.2057421607562], [-122.857073504096, 49.2055941903128], [-122.85707534951, 49.2054297576289], [-122.857077196546, 49.2052652340898]]]}, "properties": {"PLAN_AREA": "City Centre", "PLAN_TYPE": "City Centre Plan", "PLAN_YEAR": 2025, "PLAN_STATUS": "Stage 2 Approved (See Surrey 2050 OCP)", "LAND_USE": "Urban Residential"}}, {"type": "Feature", "geometry": {"type": "Polygon", "coordinates": [[[-122.857827785374, 49.2051025368243], [-122.858245952926, 49.2051028717816], [-122.858245996127, 49.2053768704558], [-122.85824607684, 49.2055412155697], [-122.85824602027, 49.2057055596108], [-122.858246102356, 49.2058699038174], [-122.858246143585, 49.2061450700424], [-122.857827830989, 49.2061443750982], [-122.857827791824, 49.2058692988278], [-122.857827849782, 49.2057049547928], [-122.857827768822, 49.2055407005352], [-122.85782782678, 49.2053763555913], [-122.857827785374, 49.2051025368243]]]}, "properties": {"PLAN_AREA": "City Centre", "PLAN_TYPE": "City Centre Plan", "PLAN_YEAR": 2025, "PLAN_STATUS": "Stage 2 Approved (See Surrey 2050 OCP)", "LAND_USE": "Urban Residential"}}, {"type": "Feature", "geometry": {"type": "Polygon", "coordinates": [[[-122.856977200551, 49.206143683847], [-122.8568770881, 49.2061061393987], [-122.85678248473, 49.2060630246094], [-122.856693798793, 49.2060146089587], [-122.856611991368, 49.2059613452171], [-122.856537610563, 49.2059035929922], [-122.856538797452, 49.2058255152746], [-122.856541691972, 49.2056307697509], [-122.856544152563, 49.2054441203504], [-122.85654857311, 49.2051014921831], [-122.856995435151, 49.2051006079599], [-122.856991566833, 49.2054432359275], [-122.856989383271, 49.2056296167206], [-122.856986766194, 49.2058244525516], [-122.857034541819, 49.2058244217431], [-122.857293325907, 49.2058249216715], [-122.857551696252, 49.2058256013152], [-122.857551746879, 49.2061439449864], [-122.857292412835, 49.2061436239646], [-122.857033487982, 49.2061437535314], [-122.856977200551, 49.206143683847]]]}, "properties": {"PLAN_AREA": "City Centre", "PLAN_TYPE": "City Centre Plan", "PLAN_YEAR": 2025, "PLAN_STATUS": "Stage 2 Approved (See Surrey 2050 OCP)", "LAND_USE": "Urban Residential"}}, {"type": "Feature", "geometry": {"type": "Polygon", "coordinates": [[[-122.840163920356, 49.1798075196898], [-122.8404291508, 49.1795190748661], [-122.840477029404, 49.1795773210755], [-122.840572635626, 49.1796935064834], [-122.840679409125, 49.1798232622943], [-122.840862965419, 49.1800468129968], [-122.8408826885, 49.1800708325432], [-122.840925477438, 49.1801333767178], [-122.840982015524, 49.1802160237031], [-122.841014897265, 49.1802744397327], [-122.841018216824, 49.1802803371495], [-122.841038357897, 49.1803207109412], [-122.841057391604, 49.180361314965], [-122.841075311827, 49.1804021361687], [-122.84109187184, 49.180442552404], [-122.841107340345, 49.180483154084], [-122.841121712512, 49.1805239285411], [-122.841147531147, 49.1806057937574], [-122.841139928555, 49.180606475941], [-122.841081383511, 49.1806117278314], [-122.840967963874, 49.1806162510791], [-122.840848595087, 49.1806188850917], [-122.840839640267, 49.1806189114309], [-122.840729236385, 49.180619227882], [-122.840684051948, 49.1806185223923], [-122.840609750298, 49.180617362917], [-122.840595637777, 49.1806168810784], [-122.840490680195, 49.1806132981429], [-122.840419588298, 49.1806095001479], [-122.840371605149, 49.1806069367292], [-122.840252829223, 49.1805984563045], [-122.840200567905, 49.1805936956324], [-122.840134598598, 49.1805876871987], [-122.840016778267, 49.1805748001378], [-122.839899695336, 49.1805596345599], [-122.839781431985, 49.1805420528767], [-122.83966404294, 49.1805222990121], [-122.839548976727, 49.180500524304], [-122.83953038745, 49.1804964748606], [-122.839573465352, 49.1804496788857], [-122.839620283233, 49.1803987727204], [-122.839678806833, 49.18033513639], [-122.839883841734, 49.1801120701514], [-122.83992196332, 49.1800706346913], [-122.839995333946, 49.1799908838343], [-122.840023605888, 49.1799601544398], [-122.840163920356, 49.1798075196898]]]}, "properties": {"PLAN_AREA": "City Centre", "PLAN_TYPE": "City Centre Plan", "PLAN_YEAR": 2025, "PLAN_STATUS": "Stage 2 Approved (See Surrey 2050 OCP)", "LAND_USE": "Mid Rise"}}, {"type": "Feature", "geometry": {"type": "Polygon", "coordinates": [[[-122.849190156796, 49.1814203456536], [-122.849292808039, 49.1806496079836], [-122.849908963797, 49.1806471109065], [-122.84988948585, 49.1810227893817], [-122.849892370149, 49.1810227931307], [-122.849896598205, 49.18140014674], [-122.849896792666, 49.1814175160895], [-122.849599986957, 49.1814186564519], [-122.849303180964, 49.1814198860046], [-122.849190156796, 49.1814203456536]]]}, "properties": {"PLAN_AREA": "City Centre", "PLAN_TYPE": "City Centre Plan", "PLAN_YEAR": 2025, "PLAN_STATUS": "Stage 2 Approved (See Surrey 2050 OCP)", "LAND_USE": "Mid Rise"}}, {"type": "Feature", "geometry": {"type": "Polygon", "coordinates": [[[-122.847522335896, 49.1814269963205], [-122.847518770666, 49.1810340581726], [-122.847518866933, 49.1810322016619], [-122.847538184763, 49.180658653466], [-122.847538295027, 49.1806567070203], [-122.84790262145, 49.1806552309247], [-122.848380162365, 49.1806533014812], [-122.848403972448, 49.1806532050042], [-122.848513880017, 49.1806527609273], [-122.849018639468, 49.1806507188188], [-122.84891565149, 49.1814130253758], [-122.848914686721, 49.1814202779536], [-122.848367416158, 49.1814177778277], [-122.848366299228, 49.1814236071388], [-122.848230945251, 49.1814241390754], [-122.847957190994, 49.1814252164528], [-122.847522335896, 49.1814269963205]]]}, "properties": {"PLAN_AREA": "City Centre", "PLAN_TYPE": "City Centre Plan", "PLAN_YEAR": 2025, "PLAN_STATUS": "Stage 2 Approved (See Surrey 2050 OCP)", "LAND_USE": "Mid Rise"}}, {"type": "Feature", "geometry": {"type": "Polygon", "coordinates": [[[-122.847130155714, 49.1810336289807], [-122.847381540641, 49.1810327938655], [-122.847385121141, 49.1814275526945], [-122.847133733776, 49.1814285299412], [-122.846861901901, 49.1814296072669], [-122.846861755019, 49.1814127273215], [-122.846858463219, 49.1810347064822], [-122.847130155714, 49.1810336289807]]]}, "properties": {"PLAN_AREA": "City Centre", "PLAN_TYPE": "City Centre Plan", "PLAN_YEAR": 2025, "PLAN_STATUS": "Stage 2 Approved (See Surrey 2050 OCP)", "LAND_USE": "Mid Rise"}}, {"type": "Feature", "geometry": {"type": "Polygon", "coordinates": [[[-122.834564518411, 49.1812534422227], [-122.834578036532, 49.1809975513981], [-122.835565472574, 49.1810072714413], [-122.835678279428, 49.1810083810107], [-122.835645764779, 49.1815676567843], [-122.83560992011, 49.1821841929694], [-122.835010749577, 49.1821769842359], [-122.834512567904, 49.1821710649525], [-122.834523236698, 49.1819826081362], [-122.83455069912, 49.1814975514087], [-122.834564518411, 49.1812534422227]]]}, "properties": {"PLAN_AREA": "City Centre", "PLAN_TYPE": "City Centre Plan", "PLAN_YEAR": 2025, "PLAN_STATUS": "Stage 2 Approved (See Surrey 2050 OCP)", "LAND_USE": "Mid Rise"}}, {"type": "Feature", "geometry": {"type": "Polygon", "coordinates": [[[-122.850149601341, 49.1815974695813], [-122.850423444446, 49.1815963493414], [-122.850423628277, 49.1816136647035], [-122.850427605176, 49.181988288743], [-122.850420191074, 49.1819883223182], [-122.850424414207, 49.1823609227017], [-122.850166573512, 49.1823621140813], [-122.849908731703, 49.1823632158299], [-122.849650891257, 49.1823643170046], [-122.849392913577, 49.1823654183243], [-122.849272552496, 49.1823659737319], [-122.849191887268, 49.1816013817718], [-122.849328290146, 49.1816008248903], [-122.849602064671, 49.1815997074082], [-122.849875833699, 49.1815985883704], [-122.850149601341, 49.1815974695813]]]}, "properties": {"PLAN_AREA": "City Centre", "PLAN_TYPE": "City Centre Plan", "PLAN_YEAR": 2025, "PLAN_STATUS": "Stage 2 Approved (See Surrey 2050 OCP)", "LAND_USE": "Mid Rise"}}, {"type": "Feature", "geometry": {"type": "Polygon", "coordinates": [[[-122.838507715096, 49.1819616016112], [-122.8388574144, 49.1815817977984], [-122.839543963324, 49.1815928680628], [-122.839536924513, 49.1817111163871], [-122.839527144692, 49.1818754143279], [-122.839517364805, 49.1820397122631], [-122.839507584849, 49.1822040110922], [-122.839497803458, 49.1823683090142], [-122.839488023373, 49.1825326069326], [-122.839484664158, 49.1825890435001], [-122.83890378624, 49.1825739474023], [-122.838472724234, 49.182562742507], [-122.838472518417, 49.1825627377215], [-122.838480971473, 49.1824184787428], [-122.838493738117, 49.1822001869754], [-122.838506522227, 49.1819819743816], [-122.838507715096, 49.1819616016112]]]}, "properties": {"PLAN_AREA": "City Centre", "PLAN_TYPE": "City Centre Plan", "PLAN_YEAR": 2025, "PLAN_STATUS": "Stage 2 Approved (See Surrey 2050 OCP)", "LAND_USE": "Mid Rise"}}, {"type": "Feature", "geometry": {"type": "Polygon", "coordinates": [[[-122.834492516166, 49.1825252482916], [-122.834506459965, 49.1822789543671], [-122.835007746535, 49.1822849104954], [-122.835603647155, 49.1822920795074], [-122.835603127666, 49.1823010183336], [-122.83559638172, 49.1824170530712], [-122.835596274062, 49.182418898761], [-122.835578868859, 49.1827192012766], [-122.835575533069, 49.1827767477879], [-122.835572357294, 49.1828315545471], [-122.83556918016, 49.182886355007], [-122.83556613976, 49.1829388159741], [-122.835485381948, 49.1829378356119], [-122.835239240382, 49.18293484639], [-122.835076090533, 49.1829328648275], [-122.834968648119, 49.1829315599425], [-122.834508993981, 49.1829259835461], [-122.834471307856, 49.1828998502599], [-122.834492516166, 49.1825252482916]]]}, "properties": {"PLAN_AREA": "City Centre", "PLAN_TYPE": "City Centre Plan", "PLAN_YEAR": 2025, "PLAN_STATUS": "Stage 2 Approved (See Surrey 2050 OCP)", "LAND_USE": "Mid Rise"}}, {"type": "Feature", "geometry": {"type": "Polygon", "coordinates": [[[-122.838455383703, 49.1828552528736], [-122.838466199563, 49.1826706018532], [-122.838897262505, 49.1826818067736], [-122.839478243219, 49.1826969057449], [-122.839468463001, 49.1828612036521], [-122.839458682718, 49.1830255015537], [-122.839448902366, 49.1831898003493], [-122.839444332886, 49.1832665538893], [-122.838432046424, 49.1832535228839], [-122.838442189929, 49.1830802959133], [-122.838455383703, 49.1828552528736]]]}, "properties": {"PLAN_AREA": "City Centre", "PLAN_TYPE": "City Centre Plan", "PLAN_YEAR": 2025, "PLAN_STATUS": "Stage 2 Approved (See Surrey 2050 OCP)", "LAND_USE": "Mid Rise"}}, {"type": "Feature", "geometry": {"type": "Polygon", "coordinates": [[[-122.839840343092, 49.1812125850688], [-122.839954169903, 49.1810843775915], [-122.840098267799, 49.18113925266], [-122.840477899026, 49.1812838218097], [-122.840476304703, 49.1813098161343], [-122.840461820959, 49.1815592215519], [-122.840431536875, 49.1820807167697], [-122.840426029954, 49.1821755433975], [-122.840410296486, 49.1824451586655], [-122.840380416414, 49.1829571714656], [-122.840361816974, 49.1832771988831], [-122.840074484542, 49.1832737366442], [-122.83971909157, 49.1832695486807], [-122.839738544994, 49.1829408879273], [-122.839751469428, 49.1827217812841], [-122.839764393748, 49.1825026737314], [-122.839777317949, 49.1822835670683], [-122.839790103444, 49.1820644593036], [-122.839803027122, 49.1818454425737], [-122.839815949605, 49.1816263349795], [-122.839828873343, 49.1814072273772], [-122.839840343092, 49.1812125850688]]]}, "properties": {"PLAN_AREA": "City Centre", "PLAN_TYPE": "City Centre Plan", "PLAN_YEAR": 2025, "PLAN_STATUS": "Stage 2 Approved (See Surrey 2050 OCP)", "LAND_USE": "Mid Rise"}}, {"type": "Feature", "geometry": {"type": "Polygon", "coordinates": [[[-122.834440924465, 49.183436512499], [-122.834459674854, 49.1831053230352], [-122.834503915192, 49.1831058595944], [-122.834958290861, 49.1831113717965], [-122.834963568251, 49.1831114360087], [-122.8358301749, 49.183121930048], [-122.835840590653, 49.182942147885], [-122.835841766549, 49.1829218515813], [-122.835855323971, 49.1826879111587], [-122.835861517595, 49.1825810418744], [-122.835870727937, 49.1824221199632], [-122.83587758089, 49.1823042395189], [-122.835878095948, 49.1822953807437], [-122.835881231445, 49.1822414374663], [-122.835884368307, 49.1821874941902], [-122.835921417142, 49.1815501911963], [-122.835952756046, 49.1810110812239], [-122.835958741441, 49.1809081308767], [-122.836713446527, 49.1809173034043], [-122.836734561409, 49.1805540097101], [-122.836771465507, 49.1799190430515], [-122.837325139397, 49.1801291530398], [-122.837890063435, 49.1803428446079], [-122.838360974725, 49.1805114098709], [-122.838185988273, 49.181022880874], [-122.837851251199, 49.1810142616033], [-122.83781367283, 49.1817016451656], [-122.837297094637, 49.1822615835274], [-122.837218854284, 49.1824050109613], [-122.837194338373, 49.1824049997916], [-122.837204912275, 49.1822210483693], [-122.837069347526, 49.1824037854622], [-122.836627297942, 49.1823994899827], [-122.836614669577, 49.182617451606], [-122.836433500877, 49.1829493434426], [-122.836335949929, 49.1831280523017], [-122.83615596895, 49.1834577594917], [-122.836043355052, 49.1834563682117], [-122.835834331412, 49.1834537855653], [-122.834939129862, 49.1834428288138], [-122.834440924465, 49.183436512499]]]}, "properties": {"PLAN_AREA": "City Centre", "PLAN_TYPE": "City Centre Plan", "PLAN_YEAR": 2025, "PLAN_STATUS": "Stage 2 Approved (See Surrey 2050 OCP)", "LAND_USE": "Mid Rise"}}, {"type": "Feature", "geometry": {"type": "Polygon", "coordinates": [[[-122.843472977757, 49.1911040857331], [-122.843473221957, 49.1908861707749], [-122.843500110117, 49.1908864311962], [-122.844321920091, 49.1908943953958], [-122.845099993141, 49.1909019298862], [-122.845091918474, 49.1914564006149], [-122.844313432598, 49.1914464421775], [-122.843502033985, 49.1914360578954], [-122.843500133201, 49.191436033731], [-122.843472605466, 49.1914356815903], [-122.843472977757, 49.1911040857331]]]}, "properties": {"PLAN_AREA": "City Centre", "PLAN_TYPE": "City Centre Plan", "PLAN_YEAR": 2025, "PLAN_STATUS": "Stage 2 Approved (See Surrey 2050 OCP)", "LAND_USE": "Mid Rise"}}, {"type": "Feature", "geometry": {"type": "Polygon", "coordinates": [[[-122.840955229967, 49.1917439024341], [-122.840955331841, 49.1917356709555], [-122.841689968151, 49.1917452815908], [-122.841682074571, 49.192022418421], [-122.841712574135, 49.1920997408275], [-122.841159921893, 49.1920923336479], [-122.840950692138, 49.1920895288148], [-122.840950701054, 49.1920888883602], [-122.840955229967, 49.1917439024341]]]}, "properties": {"PLAN_AREA": "City Centre", "PLAN_TYPE": "City Centre Plan", "PLAN_YEAR": 2025, "PLAN_STATUS": "Stage 2 Approved (See Surrey 2050 OCP)", "LAND_USE": "Mid Rise"}}, {"type": "Feature", "geometry": {"type": "Polygon", "coordinates": [[[-122.842122310394, 49.1919884565246], [-122.842129069133, 49.1917510279594], [-122.843329688613, 49.1917667414314], [-122.843332477363, 49.1917667766979], [-122.843324462212, 49.1921061745853], [-122.84299731905, 49.1921018479541], [-122.842579280349, 49.1920963278967], [-122.84217421951, 49.1920909347038], [-122.842162673321, 49.1920907812968], [-122.842122310394, 49.1919884565246]]]}, "properties": {"PLAN_AREA": "City Centre", "PLAN_TYPE": "City Centre Plan", "PLAN_YEAR": 2025, "PLAN_STATUS": "Stage 2 Approved (See Surrey 2050 OCP)", "LAND_USE": "Mid Rise"}}, {"type": "Feature", "geometry": {"type": "Polygon", "coordinates": [[[-122.837149108775, 49.1919564507228], [-122.837152611791, 49.1916857810334], [-122.838243297588, 49.1917001932467], [-122.838310670591, 49.1917010827728], [-122.83830349615, 49.1920532944403], [-122.838299226666, 49.1922629073311], [-122.838297275357, 49.1922775336896], [-122.838295198831, 49.1922930998838], [-122.837718573861, 49.1922892354026], [-122.837147600763, 49.1922854047971], [-122.837147613666, 49.1922701847321], [-122.837147626629, 49.1922549466765], [-122.8371477411, 49.1921209804192], [-122.837148421153, 49.1920392417925], [-122.837149108775, 49.1919564507228]]]}, "properties": {"PLAN_AREA": "City Centre", "PLAN_TYPE": "City Centre Plan", "PLAN_YEAR": 2025, "PLAN_STATUS": "Stage 2 Approved (See Surrey 2050 OCP)", "LAND_USE": "Mid Rise"}}, {"type": "Feature", "geometry": {"type": "Polygon", "coordinates": [[[-122.834363662416, 49.1920044069888], [-122.834365067302, 49.1916489696522], [-122.835568615636, 49.1916648705521], [-122.835565912166, 49.1920188344158], [-122.835564077659, 49.1922588566623], [-122.835563251861, 49.1923668011386], [-122.834362260317, 49.1923585903597], [-122.834362687974, 49.1922506426213], [-122.8343626888, 49.1922503952511], [-122.834363662416, 49.1920044069888]]]}, "properties": {"PLAN_AREA": "City Centre", "PLAN_TYPE": "City Centre Plan", "PLAN_YEAR": 2025, "PLAN_STATUS": "Stage 2 Approved (See Surrey 2050 OCP)", "LAND_USE": "Mid Rise"}}, {"type": "Feature", "geometry": {"type": "Polygon", "coordinates": [[[-122.855863389174, 49.2027330550794], [-122.856238565695, 49.2024896599763], [-122.856234264756, 49.2027998549709], [-122.856226544176, 49.2032412062025], [-122.856189914103, 49.203355278608], [-122.856189962127, 49.2033552867636], [-122.856167667986, 49.2034167337677], [-122.856140526315, 49.2034773377487], [-122.85610861058, 49.2035369346308], [-122.856073767858, 49.2035927394559], [-122.856034739081, 49.2036473417429], [-122.855991620529, 49.2037006067715], [-122.855911923091, 49.2037851234842], [-122.85582194452, 49.2038650865683], [-122.855722287518, 49.2039399603651], [-122.855680705164, 49.2039687347594], [-122.855521636978, 49.204078807498], [-122.855441543446, 49.2041342298822], [-122.854787843448, 49.2045769843735], [-122.854779116889, 49.2045821137123], [-122.854769779569, 49.2045867584235], [-122.854759893996, 49.2045908874122], [-122.854749526352, 49.2045944730363], [-122.854738746043, 49.2045974912915], [-122.854703185381, 49.204603719672], [-122.854667131119, 49.2046085793118], [-122.854630705856, 49.2046120536863], [-122.854577989787, 49.2046145980963], [-122.854525133656, 49.2046142436586], [-122.854472508101, 49.2046109928587], [-122.854420482142, 49.2046048684917], [-122.854369420594, 49.2045959135028], [-122.854075784352, 49.2044012641917], [-122.854055345857, 49.2043877157322], [-122.854058511737, 49.2040928483591], [-122.854144562444, 49.2039215200988], [-122.854155398671, 49.203904492183], [-122.85422217846, 49.2037995563369], [-122.854355225371, 49.2037130067715], [-122.854628747813, 49.2035350752555], [-122.854902257289, 49.2033571502668], [-122.855174643852, 49.2031799536362], [-122.855405665218, 49.203030048504], [-122.855566172293, 49.2029259038112], [-122.855714711696, 49.2028294799051], [-122.855863389174, 49.2027330550794]]]}, "properties": {"PLAN_AREA": "City Centre", "PLAN_TYPE": "City Centre Plan", "PLAN_YEAR": 2025, "PLAN_STATUS": "Stage 2 Approved (See Surrey 2050 OCP)", "LAND_USE": "Low Rise"}}, {"type": "Feature", "geometry": {"type": "Polygon", "coordinates": [[[-122.850602382447, 49.203086713721], [-122.850922331377, 49.2028786240827], [-122.850929197963, 49.2028786419405], [-122.850946356187, 49.202878687472], [-122.851503868911, 49.2032725651085], [-122.851566488831, 49.2033147211288], [-122.852319264448, 49.2038249389356], [-122.852329162987, 49.2038316476943], [-122.852377023331, 49.2038633876293], [-122.852820304409, 49.2041573530901], [-122.852819919015, 49.2042210618214], [-122.852184016721, 49.2046361115324], [-122.852125839347, 49.2046360091792], [-122.851661675756, 49.2043297869474], [-122.85160365554, 49.2042915084741], [-122.850777315259, 49.2037463333309], [-122.85048251196, 49.2035517093234], [-122.850199918299, 49.2033651134079], [-122.850171489575, 49.2033449783286], [-122.850137505434, 49.2033170389056], [-122.85013927804, 49.2033164745014], [-122.850212839015, 49.2032912887878], [-122.850284102265, 49.2032634105747], [-122.850352838505, 49.2032329295613], [-122.850400678884, 49.2032094065758], [-122.85044701214, 49.2031846221056], [-122.850491760855, 49.2031586175647], [-122.850491847503, 49.203158563705], [-122.850491899764, 49.2031585322891], [-122.850491950649, 49.2031585017709], [-122.85049200566, 49.2031584685595], [-122.850492060672, 49.2031584353481], [-122.850492096429, 49.2031584138057], [-122.850492134938, 49.2031583904677], [-122.850497493153, 49.2031551267111], [-122.850543098826, 49.2031254067816], [-122.850602382447, 49.203086713721]]]}, "properties": {"PLAN_AREA": "City Centre", "PLAN_TYPE": "City Centre Plan", "PLAN_YEAR": 2025, "PLAN_STATUS": "Stage 2 Approved (See Surrey 2050 OCP)", "LAND_USE": "Low Rise"}}, {"type": "Feature", "geometry": {"type": "Polygon", "coordinates": [[[-122.854391329815, 49.1911801864723], [-122.85439589204, 49.1909958681845], [-122.854395709508, 49.1909958670549], [-122.854402910334, 49.1907013728815], [-122.854444726311, 49.190674563757], [-122.855055352618, 49.190676961656], [-122.855163307265, 49.1906805213056], [-122.855270358573, 49.1906903247359], [-122.855375667581, 49.1907062951173], [-122.855478408979, 49.19072830729], [-122.85554848418, 49.19074433946], [-122.855619668065, 49.1907581145959], [-122.855691791517, 49.190769599971], [-122.855690513419, 49.1908669223629], [-122.855690383196, 49.1908767765756], [-122.855573774801, 49.1908762512126], [-122.855573184164, 49.1909212072946], [-122.855358236956, 49.1909202384652], [-122.855357044761, 49.1909996386793], [-122.854931522975, 49.1909979418854], [-122.854930656941, 49.191038314501], [-122.854861578834, 49.1910378112299], [-122.854859707873, 49.1911439446808], [-122.85448082164, 49.19114104278], [-122.854418666893, 49.1911804773006], [-122.854391329815, 49.1911801864723]]]}, "properties": {"PLAN_AREA": "City Centre", "PLAN_TYPE": "City Centre Plan", "PLAN_YEAR": 2025, "PLAN_STATUS": "Stage 2 Approved (See Surrey 2050 OCP)", "LAND_USE": "Park"}}, {"type": "Feature", "geometry": {"type": "Polygon", "coordinates": [[[-122.834612877846, 49.1902012450381], [-122.834623668424, 49.1896933943437], [-122.834787484293, 49.1896949196257], [-122.835188100165, 49.1896986484666], [-122.83564481975, 49.1896354531914], [-122.835712127647, 49.18963607878], [-122.835705161127, 49.1899266619457], [-122.835700727743, 49.1901116462897], [-122.834552107055, 49.1913185480983], [-122.834355580969, 49.1913159510087], [-122.834355967949, 49.1912485505097], [-122.834356417984, 49.1911700741592], [-122.834359278425, 49.1906713541479], [-122.834359820742, 49.1905767430094], [-122.83436045205, 49.1904665745841], [-122.834360454786, 49.1904661662003], [-122.834519166336, 49.1902994027151], [-122.834519495718, 49.190299403187], [-122.834612877846, 49.1902012450381]]]}, "properties": {"PLAN_AREA": "City Centre", "PLAN_TYPE": "City Centre Plan", "PLAN_YEAR": 2025, "PLAN_STATUS": "Stage 2 Approved (See Surrey 2050 OCP)", "LAND_USE": "Park"}}, {"type": "Feature", "geometry": {"type": "Polygon", "coordinates": [[[-122.841205267482, 49.1946971786298], [-122.841206893548, 49.1945588077015], [-122.841708312657, 49.1945640755156], [-122.841748074061, 49.1945644934137], [-122.841749371076, 49.1945645068848], [-122.841791434189, 49.1945649423142], [-122.842211357146, 49.1945692876023], [-122.842209317045, 49.1947019171666], [-122.842206624141, 49.1948770936838], [-122.84220472215, 49.1950008162672], [-122.841786348847, 49.1949966062101], [-122.841702721409, 49.1949957648011], [-122.841634129897, 49.194995073482], [-122.84124244256, 49.1949911211263], [-122.841201721689, 49.1949635997458], [-122.841202506794, 49.1949147193752], [-122.841203271513, 49.1948670614398], [-122.841205267482, 49.1946971786298]]]}, "properties": {"PLAN_AREA": "City Centre", "PLAN_TYPE": "City Centre Plan", "PLAN_YEAR": 2025, "PLAN_STATUS": "Stage 2 Approved (See Surrey 2050 OCP)", "LAND_USE": "Park"}}, {"type": "Feature", "geometry": {"type": "Polygon", "coordinates": [[[-122.859476192842, 49.1917893759244], [-122.859475666535, 49.1917702233472], [-122.862311587334, 49.1917786629222], [-122.862378993073, 49.1952372144004], [-122.859438587566, 49.1952643905189], [-122.859457485733, 49.19351812666], [-122.859475919779, 49.1918145516949], [-122.859476066407, 49.1918010642899], [-122.859476192842, 49.1917893759244]]]}, "properties": {"PLAN_AREA": "City Centre", "PLAN_TYPE": "City Centre Plan", "PLAN_YEAR": 2025, "PLAN_STATUS": "Stage 2 Approved (See Surrey 2050 OCP)", "LAND_USE": "Park"}}, {"type": "Feature", "geometry": {"type": "Polygon", "coordinates": [[[-122.834335999101, 49.1969002003661], [-122.834336521859, 49.1967079181804], [-122.834337044614, 49.1965156350888], [-122.834337567364, 49.1963233519907], [-122.834338090104, 49.1961310697857], [-122.834338612842, 49.1959387866748], [-122.834339656896, 49.1955542294269], [-122.834340179583, 49.1953619561914], [-122.83434718377, 49.195361968936], [-122.835568072196, 49.1953647570081], [-122.835622951575, 49.1953647946472], [-122.835623046162, 49.1953524046331], [-122.835677922954, 49.1953528047537], [-122.836841403954, 49.1953612816644], [-122.836839760727, 49.1955307870797], [-122.836838064979, 49.195702068091], [-122.83683645159, 49.1958733438164], [-122.836836477024, 49.1960446308472], [-122.836834810087, 49.1962159055872], [-122.836833143138, 49.196387180322], [-122.836831476176, 49.1965584550517], [-122.836829809201, 49.1967297297762], [-122.836828417326, 49.1969008249781], [-122.835616119228, 49.1968922541953], [-122.835616066218, 49.1969012089548], [-122.834335999101, 49.1969002003661]]]}, "properties": {"PLAN_AREA": "City Centre", "PLAN_TYPE": "City Centre Plan", "PLAN_YEAR": 2025, "PLAN_STATUS": "Stage 2 Approved (See Surrey 2050 OCP)", "LAND_USE": "Park"}}, {"type": "Feature", "geometry": {"type": "Polygon", "coordinates": [[[-122.848566127763, 49.1959707874924], [-122.848559803415, 49.1959643178657], [-122.849050646488, 49.1959664653314], [-122.85053462314, 49.1959766160968], [-122.850618751428, 49.1959771908939], [-122.850671114575, 49.1959775482562], [-122.850666605056, 49.1967769964407], [-122.850663787758, 49.1972764674344], [-122.850660095052, 49.1972788626091], [-122.850627868783, 49.1972997665207], [-122.849815766899, 49.1972914982475], [-122.849064882273, 49.1972861539951], [-122.848996507805, 49.197240597815], [-122.848998833991, 49.1967046142344], [-122.848999261122, 49.1966184100055], [-122.848990762197, 49.1965809055274], [-122.848970436114, 49.1965067035939], [-122.848956980198, 49.1964693860298], [-122.848933961187, 49.1964055449672], [-122.8488752727, 49.1963060573781], [-122.848798942343, 49.1962088719519], [-122.848637668824, 49.1960439708996], [-122.848615471965, 49.1960212664193], [-122.848566127763, 49.1959707874924]]]}, "properties": {"PLAN_AREA": "City Centre", "PLAN_TYPE": "City Centre Plan", "PLAN_YEAR": 2025, "PLAN_STATUS": "Stage 2 Approved (See Surrey 2050 OCP)", "LAND_USE": "Park"}}, {"type": "Feature", "geometry": {"type": "Polygon", "coordinates": [[[-122.851074505149, 49.1974668015367], [-122.851090676553, 49.194595644896], [-122.853685671554, 49.194606555304], [-122.853703404101, 49.1974895408612], [-122.851752390676, 49.1974726498301], [-122.851074505149, 49.1974668015367]]]}, "properties": {"PLAN_AREA": "City Centre", "PLAN_TYPE": "City Centre Plan", "PLAN_YEAR": 2025, "PLAN_STATUS": "Stage 2 Approved (See Surrey 2050 OCP)", "LAND_USE": "Park"}}, {"type": "Feature", "geometry": {"type": "Polygon", "coordinates": [[[-122.859567782314, 49.2028947762983], [-122.85977479832, 49.2028949378592], [-122.859762698977, 49.2033880483608], [-122.859555682031, 49.2033879767307], [-122.859348665342, 49.2033878147769], [-122.859360767684, 49.2028946143679], [-122.859567782314, 49.2028947762983]]]}, "properties": {"PLAN_AREA": "City Centre", "PLAN_TYPE": "City Centre Plan", "PLAN_YEAR": 2025, "PLAN_STATUS": "Stage 2 Approved (See Surrey 2050 OCP)", "LAND_USE": "Low Rise"}}, {"type": "Feature", "geometry": {"type": "Polygon", "coordinates": [[[-122.838430544169, 49.2029518981584], [-122.838750929667, 49.2027799364837], [-122.838947366554, 49.2029369231518], [-122.839120159371, 49.2030750106991], [-122.838799698925, 49.2032470308548], [-122.838476098056, 49.2034207341437], [-122.838106949494, 49.2031255806409], [-122.838110112442, 49.2031238831627], [-122.838430544169, 49.2029518981584]]]}, "properties": {"PLAN_AREA": "City Centre", "PLAN_TYPE": "City Centre Plan", "PLAN_YEAR": 2025, "PLAN_STATUS": "Stage 2 Approved (See Surrey 2050 OCP)", "LAND_USE": "Low Rise"}}, {"type": "Feature", "geometry": {"type": "Polygon", "coordinates": [[[-122.844633190158, 49.2020612860978], [-122.845067560177, 49.2018280267158], [-122.845079650508, 49.2025780111961], [-122.845089628142, 49.2032116330977], [-122.845094815157, 49.2035410525542], [-122.84463968245, 49.203538316568], [-122.844217681662, 49.2035357665048], [-122.843966868168, 49.2035342558625], [-122.843716053318, 49.2035327446738], [-122.843465102577, 49.2035312327562], [-122.84321428776, 49.203529720478], [-122.84296347296, 49.2035282076551], [-122.842712659546, 49.2035266951889], [-122.842461846151, 49.2035251812787], [-122.841912673378, 49.2035219077515], [-122.842075005397, 49.2034347683353], [-122.842458112755, 49.2032294079143], [-122.842519995029, 49.2031962105798], [-122.842524175053, 49.2031936526174], [-122.84367367173, 49.2025765809809], [-122.844633190158, 49.2020612860978]]]}, "properties": {"PLAN_AREA": "City Centre", "PLAN_TYPE": "City Centre Plan", "PLAN_YEAR": 2025, "PLAN_STATUS": "Stage 2 Approved (See Surrey 2050 OCP)", "LAND_USE": "Low Rise"}}, {"type": "Feature", "geometry": {"type": "Polygon", "coordinates": [[[-122.845872487526, 49.1828696308972], [-122.845888093059, 49.1824063370693], [-122.845847269926, 49.1820281141538], [-122.845847092107, 49.1820089349594], [-122.845844424966, 49.1817220889996], [-122.845889387858, 49.1816844540479], [-122.846047019679, 49.1816579643277], [-122.846151485656, 49.1816432850519], [-122.846257398441, 49.1816340831087], [-122.84636409085, 49.1816304164645], [-122.847064335438, 49.1816275993255], [-122.847068707879, 49.1820032332886], [-122.847073045976, 49.1823757817813], [-122.84707447702, 49.1824987472182], [-122.84707604295, 49.182633160295], [-122.847078754219, 49.1828661457685], [-122.847010601619, 49.18291144147], [-122.845941229347, 49.1829155394568], [-122.845872487526, 49.1828696308972]]]}, "properties": {"PLAN_AREA": "City Centre", "PLAN_TYPE": "City Centre Plan", "PLAN_YEAR": 2025, "PLAN_STATUS": "Stage 2 Approved (See Surrey 2050 OCP)", "LAND_USE": "Commercial"}}, {"type": "Feature", "geometry": {"type": "Polygon", "coordinates": [[[-122.843334603027, 49.183688762061], [-122.843310959503, 49.1836391180192], [-122.843284058795, 49.1835901918777], [-122.843278695727, 49.1835811721747], [-122.843273222792, 49.1835721811074], [-122.843267638617, 49.1835632186739], [-122.843161418287, 49.1833935636923], [-122.843553627432, 49.1832883177185], [-122.843555078089, 49.1832368879577], [-122.843609765069, 49.1832375512193], [-122.843611146268, 49.1831885483047], [-122.843709701845, 49.1831897431697], [-122.843722639765, 49.1827298498782], [-122.843793050782, 49.1827587526971], [-122.843816608191, 49.1827590391255], [-122.843862551792, 49.1827101162494], [-122.843878309874, 49.1827076584382], [-122.845116647772, 49.1832073948226], [-122.845136038538, 49.1832540976176], [-122.845125783273, 49.1835238170645], [-122.845104161857, 49.1840923957099], [-122.845006934042, 49.1841509975971], [-122.844027032613, 49.1841392959567], [-122.843477215027, 49.1841326169832], [-122.843459820848, 49.1841276441753], [-122.843412123288, 49.1840951999121], [-122.843405550886, 49.1840845351288], [-122.843406308502, 49.1840331781989], [-122.843406346887, 49.1840301459241], [-122.843406374292, 49.1840271145338], [-122.843406390722, 49.1840240822291], [-122.843400852748, 49.1839282672207], [-122.843383667988, 49.1838330471998], [-122.843354942992, 49.1837390312901], [-122.843334603027, 49.183688762061]]]}, "properties": {"PLAN_AREA": "City Centre", "PLAN_TYPE": "City Centre Plan", "PLAN_YEAR": 2025, "PLAN_STATUS": "Stage 2 Approved (See Surrey 2050 OCP)", "LAND_USE": "Commercial"}}, {"type": "Feature", "geometry": {"type": "Polygon", "coordinates": [[[-122.847400953419, 49.1806572632451], [-122.847381540641, 49.1810327938655], [-122.847130155714, 49.1810336289807], [-122.846858463219, 49.1810347064822], [-122.846861755019, 49.1814127273215], [-122.846333068728, 49.1814149107768], [-122.846270422708, 49.1814168596563], [-122.84620793184, 49.1814203441745], [-122.846145683685, 49.1814253594489], [-122.846145602016, 49.1814253674359], [-122.846145525837, 49.1814253745307], [-122.84612192029, 49.1814276852881], [-122.84609836735, 49.1814302162489], [-122.84607487111, 49.1814329668985], [-122.846038155156, 49.1814377210849], [-122.846001611028, 49.181443011682], [-122.845965256276, 49.1814488360489], [-122.845941636867, 49.1814528056699], [-122.845865628863, 49.1814655783795], [-122.845827501972, 49.1814719852408], [-122.845828273072, 49.18143401875], [-122.845836992552, 49.181004433746], [-122.845841722001, 49.180771317771], [-122.845843684225, 49.1806745602319], [-122.845843773338, 49.1806728179537], [-122.845858413159, 49.1806634760454], [-122.847400953419, 49.1806572632451]]]}, "properties": {"PLAN_AREA": "City Centre", "PLAN_TYPE": "City Centre Plan", "PLAN_YEAR": 2025, "PLAN_STATUS": "Stage 2 Approved (See Surrey 2050 OCP)", "LAND_USE": "Commercial"}}, {"type": "Feature", "geometry": {"type": "Polygon", "coordinates": [[[-122.844626886456, 49.182470107156], [-122.843915279209, 49.1821992515398], [-122.84388084213, 49.1822381314112], [-122.843637537999, 49.1821455883626], [-122.843061691738, 49.1819265552256], [-122.843040356022, 49.1819506598197], [-122.842986968966, 49.1819303531391], [-122.843128668804, 49.1817702622882], [-122.84317200438, 49.1817245744572], [-122.843178306462, 49.181718509007], [-122.8431853566, 49.1817128083615], [-122.843193105895, 49.181707512061], [-122.843201500596, 49.1817026568412], [-122.843210482477, 49.1816982763783], [-122.843219989237, 49.1816944010556], [-122.843229954938, 49.1816910577528], [-122.843240310456, 49.1816882696593], [-122.843250983965, 49.1816860561136], [-122.843261901431, 49.181684432469], [-122.843292309785, 49.1816807757512], [-122.843310235492, 49.1816791527635], [-122.843328309762, 49.1816785733404], [-122.843346391503, 49.1816790420052], [-122.843364339565, 49.1816805550992], [-122.843382013842, 49.181683100811], [-122.843399276366, 49.1816866592682], [-122.843415992381, 49.1816912026928], [-122.843560355656, 49.1817320431615], [-122.843708176963, 49.1817671680459], [-122.843858930257, 49.181796452347], [-122.844097366758, 49.1818300891091], [-122.84433952551, 49.1818491339068], [-122.844583332983, 49.1818534236651], [-122.844826701525, 49.1818429216519], [-122.845067547245, 49.1818177177927], [-122.845133599064, 49.1818529664578], [-122.845126894082, 49.1821833372891], [-122.845117833105, 49.182629725882], [-122.845012509724, 49.1826688690151], [-122.844592448377, 49.1825089863367], [-122.844626886456, 49.182470107156]]]}, "properties": {"PLAN_AREA": "City Centre", "PLAN_TYPE": "City Centre Plan", "PLAN_YEAR": 2025, "PLAN_STATUS": "Stage 2 Approved (See Surrey 2050 OCP)", "LAND_USE": "Commercial"}}, {"type": "Feature", "geometry": {"type": "Polygon", "coordinates": [[[-122.845902609196, 49.1800717046784], [-122.845957355538, 49.1791307643694], [-122.847179102664, 49.1792612673795], [-122.847299767708, 49.1792607136582], [-122.847309764316, 49.1800660212084], [-122.847313919748, 49.1804008098412], [-122.847080549847, 49.1804017999955], [-122.845954293165, 49.1804061654739], [-122.845887982411, 49.1803614970042], [-122.845902609196, 49.1800717046784]]]}, "properties": {"PLAN_AREA": "City Centre", "PLAN_TYPE": "City Centre Plan", "PLAN_YEAR": 2025, "PLAN_STATUS": "Stage 2 Approved (See Surrey 2050 OCP)", "LAND_USE": "Commercial"}}, {"type": "Feature", "geometry": {"type": "Polygon", "coordinates": [[[-122.845986928094, 49.1786224851615], [-122.846024581548, 49.1781385706662], [-122.846019839506, 49.1781385976265], [-122.84604439409, 49.1776543327908], [-122.846046032444, 49.1776220102084], [-122.846052692374, 49.1774906645829], [-122.846063773254, 49.1772721059927], [-122.846071509472, 49.1772644279838], [-122.846094344035, 49.1772456581482], [-122.846119507997, 49.1772283315665], [-122.84614699834, 49.1772125363875], [-122.846176405907, 49.1771983629175], [-122.846207590469, 49.1771859018213], [-122.846210443135, 49.1771849719034], [-122.846605894554, 49.177186926298], [-122.846970704075, 49.1771887280967], [-122.846943578695, 49.1776500363409], [-122.847363471816, 49.1776480283972], [-122.847434947302, 49.1776476865689], [-122.847510331905, 49.1776473255706], [-122.847486995282, 49.1781314834786], [-122.847412215348, 49.1781317436134], [-122.847136960524, 49.1781332011596], [-122.846908633772, 49.1781343046832], [-122.846890091013, 49.1781343943419], [-122.846892977946, 49.1784034974336], [-122.846927280979, 49.1784033387116], [-122.846928529883, 49.1785198147543], [-122.846929585055, 49.1786181361391], [-122.847195170025, 49.1786168614912], [-122.847200356705, 49.1790812591512], [-122.847070119471, 49.1790673481783], [-122.845967895784, 49.1789496113569], [-122.845986928094, 49.1786224851615]]]}, "properties": {"PLAN_AREA": "City Centre", "PLAN_TYPE": "City Centre Plan", "PLAN_YEAR": 2025, "PLAN_STATUS": "Stage 2 Approved (See Surrey 2050 OCP)", "LAND_USE": "Commercial"}}, {"type": "Feature", "geometry": {"type": "Polygon", "coordinates": [[[-122.845285118787, 49.1793565672323], [-122.845244395247, 49.1800563348442], [-122.845231078008, 49.1803200909347], [-122.845224378072, 49.1803239562484], [-122.845208987278, 49.1803312218455], [-122.845160489261, 49.180350316905], [-122.84510939641, 49.1803663500486], [-122.845056389319, 49.1803793221861], [-122.84501368168, 49.1803869981729], [-122.843676700937, 49.1804016117858], [-122.843678451548, 49.1803694558177], [-122.843686087415, 49.1802292234152], [-122.843695703213, 49.1800528378201], [-122.843705320313, 49.1798764522206], [-122.843707799389, 49.1798299496675], [-122.84370825495, 49.1798299466859], [-122.843708263695, 49.1798297838821], [-122.843730441584, 49.1793634738554], [-122.843731291007, 49.1793455814728], [-122.844073228926, 49.1793439774206], [-122.844415027956, 49.1793424630219], [-122.845271383851, 49.1793389395521], [-122.845285587094, 49.1793485116325], [-122.845285118787, 49.1793565672323]]]}, "properties": {"PLAN_AREA": "City Centre", "PLAN_TYPE": "City Centre Plan", "PLAN_YEAR": 2025, "PLAN_STATUS": "Stage 2 Approved (See Surrey 2050 OCP)", "LAND_USE": "Commercial"}}, {"type": "Feature", "geometry": {"type": "Polygon", "coordinates": [[[-122.845328958041, 49.1786032553234], [-122.845297686836, 49.1791406212254], [-122.845296686505, 49.1791578072836], [-122.844212088581, 49.1791628889098], [-122.844213043988, 49.1791452719235], [-122.844255361218, 49.1783648400774], [-122.844262328843, 49.1783648089946], [-122.84430348969, 49.1783646270169], [-122.845347889514, 49.1783600034485], [-122.845328958041, 49.1786032553234]]]}, "properties": {"PLAN_AREA": "City Centre", "PLAN_TYPE": "City Centre Plan", "PLAN_YEAR": 2025, "PLAN_STATUS": "Stage 2 Approved (See Surrey 2050 OCP)", "LAND_USE": "Commercial"}}, {"type": "Feature", "geometry": {"type": "Polygon", "coordinates": [[[-122.844262660215, 49.1782298954962], [-122.844265539427, 49.1781759291223], [-122.844289456094, 49.1777281489096], [-122.84536821911, 49.1777233915813], [-122.845358879183, 49.1779075353382], [-122.845372575806, 49.1779078343324], [-122.845355119363, 49.1782520249442], [-122.844302379343, 49.1782566850089], [-122.844262660215, 49.1782298954962]]]}, "properties": {"PLAN_AREA": "City Centre", "PLAN_TYPE": "City Centre Plan", "PLAN_YEAR": 2025, "PLAN_STATUS": "Stage 2 Approved (See Surrey 2050 OCP)", "LAND_USE": "Commercial"}}, {"type": "Feature", "geometry": {"type": "Polygon", "coordinates": [[[-122.843057043414, 49.1790831860923], [-122.842937048113, 49.1791501560923], [-122.842252637139, 49.1791533116473], [-122.842186482148, 49.1791086970247], [-122.8422017551, 49.1788251802312], [-122.843120202041, 49.1788210028288], [-122.843116386044, 49.1788452752617], [-122.843111614505, 49.1788694749367], [-122.843105890611, 49.178893585689], [-122.843057043414, 49.1790831860923]]]}, "properties": {"PLAN_AREA": "City Centre", "PLAN_TYPE": "City Centre Plan", "PLAN_YEAR": 2025, "PLAN_STATUS": "Stage 2 Approved (See Surrey 2050 OCP)", "LAND_USE": "Commercial"}}, {"type": "Feature", "geometry": {"type": "Polygon", "coordinates": [[[-122.841783536735, 49.1951742571572], [-122.841784640102, 49.1951045953413], [-122.84220306095, 49.1951088153641], [-122.842201989616, 49.1951785159073], [-122.842199668958, 49.1953294244556], [-122.842197268337, 49.195485616739], [-122.842189899393, 49.1959648320945], [-122.842189406084, 49.1959969321013], [-122.84177059709, 49.1959915618993], [-122.841771105768, 49.1959594619152], [-122.84177868798, 49.1954804915494], [-122.841781152368, 49.1953249452251], [-122.841783536735, 49.1951742571572]]]}, "properties": {"PLAN_AREA": "City Centre", "PLAN_TYPE": "City Centre Plan", "PLAN_YEAR": 2025, "PLAN_STATUS": "Stage 2 Approved (See Surrey 2050 OCP)", "LAND_USE": "Low Rise"}}, {"type": "Feature", "geometry": {"type": "Polygon", "coordinates": [[[-122.861981620018, 49.1954221255669], [-122.862245023505, 49.1954196532837], [-122.862251160213, 49.1957790225114], [-122.862256695388, 49.196107896886], [-122.861993157993, 49.1961078512483], [-122.861687343308, 49.1961078443416], [-122.861402803717, 49.1961078621572], [-122.861117304692, 49.1961078772187], [-122.860848550355, 49.1961077327429], [-122.860583776524, 49.196107591547], [-122.860319002696, 49.1961074497443], [-122.860054228617, 49.1961073972874], [-122.859789454792, 49.1961072551701], [-122.859661942633, 49.1961071857594], [-122.859661938825, 49.1961065911645], [-122.859659134377, 49.1957889002544], [-122.859656402378, 49.1954431872103], [-122.859783792727, 49.1954420439115], [-122.860048570358, 49.1954395783056], [-122.860313210455, 49.1954372018796], [-122.860577850528, 49.1954348248472], [-122.860842627836, 49.1954324464742], [-122.861106581576, 49.1954300674034], [-122.861391397705, 49.1954274429089], [-122.861675802038, 49.1954248163193], [-122.861981620018, 49.1954221255669]]]}, "properties": {"PLAN_AREA": "City Centre", "PLAN_TYPE": "City Centre Plan", "PLAN_YEAR": 2025, "PLAN_STATUS": "Stage 2 Approved (See Surrey 2050 OCP)", "LAND_USE": "Low Rise"}}, {"type": "Feature", "geometry": {"type": "Polygon", "coordinates": [[[-122.859254375153, 49.1954467944632], [-122.859381904151, 49.1954456508771], [-122.859384621955, 49.1957898859807], [-122.859387420684, 49.1961070371721], [-122.859259907155, 49.1961069673158], [-122.85899513471, 49.1961068233794], [-122.858730360643, 49.1961067678876], [-122.858465586834, 49.196106621836], [-122.858200814397, 49.1961064760786], [-122.857936041966, 49.1961063288148], [-122.857671269539, 49.196106180944], [-122.857406496855, 49.196106122419], [-122.857141724432, 49.1961059733342], [-122.856877090641, 49.1961058247138], [-122.856682899496, 49.1961057143438], [-122.856679414377, 49.1954701083029], [-122.856872209865, 49.1954683180391], [-122.857136847507, 49.1954659488879], [-122.857401486497, 49.195463579132], [-122.857666262719, 49.1954612089389], [-122.857930901919, 49.1954587480171], [-122.858195678093, 49.1954563766103], [-122.858460318359, 49.1954540044299], [-122.858724958601, 49.1954516316432], [-122.858989736332, 49.1954491684647], [-122.859254375153, 49.1954467944632]]]}, "properties": {"PLAN_AREA": "City Centre", "PLAN_TYPE": "City Centre Plan", "PLAN_YEAR": 2025, "PLAN_STATUS": "Stage 2 Approved (See Surrey 2050 OCP)", "LAND_USE": "Low Rise"}}, {"type": "Feature", "geometry": {"type": "Polygon", "coordinates": [[[-122.853962345995, 49.1947268544155], [-122.853961561607, 49.1946077221537], [-122.854999310256, 49.1946121465378], [-122.855000567405, 49.1947305165824], [-122.855002401416, 49.1949032271526], [-122.855004232702, 49.1950759350154], [-122.855006068111, 49.1952486446773], [-122.855007900789, 49.195421353431], [-122.855009734849, 49.1955940630808], [-122.85501156755, 49.1957667718241], [-122.855013400263, 49.1959394805622], [-122.855015857355, 49.1961714161251], [-122.854493270724, 49.196167891234], [-122.85449256874, 49.1959374034172], [-122.853969756113, 49.19593503087], [-122.853968756926, 49.1957624985766], [-122.853967620753, 49.1955898761517], [-122.853966620471, 49.1954172538933], [-122.853965482938, 49.1952446314562], [-122.853964483775, 49.1950720991421], [-122.853963346254, 49.1948994766946], [-122.853962345995, 49.1947268544155]]]}, "properties": {"PLAN_AREA": "City Centre", "PLAN_TYPE": "City Centre Plan", "PLAN_YEAR": 2025, "PLAN_STATUS": "Stage 2 Approved (See Surrey 2050 OCP)", "LAND_USE": "Low Rise"}}, {"type": "Feature", "geometry": {"type": "Polygon", "coordinates": [[[-122.855289429194, 49.1959407613508], [-122.855287596407, 49.1957682190307], [-122.855810142834, 49.1957704512506], [-122.856264340627, 49.1957725402963], [-122.856266569938, 49.1961798436963], [-122.85581449322, 49.1961768002072], [-122.855291895492, 49.1961732771167], [-122.855289429194, 49.1959407613508]]]}, "properties": {"PLAN_AREA": "City Centre", "PLAN_TYPE": "City Centre Plan", "PLAN_YEAR": 2025, "PLAN_STATUS": "Stage 2 Approved (See Surrey 2050 OCP)", "LAND_USE": "Low Rise"}}, {"type": "Feature", "geometry": {"type": "Polygon", "coordinates": [[[-122.859677204813, 49.1969222255417], [-122.859670085875, 49.1965148668538], [-122.859666017495, 49.1965148619107], [-122.859663218153, 49.1962870477041], [-122.859790729526, 49.1962870730354], [-122.860055504563, 49.1962871260972], [-122.860320278231, 49.1962871776509], [-122.860585054644, 49.1962872295004], [-122.860849691054, 49.1962872805743], [-122.861118446616, 49.1962873350955], [-122.861403810787, 49.1962873198691], [-122.861689037703, 49.1962873028738], [-122.861973439695, 49.1962872832887], [-122.862257705797, 49.1962872646403], [-122.862262311716, 49.1966048037832], [-122.86226705495, 49.1969223430721], [-122.861982511805, 49.1969224531658], [-122.861697965916, 49.1969225616556], [-122.861416029607, 49.1969225835219], [-122.861134093556, 49.1969225129483], [-122.860868354293, 49.1969224620981], [-122.860602753665, 49.1969224108038], [-122.860337014408, 49.1969223578316], [-122.86007127515, 49.1969223051475], [-122.859805673158, 49.1969222511191], [-122.859677204813, 49.1969222255417]]]}, "properties": {"PLAN_AREA": "City Centre", "PLAN_TYPE": "City Centre Plan", "PLAN_YEAR": 2025, "PLAN_STATUS": "Stage 2 Approved (See Surrey 2050 OCP)", "LAND_USE": "Low Rise"}}, {"type": "Feature", "geometry": {"type": "Polygon", "coordinates": [[[-122.856687424818, 49.1969214851255], [-122.856683895005, 49.1962865888497], [-122.856878350591, 49.1962866320807], [-122.857143124235, 49.1962866918173], [-122.857407897881, 49.1962867509469], [-122.857672671789, 49.1962867186172], [-122.857937445438, 49.1962867765328], [-122.858202219089, 49.1962868338415], [-122.858466855483, 49.1962868903751], [-122.858731629141, 49.1962869455706], [-122.858996405543, 49.196287001062], [-122.859261179201, 49.1962870559431], [-122.859388694814, 49.1962870385459], [-122.859388699678, 49.1962877437844], [-122.859393694739, 49.1966944369663], [-122.859398685523, 49.1966944430419], [-122.859402662995, 49.1969221687201], [-122.859274331916, 49.1969221419622], [-122.859008594041, 49.1969220859353], [-122.858742854792, 49.1969220301948], [-122.858477115548, 49.1969219729434], [-122.85821151494, 49.1969219152507], [-122.85794577707, 49.196921857678], [-122.857680176466, 49.1969217987635], [-122.857414438599, 49.1969217399683], [-122.857148837999, 49.196921679832], [-122.856883101769, 49.1969215298632], [-122.856687424818, 49.1969214851255]]]}, "properties": {"PLAN_AREA": "City Centre", "PLAN_TYPE": "City Centre Plan", "PLAN_YEAR": 2025, "PLAN_STATUS": "Stage 2 Approved (See Surrey 2050 OCP)", "LAND_USE": "Low Rise"}}, {"type": "Feature", "geometry": {"type": "Polygon", "coordinates": [[[-122.837103908918, 49.1968561500301], [-122.837108839335, 49.1963629259122], [-122.837110706211, 49.1962228544032], [-122.837111031914, 49.1961984892531], [-122.837111199375, 49.1961830220453], [-122.837112812706, 49.1960340511091], [-122.837114805971, 49.1958696933182], [-122.837116486351, 49.1957053116936], [-122.83711648817, 49.1957051758669], [-122.837117456622, 49.1956104655532], [-122.837117812341, 49.1955757027572], [-122.837159246934, 49.1955487545467], [-122.837656106091, 49.1955490618083], [-122.838153475858, 49.1955493667484], [-122.838194308401, 49.1955763658303], [-122.83819388618, 49.1956111285362], [-122.838192732869, 49.1957059132603], [-122.838190734995, 49.1958702566742], [-122.838188361827, 49.1960347722676], [-122.83818650467, 49.1961837401775], [-122.838186309793, 49.1961992991006], [-122.838186054847, 49.1962248571314], [-122.838184670111, 49.1963636457007], [-122.838173800221, 49.1963717262543], [-122.838163887716, 49.1963804378204], [-122.838155073183, 49.1963896015895], [-122.838147629483, 49.1963993060982], [-122.838141419939, 49.1964093721486], [-122.838136581813, 49.1964197999332], [-122.838133252951, 49.196430409739], [-122.838131157754, 49.1964411121264], [-122.838130573198, 49.1964519956376], [-122.838131360156, 49.1964627920174], [-122.838133521084, 49.1964735894231], [-122.838137192749, 49.1964841190867], [-122.838142237596, 49.1964944716676], [-122.838148518955, 49.1965044661686], [-122.838156172717, 49.1965141018802], [-122.83816506466, 49.1965232895605], [-122.838175056441, 49.1965319399617], [-122.83818628562, 49.1965399615242], [-122.838198476593, 49.1965472657073], [-122.838211494557, 49.1965539404761], [-122.83822533872, 49.1965598077218], [-122.838240007423, 49.1965649555961], [-122.838255229767, 49.1965691147592], [-122.838271003496, 49.1965725559668], [-122.838287054975, 49.196575007177], [-122.838303521165, 49.1965765603337], [-122.838319990584, 49.1965771231085], [-122.838336737455, 49.1965767867378], [-122.838353349997, 49.1965755506453], [-122.838369689867, 49.1965733255838], [-122.838385759815, 49.1965701097582], [-122.83840128336, 49.1965660835875], [-122.838416262166, 49.1965611571213], [-122.838430555934, 49.1965554201165], [-122.838443891517, 49.1965488721914], [-122.838456405882, 49.196541603491], [-122.838467961769, 49.1965336138236], [-122.838478284366, 49.1965249927582], [-122.838487510639, 49.19651583044], [-122.838495503039, 49.1965062157305], [-122.838502124302, 49.196496150237], [-122.83850737551, 49.1964857230148], [-122.838511253626, 49.1964750240132], [-122.83851362218, 49.1964642329476], [-122.838514620098, 49.1964532591597], [-122.838514244046, 49.1964422843503], [-122.838512357851, 49.1964313964831], [-122.838508961214, 49.1964206873097], [-122.838504192773, 49.1964101561244], [-122.838498049199, 49.196399981929], [-122.838490531863, 49.1963901656248], [-122.838481777729, 49.1963807982558], [-122.83847178788, 49.1963719688768], [-122.838460696541, 49.1963637667288], [-122.838462076835, 49.1962252615027], [-122.838462336482, 49.1961990594134], [-122.83846252735, 49.1961838620959], [-122.838464388678, 49.1960346234288], [-122.838466301935, 49.1958702771982], [-122.838468352438, 49.1957059302554], [-122.838470136143, 49.1955526975469], [-122.839009777233, 49.1955534078286], [-122.839536208725, 49.1955540990362], [-122.839535263141, 49.1957068147941], [-122.839534244234, 49.1958711631879], [-122.839533225042, 49.196035597032], [-122.839532301456, 49.196184476306], [-122.839532206127, 49.1961999427178], [-122.839532048241, 49.1962254127321], [-122.839532017614, 49.1962263940783], [-122.839527789727, 49.1963643799283], [-122.83951268107, 49.1968575009448], [-122.839509680814, 49.1969554152625], [-122.839503026451, 49.19717259336], [-122.839500322336, 49.1972608453184], [-122.838311317367, 49.1972600558723], [-122.837099879733, 49.1972592387405], [-122.837103908918, 49.1968561500301]]]}, "properties": {"PLAN_AREA": "City Centre", "PLAN_TYPE": "City Centre Plan", "PLAN_YEAR": 2025, "PLAN_STATUS": "Stage 2 Approved (See Surrey 2050 OCP)", "LAND_USE": "Low Rise"}}, {"type": "Feature", "geometry": {"type": "Polygon", "coordinates": [[[-122.839861446067, 49.1962280251918], [-122.839861946982, 49.1961472668501], [-122.840318304367, 49.1961530620005], [-122.840321628645, 49.1961531061759], [-122.840323461056, 49.196276337324], [-122.840325714499, 49.1964278251329], [-122.840327967088, 49.1965795818966], [-122.840325553999, 49.1967309723935], [-122.840323003342, 49.1968824535489], [-122.840320589931, 49.1970339339904], [-122.840317665682, 49.1972161785921], [-122.840314741702, 49.1973983323357], [-122.83982579386, 49.1973920188308], [-122.839831374442, 49.1972098166101], [-122.839836956381, 49.1970276062895], [-122.839841594809, 49.1968761541296], [-122.839846231565, 49.1967247856197], [-122.839850869914, 49.1965733397482], [-122.839855508309, 49.1964218704847], [-122.839860147981, 49.1962704219081], [-122.839861446067, 49.1962280251918]]]}, "properties": {"PLAN_AREA": "City Centre", "PLAN_TYPE": "City Centre Plan", "PLAN_YEAR": 2025, "PLAN_STATUS": "Stage 2 Approved (See Surrey 2050 OCP)", "LAND_USE": "Low Rise"}}, {"type": "Feature", "geometry": {"type": "Polygon", "coordinates": [[[-122.840407048888, 49.196277354185], [-122.840405217358, 49.1961542111936], [-122.840903416668, 49.1961605349953], [-122.840906032723, 49.1961605682834], [-122.840904184187, 49.1962837133933], [-122.840901909844, 49.1964351940537], [-122.840899635705, 49.1965870345229], [-122.840897087103, 49.1967384239448], [-122.840894676538, 49.1968899943585], [-122.840892264873, 49.1970414748136], [-122.840889205751, 49.1972236292899], [-122.840886284956, 49.1974058721049], [-122.840398332514, 49.1973994373604], [-122.840401254811, 49.197217284512], [-122.840404316014, 49.1970350400976], [-122.840406729169, 49.1968835596541], [-122.84040914368, 49.1967320792084], [-122.840411555141, 49.1965806887076], [-122.840409302299, 49.1964289310458], [-122.840407048888, 49.196277354185]]]}, "properties": {"PLAN_AREA": "City Centre", "PLAN_TYPE": "City Centre Plan", "PLAN_YEAR": 2025, "PLAN_STATUS": "Stage 2 Approved (See Surrey 2050 OCP)", "LAND_USE": "Low Rise"}}, {"type": "Feature", "geometry": {"type": "Polygon", "coordinates": [[[-122.841181986275, 49.1961946742031], [-122.841223572665, 49.1961682302835], [-122.841642912785, 49.1961736409769], [-122.841683639061, 49.1962011460115], [-122.841674971329, 49.1967485295821], [-122.841672572895, 49.1969000541515], [-122.841670173069, 49.1970515796145], [-122.841667219568, 49.1972337909253], [-122.84166426795, 49.1974158349201], [-122.841162830844, 49.1974093300471], [-122.841165589491, 49.1972272543154], [-122.841168348156, 49.1970451659845], [-122.841170778428, 49.1968936126875], [-122.841173208687, 49.1967420584871], [-122.841181986275, 49.1961946742031]]]}, "properties": {"PLAN_AREA": "City Centre", "PLAN_TYPE": "City Centre Plan", "PLAN_YEAR": 2025, "PLAN_STATUS": "Stage 2 Approved (See Surrey 2050 OCP)", "LAND_USE": "Low Rise"}}, {"type": "Feature", "geometry": {"type": "Polygon", "coordinates": [[[-122.841765797791, 49.1962947172192], [-122.841767690105, 49.1961752503405], [-122.842186581529, 49.1961806530481], [-122.842184745425, 49.1963000264587], [-122.842182415979, 49.1964515043686], [-122.842180076087, 49.1966036722008], [-122.842177749704, 49.196755040364], [-122.842175416809, 49.1969067251493], [-122.842173090676, 49.1970580051507], [-122.842170286804, 49.1972403615026], [-122.842167488163, 49.1974223607418], [-122.841747895945, 49.1974169201288], [-122.84175084719, 49.1972348968208], [-122.841753800501, 49.1970526486269], [-122.841756196881, 49.1969012625849], [-122.841758594916, 49.1967497829899], [-122.841760994601, 49.1965982116409], [-122.841763401181, 49.1964461950292], [-122.841765797791, 49.1962947172192]]]}, "properties": {"PLAN_AREA": "City Centre", "PLAN_TYPE": "City Centre Plan", "PLAN_YEAR": 2025, "PLAN_STATUS": "Stage 2 Approved (See Surrey 2050 OCP)", "LAND_USE": "Low Rise"}}, {"type": "Feature", "geometry": {"type": "Polygon", "coordinates": [[[-122.858305019938, 49.1971026576731], [-122.858588055598, 49.1971025565924], [-122.858871088958, 49.1971032634938], [-122.859154126412, 49.1971025313563], [-122.859299879201, 49.1971025704768], [-122.859309110218, 49.1974741807533], [-122.859310472739, 49.1975290421194], [-122.85931050967, 49.1975305398838], [-122.859319571331, 49.1979009355585], [-122.859153641724, 49.1979006838584], [-122.858890233109, 49.1979002714883], [-122.858607469216, 49.1978997448714], [-122.858324705076, 49.1978993066155], [-122.858261975865, 49.1978991396992], [-122.85801064647, 49.1978987392463], [-122.857759317076, 49.1978983400456], [-122.856692844729, 49.197896583652], [-122.856688429785, 49.1971024207856], [-122.857738952734, 49.1971028586585], [-122.858039692371, 49.1971027798269], [-122.858305019938, 49.1971026576731]]]}, "properties": {"PLAN_AREA": "City Centre", "PLAN_TYPE": "City Centre Plan", "PLAN_YEAR": 2025, "PLAN_STATUS": "Stage 2 Approved (See Surrey 2050 OCP)", "LAND_USE": "Low Rise"}}]}