{"type": "FeatureCollection", "features": [{"type": "Feature", "id": 46, "geometry": {"type": "Polygon", "coordinates": [[[-122.8467607766, 49.1935493399051], [-122.846756048058, 49.1938782051627], [-122.846233537928, 49.1938743569402], [-122.846238407737, 49.1935453137834], [-122.8467607766, 49.1935493399051]]]}, "properties": {"OBJECTID": 46, "PROJECT_NO": "17-0422-00", "DESCRIPTION": "Temporary Use Permit to permit automotive service uses of vehicles less than 5 000 kilograms (11 023 lbs.) G.V.W. not to exceed 3 years.\r\n", "STATUS": "Conditional Approval", "WEBLINK": "https://citizenportal.surrey.ca/citizenportal/integration/publicProjectForward.html?year=17 seq=0422", "APPLICATION_DOCUMENTS_WEBLINK": "https://cosmos.surrey.ca/geo_ref/Images/DevelopmentApplicationDocuments/PLR_7917-0422-00.pdf", "assign_lon": -122.846497, "assign_lat": 49.193712, "pilot_area": "city_centre"}}, {"type": "Feature", "id": 207, "geometry": {"type": "Polygon", "coordinates": [[[-122.852180335427, 49.1915457938074], [-122.852183729448, 49.1913961106064], [-122.85218754177, 49.1912276331116], [-122.852191366424, 49.1910591529289], [-122.852195185559, 49.1908906736336], [-122.852198750768, 49.1907221931088], [-122.852202820731, 49.1905538058767], [-122.85220664146, 49.1903852249212], [-122.852624375139, 49.1903868201714], [-122.852623688492, 49.1904174591645], [-122.852726650489, 49.1904246437359], [-122.852828313782, 49.1904375188011], [-122.852927945793, 49.1904559943767], [-122.853024833282, 49.1904799364296], [-122.853118275474, 49.1905091722647], [-122.853207603263, 49.1905434923482], [-122.853187267851, 49.1905764253628], [-122.853167153593, 49.1905763584139], [-122.85315591063, 49.1910766801389], [-122.853145544489, 49.1915371077854], [-122.852598652602, 49.1915353667476], [-122.852598391208, 49.1915471259974], [-122.852180335427, 49.1915457938074]]]}, "properties": {"OBJECTID": 207, "PROJECT_NO": "19-0234-00", "DESCRIPTION": "Rezoning from RF to CD (based on RM-135); Development Permit to permit the development of a 43-storey residential apartment building in City Centre.", "STATUS": "Conditional Approval", "WEBLINK": "https://citizenportal.surrey.ca/citizenportal/integration/publicProjectForward.html?year=19 seq=0234", "APPLICATION_DOCUMENTS_WEBLINK": "https://cosmos.surrey.ca/geo_ref/Images/DevelopmentApplicationDocuments/PLR_7919-0234-00.pdf", "assign_lon": -122.852676, "assign_lat": 49.190975, "pilot_area": "city_centre"}}, {"type": "Feature", "id": 397, "geometry": {"type": "Polygon", "coordinates": [[[-122.856627327069, 49.1940077057174], [-122.856626327503, 49.1938321149836], [-122.857210607689, 49.1938343725161], [-122.857208725638, 49.194009960581], [-122.856627327069, 49.1940077057174]]]}, "properties": {"OBJECTID": 397, "PROJECT_NO": "15-0101-00", "DESCRIPTION": "Rezoning from Urban Residential Zone (R3) to Compact Residential Zone (R5); Subdivision from one (1) lot into two (2) single-family lots.", "STATUS": "Conditional Approval", "WEBLINK": "https://citizenportal.surrey.ca/citizenportal/integration/publicProjectForward.html?year=15 seq=0101", "APPLICATION_DOCUMENTS_WEBLINK": "https://cosmos.surrey.ca/geo_ref/Images/DevelopmentApplicationDocuments/PLR_7915-0101-00.pdf", "assign_lon": -122.856918, "assign_lat": 49.193921, "pilot_area": "city_centre"}}, {"type": "Feature", "id": 489, "geometry": {"type": "Polygon", "coordinates": [[[-122.846463732264, 49.1979247532892], [-122.846958560045, 49.1979282903187], [-122.846986424004, 49.1979285071427], [-122.847191985864, 49.1987477186929], [-122.847143872683, 49.1987699633976], [-122.846217756769, 49.1987613542751], [-122.846169776469, 49.1987410509332], [-122.846073905175, 49.1985836833788], [-122.845922858621, 49.1983809957351], [-122.845857390525, 49.1982460677692], [-122.845797693982, 49.1981100671317], [-122.845743627559, 49.1979729954418], [-122.846477155704, 49.1979782932365], [-122.846463732264, 49.1979247532892]]]}, "properties": {"OBJECTID": 489, "PROJECT_NO": "19-0367-00", "DESCRIPTION": "OCP Amendment of Figure 16: Central Business District Densities from 3.5 FAR to 7.5 FAR; City Centre Plan Amendment from Mixed Use 3.5 FAR to Mixed Use 7.5 FAR; Rezoning from CD (Bylaw No. 9608) to CD General Development Permit\r\nto permit the development of a mixed-use high-rise building", "STATUS": "Conditional Approval", "WEBLINK": "https://citizenportal.surrey.ca/citizenportal/integration/publicProjectForward.html?year=19 seq=0367", "APPLICATION_DOCUMENTS_WEBLINK": "https://cosmos.surrey.ca/geo_ref/Images/DevelopmentApplicationDocuments/PLR_7919-0367-00.pdf", "assign_lon": -122.846487, "assign_lat": 49.198314, "pilot_area": "city_centre"}}, {"type": "Feature", "id": 706, "geometry": {"type": "Polygon", "coordinates": [[[-122.840360655286, 49.1935693750147], [-122.84035533265, 49.1938564136708], [-122.839853283783, 49.1938512065715], [-122.839858722186, 49.193571723266], [-122.839872613043, 49.193562927113], [-122.840360655286, 49.1935693750147]]]}, "properties": {"OBJECTID": 706, "PROJECT_NO": "18-0096-00", "DESCRIPTION": "Rezoning from RF to CD (based on RM-70); Development Permit to permit the development of a 6-storey apartment building consisting of approximately 28 dwelling units.\r\n", "STATUS": "Conditional Approval", "WEBLINK": "https://citizenportal.surrey.ca/citizenportal/integration/publicProjectForward.html?year=18 seq=0096", "APPLICATION_DOCUMENTS_WEBLINK": "https://cosmos.surrey.ca/geo_ref/Images/DevelopmentApplicationDocuments/PLR_7918-0096-00.pdf", "assign_lon": -122.840107, "assign_lat": 49.193711, "pilot_area": "city_centre"}}, {"type": "Feature", "id": 737, "geometry": {"type": "Polygon", "coordinates": [[[-122.847544388275, 49.1883951882365], [-122.847544536761, 49.1888337150784], [-122.846597871523, 49.1888302019386], [-122.846361960325, 49.1888293450345], [-122.846377329819, 49.1883909287828], [-122.846697639271, 49.1883920785212], [-122.847544388275, 49.1883951882365]]]}, "properties": {"OBJECTID": 737, "PROJECT_NO": "20-0071-00", "DESCRIPTION": "Rezoning from Community Commercial Zone (C-8) to Comprehensive Development Zone (CD); Subdivision from one (1) lot into two (2) lots; Housing Agreement; Official Community Plan (OCP) Amendment to allow a reduction of non residential floor space in the Central Business District (CBD) designation; Development Permit to permit the development of a mixed-use  high-rise tower consisting 284 market rental residential dwelling units and approximately 3755.33 sq. m. of commercial space located in City Centre.", "STATUS": "Conditional Approval", "WEBLINK": "https://citizenportal.surrey.ca/citizenportal/integration/publicProjectForward.html?year=20 seq=0071", "APPLICATION_DOCUMENTS_WEBLINK": "https://cosmos.surrey.ca/geo_ref/Images/DevelopmentApplicationDocuments/PLR_7920-0071-00.pdf", "assign_lon": -122.846957, "assign_lat": 49.188612, "pilot_area": "city_centre"}}, {"type": "Feature", "id": 740, "geometry": {"type": "Polygon", "coordinates": [[[-122.845509163944, 49.2015306325396], [-122.845563377388, 49.2014465080766], [-122.845629383565, 49.2013659965721], [-122.845724145947, 49.2013520014548], [-122.845804060369, 49.2013893496373], [-122.845880120357, 49.2014302007904], [-122.845951640668, 49.2014741941956], [-122.845953969567, 49.2014757265038], [-122.845985745908, 49.20145489977], [-122.846134932692, 49.2015530601875], [-122.846282474753, 49.2016501387849], [-122.846429881211, 49.2017473069647], [-122.846577837069, 49.2018445647379], [-122.846544686567, 49.2018662902375], [-122.8461091816, 49.2021506838721], [-122.845961363845, 49.202053603795], [-122.845813683125, 49.2019563456029], [-122.845665865429, 49.20185917699], [-122.84551818587, 49.2017619175183], [-122.845438051185, 49.2017070271001], [-122.845467297085, 49.2016177410469], [-122.845509163944, 49.2015306325396]]]}, "properties": {"OBJECTID": 740, "PROJECT_NO": "20-0076-00", "DESCRIPTION": "Rezoning from RF and C-8 to CD; Development Permit to permit the development of a 6-storey residential apartment building.", "STATUS": "Conditional Approval", "WEBLINK": "https://citizenportal.surrey.ca/citizenportal/integration/publicProjectForward.html?year=20 seq=0076", "APPLICATION_DOCUMENTS_WEBLINK": "https://cosmos.surrey.ca/geo_ref/Images/DevelopmentApplicationDocuments/PLR_7920-0076-00.pdf", "assign_lon": -122.845974, "assign_lat": 49.201755, "pilot_area": "city_centre"}}, {"type": "Feature", "id": 978, "geometry": {"type": "Polygon", "coordinates": [[[-122.849394479224, 49.2031670931373], [-122.849303897243, 49.2031594198347], [-122.849214838197, 49.2031466202269], [-122.849127717786, 49.2031287857128], [-122.849043359156, 49.2031060972787], [-122.848962169496, 49.2030787353691], [-122.848885113614, 49.2030467903063], [-122.849279068976, 49.2027894978581], [-122.849624607356, 49.2030168997532], [-122.849394479224, 49.2031670931373]]]}, "properties": {"OBJECTID": 978, "PROJECT_NO": "18-0215-00", "DESCRIPTION": "Rezoning from Urban Residential Zone (R3) to Comprehensive Development Zone (CD) (based on Multiple Residential 70 Zone (RM-70); Development Permit to permit the development of a 6-storey apartment building with 39 residential units.", "STATUS": "Conditional Approval", "WEBLINK": "https://citizenportal.surrey.ca/citizenportal/integration/publicProjectForward.html?year=18 seq=0215", "APPLICATION_DOCUMENTS_WEBLINK": "https://cosmos.surrey.ca/geo_ref/Images/DevelopmentApplicationDocuments/PLR_7918-0215-00.pdf", "assign_lon": -122.849278, "assign_lat": 49.202903, "pilot_area": "city_centre"}}, {"type": "Feature", "id": 1119, "geometry": {"type": "Polygon", "coordinates": [[[-122.843112031126, 49.1873630887074], [-122.841343686132, 49.1873458891793], [-122.841361289907, 49.1861888369454], [-122.843111054727, 49.186209607316], [-122.843112031126, 49.1873630887074]]]}, "properties": {"OBJECTID": 1119, "PROJECT_NO": "18-0289-00", "DESCRIPTION": "OCP Amendment of Figure 16: Central Business District Densities from 3.5 FAR to 5.5 FAR; CCP Amendment from Residential Mid to High Rise 3.5 FAR to Mixed-Use 5.5 FAR; Subdivision from one (1) lot to three (3) lots  Rezoning from RM-45 to CD (based on RM-135 and C-8) Development Permit  and Housing Agreement to permit the development of a mixed-use project  consisting of three high-rise residential towers (23-storey  32-storey and 39-storey)  two 13-storey mid-rise market rental residential towers  one 6-storey apartment building and ground-level retail/commercial space including a café and daycare.", "STATUS": "Conditional Approval", "WEBLINK": "https://citizenportal.surrey.ca/citizenportal/integration/publicProjectForward.html?year=18 seq=0289", "APPLICATION_DOCUMENTS_WEBLINK": "https://cosmos.surrey.ca/geo_ref/Images/DevelopmentApplicationDocuments/PLR_7918-0289-00.pdf", "assign_lon": -122.842232, "assign_lat": 49.186778, "pilot_area": "city_centre"}}, {"type": "Feature", "id": 1135, "geometry": {"type": "Polygon", "coordinates": [[[-122.848993822176, 49.1980073474968], [-122.848996469454, 49.197500282537], [-122.849847757303, 49.1975077826492], [-122.850696433589, 49.1975151831578], [-122.850690895518, 49.1983951018492], [-122.850427626526, 49.1983926005397], [-122.850135120677, 49.198389881691], [-122.849842477327, 49.1983872509764], [-122.849844980646, 49.1980151173161], [-122.848993822176, 49.1980073474968]]]}, "properties": {"OBJECTID": 1135, "PROJECT_NO": "20-0220-00", "DESCRIPTION": "OCP Amendment to Figure 16: Downtown Densities from 5.5 FAR to 7.5 FAR; City Centre Amendment from High Rise Residential Type I to High Rise Mixed-Use Type II; Rezoning from CD to CD; Development Permit to permit a two-phased development consisting of two mixed-use towers of 50 and 46-storeys  1 180 residential dwelling units and ground floor commercial space.", "STATUS": "Conditional Approval", "WEBLINK": "https://citizenportal.surrey.ca/citizenportal/integration/publicProjectForward.html?year=20 seq=0220", "APPLICATION_DOCUMENTS_WEBLINK": "https://cosmos.surrey.ca/geo_ref/Images/DevelopmentApplicationDocuments/PLR_7920-0220-00.pdf", "assign_lon": -122.849845, "assign_lat": 49.197761, "pilot_area": "city_centre"}}, {"type": "Feature", "id": 1268, "geometry": {"type": "Polygon", "coordinates": [[[-122.847235386259, 49.197807489947], [-122.847188467088, 49.1976211340707], [-122.847940383687, 49.1976268067147], [-122.847963420502, 49.1978131308494], [-122.848691454918, 49.1978187680624], [-122.8486904721, 49.1980050596761], [-122.848689490915, 49.1981912631318], [-122.848009356006, 49.1981857798044], [-122.847329083992, 49.1981802922907], [-122.847282165492, 49.1979939364657], [-122.847235386259, 49.197807489947]]]}, "properties": {"OBJECTID": 1268, "PROJECT_NO": "20-0284-00", "DESCRIPTION": "OCP Amendment of Figure 16: Central Business District Densities from 3.5 FAR to 7.5 FAR; Rezoning from C-8 and C-15 to CD; City Centre Plan Amendment Residential Mid-High Rise 3.5 FAR to Mixed-Use Residential 7.5 FAR; Development Permit to permit the development of a 48-storey mixed-use building in City Centre  including 6 690 square metres of office and commercial floor space within the four-storey podium and 593 market residential dwelling units above.", "STATUS": "Conditional Approval", "WEBLINK": "https://citizenportal.surrey.ca/citizenportal/integration/publicProjectForward.html?year=20 seq=0284", "APPLICATION_DOCUMENTS_WEBLINK": "https://cosmos.surrey.ca/geo_ref/Images/DevelopmentApplicationDocuments/PLR_7920-0284-00.pdf", "assign_lon": -122.847976, "assign_lat": 49.197906, "pilot_area": "city_centre"}}, {"type": "Feature", "id": 1380, "geometry": {"type": "Polygon", "coordinates": [[[-122.851257788484, 49.2013427475659], [-122.851254223919, 49.201328415252], [-122.851248912088, 49.2013144656868], [-122.851241677629, 49.2013007835043], [-122.851232518361, 49.2012876385605], [-122.851221711306, 49.2012751211648], [-122.851209255097, 49.2012632304155], [-122.851195149188, 49.2012521480165], [-122.851179668127, 49.2012418734216], [-122.851162811379, 49.2012325856359], [-122.851144716209, 49.2012242866349], [-122.851125656627, 49.2012171557778], [-122.8511056329, 49.2012111031114], [-122.85108491793, 49.2012062189401], [-122.851063514192, 49.2012025932198], [-122.851041832129, 49.2012002264794], [-122.85101987147, 49.2011992086716], [-122.850997907299, 49.2011993602449], [-122.850975939073, 49.2012008611047], [-122.850954378882, 49.2012036209302], [-122.850933226719, 49.2012076415206], [-122.850912618485, 49.2012129221522], [-122.850909321506, 49.201213727474], [-122.850906025067, 49.2012143528903], [-122.850902591897, 49.2012147982238], [-122.850899021994, 49.2012150634746], [-122.850895589906, 49.2012151489971], [-122.850892021085, 49.2012150544369], [-122.850888590348, 49.2012146901956], [-122.850885159882, 49.2012142360015], [-122.850881730227, 49.2012135119492], [-122.850878575659, 49.2012126083458], [-122.850875421632, 49.2012115248369], [-122.85079425793, 49.2011775976653], [-122.85071804886, 49.2011389983816], [-122.850647480812, 49.2010961776481], [-122.850457461251, 49.2009703555018], [-122.85045787141, 49.2009253786001], [-122.851240886016, 49.2004177923808], [-122.85130952074, 49.2004180615646], [-122.851771215484, 49.2007239602321], [-122.851840666187, 49.2007733454223], [-122.851904752932, 49.2008257811975], [-122.851962839987, 49.2008813189244], [-122.851257788484, 49.2013427475659]]]}, "properties": {"OBJECTID": 1380, "PROJECT_NO": "18-0388-00", "DESCRIPTION": "Rezoning from CD (Bylaw No. 10464) to CD (based on RM-135); Development Permit to permit the development of two residential high-rise buildings with ground floor retail and a child care centre in City Centre.\r\n\r\n\r\n\r\n\r\n\r\n\r\n\r\n\r\n\r\n\r\n\r\n\r\n\r\n\r\n\r\n\r\n\r\n\r\n\r\n\r\n\r\n\r\n\r\n\r\n\r\n\r\n\r\n\r\n\r\n\r\n\r\n\r\n\r\n\r\n\r\n\r\n\r\n\r\n\r\n\r\n\r\n\r\n\r\n\r\n\r\n\r\n\r\n\r\n\r\n\r\n\r\n\r\n\r\n\r\n\r\n\r\n\r\n\r\n\r\n\r\n\r\n\r\n\r\n\r\n\r\n\r\n\r\n\r\n\r\n\r\n\r\n\r\n\r\n\r\n\r\n\r\n\r\n\r\n\r\n\r\n\r\n\r\n\r\n\r\n\r\n\r\n\r\n\r\n\r\n\r\n\r\n\r\n\r\n\r\n\r\n\r\n\r\n\r\n\r\n\r\n\r\n\r\n\r\n\r\n\r\n\r\n\r\n\r\n\r\n\r\n\r\n\r\n\r\n\r\n\r\n\r\n\r\n\r\n\r\n\r\n\r\n\r\n\r\n\r\n\r\n\r\n\r\n\r\n\r\n\r\n\r\n\r\n\r\n\r\n\r\n\r\n\r\n\r\n\r\n\r\n\r\n\r\n\r\n\r\n\r\n\r\n\r\n\r\n\r\n\r\n\r\n\r\n\r\n\r\n\r\n\r\n\r\n\r\n\r\n\r\n\r\n\r\n\r\n\r\n\r\n\r\n\r\n\r\n\r\n\r\n\r\n\r\n\r\n\r\n\r\n\r\n\r\n\r\n\r\n\r\n\r\n\r\n\r\n\r\n\r\n\r\n\r\n\r\n\r\n\r\n\r\n\r\n\r\n\r\n\r\n\r\n\r\n\r\n\r\n\r\n\r\n\r\n\r\n\r\n\r\n\r\n\r\n\r\n\r\n\r\n\r\n\r\n\r\n\r\n\r\n\r\n\r\n\r\n\r\n\r\n\r\n\r\n\r\n\r\n\r\n\r\n\r\n\r\n\r\n\r\n\r\n\r\n\r\n\r\n\r\n\r\n\r\n\r\n\r\n\r\n\r\n\r\n\r\n\r\n\r\n\r\n\r\n\r\n\r\n\r\n\r\n\r\n\r\n\r\n\r\n\r\n\r\n\r\n\r\n\r\n\r\n\r\n\r\n\r\n\r\n\r\n\r\n\r\n\r\n\r\n\r\n\r\n\r\n\r\n\r\n\r\n\r\n\r\n\r\n\r\n\r\n\r\n\r\n\r\n\r\n\r\n\r\n\r\n\r\n\r\n\r\n\r\n\r\n\r\n\r\n\r\n\r\n\r\n\r\n\r\n\r\n\r\n\r\n\r\n\r\n\r\n\r\n\r\n\r\n\r\n\r\n\r\n\r\n\r\n\r\n\r\n\r\n\r\n\r\n\r\n\r\n\r\n\r\n\r\n\r\n\r\n\r\n\r\n\r\n\r\n\r\n\r\n\r\n\r\n\r\n\r\n\r\n\r\n\r\n\r\n\r\n\r\n\r\n\r\n\r\n\r\n\r\n\r\n\r\n\r\n\r\n\r\n\r\n\r\n\r\n\r\n\r\n\r\n\r\n\r\n\r\n\r\n\r\n\r\n\r\n\r\n\r\n\r\n\r\n\r\n\r\n\r\n\r\n\r\n", "STATUS": "Conditional Approval", "WEBLINK": "https://citizenportal.surrey.ca/citizenportal/integration/publicProjectForward.html?year=18 seq=0388", "APPLICATION_DOCUMENTS_WEBLINK": "https://cosmos.surrey.ca/geo_ref/Images/DevelopmentApplicationDocuments/PLR_7918-0388-00.pdf", "assign_lon": -122.851251, "assign_lat": 49.200854, "pilot_area": "city_centre"}}, {"type": "Feature", "id": 1386, "geometry": {"type": "Polygon", "coordinates": [[[-122.84119767255, 49.1951681458747], [-122.841200217839, 49.195017476026], [-122.841701732115, 49.1950227619881], [-122.841699191094, 49.195173431853], [-122.841696647312, 49.1953241017102], [-122.841694089958, 49.195479449109], [-122.841690952876, 49.1956874192038], [-122.841688543138, 49.1958390787157], [-122.84168627259, 49.1959905585081], [-122.841184747862, 49.1959841957296], [-122.841187021605, 49.1958326250981], [-122.84118943259, 49.1956810546512], [-122.841192710115, 49.1954731747154], [-122.841195265583, 49.1953189067623], [-122.84119767255, 49.1951681458747]]]}, "properties": {"OBJECTID": 1386, "PROJECT_NO": "18-0401-00", "DESCRIPTION": "Rezoning from RF to CD (based on RM-70) Development Permit to permit the development of a 6-storey apartment building consisting of 127 dwelling units.", "STATUS": "Conditional Approval", "WEBLINK": "https://citizenportal.surrey.ca/citizenportal/integration/publicProjectForward.html?year=18 seq=0401", "APPLICATION_DOCUMENTS_WEBLINK": "https://cosmos.surrey.ca/geo_ref/Images/DevelopmentApplicationDocuments/PLR_7918-0401-00.pdf", "assign_lon": -122.841442, "assign_lat": 49.19558, "pilot_area": "city_centre"}}, {"type": "Feature", "id": 1394, "geometry": {"type": "Polygon", "coordinates": [[[-122.854746403139, 49.2015900499832], [-122.85484805144, 49.2014265531637], [-122.85559000098, 49.201433332849], [-122.855587876273, 49.2015977643763], [-122.855585612898, 49.2017621975245], [-122.855583705323, 49.2018991945336], [-122.855581265942, 49.2020773893695], [-122.854639730262, 49.2021098489085], [-122.854642351489, 49.2019180705114], [-122.854644752525, 49.2017536384579], [-122.854746403139, 49.2015900499832]]]}, "properties": {"OBJECTID": 1394, "PROJECT_NO": "20-0326-00", "DESCRIPTION": "Rezoning from Urban Residential Zone (R3) to Comprehensive Development Zone (CD) (based on Multiple Residential 70 Zone (RM-70) and Compact Residential Zone (R5); Subdivision from four (4) lots into two (2) lots; Official Community Plan (OCP) Text Amendment to permit a higher density under the Multiple Residential designation over a portion of the subject site; Development Permit to allow the development of a 6-storey residential building containing 169 market strata dwelling units over two levels of underground parking in City Centre as well as a remnant R5 lot.", "STATUS": "Conditional Approval", "WEBLINK": "https://citizenportal.surrey.ca/citizenportal/integration/publicProjectForward.html?year=20 seq=0326", "APPLICATION_DOCUMENTS_WEBLINK": "https://cosmos.surrey.ca/geo_ref/Images/DevelopmentApplicationDocuments/PLR_7920-0326-00.pdf", "assign_lon": -122.855114, "assign_lat": 49.201831, "pilot_area": "city_centre"}}, {"type": "Feature", "id": 1399, "geometry": {"type": "Polygon", "coordinates": [[[-122.846572364103, 49.1898359533408], [-122.846577265654, 49.1895845360357], [-122.847526414519, 49.1895879617652], [-122.847520283978, 49.1898393774862], [-122.847514152, 49.190090793194], [-122.846567463869, 49.1900873715359], [-122.846572364103, 49.1898359533408]]]}, "properties": {"OBJECTID": 1399, "PROJECT_NO": "21-0006-00", "DESCRIPTION": "OCP Amendment to allow for a FAR of 11.2 within the Central Business District; City Centre Plan Amendment to allow for a FAR of 11.2 within the Mixed-Use 7.5 FAR designation; Rezoning from C-8 to CD; Detailed Development Permit to permit the development of 50-storey mixed-use tower  including an 8-storey commercial/office podium  and 429 market residential dwelling units.", "STATUS": "Conditional Approval", "WEBLINK": "https://citizenportal.surrey.ca/citizenportal/integration/publicProjectForward.html?year=21 seq=0006", "APPLICATION_DOCUMENTS_WEBLINK": "https://cosmos.surrey.ca/geo_ref/Images/DevelopmentApplicationDocuments/PLR_7921-0006-00.pdf", "assign_lon": -122.847046, "assign_lat": 49.189838, "pilot_area": "city_centre"}}, {"type": "Feature", "id": 1461, "geometry": {"type": "Polygon", "coordinates": [[[-122.848754841828, 49.1742380951893], [-122.848758525854, 49.1740214029632], [-122.849259571187, 49.1740229602931], [-122.849256163744, 49.1742396528954], [-122.849252619614, 49.1744561663037], [-122.849249075727, 49.174672588851], [-122.848747340586, 49.1746710305744], [-122.848751022489, 49.174454607323], [-122.848754841828, 49.1742380951893]]]}, "properties": {"OBJECTID": 1461, "PROJECT_NO": "17-0205-00", "DESCRIPTION": "Rezoning from Urban Residential Zone (R3) to Comprehensive Development Zone (CD) (based on Multiple Residential 70 Zone (RM-70); Development Permit to permit the development of a 6-storey apartment building consisting 77 residential units.", "STATUS": "Conditional Approval", "WEBLINK": "https://citizenportal.surrey.ca/citizenportal/integration/publicProjectForward.html?year=17 seq=0205", "APPLICATION_DOCUMENTS_WEBLINK": "https://cosmos.surrey.ca/geo_ref/Images/DevelopmentApplicationDocuments/PLR_7917-0205-00.pdf", "assign_lon": -122.849004, "assign_lat": 49.174347, "pilot_area": "city_centre"}}, {"type": "Feature", "id": 1623, "geometry": {"type": "Polygon", "coordinates": [[[-122.853893616988, 49.1867582908171], [-122.854072390898, 49.1864474583692], [-122.854283191198, 49.1865366010794], [-122.854494126744, 49.1866257435737], [-122.854371740594, 49.1869878329965], [-122.854127780523, 49.1868816465076], [-122.85388382287, 49.1867754595041], [-122.853893616988, 49.1867582908171]]]}, "properties": {"OBJECTID": 1623, "PROJECT_NO": "19-0004-00", "DESCRIPTION": "Rezoning from RF to CD (Based on RM-70); Development Permit to permit the development of a 6-storey residential apartment building.\r\n", "STATUS": "Conditional Approval", "WEBLINK": "https://citizenportal.surrey.ca/citizenportal/integration/publicProjectForward.html?year=19 seq=0004", "APPLICATION_DOCUMENTS_WEBLINK": "https://cosmos.surrey.ca/geo_ref/Images/DevelopmentApplicationDocuments/PLR_7919-0004-00.pdf", "assign_lon": -122.854202, "assign_lat": 49.186692, "pilot_area": "city_centre"}}, {"type": "Feature", "id": 1753, "geometry": {"type": "Polygon", "coordinates": [[[-122.839997816505, 49.1905973693302], [-122.840017934203, 49.1897710696334], [-122.840829132771, 49.1897790601863], [-122.840831209668, 49.1896886582354], [-122.841204490356, 49.189692333929], [-122.841204471088, 49.1897828304676], [-122.841204404059, 49.1901438217389], [-122.841204334786, 49.1905050828441], [-122.841204273788, 49.1908641850605], [-122.841204103983, 49.1910437359688], [-122.84148832635, 49.1910462987726], [-122.841488342624, 49.1914664810966], [-122.841204534415, 49.1914628394246], [-122.840789387638, 49.1914573015703], [-122.840216006369, 49.1914498262119], [-122.840216181566, 49.1914380425822], [-122.840236469163, 49.1906005890033], [-122.839997816505, 49.1905973693302]]]}, "properties": {"OBJECTID": 1753, "PROJECT_NO": "19-0060-00", "DESCRIPTION": "CD Bylaw and OCP Bylaw Amendments General and Detailed Development Permit Amendments; City Centre plan amendment and Subdivision to allow for an increase in density and changes in Form and Character to a previously supported phased development of three high-rise buildings in City Centre  to accommodate a proposed re-alignment of a road through the site and an increase in floor area. OCP Amendment of Figure 16: Downtown Densities from 3.5 FAR to 5.5 FAR; City Centre Plan Amendment from Residential Mid to High Rise 3.5 FAR and Mixed Use 3.5 FAR to High Rise 5.5 FAR and Mixed Use 5.5 FAR; Rezoning from C-8 and CD By-law No. 10045 to CD; General Development Permit Detailed Development Permit for Phase 1 to permit the development of a mixed-use phased development consisting of three high-rise buildings. Phase 1 consists of a 33-storey residential tower with ground floor commercial space; and Subdivision to create 6 lots.", "STATUS": "Conditional Approval", "WEBLINK": "https://citizenportal.surrey.ca/citizenportal/integration/publicProjectForward.html?year=19 seq=0060", "APPLICATION_DOCUMENTS_WEBLINK": "https://cosmos.surrey.ca/geo_ref/Images/DevelopmentApplicationDocuments/PLR_7919-0060-00.pdf", "assign_lon": -122.840602, "assign_lat": 49.190551, "pilot_area": "city_centre"}}, {"type": "Feature", "id": 1771, "geometry": {"type": "MultiPolygon", "coordinates": [[[[-122.854204960093, 49.1858907231471], [-122.854196072629, 49.1858796476714], [-122.854622725489, 49.1859248077517], [-122.854615651548, 49.1862755285485], [-122.854610663883, 49.1865235243945], [-122.854401804374, 49.1865215503667], [-122.854061482361, 49.1863779097913], [-122.854037784158, 49.1860857097431], [-122.854056590347, 49.1860838444903], [-122.854074988281, 49.1860808093257], [-122.854092977429, 49.1860767841554], [-122.854110283591, 49.1860716795796], [-122.854126906506, 49.1860655837524], [-122.85414257171, 49.186058497227], [-122.854157141707, 49.1860505097835], [-122.854170479001, 49.1860417112019], [-122.854182722196, 49.1860321016577], [-122.854193456326, 49.186021860534], [-122.854202682762, 49.1860109887324], [-122.85421053821, 49.1859996645333], [-122.854216610979, 49.185987888317], [-122.854221175264, 49.1859757503831], [-122.854223956079, 49.1859634302912], [-122.854225090391, 49.1859510181677], [-122.854224442077, 49.1859386037941], [-122.854222008396, 49.185926187167], [-122.854218064388, 49.1859140384932], [-122.85421233697, 49.1859021565284], [-122.854204960093, 49.1858907231471]]], [[[-122.854704921216, 49.1859731270557], [-122.854709233687, 49.1857671394242], [-122.855135601518, 49.1857692096211], [-122.85513142831, 49.1859751074893], [-122.85512711646, 49.1861810060756], [-122.855265168127, 49.1861821695512], [-122.855257735266, 49.1865163394147], [-122.855257693285, 49.1865307318884], [-122.854776692303, 49.1865309313459], [-122.854766364553, 49.1871009559245], [-122.854765716361, 49.1871348674961], [-122.854682773684, 49.1871061571211], [-122.85469039844, 49.1867087504088], [-122.854700749305, 49.1861774965967], [-122.854704921216, 49.1859731270557]]]]}, "properties": {"OBJECTID": 1771, "PROJECT_NO": "19-0096-00", "DESCRIPTION": "Rezoning from RF to CD (based on RM-70); Development Permit to permit the development of a 6-storey residential apartment building. Subdivision from five (5) lots to two (2) lots. Lot one (1) will be a remnant lot with a no build restrictive covenant until future developed.", "STATUS": "Conditional Approval", "WEBLINK": "https://citizenportal.surrey.ca/citizenportal/integration/publicProjectForward.html?year=19 seq=0096", "APPLICATION_DOCUMENTS_WEBLINK": "https://cosmos.surrey.ca/geo_ref/Images/DevelopmentApplicationDocuments/PLR_7919-0096-00.pdf", "assign_lon": -122.854332, "assign_lat": 49.186181, "pilot_area": "city_centre"}}, {"type": "Feature", "id": 1787, "geometry": {"type": "Polygon", "coordinates": [[[-122.838933287498, 49.1771350864351], [-122.838933185902, 49.177124111973], [-122.839753956781, 49.1771281367809], [-122.840249136115, 49.1771305355327], [-122.840710287317, 49.1771327943784], [-122.840687364807, 49.1775631000242], [-122.840601056504, 49.1791787252629], [-122.840480087523, 49.1791624556743], [-122.839455966827, 49.1790253741972], [-122.838951517986, 49.178958639734], [-122.838933287498, 49.1771350864351]]]}, "properties": {"OBJECTID": 1787, "PROJECT_NO": "03-0241-00", "DESCRIPTION": "Proposed development for future non-profit society ofices.", "STATUS": "Initial Review", "WEBLINK": "https://citizenportal.surrey.ca/citizenportal/integration/publicProjectForward.html?year=03 seq=0241", "APPLICATION_DOCUMENTS_WEBLINK": "https://cosmos.surrey.ca/geo_ref/Images/DevelopmentApplicationDocuments/PLR_7903-0241-00.pdf", "assign_lon": -122.839797, "assign_lat": 49.178261, "pilot_area": "city_centre"}}, {"type": "Feature", "id": 1794, "geometry": {"type": "Polygon", "coordinates": [[[-122.837620371353, 49.1949195867983], [-122.837617405692, 49.1951936798222], [-122.837615703208, 49.1953766484589], [-122.837118974942, 49.19537629803], [-122.837120002432, 49.1951904490472], [-122.83712255937, 49.1949162655054], [-122.83712497902, 49.1946420826565], [-122.837623199425, 49.1946455844206], [-122.837620371353, 49.1949195867983]]]}, "properties": {"OBJECTID": 1794, "PROJECT_NO": "08-0031-00", "DESCRIPTION": "Rezoning from RF to CD (based on RM-70); Development Permit in order to permit the development of a four-storey apartment building in Surrey City Centre.", "STATUS": "Conditional Approval", "WEBLINK": "https://citizenportal.surrey.ca/citizenportal/integration/publicProjectForward.html?year=08 seq=0031", "APPLICATION_DOCUMENTS_WEBLINK": "https://cosmos.surrey.ca/geo_ref/Images/DevelopmentApplicationDocuments/PLR_7908-0031-00.pdf", "assign_lon": -122.83737, "assign_lat": 49.195055, "pilot_area": "city_centre"}}, {"type": "Feature", "id": 1801, "geometry": {"type": "Polygon", "coordinates": [[[-122.834316187526, 49.1913393030316], [-122.834326355712, 49.1896234604589], [-122.835711221459, 49.1896366127128], [-122.835706099755, 49.1898558214995], [-122.835685838827, 49.1907045033185], [-122.836377940609, 49.190711618911], [-122.836374455529, 49.1908515812061], [-122.836361109819, 49.1913991993545], [-122.835669415371, 49.1913901043746], [-122.835485512264, 49.1913876809876], [-122.835361417804, 49.1913531393261], [-122.834316187526, 49.1913393030316]]]}, "properties": {"OBJECTID": 1801, "PROJECT_NO": "10-0193-00", "DESCRIPTION": "OCP Amendment of a portion from Multiple Residential to Commercial; Rezoning portions from C-35 and RF to CD (based upon C-8); Development Permit; Development Variance Permit in order tro permit the development of a one-storey with mezzanine commercial development.", "STATUS": "Conditional Approval", "WEBLINK": "https://citizenportal.surrey.ca/citizenportal/integration/publicProjectForward.html?year=10 seq=0193", "APPLICATION_DOCUMENTS_WEBLINK": "https://cosmos.surrey.ca/geo_ref/Images/DevelopmentApplicationDocuments/PLR_7910-0193-00.pdf", "assign_lon": -122.835009, "assign_lat": 49.19028, "pilot_area": "city_centre"}}, {"type": "Feature", "id": 1882, "geometry": {"type": "Polygon", "coordinates": [[[-122.850821358359, 49.2045296183334], [-122.850555708124, 49.2043548452408], [-122.850378698067, 49.2042383868898], [-122.850201539493, 49.2041218327221], [-122.850581465935, 49.2038738395152], [-122.85077715762, 49.2037462557677], [-122.851504530837, 49.2032720262413], [-122.852387195293, 49.2038566478564], [-122.852428868042, 49.203829477725], [-122.852968429039, 49.2041867395927], [-122.851628969394, 49.2050603639517], [-122.851364805487, 49.2048865931256], [-122.851099134653, 49.2047119202167], [-122.851086950182, 49.2047043511544], [-122.850821358359, 49.2045296183334]]]}, "properties": {"OBJECTID": 1882, "PROJECT_NO": "17-0397-00", "DESCRIPTION": "OCP Amendment from Multiple Residential to Central Business District and to Figure 16: Central Business District Densities to permit a density of 3.5 FAR; City Centre Plan Amendment from Residential Low to Mid Rise up to 2.5 FAR to Residential Mid to High Rise 3.5 FAR; Rezoning from CHI and CD (By-law No. 17223) to CD  Subdivision from three (3) to two (2) lots and a Development Permit to permit the development of a multiple residential development consisting of three high-rise buildings with podiums and two low-rise buildings (Phase One (1) 239 Residential Units and 583 sq. m. of Commercial Space). ", "STATUS": "Conditional Approval", "WEBLINK": "https://citizenportal.surrey.ca/citizenportal/integration/publicProjectForward.html?year=17 seq=0397", "APPLICATION_DOCUMENTS_WEBLINK": "https://cosmos.surrey.ca/geo_ref/Images/DevelopmentApplicationDocuments/PLR_7917-0397-00.pdf", "assign_lon": -122.851585, "assign_lat": 49.204154, "pilot_area": "city_centre"}}, {"type": "Feature", "id": 1987, "geometry": {"type": "Polygon", "coordinates": [[[-122.855824925721, 49.1977798031129], [-122.855823793709, 49.1976030438302], [-122.856346340766, 49.197607474771], [-122.856347338747, 49.1977842347806], [-122.856348472885, 49.1979609050011], [-122.856349606771, 49.1981376642693], [-122.855827190021, 49.1981332335082], [-122.855826057998, 49.1979564733368], [-122.855824925721, 49.1977798031129]]]}, "properties": {"OBJECTID": 1987, "PROJECT_NO": "24-0264-00", "DESCRIPTION": "Rezoning from Urban Residential Zone (R3) to Comprehensive Development Zone (CD) (based on Multiple Residential 70 Zone (RM-70); Subdivision (Consolidation) from three (3) lots into one (1) lot; Development Permit to permit development of a 6-storey apartment building containing 85 units.", "STATUS": "Conditional Approval", "WEBLINK": "https://citizenportal.surrey.ca/citizenportal/integration/publicProjectForward.html?year=24 seq=0264", "APPLICATION_DOCUMENTS_WEBLINK": "https://cosmos.surrey.ca/geo_ref/Images/DevelopmentApplicationDocuments/PLR_7924-0264-00.pdf", "assign_lon": -122.856087, "assign_lat": 49.19787, "pilot_area": "city_centre"}}, {"type": "Feature", "id": 2011, "geometry": {"type": "Polygon", "coordinates": [[[-122.847589497469, 49.2036144069721], [-122.847962964056, 49.2033705849511], [-122.84802749358, 49.2034131277043], [-122.848148610044, 49.2034928063772], [-122.848174779111, 49.2035100218072], [-122.848334396974, 49.2036150267876], [-122.848520043419, 49.2037372476116], [-122.848176702883, 49.2039618610752], [-122.848117532319, 49.2039617832827], [-122.847961204648, 49.2038589412128], [-122.847775419378, 49.2037366293569], [-122.847589497469, 49.2036144069721]]]}, "properties": {"OBJECTID": 2011, "PROJECT_NO": "24-0325-00", "DESCRIPTION": "Rezoning from Urban Residential Zone (R3) to Comprehensive Development Zone (CD) (based on Multiple Residential 70 Zone (RM-70); Subdivision (Consolidation) from three (3) lots into one (1) lot; City Centre Plan Amendment from Low Rise Residential Type II to Low to Mid Rise Residential; Development Permit to permit the development of a six-storey apartment building containing 67 residential units.", "STATUS": "Conditional Approval", "WEBLINK": "https://citizenportal.surrey.ca/citizenportal/integration/publicProjectForward.html?year=24 seq=0325", "APPLICATION_DOCUMENTS_WEBLINK": "https://cosmos.surrey.ca/geo_ref/Images/DevelopmentApplicationDocuments/PLR_7924-0325-00.pdf", "assign_lon": -122.848055, "assign_lat": 49.203676, "pilot_area": "city_centre"}}, {"type": "Feature", "id": 2029, "geometry": {"type": "Polygon", "coordinates": [[[-122.845655240442, 49.18798030536], [-122.84571794901, 49.1879393704546], [-122.846700965813, 49.1879425819555], [-122.846697639271, 49.1883920785212], [-122.846377329819, 49.1883909287828], [-122.846361960325, 49.1888293450345], [-122.845651068928, 49.1888267681104], [-122.845653163576, 49.1887278214245], [-122.845673838226, 49.1884812853611], [-122.845666446914, 49.1883880821025], [-122.845655220974, 49.1882481897706], [-122.845655240442, 49.18798030536]]]}, "properties": {"OBJECTID": 2029, "PROJECT_NO": "21-0313-00", "DESCRIPTION": "OCP Text Amendment to allow for a FAR of 10.9 within the  Downtown  designation; City Centre Plan Amendment to allow for a FAR of 10.9 within the  Central Business District- Area 2 (7.5 FAR)  designation; Rezoning from C-8 to CD; Development Permit\r\nto permit the development of a 67-storey mixed-use building consisting of a 7-storey commercial and office podium including 19 422 square metres of commercial and office floor space  an 8-storey residential podium and residential tower consisting of\r\n746 residential dwelling units.", "STATUS": "Conditional Approval", "WEBLINK": "https://citizenportal.surrey.ca/citizenportal/integration/publicProjectForward.html?year=21 seq=0313", "APPLICATION_DOCUMENTS_WEBLINK": "https://cosmos.surrey.ca/geo_ref/Images/DevelopmentApplicationDocuments/PLR_7921-0313-00.pdf", "assign_lon": -122.84618, "assign_lat": 49.188318, "pilot_area": "city_centre"}}, {"type": "Feature", "id": 2048, "geometry": {"type": "MultiPolygon", "coordinates": [[[[-122.852408002162, 49.2009130411773], [-122.852549713008, 49.2010061769739], [-122.852548012515, 49.2011316593264], [-122.852942403212, 49.2013919195969], [-122.852941978978, 49.2015192521067], [-122.852587919529, 49.2017508688547], [-122.85250597685, 49.2016970766634], [-122.852537897514, 49.2015991315594], [-122.852557247917, 49.2014997842225], [-122.852563892925, 49.2013997244263], [-122.852557783868, 49.2012996501466], [-122.852538965423, 49.2012002585746], [-122.852507570139, 49.2011022407129], [-122.852463812947, 49.20100627867], [-122.852408002162, 49.2009130411773]]], [[[-122.850315028819, 49.2019599910694], [-122.850984188239, 49.2015219052225], [-122.851005284289, 49.2015228976343], [-122.851026433323, 49.2015227036299], [-122.851047478841, 49.2015213248063], [-122.851068268439, 49.2015187708619], [-122.85108864694, 49.201515060487], [-122.851108466001, 49.201510221376], [-122.851127582752, 49.2015042893263], [-122.851145852922, 49.2014973073297], [-122.851163144578, 49.2014893255903], [-122.851179332617, 49.2014804051155], [-122.851194294676, 49.2014706087151], [-122.851207924834, 49.2014600100149], [-122.851220118533, 49.2014486853405], [-122.85123079041, 49.2014367191385], [-122.851239860587, 49.2014241985607], [-122.851247262894, 49.2014112161741], [-122.851252943517, 49.2013978654608], [-122.851256859604, 49.2013842453141], [-122.851258983406, 49.201370454647], [-122.851259298141, 49.201356596884], [-122.851257802139, 49.2013427718708], [-122.851962745501, 49.2008812414437], [-122.852025084245, 49.200951425349], [-122.852078122975, 49.2010248185289], [-122.852121484364, 49.2011008915888], [-122.852154852905, 49.2011790981207], [-122.852177988622, 49.2012588774185], [-122.85219072846, 49.2013396526803], [-122.852192976626, 49.2014208462886], [-122.852184719717, 49.2015018717327], [-122.852166017067, 49.2015821479897], [-122.852137002135, 49.2016610968272], [-122.852097882478, 49.2017381508996], [-122.852048939746, 49.2018127564467], [-122.851990528302, 49.2018843759909], [-122.851923066966, 49.201952496423], [-122.851847039023, 49.2020166254046], [-122.851762993561, 49.2020763030638], [-122.851671533126, 49.2021311001817], [-122.851132362665, 49.2024276194698], [-122.850992498403, 49.202423498274], [-122.850315028819, 49.2019599910694]]]]}, "properties": {"OBJECTID": 2048, "PROJECT_NO": "21-0343-00", "DESCRIPTION": "Rezoning from RF and CD (By-law No. 16679) to CD (based on RM-135); Development Permit to permit the development of three residential high-rise buildings and two park lots in City Centre.", "STATUS": "Conditional Approval", "WEBLINK": "https://citizenportal.surrey.ca/citizenportal/integration/publicProjectForward.html?year=21 seq=0343", "APPLICATION_DOCUMENTS_WEBLINK": "https://cosmos.surrey.ca/geo_ref/Images/DevelopmentApplicationDocuments/PLR_7921-0343-00.pdf", "assign_lon": -122.851492, "assign_lat": 49.201622, "pilot_area": "city_centre"}}, {"type": "Feature", "id": 2125, "geometry": {"type": "Polygon", "coordinates": [[[-122.843452782221, 49.1788382484355], [-122.843953807189, 49.1788359517473], [-122.84394487333, 49.1790000524851], [-122.84393594078, 49.1791641541188], [-122.843435112842, 49.1791664465], [-122.84344394825, 49.1790023465718], [-122.843452782221, 49.1788382484355]]]}, "properties": {"OBJECTID": 2125, "PROJECT_NO": "25-0095-00", "DESCRIPTION": "Rezoning from Urban Residential Zone (R3) and Neighbourhood Commercial Zone (C5) to Comprehensive Development Zone (CD) (based on Town Centre Commercial Zone (C-15) and Multiple Residential Commercial 135 Zone (RM-135); Subdivision (Consolidation) from two (2) lots into one (1) lot; Official Community Plan (OCP) Text Amendment to permit a higher density in the Downtown designation from 7.5 FAR to 18.9 FAR; Neighbourhood Concept Plan (NCP) Text Amendment to the City Centre Plan to allow for a density of 18.9 FAR within the Employment designation; Housing Agreement   Development Permit to permit the development of a 43 storey mixed use building containing 180 residential units and 12 830 sq. m of commercial space which includes 266 hotel suites. ", "STATUS": "Conditional Approval", "WEBLINK": "https://citizenportal.surrey.ca/citizenportal/integration/publicProjectForward.html?year=25 seq=0095", "APPLICATION_DOCUMENTS_WEBLINK": "https://cosmos.surrey.ca/geo_ref/Images/DevelopmentApplicationDocuments/PLR_7925-0095-00.pdf", "assign_lon": -122.843694, "assign_lat": 49.179001, "pilot_area": "city_centre"}}, {"type": "Feature", "id": 2146, "geometry": {"type": "MultiPolygon", "coordinates": [[[[-122.842227576023, 49.2020777833178], [-122.84229120646, 49.2020435477308], [-122.842406731134, 49.2021358650157], [-122.842573193731, 49.2022688870135], [-122.842739725686, 49.2024019628343], [-122.843071768033, 49.2026672955838], [-122.843008077085, 49.2027014829402], [-122.842227576023, 49.2020777833178]]], [[[-122.84098152765, 49.2015678451362], [-122.841408838286, 49.2013384199712], [-122.841740129738, 49.2016031681784], [-122.841907144673, 49.2017366371741], [-122.842073671686, 49.2018697130625], [-122.842204424599, 49.2019741986341], [-122.841777464252, 49.2022038457834], [-122.841544880362, 49.2023284087594], [-122.840749250402, 49.2016925535691], [-122.84098152765, 49.2015678451362]]]]}, "properties": {"OBJECTID": 2146, "PROJECT_NO": "25-0164-00", "DESCRIPTION": "Rezoning from Suburban Residential Zone (R1) and Urban Residential Zone (R3) to Comprehensive Development Zone (CD) (based on Multiple Residential 70 Zone (RM-70); Subdivision (Consolidation) from two (2) lots into one (1) lot; Neighbourhood Concept Plan (NCP) Amendment to the City Centre Plan to increase the density in the Low Rise land use designation; Heritage Revitalization Agreement and Development Permit to permit the development of two 6 storey buildings containing 249 residential units and conservation of a heritage building.", "STATUS": "Conditional Approval", "WEBLINK": "https://citizenportal.surrey.ca/citizenportal/integration/publicProjectForward.html?year=25 seq=0164", "APPLICATION_DOCUMENTS_WEBLINK": "https://cosmos.surrey.ca/geo_ref/Images/DevelopmentApplicationDocuments/PLR_7925-0164-00.pdf", "assign_lon": -122.841439, "assign_lat": 49.201803, "pilot_area": "city_centre"}}, {"type": "Feature", "id": 2159, "geometry": {"type": "Polygon", "coordinates": [[[-122.85782782678, 49.2053763555913], [-122.857827785374, 49.2051025368243], [-122.858245952926, 49.2051028717816], [-122.858245996127, 49.2053768704558], [-122.85782782678, 49.2053763555913]]]}, "properties": {"OBJECTID": 2159, "PROJECT_NO": "22-0043-00", "DESCRIPTION": "Rezoning from RF to RF-13 to permit subdivision into two single family small lots.", "STATUS": "Conditional Approval", "WEBLINK": "https://citizenportal.surrey.ca/citizenportal/integration/publicProjectForward.html?year=22 seq=0043", "APPLICATION_DOCUMENTS_WEBLINK": "https://cosmos.surrey.ca/geo_ref/Images/DevelopmentApplicationDocuments/PLR_7922-0043-00.pdf", "assign_lon": -122.858037, "assign_lat": 49.20524, "pilot_area": "city_centre"}}, {"type": "Feature", "id": 2194, "geometry": {"type": "Polygon", "coordinates": [[[-122.843071123991, 49.1992118248423], [-122.842951330746, 49.199069533422], [-122.842960293778, 49.1989704172915], [-122.843105559835, 49.1989585609966], [-122.843398369598, 49.1989524844536], [-122.843473872899, 49.1989508776923], [-122.843733032188, 49.1989511395636], [-122.844023352613, 49.1989513538858], [-122.84415114285, 49.1989530564922], [-122.844150756172, 49.1991189303867], [-122.843941343543, 49.1992310889987], [-122.843732627205, 49.1991659488178], [-122.843679139897, 49.1991945714771], [-122.843811816134, 49.1993004476573], [-122.843422274411, 49.1995087004635], [-122.843289598164, 49.1994029146921], [-122.843058474351, 49.1992184641839], [-122.843071123991, 49.1992118248423]]]}, "properties": {"OBJECTID": 2194, "PROJECT_NO": "25-0225-00", "DESCRIPTION": "Rezoning from Community Commercial Zone (C8) to Comprehensive Development Zone (CD) (based on Multiple Residential Commercial 135 Zone (RM-135)   Neighbourhood Commercial Zone (C-5); Subdivision (Consolidation) from five (5) lots into one (1) lot; Official Community Plan (OCP) Amendment to increase density from 3.5 FAR to 7.5 FAR; City Centre Plan Amendment from Mid Rise to High Rise; Development Permit to permit the development of a 34-storey mixed-use tower  with ground floor commercial units and 312 market rental dwelling units above underground parking.", "STATUS": "Conditional Approval", "WEBLINK": "https://citizenportal.surrey.ca/citizenportal/integration/publicProjectForward.html?year=25 seq=0225", "APPLICATION_DOCUMENTS_WEBLINK": "https://cosmos.surrey.ca/geo_ref/Images/DevelopmentApplicationDocuments/PLR_7925-0225-00.pdf", "assign_lon": -122.843392, "assign_lat": 49.199225, "pilot_area": "city_centre"}}, {"type": "Feature", "id": 2212, "geometry": {"type": "Polygon", "coordinates": [[[-122.855784317015, 49.1915582823191], [-122.855792680984, 49.1909221966969], [-122.856255405342, 49.1909242811474], [-122.856293926705, 49.1909244550193], [-122.856286692568, 49.191515277626], [-122.856217628199, 49.1915599991598], [-122.855784317015, 49.1915582823191]]]}, "properties": {"OBJECTID": 2212, "PROJECT_NO": "25-0315-00", "DESCRIPTION": "Rezoning from Combined Service Gasoline Station Zone (CG-2) and Urban Residential Zone R3 to City Centre High-Rise Apartment Zone (MR10); Official Community Plan (OCP) Amendment from Multiple Residential to Downtown  and to Figure 16: Downtown Densities to 7.5 FAR; Neighbourhood Concept Plan (NCP) Amendment to the City Centre Plan from Low Rise Residential to High Rise Residential; Housing Agreement; Development Variance Permit for setbacks; and Development Permit to allow of a 24-storey residential building containing 230 rental units  including below-market rental units  over three levels of underground parking", "STATUS": "Conditional Approval", "WEBLINK": "https://citizenportal.surrey.ca/citizenportal/integration/publicProjectForward.html?year=25 seq=0315", "APPLICATION_DOCUMENTS_WEBLINK": "https://cosmos.surrey.ca/geo_ref/Images/DevelopmentApplicationDocuments/PLR_7925-0315-00.pdf", "assign_lon": -122.85604, "assign_lat": 49.19122, "pilot_area": "city_centre"}}, {"type": "Feature", "id": 2216, "geometry": {"type": "Polygon", "coordinates": [[[-122.839595306437, 49.1869311633329], [-122.839605114783, 49.1865048307164], [-122.839667790042, 49.1865057525093], [-122.839667281435, 49.1865327719751], [-122.839934869544, 49.1865367493746], [-122.840252141344, 49.1865398962536], [-122.840569411816, 49.1865430413597], [-122.84084290811, 49.1865456755116], [-122.841113371202, 49.1865484307777], [-122.841108738992, 49.1868554799776], [-122.840839303612, 49.1868526829401], [-122.840566220359, 49.1868499593973], [-122.840247026669, 49.186846809824], [-122.839927694414, 49.186843660076], [-122.839660093977, 49.1868425611489], [-122.839658020525, 49.1869317019838], [-122.839595306437, 49.1869311633329]]]}, "properties": {"OBJECTID": 2216, "PROJECT_NO": "22-0085-00", "DESCRIPTION": "Rezoning from R3 (Urban Residential Zone) to Comprehensive Development Zone (CD) (based on MR8 Mid-Rise Apartment Zone); Subdivision (Consolidation) from five (5) lots into one (1); Development Permit to allow the phased development of two residential buildings including a 22-storey tower and a 6-storey low-rise building with a total of 331 residential dwelling units including 58 rental units secured with a Housing Agreement.", "STATUS": "Conditional Approval", "WEBLINK": "https://citizenportal.surrey.ca/citizenportal/integration/publicProjectForward.html?year=22 seq=0085", "APPLICATION_DOCUMENTS_WEBLINK": "https://cosmos.surrey.ca/geo_ref/Images/DevelopmentApplicationDocuments/PLR_7922-0085-00.pdf", "assign_lon": -122.840356, "assign_lat": 49.186695, "pilot_area": "city_centre"}}, {"type": "Feature", "id": 2217, "geometry": {"type": "Polygon", "coordinates": [[[-122.843330233774, 49.2003080858856], [-122.843543093922, 49.2001936842436], [-122.843845149804, 49.2004346320492], [-122.844004394849, 49.2005617728279], [-122.843578395479, 49.2007909377374], [-122.843634260217, 49.2008356310048], [-122.843314140251, 49.2010071883515], [-122.84312340272, 49.2008548152017], [-122.84279684038, 49.200594042497], [-122.843117233999, 49.2004224878432], [-122.843330233774, 49.2003080858856]]]}, "properties": {"OBJECTID": 2217, "PROJECT_NO": "22-0087-00", "DESCRIPTION": "Rezoning from Urban Residential Zone (R3) to Comprehensive Development Zone (CD) (based on Multiple Residential 70 Zone (RM-70); Subdivision from five (5) lots into three (3) lots (2 development lots   1 no build lot); Development Permit to permit the construction of one six-storey market strata apartment building with 119 dwelling units and one six-storey rental apartment building with 89 dwelling units over two levels of underground parking.\n", "STATUS": "Conditional Approval", "WEBLINK": "https://citizenportal.surrey.ca/citizenportal/integration/publicProjectForward.html?year=22 seq=0087", "APPLICATION_DOCUMENTS_WEBLINK": "https://cosmos.surrey.ca/geo_ref/Images/DevelopmentApplicationDocuments/PLR_7922-0087-00.pdf", "assign_lon": -122.843341, "assign_lat": 49.200692, "pilot_area": "city_centre"}}, {"type": "Feature", "id": 2221, "geometry": {"type": "Polygon", "coordinates": [[[-122.855107588082, 49.1993736875673], [-122.855111651067, 49.1990640723266], [-122.855366687288, 49.1990662827895], [-122.855621724645, 49.1990685817443], [-122.855617527576, 49.1993781968341], [-122.85561540169, 49.1995426284191], [-122.855105321866, 49.1995381189676], [-122.855107588082, 49.1993736875673]]]}, "properties": {"OBJECTID": 2221, "PROJECT_NO": "22-0092-00", "DESCRIPTION": "Rezoning from RF to CD(based on RM-70) ; Development Permit to permit the development of a 6-storey residential apartment building. ", "STATUS": "Conditional Approval", "WEBLINK": "https://citizenportal.surrey.ca/citizenportal/integration/publicProjectForward.html?year=22 seq=0092", "APPLICATION_DOCUMENTS_WEBLINK": "https://cosmos.surrey.ca/geo_ref/Images/DevelopmentApplicationDocuments/PLR_7922-0092-00.pdf", "assign_lon": -122.855365, "assign_lat": 49.199221, "pilot_area": "city_centre"}}, {"type": "Feature", "id": 2225, "geometry": {"type": "Polygon", "coordinates": [[[-122.845171871633, 49.1901804466225], [-122.844333014387, 49.1901728226046], [-122.843474455415, 49.1901650137733], [-122.843198469656, 49.1901625012201], [-122.843102885557, 49.1901612155108], [-122.842134877443, 49.190152504071], [-122.842053310007, 49.1901520732164], [-122.842053516902, 49.1895102453986], [-122.842056185527, 49.1894703736716], [-122.842064141066, 49.1894308051203], [-122.842077326275, 49.1893918419083], [-122.842095640017, 49.1893537798418], [-122.842118942745, 49.1893169083772], [-122.842147057898, 49.189281506125], [-122.842179770506, 49.1892478453466], [-122.842216832727, 49.1892161793675], [-122.842257962445, 49.1891867497726], [-122.84274822261, 49.188865293919], [-122.8429871018, 49.1888468258868], [-122.843072763418, 49.1888755456495], [-122.843162055148, 49.1888990439938], [-122.843254235123, 49.1889171247059], [-122.843348540737, 49.1889296383217], [-122.843444191393, 49.1889364821309], [-122.844838573948, 49.1889501891101], [-122.844891934556, 49.1889513204353], [-122.844945320805, 49.1889512742822], [-122.844998676413, 49.1889500532738], [-122.845108335398, 49.1889463324028], [-122.845151234889, 49.1889718862799], [-122.845155214024, 49.1890315126334], [-122.845152546917, 49.1892124239428], [-122.845158552756, 49.1893741895309], [-122.845178418628, 49.1897294667263], [-122.845171871633, 49.1901804466225]]]}, "properties": {"OBJECTID": 2225, "PROJECT_NO": "22-0103-00", "DESCRIPTION": "Rezoning from Comprehensive Development Zone (CD) Bylaw No. 14109 to a new Comprehensive Development Zone (CD); Subdivision from one (1) lot into four (4) lots; Neighbourhood Concept Plan (NCP) Amendment to the City Centre Plan for a portion of the site from Mid to High Rise Residential to Mid to High Rise Mixed-Use; Development Variance Permit to vary the definition of bond in the Surrey Subdivision and Development Bylaw to include the use of a Surety Bond for the servicing agreement; General Development Permit and Detailed Development Permit to permit the development of a mixed-use phased development consisting of three high rise mixed-use towers  two residential high rise towers (30  33  40  44 and 47-storey)  and one six-storey low rise mixed-use apartment. Phase 1 consists of one high rise residential tower with a townhouse podium and one mixed-use tower with a retail podium.", "STATUS": "Conditional Approval", "WEBLINK": "https://citizenportal.surrey.ca/citizenportal/integration/publicProjectForward.html?year=22 seq=0103", "APPLICATION_DOCUMENTS_WEBLINK": "https://cosmos.surrey.ca/geo_ref/Images/DevelopmentApplicationDocuments/PLR_7922-0103-00.pdf", "assign_lon": -122.843613, "assign_lat": 49.18962, "pilot_area": "city_centre"}}, {"type": "Feature", "id": 2256, "geometry": {"type": "Polygon", "coordinates": [[[-122.841377538701, 49.1791760226283], [-122.84138645249, 49.1790114228221], [-122.840886182814, 49.179013787673], [-122.840894948385, 49.1788492677539], [-122.841394898057, 49.1788473369012], [-122.841870780519, 49.1788454968677], [-122.841898234117, 49.1788453896299], [-122.841889459086, 49.1790091854861], [-122.84188061851, 49.1791741551393], [-122.841377538701, 49.1791760226283]]]}, "properties": {"OBJECTID": 2256, "PROJECT_NO": "25-0362-00", "DESCRIPTION": "Rezoning from Urban Residential Zone (R3) to Comprehensive Development Zone (CD) (based on Special Care Housing 2 Zone (RMS-2); Subdivision (Consolidation) from three (3) lots into one (1) lot; City Centre Plan Amendment to redesignate the lands from Mid Rise to Employment to permit the development of a care facility  hospital uses  and medical offices as part of a comprehensive substance-use treatment facility", "STATUS": "Conditional Approval", "WEBLINK": "https://citizenportal.surrey.ca/citizenportal/integration/publicProjectForward.html?year=25 seq=0362", "APPLICATION_DOCUMENTS_WEBLINK": "https://cosmos.surrey.ca/geo_ref/Images/DevelopmentApplicationDocuments/PLR_7925-0362-00.pdf", "assign_lon": -122.841388, "assign_lat": 49.17901, "pilot_area": "city_centre"}}, {"type": "Feature", "id": 2258, "geometry": {"type": "Polygon", "coordinates": [[[-122.847483803875, 49.1915131187337], [-122.845685073416, 49.1915058566561], [-122.845602212107, 49.1914507817993], [-122.845619572611, 49.1901605797696], [-122.847513090254, 49.1901674337496], [-122.847502162601, 49.1905939847512], [-122.847496026558, 49.1908466597649], [-122.847483803875, 49.1915131187337]]]}, "properties": {"OBJECTID": 2258, "PROJECT_NO": "25-0393-00", "DESCRIPTION": "Rezoning from Community Commercial Zone (C-8) to Comprehensive Development Zone (CD) (based on Multiple Residential Commercial 135 Zone (RM-135 and Town Centre Commercial Zone (C-15); Subdivision from one (1) lot into three (3) lots; Development Variance Permit to vary the definition of  Bond  in the Surrey Subdivision and Development Bylaw  1986  No. 8830  as amended  to include the use of Surety Bond for Servicing Agreement; General Development Permit to permit the development of a mixed-use phased development consisting of four towers (40  42  49 and 50 storeys); Detailed Development Permit for Phase 1 consists of a 42-storey mixed-use tower with ground floor grocery store and upper-level childcare; OCP Amendment and City Centre Plan Amendment to allow a reduction of non-residential floor space in CBD Area 2.\n\n\n", "STATUS": "Conditional Approval", "WEBLINK": "https://citizenportal.surrey.ca/citizenportal/integration/publicProjectForward.html?year=25 seq=0393", "APPLICATION_DOCUMENTS_WEBLINK": "https://cosmos.surrey.ca/geo_ref/Images/DevelopmentApplicationDocuments/PLR_7925-0393-00.pdf", "assign_lon": -122.846556, "assign_lat": 49.19072, "pilot_area": "city_centre"}}, {"type": "Feature", "id": 2389, "geometry": {"type": "Polygon", "coordinates": [[[-122.841204404059, 49.1901438217389], [-122.841204471088, 49.1897828304676], [-122.841777294167, 49.1897884939017], [-122.841777093548, 49.1901492160282], [-122.841776890916, 49.1905105669026], [-122.841204334786, 49.1905050828441], [-122.841204404059, 49.1901438217389]]]}, "properties": {"OBJECTID": 2389, "PROJECT_NO": "22-0372-00", "DESCRIPTION": "OCP Amendment to Figure 16: Central Business District Densities from 3.5 FAR to 7.5 FAR; City Centre Amendment from Mid to High Rise Residential to High Rise Mixed-Use Type II; Rezoning from C-8 to CD; Development Permit to permit the development of a 37-storey mixed-use tower with a 5-storey podium consisting of 389 dwelling units and ground floor commercial space.", "STATUS": "Conditional Approval", "WEBLINK": "https://citizenportal.surrey.ca/citizenportal/integration/publicProjectForward.html?year=22 seq=0372", "APPLICATION_DOCUMENTS_WEBLINK": "https://cosmos.surrey.ca/geo_ref/Images/DevelopmentApplicationDocuments/PLR_7922-0372-00.pdf", "assign_lon": -122.841491, "assign_lat": 49.190147, "pilot_area": "city_centre"}}, {"type": "Feature", "id": 2402, "geometry": {"type": "Polygon", "coordinates": [[[-122.847544738982, 49.1879728527094], [-122.84754476117, 49.1883948693946], [-122.847496098533, 49.1883947017016], [-122.847489238088, 49.1883946782499], [-122.846697856509, 49.1883919483773], [-122.846700965813, 49.1879425819555], [-122.847502830435, 49.187945361633], [-122.847544738982, 49.1879728527094]]]}, "properties": {"OBJECTID": 2402, "PROJECT_NO": "23-0013-00", "DESCRIPTION": "Rezoning from Community Commercial Zone (C-8) to Comprehensive Development Zone (CD) (based on Multiple Residential 70 Zone (RM-70);  Official Community Plan (OCP) Text Amendment to allow for a density of 10.69 Gross FAR; City Centre Plan Amendment to allow for a density of 10.69 Gross FAR within the Central Business District Area 2; Development Permit to permit the development of a 42-storey mixed-use tower with a 6-storey podium consisting 5 695.33 sq. m of commercial and office space and 444 market rental residential dwelling units.", "STATUS": "Conditional Approval", "WEBLINK": "https://citizenportal.surrey.ca/citizenportal/integration/publicProjectForward.html?year=23 seq=0013", "APPLICATION_DOCUMENTS_WEBLINK": "https://cosmos.surrey.ca/geo_ref/Images/DevelopmentApplicationDocuments/PLR_7923-0013-00.pdf", "assign_lon": -122.847122, "assign_lat": 49.188182, "pilot_area": "city_centre"}}, {"type": "Feature", "id": 2417, "geometry": {"type": "Polygon", "coordinates": [[[-122.847355083622, 49.1804006348751], [-122.847080549847, 49.1804017999955], [-122.845954293165, 49.1804061654739], [-122.845887982411, 49.1803614970042], [-122.845902609196, 49.1800717046784], [-122.847076395928, 49.1800670311456], [-122.847350927925, 49.1800658426455], [-122.847355083622, 49.1804006348751]]]}, "properties": {"OBJECTID": 2417, "PROJECT_NO": "23-0041-00", "DESCRIPTION": "Rezoning from CD (Bylaw No. 19326) to CD; Development Permit; Housing Agreement to permit the development of one 34-storey mixed-use tower with a 4-storey podium consisting of ground floor commercial retail units  office space and 297 dwelling units above and one stand-alone  6-storey purpose-built rental apartment building consisting of 69 rental dwelling units. ", "STATUS": "Conditional Approval", "WEBLINK": "https://citizenportal.surrey.ca/citizenportal/integration/publicProjectForward.html?year=23 seq=0041", "APPLICATION_DOCUMENTS_WEBLINK": "https://cosmos.surrey.ca/geo_ref/Images/DevelopmentApplicationDocuments/PLR_7923-0041-00.pdf", "assign_lon": -122.846624, "assign_lat": 49.180217, "pilot_area": "city_centre"}}, {"type": "Feature", "id": 2443, "geometry": {"type": "Polygon", "coordinates": [[[-122.838480972845, 49.1824184787447], [-122.838493738117, 49.1822001869754], [-122.838506522224, 49.1819819752812], [-122.838938636115, 49.1819871600416], [-122.838936318377, 49.1820243966049], [-122.839517364805, 49.1820397122631], [-122.839507584849, 49.1822040110922], [-122.839497803458, 49.1823683090142], [-122.838916858645, 49.1823530563689], [-122.838912785609, 49.1824237540319], [-122.838480972845, 49.1824184787447]]]}, "properties": {"OBJECTID": 2443, "PROJECT_NO": "23-0106-00", "DESCRIPTION": "OCP Amendment to Figure 16: Downtown Densities from 3.5 FAR to 7.5 FAR; CCP Amendment from Mid to High Rise Residential to High Rise Residential ¿ Type II and to amend the road network on the subject site; Rezoning from RF to CD (based on RM-135); Development Permit to permit the development of a 33-storey high-rise residential tower consisting of \r\napproximately 343 dwelling units; Subdivision Consolidation of four (4) lots into one (1) lot. ", "STATUS": "Initial Review", "WEBLINK": "https://citizenportal.surrey.ca/citizenportal/integration/publicProjectForward.html?year=23 seq=0106", "APPLICATION_DOCUMENTS_WEBLINK": "https://cosmos.surrey.ca/geo_ref/Images/DevelopmentApplicationDocuments/PLR_7923-0106-00.pdf", "assign_lon": -122.839001, "assign_lat": 49.182202, "pilot_area": "city_centre"}}, {"type": "Feature", "id": 2456, "geometry": {"type": "Polygon", "coordinates": [[[-122.841819775582, 49.2001989757904], [-122.842246367491, 49.1999696184559], [-122.842300448889, 49.200012844604], [-122.842404894771, 49.2000958150648], [-122.84271188207, 49.2003411209008], [-122.842723280987, 49.2003502288807], [-122.842509949512, 49.2004648406561], [-122.842296570297, 49.2005794780568], [-122.841978189226, 49.2003253986067], [-122.841819775582, 49.2001989757904]]]}, "properties": {"OBJECTID": 2456, "PROJECT_NO": "23-0137-00", "DESCRIPTION": "Rezoning from RF to CD (based on RM-70); Consolidation from three (3) lots to one (1) lot; Development Permit for a 6 storey apartment building with 92 units. ", "STATUS": "Conditional Approval", "WEBLINK": "https://citizenportal.surrey.ca/citizenportal/integration/publicProjectForward.html?year=23 seq=0137", "APPLICATION_DOCUMENTS_WEBLINK": "https://cosmos.surrey.ca/geo_ref/Images/DevelopmentApplicationDocuments/PLR_7923-0137-00.pdf", "assign_lon": -122.842256, "assign_lat": 49.200262, "pilot_area": "city_centre"}}, {"type": "Feature", "id": 2466, "geometry": {"type": "Polygon", "coordinates": [[[-122.853980963838, 49.1977640718972], [-122.853979836763, 49.1975874016537], [-122.854502388957, 49.1975918427426], [-122.855025074395, 49.1975962816345], [-122.855026204927, 49.1977730427233], [-122.855027335735, 49.1979497120548], [-122.855028466286, 49.1981264713337], [-122.854505908405, 49.1981220335195], [-122.853983217479, 49.1981175922734], [-122.853982090652, 49.1979408329875], [-122.853980963838, 49.1977640718972]]]}, "properties": {"OBJECTID": 2466, "PROJECT_NO": "23-0157-00", "DESCRIPTION": "Rezoning from Single Family Residential Zone (RF) to Comprehensive Development Zone (CD); Subdivision (Consolidation) from six (6) lots into one (1) lot; Official Community Plan (OCP) Amendment from Multiple Residential to Downtown 5.5 FAR; City Centre Plan Amendment from Low to Mid Rise Residential to High Rise Residential Type I; Development Permit to allow  the phased development of two residential buildings including a 36-storey tower and a 6-storey low-rise building with a total of 481 residential dwelling units.", "STATUS": "Conditional Approval", "WEBLINK": "https://citizenportal.surrey.ca/citizenportal/integration/publicProjectForward.html?year=23 seq=0157", "APPLICATION_DOCUMENTS_WEBLINK": "https://cosmos.surrey.ca/geo_ref/Images/DevelopmentApplicationDocuments/PLR_7923-0157-00.pdf", "assign_lon": -122.854504, "assign_lat": 49.197857, "pilot_area": "city_centre"}}, {"type": "Feature", "id": 2467, "geometry": {"type": "Polygon", "coordinates": [[[-122.848588850215, 49.2060737547113], [-122.848581985989, 49.2060737187271], [-122.848581592186, 49.2061046719333], [-122.848318744033, 49.20610384131], [-122.848323085027, 49.2057586973888], [-122.848327563247, 49.2054135509284], [-122.848590658859, 49.205413968973], [-122.849900113493, 49.2054208575633], [-122.85019470957, 49.2054225092605], [-122.850483745018, 49.205424817761], [-122.850479218744, 49.2057426158293], [-122.850190415685, 49.2057404785303], [-122.849895860357, 49.2057388007894], [-122.849895115483, 49.2057943907701], [-122.850189933736, 49.2057959429196], [-122.850185543927, 49.2061138310864], [-122.849890863276, 49.2061115504861], [-122.849891286435, 49.2060806072088], [-122.848588850215, 49.2060737547113]]]}, "properties": {"OBJECTID": 2467, "PROJECT_NO": "23-0163-00", "DESCRIPTION": "Rezoning from RMS-2 and RF to RM-30; Development Permit / Development Variance Permit to allow the development of 74 townhouse units in City Centre (Bolivar Heights District); and Subdivision to consolidate into one lot. ", "STATUS": "Conditional Approval", "WEBLINK": "https://citizenportal.surrey.ca/citizenportal/integration/publicProjectForward.html?year=23 seq=0163", "APPLICATION_DOCUMENTS_WEBLINK": "https://cosmos.surrey.ca/geo_ref/Images/DevelopmentApplicationDocuments/PLR_7923-0163-00.pdf", "assign_lon": -122.849109, "assign_lat": 49.205777, "pilot_area": "city_centre"}}, {"type": "Feature", "id": 2476, "geometry": {"type": "Polygon", "coordinates": [[[-122.853405789182, 49.1861011827276], [-122.853409469916, 49.1859250579417], [-122.85341360828, 49.1857333727093], [-122.853415849022, 49.1856266009819], [-122.853417611241, 49.1855410576254], [-122.853919864968, 49.1855436792674], [-122.853915863953, 49.1857359943704], [-122.853913936876, 49.1858298132266], [-122.853897586884, 49.1858364490884], [-122.853882331817, 49.1858440758196], [-122.853868172203, 49.1858525135145], [-122.853855107777, 49.1858618521265], [-122.85384355076, 49.1858719122711], [-122.853833501417, 49.1858826039958], [-122.853824822519, 49.1858939271272], [-122.853817926552, 49.185905612328], [-122.853812674915, 49.1859176594228], [-122.853809070882, 49.1859298885095], [-122.85380725058, 49.1859422098074], [-122.853807076513, 49.1859547130956], [-122.853808686709, 49.1859671286891], [-122.853812081433, 49.1859793666348], [-122.853816984853, 49.1859914265834], [-122.853823674972, 49.1860030390267], [-122.853831875691, 49.1860142935683], [-122.85384158617, 49.1860250103001], [-122.853852809682, 49.1860350093193], [-122.853865407362, 49.1860443804032], [-122.853879105277, 49.186052943298], [-122.853894040657, 49.186060698177], [-122.853909939569, 49.1860674656861], [-122.853926801752, 49.1860733339789], [-122.853944351897, 49.1860781236997], [-122.853962455517, 49.1860818355776], [-122.85398097401, 49.1860844676381], [-122.853999907372, 49.1860860216801], [-122.854018844177, 49.186086405431], [-122.854037784158, 49.1860857097431], [-122.854061482361, 49.1863779097913], [-122.853603839128, 49.1861848233482], [-122.853405789182, 49.1861011827276]]]}, "properties": {"OBJECTID": 2476, "PROJECT_NO": "23-0185-00", "DESCRIPTION": " Rezoning from Urban Residential Zone (R3) to Low-Rise (5-8 Storey) Apartment Zone (MR7)   Compact Residential Zone (R5); Subdivision (Consolidation) from four (4) lots into one (1) lot; Development Variance Permit a) In Sub-Section C.2. of Part 15 Compact Residential Zone (R5)  the minimum lot width for a Type I Interior lot is reduced from 9.7 metres to 9.5 metres for proposed Lot 2; Development Permit for a six storey apartment building containing ninety-eight units; Development Variance Permit to vary (a) in Section F.1  Yards and Setbacks  of Part 24A Low-Rise (5-8 Storey) Apartment Zone (MR7)  reduce the minimum front (west) yard setback from 5.5 metres to 4.5 metres to the principal building face  to 2.7 metres for a roof overhang and to 2.7 metres for a balcony; (b) in Section F.1  Yards and Setbacks  of Part 24A Low-Rise (5-8 Storey) Apartment Zone (MR7)  reduce the minimum rear (east) yard setback from 7.5 metres to 3.0 metres to the principal building face; (c) in Section F.1  Yards and Setbacks  of Part 24A Low-Rise (5-8 Storey) Apartment Zone (MR7)  reduce the minimum side (north) yard setback from 7.5 metres to 4.5 metres to the principal building face  to 1.9 metres for a roof overhang and to 3.0 metres for a balcony; and (d) in Section F.1  Yards and Setbacks  of Part 24A Low-Rise (5-8 Storey) Apartment Zone (MR7)  reduce the minimum side (south) yard setback from 7.5 metres to 3.0 metres to the principal building face  to 1.2 metres for a roof overhang and to 1.7 metres for a balcony.", "STATUS": "Conditional Approval", "WEBLINK": "https://citizenportal.surrey.ca/citizenportal/integration/publicProjectForward.html?year=23 seq=0185", "APPLICATION_DOCUMENTS_WEBLINK": "https://cosmos.surrey.ca/geo_ref/Images/DevelopmentApplicationDocuments/PLR_7923-0185-00.pdf", "assign_lon": -122.853608, "assign_lat": 49.185961, "pilot_area": "city_centre"}}, {"type": "Feature", "id": 2498, "geometry": {"type": "Polygon", "coordinates": [[[-122.854135622722, 49.19280359471], [-122.854130167944, 49.1917707397831], [-122.854849041345, 49.1917738970099], [-122.854849176087, 49.1917991470445], [-122.85484919999, 49.1918036429358], [-122.854853821666, 49.1926750766673], [-122.85485384694, 49.1926795734592], [-122.854853987508, 49.1927061170241], [-122.854135622722, 49.19280359471]]]}, "properties": {"OBJECTID": 2498, "PROJECT_NO": "23-0232-00", "DESCRIPTION": "Rezoning from Multiple Residential 45 Zone (RM-45) to Comprehensive Development Zone (CD) (based on Multiple Residential Commercial 135 Zone (RM-135); Subdivision from one (1) into two (2) lots; Official Community Plan (OCP) Amendment from Multiple Residential to Downtown and to Figure 16: Downtown Densities to permit a density of 5.5 FAR; Neighbourhood Concept Plan (NCP) Amendment to the City Centre Plan from Low to Mid Rise Residential to High Rise Residential - Type 1; Housing Agreement and Development Permit to allow the development of two high-rise residential towers of 25 and 35 storeys respectively  with 6-storey podiums  comprising 561 dwelling units  including 57 affordable rental units.", "STATUS": "Conditional Approval", "WEBLINK": "https://citizenportal.surrey.ca/citizenportal/integration/publicProjectForward.html?year=23 seq=0232", "APPLICATION_DOCUMENTS_WEBLINK": "https://cosmos.surrey.ca/geo_ref/Images/DevelopmentApplicationDocuments/PLR_7923-0232-00.pdf", "assign_lon": -122.854492, "assign_lat": 49.192239, "pilot_area": "city_centre"}}, {"type": "Feature", "id": 2499, "geometry": {"type": "Polygon", "coordinates": [[[-122.851849996465, 49.2051072442176], [-122.852964698722, 49.2043804045802], [-122.85355480739, 49.2047767730089], [-122.85354737022, 49.2047848593496], [-122.853535108228, 49.204799686047], [-122.853520643595, 49.2048165788688], [-122.853510725758, 49.2048279003692], [-122.853494194956, 49.2048471293453], [-122.853488824981, 49.204852519714], [-122.853475187778, 49.2048686040026], [-122.853465405608, 49.2048804653891], [-122.853454261237, 49.2048887269264], [-122.853442980111, 49.204896808383], [-122.853435811622, 49.2049068740233], [-122.853427679756, 49.2049177480177], [-122.853418037773, 49.204928620095], [-122.853408270734, 49.2049353541746], [-122.853387098028, 49.2049458518024], [-122.853366344079, 49.2049540111799], [-122.85334559491, 49.2049605514056], [-122.853314950442, 49.2049707671344], [-122.853295437607, 49.2049770390622], [-122.853273315588, 49.2049835775312], [-122.853235118117, 49.2049945932208], [-122.853216293809, 49.2050001463862], [-122.853184002156, 49.2050102700338], [-122.853162147483, 49.2050192375524], [-122.853139196134, 49.2050276639544], [-122.853117066345, 49.2050368110206], [-122.853089857064, 49.205045951622], [-122.853068421137, 49.2050525808774], [-122.853053164557, 49.2050586782725], [-122.853036538872, 49.2050635145816], [-122.85301469188, 49.205069873445], [-122.85299751332, 49.2050759683869], [-122.852973461515, 49.2050851129793], [-122.85295394059, 49.205094083429], [-122.852934818475, 49.2051079118453], [-122.852918174619, 49.2051188649181], [-122.852909221838, 49.2051287483472], [-122.852906178919, 49.2051363904771], [-122.852904095917, 49.2051443936413], [-122.852901863891, 49.2051563545477], [-122.852899473499, 49.2051754215391], [-122.85290135518, 49.2051890068384], [-122.852904069102, 49.2051997147015], [-122.852906516196, 49.2052078135877], [-122.852910052754, 49.2052188832098], [-122.852912773083, 49.2052274322089], [-122.852917263963, 49.2052407509714], [-122.85292080293, 49.2052510101196], [-122.852921469339, 49.205257757443], [-122.852922549736, 49.2052637856696], [-122.852925682722, 49.2052720653348], [-122.852930463118, 49.2052803470975], [-122.852934970811, 49.2052879997413], [-122.852941666517, 49.2052985327671], [-122.852953016548, 49.2053135693678], [-122.852960261932, 49.2053239231863], [-122.852963815049, 49.2053294148423], [-122.852972698512, 49.2053429191001], [-122.85298622884, 49.205363446505], [-122.852989097141, 49.2053683975706], [-122.852992237346, 49.2053742485121], [-122.853004816074, 49.2053920752142], [-122.853013689961, 49.2054088177643], [-122.853020793554, 49.2054207005993], [-122.853029676783, 49.2054342948052], [-122.853033913405, 49.2054407768115], [-122.853044703962, 49.2054593208578], [-122.853053030909, 49.2054757928499], [-122.853059314812, 49.2054863253445], [-122.853064362623, 49.2054970361724], [-122.853074337757, 49.2055127906356], [-122.853082258159, 49.2055270132834], [-122.853086753642, 49.2055388028436], [-122.853092487086, 49.2055497853007], [-122.853102312738, 49.2055701271738], [-122.853112407332, 49.2055919086358], [-122.853119623481, 49.2056121572357], [-122.853123443213, 49.2056203478153], [-122.853131361288, 49.2056358297984], [-122.853137503148, 49.2056479812618], [-122.853150888885, 49.2056710262467], [-122.853157313848, 49.2056802995731], [-122.85316757667, 49.2056916466969], [-122.853173604166, 49.2056960620557], [-122.853180313294, 49.2057020974344], [-122.853187294062, 49.2057091235405], [-122.853194685093, 49.2057166889859], [-122.853201116993, 49.2057236235409], [-122.853208641319, 49.2057325384497], [-122.853216713724, 49.2057418138665], [-122.853226975508, 49.2057535207955], [-122.853234500908, 49.205762075892], [-122.85324503594, 49.2057742329315], [-122.853253246709, 49.2057831487095], [-122.853263648457, 49.2057939562831], [-122.853274319458, 49.2058065632575], [-122.853280751913, 49.2058133179028], [-122.853288551104, 49.2058221432023], [-122.853295931522, 49.2058333067472], [-122.85330248956, 49.2058440194822], [-122.853310685449, 49.2058579726044], [-122.853313367408, 49.2058660690808], [-122.853316390437, 49.2058753551687], [-122.853319640309, 49.2058822128139], [-122.853322886693, 49.2058897855809], [-122.853325729466, 49.2059019967108], [-122.853328562125, 49.2059064880624], [-122.853331394787, 49.2059109785144], [-122.853342681697, 49.205928877299], [-122.853352653343, 49.2059593327491], [-122.853355846975, 49.2060153865093], [-122.85336259352, 49.2060737862557], [-122.853368981182, 49.2061087042187], [-122.853369805324, 49.2061132047132], [-122.853373003218, 49.206130683939], [-122.851835991366, 49.2061224699101], [-122.851841690691, 49.2056834760548], [-122.8518479406, 49.2052444208044], [-122.851849996465, 49.2051072442176]]]}, "properties": {"OBJECTID": 2499, "PROJECT_NO": "23-0234-00", "DESCRIPTION": "OCP Amendment from Multiple Residential to Downtown 3.5 FAR. City Centre Plan Amendment of a portion from Low to Mid Rise Residential to Mid to High Residential and Mid to High Rise Mixed Use. Rezoning from CHI to CD. Development Permits for Form and Character  Sensitive Ecosystems  and Hazard Lands. Development Variance Permit for reduced streamside setbacks to allow for a phased development consisting of one 21-storey mixed-use tower and two residential towers of 24 and 37-storeys  with a total of 967 residential units and 240 sq. m of ground floor commercial space in City Centre.", "STATUS": "Conditional Approval", "WEBLINK": "https://citizenportal.surrey.ca/citizenportal/integration/publicProjectForward.html?year=23 seq=0234", "APPLICATION_DOCUMENTS_WEBLINK": "https://cosmos.surrey.ca/geo_ref/Images/DevelopmentApplicationDocuments/PLR_7923-0234-00.pdf", "assign_lon": -122.852384, "assign_lat": 49.205254, "pilot_area": "city_centre"}}, {"type": "Feature", "id": 2506, "geometry": {"type": "Polygon", "coordinates": [[[-122.851104535898, 49.1902276721181], [-122.851112685998, 49.1898803389965], [-122.851387911495, 49.1898810622801], [-122.8516634914, 49.1898821388792], [-122.851942500981, 49.1898832192175], [-122.851934592296, 49.1902307038265], [-122.85165558103, 49.1902295335144], [-122.851379863326, 49.1902284567198], [-122.851104535898, 49.1902276721181]]]}, "properties": {"OBJECTID": 2506, "PROJECT_NO": "23-0245-00", "DESCRIPTION": "Rezoning from Single Family Residential Zone (RF) to Comprehensive Development Zone (CD) (based on Multiple Residential 135 Zone (RM-135) and Community Commercial Zone (C-8); Subdivision (Consolidation) from three (3) to one (1) lot; Official Community Plan (OCP) Amendment to Downtown Densities from 5.5 FAR to 7.5 FAR; Official Community Plan Text Amendment to allow for a density of 9.9 FAR within the Downtown designation; City Centre Plan Amendment from High Rise Mixed-Use - Type 1 and High Rise Residential - Type 1 to High Rise Mixed-Use Type II; Development Permit to allow the development of a 44-storey mixed-use tower with an 8-storey podium consisting of ground floor commercial  restaurant  office and approximately 424 residential dwelling units.", "STATUS": "Conditional Approval", "WEBLINK": "https://citizenportal.surrey.ca/citizenportal/integration/publicProjectForward.html?year=23 seq=0245", "APPLICATION_DOCUMENTS_WEBLINK": "https://cosmos.surrey.ca/geo_ref/Images/DevelopmentApplicationDocuments/PLR_7923-0245-00.pdf", "assign_lon": -122.851524, "assign_lat": 49.190055, "pilot_area": "city_centre"}}, {"type": "Feature", "id": 2518, "geometry": {"type": "Polygon", "coordinates": [[[-122.840032843122, 49.203520024771], [-122.840353867899, 49.2033480415624], [-122.840551692289, 49.2035061455179], [-122.840936279578, 49.2038135100747], [-122.840605790945, 49.2039906451322], [-122.840221426149, 49.2036834596981], [-122.840023749102, 49.2035248966254], [-122.840032843122, 49.203520024771]]]}, "properties": {"OBJECTID": 2518, "PROJECT_NO": "23-0271-00", "DESCRIPTION": "Rezoning from Single Family Residential Zone (RF) to Comprehensive Development Zone (CD) (based on Multiple Residential 70 Zone (RM-70); Subdivision (Consolidation) from two (2) lots into one (1) lot; Development Permit to allow the development of a 6-storey apartment building consisting of approximately 82 dwelling units in City Centre.", "STATUS": "Conditional Approval", "WEBLINK": "https://citizenportal.surrey.ca/citizenportal/integration/publicProjectForward.html?year=23 seq=0271", "APPLICATION_DOCUMENTS_WEBLINK": "https://cosmos.surrey.ca/geo_ref/Images/DevelopmentApplicationDocuments/PLR_7923-0271-00.pdf", "assign_lon": -122.840398, "assign_lat": 49.203604, "pilot_area": "city_centre"}}, {"type": "Feature", "id": 2529, "geometry": {"type": "Polygon", "coordinates": [[[-122.841884775535, 49.1855212161314], [-122.841884597944, 49.1851923483654], [-122.842431019117, 49.1851987685177], [-122.842431117842, 49.1852104625836], [-122.843110509083, 49.1852185010132], [-122.84311067726, 49.1853805971166], [-122.843110709865, 49.185542603078], [-122.843110742184, 49.1857046989878], [-122.843110911735, 49.1858667941799], [-122.843110944622, 49.1860287101747], [-122.842431543098, 49.1860208489466], [-122.841884975359, 49.186014517654], [-122.841884954495, 49.1858500838805], [-122.8418847964, 49.1856856499143], [-122.841884775535, 49.1855212161314]]]}, "properties": {"OBJECTID": 2529, "PROJECT_NO": "23-0297-00", "DESCRIPTION": "OCP Amendment to Downtown Densities from 3.5 FAR to 5.5 FAR; City Centre Plan Amendment from Mid to High Rise Residential 3.5 FAR to High Rise Residential Type 1 5.5 FAR on the east portion of the site  and High Rise Mixed-Use Type 1 5.5 FAR on the west portion of the site; Rezoning from RF and RM-D to CD; Development Variance Permit to include  Surety Bond  in the definition of  Bond  in the Surrey Subdivision and Development Bylaw  1986  No. 8830  as amended  for Servicing Agreement No. 7823-0297-00; Development Permit to allow for one 38-storey mixed-used building and one 33-storey residential building consisting of 747 square metres of ground floor commercial and 822 residential units.", "STATUS": "Conditional Approval", "WEBLINK": "https://citizenportal.surrey.ca/citizenportal/integration/publicProjectForward.html?year=23 seq=0297", "APPLICATION_DOCUMENTS_WEBLINK": "https://cosmos.surrey.ca/geo_ref/Images/DevelopmentApplicationDocuments/PLR_7923-0297-00.pdf", "assign_lon": -122.842498, "assign_lat": 49.185614, "pilot_area": "city_centre"}}, {"type": "Feature", "id": 2582, "geometry": {"type": "Polygon", "coordinates": [[[-122.8408527131, 49.1933950177785], [-122.840856439541, 49.1930907958178], [-122.841184587923, 49.1930952180465], [-122.841508207688, 49.1930994514229], [-122.84183182998, 49.1931037702511], [-122.841824541287, 49.1934078947103], [-122.841500916724, 49.1934036658126], [-122.841177158012, 49.1933993422724], [-122.8408527131, 49.1933950177785]]]}, "properties": {"OBJECTID": 2582, "PROJECT_NO": "21-0179-00", "DESCRIPTION": "Rezoning from C-35 to CD; Development Permit; Housing Agreement to permit the development of a 6-storey residential building consisting of 115 residential rental dwelling units.", "STATUS": "Initial Review", "WEBLINK": "https://citizenportal.surrey.ca/citizenportal/integration/publicProjectForward.html?year=21 seq=0179", "APPLICATION_DOCUMENTS_WEBLINK": "https://cosmos.surrey.ca/geo_ref/Images/DevelopmentApplicationDocuments/PLR_7921-0179-00.pdf", "assign_lon": -122.841341, "assign_lat": 49.193249, "pilot_area": "city_centre"}}, {"type": "Feature", "id": 2606, "geometry": {"type": "Polygon", "coordinates": [[[-122.847860260311, 49.1994875718869], [-122.848046569358, 49.1996103341564], [-122.84770627855, 49.1998325207535], [-122.847367634972, 49.2000537190333], [-122.847211998767, 49.1999109349206], [-122.847137670957, 49.1998429219935], [-122.847058827896, 49.1997706743443], [-122.846929611295, 49.1996522130579], [-122.846577420038, 49.199328811469], [-122.846489061235, 49.1992265964024], [-122.846404276726, 49.1991232175289], [-122.84632306569, 49.1990184922504], [-122.846323486408, 49.199015614311], [-122.846324044393, 49.1990127365542], [-122.846325151166, 49.1990099494807], [-122.846326532193, 49.1990072527252], [-122.846328324741, 49.1990046464704], [-122.846330391543, 49.1990021305334], [-122.846332869866, 49.1989997050971], [-122.846335621886, 49.1989975498841], [-122.84633864816, 49.198995484989], [-122.846341948688, 49.1989935104119], [-122.846345522635, 49.1989918960107], [-122.846349233569, 49.1989903717448], [-122.8463532182, 49.1989891177021], [-122.84635733954, 49.1989880437474], [-122.846361460044, 49.1989872396507], [-122.846365854245, 49.1989867057773], [-122.846370247611, 49.1989864417618], [-122.846374503152, 49.1989863574691], [-122.846740311235, 49.1989896337954], [-122.847927784868, 49.1990002013945], [-122.848234434012, 49.1990029453165], [-122.848598047736, 49.1990061229225], [-122.848579892844, 49.1990177930255], [-122.847860260311, 49.1994875718869]]]}, "properties": {"OBJECTID": 2606, "PROJECT_NO": "24-0031-00", "DESCRIPTION": "Rezoning from Community Commercial Zone (C-8)  Highway Commercial Industrial Zone (CHI)  and Self-Service Gasoline Station Zone (CG-1) to Comprehensive Development Zone (CD) (based on Multiple Residential 135 Zone (RM-135) and Community Commercial Zone (C-8); Subdivision (Consolidation) from eight (8) lots into one (1) lot; Official Community Plan (OCP) Amendment to redesignate a portion of the site from 5.5 FAR to 7.5 FAR; Neighbourhood Concept Plan (NCP) Amendment to the City Centre Plan from High Rise Mixed-Use Type I and High Rise Residential Type I to High Rise Residential Type II and High Rise Mixed-Use Type II for a portion of the site; Development Permit to permit the development of two high rise towers (48 and 52 storeys)  with 879 residential units  1 368 m2 of retail space and 5 075 m2 of office space. Rezoning of a portion of the site to permit subdivision of a no-build lot for future development  from CHI to CD based on CHI.", "STATUS": "Conditional Approval", "WEBLINK": "https://citizenportal.surrey.ca/citizenportal/integration/publicProjectForward.html?year=24 seq=0031", "APPLICATION_DOCUMENTS_WEBLINK": "https://cosmos.surrey.ca/geo_ref/Images/DevelopmentApplicationDocuments/PLR_7924-0031-00.pdf", "assign_lon": -122.847385, "assign_lat": 49.199549, "pilot_area": "city_centre"}}, {"type": "Feature", "id": 2661, "geometry": {"type": "Polygon", "coordinates": [[[-122.842232986818, 49.1954860541329], [-122.842224988987, 49.1959973882024], [-122.841770597093, 49.1959915609998], [-122.841778687977, 49.1954804924489], [-122.842232986818, 49.1954860541329]]]}, "properties": {"OBJECTID": 2661, "PROJECT_NO": "24-0097-00", "DESCRIPTION": "Rezoning from Comprehensive Development Zone (CD) Bylaw No. 16264 to Comprehensive Development Zone (CD)  (based on RM-70); Official Community Plan (OCP) Text Amendment to permit 2.93 FAR in the Multi-Residential Designation; Development Permit to permit the development of a 6-storey apartment building containing 105 secured market rental units over two (2) levels of underground parking in City Centre. ", "STATUS": "Conditional Approval", "WEBLINK": "https://citizenportal.surrey.ca/citizenportal/integration/publicProjectForward.html?year=24 seq=0097", "APPLICATION_DOCUMENTS_WEBLINK": "https://cosmos.surrey.ca/geo_ref/Images/DevelopmentApplicationDocuments/PLR_7924-0097-00.pdf", "assign_lon": -122.842002, "assign_lat": 49.195739, "pilot_area": "city_centre"}}, {"type": "Feature", "id": 2664, "geometry": {"type": "Polygon", "coordinates": [[[-122.839805052622, 49.1970271887382], [-122.839807467609, 49.1968757074093], [-122.840323001969, 49.196882453547], [-122.840320589931, 49.1970339339904], [-122.840317664309, 49.1972161785902], [-122.840314741702, 49.1973983323357], [-122.839799337578, 49.1973916771969], [-122.839802125107, 49.1972094333231], [-122.839805052622, 49.1970271887382]]]}, "properties": {"OBJECTID": 2664, "PROJECT_NO": "24-0103-00", "DESCRIPTION": "Rezoning from Urban Residential Zone (R3) to Comprehensive Development Zone (CD) (based on Multiple Residential 70 Zone (RM-70); Subdivision (consolidation) from three (3) lots into one (1) lot; Official Community Plan (OCP) Amendment to increase the maximum floor area ratio (FAR) from 2.5 to 2.82 in the Multiple Residential designation; Development Permit to allow the development of a 6-storey 87 unit rental apartment building secured through a Housing Agreement.", "STATUS": "Conditional Approval", "WEBLINK": "https://citizenportal.surrey.ca/citizenportal/integration/publicProjectForward.html?year=24 seq=0103", "APPLICATION_DOCUMENTS_WEBLINK": "https://cosmos.surrey.ca/geo_ref/Images/DevelopmentApplicationDocuments/PLR_7924-0103-00.pdf", "assign_lon": -122.840061, "assign_lat": 49.197122, "pilot_area": "city_centre"}}, {"type": "Feature", "id": 2677, "geometry": {"type": "Polygon", "coordinates": [[[-122.8471820908, 49.1757561871576], [-122.847187343309, 49.1752782731404], [-122.847907376159, 49.1752816721947], [-122.848071045634, 49.1752824444417], [-122.848596355458, 49.1755008163244], [-122.848591170174, 49.1758176328201], [-122.848539981644, 49.1758008154633], [-122.848486830643, 49.1757868605268], [-122.848432084559, 49.1757758683384], [-122.848376130071, 49.1757679131654], [-122.848319358017, 49.1757630530897], [-122.848262163433, 49.1757613210123], [-122.847902130506, 49.1757596105384], [-122.8471820908, 49.1757561871576]]]}, "properties": {"OBJECTID": 2677, "PROJECT_NO": "24-0143-00", "DESCRIPTION": "Rezoning from Comprehensive Development Zone (CD Bylaw No.20416) to Comprehensive Development Zone (CD) (based on Multiple Residential 135 and Multiple Residential 70 Zone (RM-135 and RM-70); Subdivision for lot line adjustment from two (2) lots into two (2) lots; Neighbourhood Concept Plan (NCP) Amendment to the City Centre Plan from Mid to High Rise Mixed-Use to Low to Mid Rise Residential and High Rise Residential - Type II; Development Permit to permit the development of a 37-storey residential tower comprised of 511 residential dwelling units and a 6-storey residential building comprised of 56 residential dwelling units within Sensitive Ecosystem (Streamside) and Hazard Land (Steep Slope) Area.", "STATUS": "Conditional Approval", "WEBLINK": "https://citizenportal.surrey.ca/citizenportal/integration/publicProjectForward.html?year=24 seq=0143", "APPLICATION_DOCUMENTS_WEBLINK": "https://cosmos.surrey.ca/geo_ref/Images/DevelopmentApplicationDocuments/PLR_7924-0143-00.pdf", "assign_lon": -122.847889, "assign_lat": 49.175629, "pilot_area": "city_centre"}}, {"type": "Feature", "id": 2688, "geometry": {"type": "Polygon", "coordinates": [[[-122.838816980046, 49.2006517680228], [-122.838498527225, 49.2003976509924], [-122.838725013098, 49.2002761709857], [-122.838925507232, 49.2001685970162], [-122.839352623307, 49.1999395425427], [-122.839527325437, 49.20007903548], [-122.839694495439, 49.2002124908388], [-122.83926765009, 49.2004416368958], [-122.839243963226, 49.2004228037363], [-122.839043604946, 49.2005302875906], [-122.838816980046, 49.2006517680228]]]}, "properties": {"OBJECTID": 2688, "PROJECT_NO": "24-0176-00", "DESCRIPTION": "Rezoning from Urban Residential Zone (R3) to Comprehensive Development Zone (CD) (based on RM-70); Subdivision (Consolidation) from four (4) lots into one (1) lot; Official Community Plan (OCP) Amendment to increase the maximum floor area ratio (FAR) from 2.5 to 2.6 in the Multiple Residential designation of the site; Neighbourhood Concept Plan (NCP) Amendment to the City Centre Plan from Low-Rise Residential - Type II to Low to Mid-Rise Residential; Development Permit to permit 6-storey apartment building consisting 121 residential units over two (2) levels of underground parking.", "STATUS": "Conditional Approval", "WEBLINK": "https://citizenportal.surrey.ca/citizenportal/integration/publicProjectForward.html?year=24 seq=0176", "APPLICATION_DOCUMENTS_WEBLINK": "https://cosmos.surrey.ca/geo_ref/Images/DevelopmentApplicationDocuments/PLR_7924-0176-00.pdf", "assign_lon": -122.839037, "assign_lat": 49.200337, "pilot_area": "city_centre"}}, {"type": "Feature", "id": 2703, "geometry": {"type": "MultiPolygon", "coordinates": [[[[-122.851116686725, 49.1896996388879], [-122.851125524846, 49.1893520970294], [-122.851581089709, 49.1893536998388], [-122.851954928662, 49.1893550503958], [-122.85194711467, 49.1897025963272], [-122.85157276411, 49.1897011866187], [-122.851116686725, 49.1896996388879]]], [[[-122.851126032543, 49.1892972405951], [-122.851134085687, 49.1889473526185], [-122.851409525116, 49.1889486932074], [-122.851684827328, 49.1889500311642], [-122.851964311172, 49.1889513909157], [-122.851956203848, 49.1893002408181], [-122.851676909127, 49.1892992321082], [-122.851401469459, 49.1892982357788], [-122.851126032543, 49.1892972405951]]]]}, "properties": {"OBJECTID": 2703, "PROJECT_NO": "21-0270-00", "DESCRIPTION": "OCP Amendment to Figure 16: Central Business District Densities from 5.5 FAR to 7.5 FAR and to Table 7a to allow for the proposed density of 10.4 FAR; CCP Amendment from High Rise 5.5 FAR to Mixed-Use 7.5 FAR; Rezoning of a portion from RF to CD (based on RM-135 and C-8); Development Permit; Housing Agreement to permit the development of a 43-storey mixed-use tower with an 8-storey apartment podium  343 square metres of ground floor commercial and approximately 516 residential dwelling units  including 94 rental units.", "STATUS": "Conditional Approval", "WEBLINK": "https://citizenportal.surrey.ca/citizenportal/integration/publicProjectForward.html?year=21 seq=0270", "APPLICATION_DOCUMENTS_WEBLINK": "https://cosmos.surrey.ca/geo_ref/Images/DevelopmentApplicationDocuments/PLR_7921-0270-00.pdf", "assign_lon": -122.851545, "assign_lat": 49.189124, "pilot_area": "city_centre"}}, {"type": "Feature", "id": 2807, "geometry": {"type": "Polygon", "coordinates": [[[-122.848134049056, 49.1810297442511], [-122.848226671824, 49.1810294171444], [-122.848230943876, 49.1814241399731], [-122.847957190994, 49.1814252164528], [-122.847409684924, 49.1814274574184], [-122.847133735148, 49.181428529943], [-122.846861901901, 49.1814296072669], [-122.846858463219, 49.1810347064822], [-122.847130155714, 49.1810336289807], [-122.847381540641, 49.1810327938655], [-122.847406103017, 49.1810326464154], [-122.847883075251, 49.1810307614525], [-122.847953194454, 49.1810304049221], [-122.848134049056, 49.1810297442511]]]}, "properties": {"OBJECTID": 2807, "PROJECT_NO": "25-0039-00", "DESCRIPTION": "Rezoning from Urban Residential Zone (R3) and Assembly Hall 1 Zone (PA-1) to Comprehensive Development Zone (CD) (based on RM-135 and the C-8); Subdivision (Consolidation) from four (4) lots into one (1) lot; Official Community Plan (OCP) Amendment from Multiple Residential to Downtown and to include the site in Figure 16 as Downtown Densities 7.5 FAR and to increase it to 8.1 FAR; City Centre Plan Amendment from Mid Rise to High Rise; Development Permit to permit the development of a 38 storey high-rise residential tower containing 373 residential units and a 2 029 sq.m mosque.\n", "STATUS": "Conditional Approval", "WEBLINK": "https://citizenportal.surrey.ca/citizenportal/integration/publicProjectForward.html?year=25 seq=0039", "APPLICATION_DOCUMENTS_WEBLINK": null, "assign_lon": -122.847544, "assign_lat": 49.181229, "pilot_area": "city_centre"}}, {"type": "Feature", "id": 3111, "geometry": {"type": "Polygon", "coordinates": [[[-122.839050869155, 49.1926467270152], [-122.839052135858, 49.1925532647028], [-122.839596024854, 49.1925604287209], [-122.839593704825, 49.1927248653512], [-122.839591384782, 49.1928893010772], [-122.839589064725, 49.1930537358989], [-122.839586743567, 49.1932180816606], [-122.839584423474, 49.1933825173723], [-122.83958210474, 49.1935469521816], [-122.839038204624, 49.1935398825383], [-122.839039258125, 49.1934689981942], [-122.839040526539, 49.1933754459444], [-122.839041581402, 49.1933045624997], [-122.839042848434, 49.1932110102453], [-122.839043903293, 49.1931401258991], [-122.839045170316, 49.193046573642], [-122.83904622546, 49.1929755993409], [-122.839047492181, 49.1928821370338], [-122.839048547314, 49.1928111636302], [-122.839049814029, 49.1927177004209], [-122.839050869155, 49.1926467270152]]]}, "properties": {"OBJECTID": 3111, "PROJECT_NO": "24-0093-00", "DESCRIPTION": "Rezoning from Single Family Residential Zone (RF) to Comprehensive Development Zone (CD) (based on Multiple Residential Commercial 135 Zone (RM-135); Subdivision (Consolidation) from six (6) lots into one (1) lot; Official Community Plan (OCP) Amendment from Multiple Residential to Downtown; City Centre Plan Amendment from Low to Mid Rise Residential (2.5 FAR) to Mid to High Rise Residential (3.5 FAR); Development Permit to allow the development of a 6 storey podium and a 22 storey tower with 307 residential units. ", "STATUS": "Initial Review", "WEBLINK": "https://citizenportal.surrey.ca/citizenportal/integration/publicProjectForward.html?year=24 seq=0093", "APPLICATION_DOCUMENTS_WEBLINK": null, "assign_lon": -122.839317, "assign_lat": 49.19305, "pilot_area": "city_centre"}}, {"type": "Feature", "id": 3204, "geometry": {"type": "Polygon", "coordinates": [[[-122.8499065555, 49.2039275011692], [-122.850286807614, 49.2036793978048], [-122.850581640023, 49.2038739251958], [-122.850576777596, 49.2038770969457], [-122.850201598825, 49.2041217329512], [-122.850202064656, 49.2041220393955], [-122.849846126067, 49.2043540805798], [-122.849550590466, 49.204159666451], [-122.8499065555, 49.2039275011692]]]}, "properties": {"OBJECTID": 3204, "PROJECT_NO": "24-0338-00", "DESCRIPTION": "Rezoning from from Urban Residential Zone (R3) and Comprehensive Development Zone (CD) to Low-Rise (5-8 Storey) Apartment Zone (MR7); Subdivision (Consolidation) from two (2) lots into one (1) lot; Development Variance Permit; Housing Agreement; and Development Permit in order to develop a 6 storey  84-unit apartment building  including 6 rental replacement dwelling units", "STATUS": "Conditional Approval", "WEBLINK": "https://citizenportal.surrey.ca/citizenportal/integration/publicProjectForward.html?year=24 seq=0338", "APPLICATION_DOCUMENTS_WEBLINK": null, "assign_lon": -122.850054, "assign_lat": 49.204025, "pilot_area": "city_centre"}}, {"type": "Feature", "id": 3496, "geometry": {"type": "Polygon", "coordinates": [[[-122.847305915463, 49.1930254576091], [-122.847315592455, 49.1923821206373], [-122.8475801743, 49.1923833264649], [-122.847908242144, 49.1923849265442], [-122.848064164999, 49.1927165805225], [-122.848104635076, 49.1927168280532], [-122.848099815821, 49.1930482263731], [-122.847570400717, 49.1930444758611], [-122.847305587251, 49.1930429080944], [-122.847305915463, 49.1930254576091]]]}, "properties": {"OBJECTID": 3496, "PROJECT_NO": "20-0178-00", "DESCRIPTION": "Detailed development permit for a 518 unit residential tower.  (See also 7918-0350-00 Change in scope to include these properties in RZ  NCP  OCP  SD applications-Jan. 27  2021)", "STATUS": "Initial Review", "WEBLINK": "https://citizenportal.surrey.ca/citizenportal/integration/publicProjectForward.html?year=20 seq=0178", "APPLICATION_DOCUMENTS_WEBLINK": null, "assign_lon": -122.84765, "assign_lat": 49.192551, "pilot_area": "city_centre"}}, {"type": "Feature", "id": 3520, "geometry": {"type": "Polygon", "coordinates": [[[-122.844109800878, 49.1917529007755], [-122.844100605011, 49.1921434679043], [-122.843406158362, 49.1921342455376], [-122.843416148419, 49.1917112055282], [-122.843985425225, 49.1917187287175], [-122.844109800878, 49.1917529007755]]]}, "properties": {"OBJECTID": 3520, "PROJECT_NO": "26-0163-00", "DESCRIPTION": "Development Variance Permit to vary section J of the C8 zoning bylaw.", "STATUS": "Under Review", "WEBLINK": "https://citizenportal.surrey.ca/citizenportal/integration/publicProjectForward.html?year=26 seq=0163", "APPLICATION_DOCUMENTS_WEBLINK": null, "assign_lon": -122.843758, "assign_lat": 49.191944, "pilot_area": "city_centre"}}, {"type": "Feature", "id": 4181, "geometry": {"type": "MultiPolygon", "coordinates": [[[[-122.843046383153, 49.1961595603577], [-122.843037861925, 49.1967664698172], [-122.842565566413, 49.196760335362], [-122.842574504338, 49.1961536963621], [-122.843046383153, 49.1961595603577]]], [[[-122.843129972276, 49.1961601236852], [-122.845081174255, 49.1961853490759], [-122.845073840648, 49.1966405974811], [-122.845061487526, 49.1966404909571], [-122.843899896124, 49.1966256965541], [-122.843123854682, 49.1966158242915], [-122.843129972276, 49.1961601236852]]]]}, "properties": {"OBJECTID": 4181, "PROJECT_NO": "19-0372-00", "DESCRIPTION": "OCP Amendment of Figure 16: Central Business District Densities from 3.5 FAR to 7.5 FAR; CCP Amendment from Mixed Use 3.5 FAR   Residential Mid to High Rise 3.5 FAR to Mixed-Use 7.5 FAR and to amend the road network plan; Rezoning from C-15 to CD; Development Permit to permit the development of 2 mixed-use high-rise towers consisting of approximately 1 019 residential dwelling units and 731 square metres of commercial floor area in City Centre.", "STATUS": "Conditional Approval", "WEBLINK": "https://citizenportal.surrey.ca/citizenportal/integration/publicProjectForward.html?year=19 seq=0372", "APPLICATION_DOCUMENTS_WEBLINK": null, "assign_lon": -122.844102, "assign_lat": 49.196401, "pilot_area": "city_centre"}}, {"type": "Feature", "id": 4462, "geometry": {"type": "Polygon", "coordinates": [[[-122.837590734805, 49.203387333505], [-122.837885164866, 49.2032293434316], [-122.838150511362, 49.2034412842012], [-122.838415723922, 49.2036533150178], [-122.838121294401, 49.203811306433], [-122.837894661857, 49.203932780484], [-122.837668166563, 49.2040543442341], [-122.837838220189, 49.2041901423171], [-122.838008273076, 49.2043260309977], [-122.838169703791, 49.2044548919082], [-122.83800784194, 49.2045416450825], [-122.837745452464, 49.204682227765], [-122.837421590395, 49.2048558224489], [-122.837185403, 49.204667126345], [-122.836973452673, 49.2044978056615], [-122.836761365139, 49.2043284843896], [-122.836389906588, 49.2040317453032], [-122.836551768524, 49.2039449035357], [-122.836713631264, 49.203858062441], [-122.836975745026, 49.2037173926401], [-122.83713760766, 49.2036305491491], [-122.837364102314, 49.2035089864298], [-122.837590734805, 49.203387333505]]]}, "properties": {"OBJECTID": 4462, "PROJECT_NO": "24-0202-00", "DESCRIPTION": "Rezoning from Urban Residential Zone (R3) and Local Commercial Zone (C-4) to Comprehensive Development Zone (CD); Subdivision from eleven (11) lots into two (2) lots; Development Permit in order to construct three buildings with 380 residential units and 3 469 sq. m of commercial space. ", "STATUS": "Under Review", "WEBLINK": "https://citizenportal.surrey.ca/citizenportal/integration/publicProjectForward.html?year=24 seq=0202", "APPLICATION_DOCUMENTS_WEBLINK": null, "assign_lon": -122.837047, "assign_lat": 49.204043, "pilot_area": "city_centre"}}, {"type": "Feature", "id": 4555, "geometry": {"type": "Polygon", "coordinates": [[[-122.846842306715, 49.1918169323662], [-122.84684010276, 49.1925308439618], [-122.846295036087, 49.1925301261531], [-122.846297312943, 49.1923777682489], [-122.846305323909, 49.1918417828295], [-122.846346883087, 49.1918149727006], [-122.846842306715, 49.1918169323662]]]}, "properties": {"OBJECTID": 4555, "PROJECT_NO": "25-0068-00", "DESCRIPTION": "Subdivision into two (2) Airspace Parcels and one (1) Rem lot.", "STATUS": "Initial Review", "WEBLINK": "https://citizenportal.surrey.ca/citizenportal/integration/publicProjectForward.html?year=25 seq=0068", "APPLICATION_DOCUMENTS_WEBLINK": null, "assign_lon": -122.846571, "assign_lat": 49.19211, "pilot_area": "city_centre"}}, {"type": "Feature", "id": 4965, "geometry": {"type": "Polygon", "coordinates": [[[-122.845679123694, 49.1977177455617], [-122.845734527625, 49.1976713309031], [-122.846814759741, 49.1976290388513], [-122.846893586254, 49.1976703014218], [-122.84691804931, 49.1977677170945], [-122.846958821131, 49.1979281980129], [-122.846951855122, 49.1979281501026], [-122.846895557295, 49.1979278020308], [-122.846463771867, 49.1979248190076], [-122.846477373452, 49.1979784554416], [-122.845821806469, 49.1979738698272], [-122.845770513277, 49.1979735143945], [-122.845763433334, 49.1979734662604], [-122.845733172472, 49.1978885356182], [-122.845705066682, 49.197803287558], [-122.845679123694, 49.1977177455617]], [[-122.846035563551, 49.1978555176051], [-122.846032992314, 49.1978273075784], [-122.845931679239, 49.19783127344], [-122.845934251791, 49.1978594834707], [-122.846035563551, 49.1978555176051]], [[-122.846683832479, 49.197821324325], [-122.846679353045, 49.1977721985791], [-122.846537705783, 49.197777744072], [-122.846542183702, 49.1978268707209], [-122.846683832479, 49.197821324325]]]}, "properties": {"OBJECTID": 4965, "PROJECT_NO": "26-0201-00", "DESCRIPTION": "Development Variance Permit to allow for 3 fascia signs on the Anytime Fitness Building.", "STATUS": "Under Review", "WEBLINK": "https://citizenportal.surrey.ca/citizenportal/integration/publicProjectForward.html?year=26 seq=0201", "APPLICATION_DOCUMENTS_WEBLINK": null, "assign_lon": -122.846124, "assign_lat": 49.197812, "pilot_area": "city_centre"}}, {"type": "Feature", "id": 4994, "geometry": {"type": "Polygon", "coordinates": [[[-122.860349966146, 49.1883693137829], [-122.86006030354, 49.1882502527535], [-122.860080915956, 49.1877725629315], [-122.860407938743, 49.1877754134811], [-122.860349966146, 49.1883693137829]]]}, "properties": {"OBJECTID": 4994, "PROJECT_NO": "26-0133-00", "DESCRIPTION": "Subdivision of one R2-zoned lot into two R3-zoned lots  including a Development Variance Permit to vary the minimum lot width requirement from 15.0 m to 11.93 m for both new lots.\n", "STATUS": "Under Review", "WEBLINK": "https://citizenportal.surrey.ca/citizenportal/integration/publicProjectForward.html?year=26 seq=0133", "APPLICATION_DOCUMENTS_WEBLINK": null, "assign_lon": -122.860228, "assign_lat": 49.188013, "pilot_area": "city_centre"}}, {"type": "Feature", "id": 5640, "geometry": {"type": "Polygon", "coordinates": [[[-122.846618687546, 49.1816294037765], [-122.84706433681, 49.1816275993273], [-122.847068731201, 49.1820032351186], [-122.847071583006, 49.1822484841456], [-122.847073045976, 49.1823757817813], [-122.84707604295, 49.182633160295], [-122.847078754219, 49.1828661457685], [-122.847076330021, 49.1828677572212], [-122.847044668308, 49.182888800358], [-122.847010601622, 49.1829114405704], [-122.845941227975, 49.1829155394549], [-122.845872487523, 49.1828696317967], [-122.845888093059, 49.1824063370693], [-122.845860686714, 49.1821524593049], [-122.845847267162, 49.1820281204468], [-122.845847092107, 49.1820089349594], [-122.845844423577, 49.1817220943949], [-122.845889387858, 49.1816844540479], [-122.846047019679, 49.1816579643277], [-122.846101761873, 49.1816495636815], [-122.846156991991, 49.1816426712778], [-122.84621261258, 49.1816372968811], [-122.846242739208, 49.1816350269918], [-122.846272935805, 49.1816332033566], [-122.846303187272, 49.1816318277542], [-122.846323477194, 49.1816311567169], [-122.846343780216, 49.1816306862894], [-122.846364092219, 49.1816304173658], [-122.846524154766, 49.1816297837263], [-122.846618687546, 49.1816294037765]]]}, "properties": {"OBJECTID": 5640, "PROJECT_NO": "26-0209-00", "DESCRIPTION": "DVP for variances to previously approved comprehensive sign design package.", "STATUS": "Initial Review", "WEBLINK": "https://citizenportal.surrey.ca/citizenportal/integration/publicProjectForward.html?year=26 seq=0209", "APPLICATION_DOCUMENTS_WEBLINK": null, "assign_lon": -122.846475, "assign_lat": 49.182312, "pilot_area": "city_centre"}}, {"type": "Feature", "id": 6338, "geometry": {"type": "Polygon", "coordinates": [[[-122.861141277759, 49.1897810262469], [-122.861331618734, 49.1896393995843], [-122.861569818411, 49.1894619386355], [-122.861587421804, 49.1894488265605], [-122.861696093977, 49.1895056281874], [-122.861796239692, 49.1895688070881], [-122.861887038891, 49.1896376408789], [-122.861967801989, 49.189711860697], [-122.862037713516, 49.1897905642575], [-122.862096359347, 49.1898731223126], [-122.861020113695, 49.1898712835077], [-122.861141277759, 49.1897810262469]]]}, "properties": {"OBJECTID": 6338, "PROJECT_NO": "26-0127-00", "DESCRIPTION": "Development Variance Permit to reduce building setbacks and allow a detached garage to be accessed from a street for a new houseplex  garden suite and coach house. ", "STATUS": "Under Review", "WEBLINK": "https://citizenportal.surrey.ca/citizenportal/integration/publicProjectForward.html?year=26 seq=0127", "APPLICATION_DOCUMENTS_WEBLINK": null, "assign_lon": -122.861606, "assign_lat": 49.189676, "pilot_area": "city_centre"}}, {"type": "Feature", "id": 6769, "geometry": {"type": "Polygon", "coordinates": [[[-122.851664970548, 49.200308326093], [-122.851671084187, 49.2000068975816], [-122.851795174136, 49.2000080472588], [-122.851804328203, 49.1995644085959], [-122.852206653747, 49.199567894363], [-122.852203303664, 49.1998164313498], [-122.852705015095, 49.1998205840317], [-122.852702657006, 49.2000132605245], [-122.852200809035, 49.2000082090272], [-122.85219831823, 49.2002000784551], [-122.852195826302, 49.2003918570226], [-122.852193334353, 49.2005836355836], [-122.852192471334, 49.2006429144523], [-122.852192109396, 49.2006722395894], [-122.852142265221, 49.2006310654401], [-122.852089808686, 49.2005913280722], [-122.85203460061, 49.2005532072102], [-122.851664970548, 49.200308326093]]]}, "properties": {"OBJECTID": 6769, "PROJECT_NO": "19-0095-00", "DESCRIPTION": "Rezoning from CD B/L 10464 and RF to CD(based on ?); Development Permit to permit the construction of approximately 500 residential units and 1580m2 of office space within one mid rise and one high rise building and Subdivision to create 2 separate development sites.", "STATUS": "Initial Review", "WEBLINK": "https://citizenportal.surrey.ca/citizenportal/integration/publicProjectForward.html?year=19 seq=0095", "APPLICATION_DOCUMENTS_WEBLINK": null, "assign_lon": -122.851934, "assign_lat": 49.200107, "pilot_area": "city_centre"}}, {"type": "Feature", "id": 7140, "geometry": {"type": "Polygon", "coordinates": [[[-122.841090925042, 49.2060304016843], [-122.840869393595, 49.2060292070556], [-122.840873890663, 49.2057525466234], [-122.841095043349, 49.2057537380243], [-122.841090925042, 49.2060304016843]]]}, "properties": {"OBJECTID": 7140, "PROJECT_NO": "24-0246-00", "DESCRIPTION": "Heritage Alteration to allow exterior renovations to the front stairway  adding a retaining wall  new siding  new front door.", "STATUS": "Initial Review", "WEBLINK": "https://citizenportal.surrey.ca/citizenportal/integration/publicProjectForward.html?year=24 seq=0246", "APPLICATION_DOCUMENTS_WEBLINK": null, "assign_lon": -122.840982, "assign_lat": 49.205891, "pilot_area": "city_centre"}}, {"type": "Feature", "id": 7160, "geometry": {"type": "Polygon", "coordinates": [[[-122.84826150293, 49.1899580638076], [-122.848229375971, 49.1899540096795], [-122.84816622422, 49.1899539419665], [-122.848133312297, 49.1899539067901], [-122.848029089607, 49.1899537948841], [-122.847925231983, 49.1899536824653], [-122.847918032285, 49.1899536747841], [-122.84785054149, 49.1899086731393], [-122.847855892942, 49.1896829767093], [-122.848091877715, 49.1896853418716], [-122.848093460759, 49.1896160970465], [-122.848037145247, 49.1896156379622], [-122.848006380397, 49.1895944170875], [-122.848011335013, 49.1893568975604], [-122.848026188766, 49.1893433845401], [-122.848003650873, 49.1893327206079], [-122.847969313676, 49.1893639593541], [-122.84786349826, 49.1893622539287], [-122.847869350711, 49.189115456003], [-122.847870800879, 49.1890542825044], [-122.847874098128, 49.1889152748861], [-122.847943692337, 49.1888704303842], [-122.848125714568, 49.1888706761846], [-122.848153097204, 49.188870900192], [-122.848180466304, 49.1888715109741], [-122.848207808153, 49.1888725067138], [-122.848253624535, 49.1888750442337], [-122.848299272927, 49.1888786636523], [-122.848344691582, 49.1888833621904], [-122.848391613095, 49.1888893822976], [-122.849536806522, 49.189051006607], [-122.849561059085, 49.1890710617944], [-122.849594167608, 49.1890984066278], [-122.849602593626, 49.1891053637907], [-122.849601942673, 49.1891304095266], [-122.849579866071, 49.1899797247146], [-122.849510117361, 49.1900238989413], [-122.849488973163, 49.1900236599981], [-122.848796899186, 49.1900158278194], [-122.848708371365, 49.1900148249471], [-122.84847071379, 49.1899844663019], [-122.848388426279, 49.1899740820525], [-122.848270348889, 49.189959180055], [-122.84826150293, 49.1899580638076]]]}, "properties": {"OBJECTID": 7160, "PROJECT_NO": "26-0053-00", "DESCRIPTION": "Detailed Development Permit (Phase 1) of a 12-storey mixed-use office and institutional tower containing ground-floor commercial retail space  Simon Fraser University (SFU) medical school  childcare and office space; Development Variance Permit for a reduction in parking and visitor bicycle parking spaces for the university and to allow for a portion of the required parking to be located on the SFU at Central City (SRYC) and SFU on University Drive (SRE) campuses.", "STATUS": "Conditional Approval", "WEBLINK": "https://citizenportal.surrey.ca/citizenportal/integration/publicProjectForward.html?year=26 seq=0053", "APPLICATION_DOCUMENTS_WEBLINK": null, "assign_lon": -122.848801, "assign_lat": 49.189479, "pilot_area": "city_centre"}}, {"type": "Feature", "id": 7187, "geometry": {"type": "Polygon", "coordinates": [[[-122.855255126369, 49.1866565733216], [-122.855249144972, 49.1869000594737], [-122.855243622557, 49.1872660922406], [-122.854766364553, 49.1871009559245], [-122.854776886246, 49.1865396885425], [-122.855257647931, 49.1865443984348], [-122.855255126369, 49.1866565733216]]]}, "properties": {"OBJECTID": 7187, "PROJECT_NO": "25-0339-00", "DESCRIPTION": "Rezoning from Urban Residential Zone (R3) to Comprehensive Development Zone (CD) (based on Multiple Residential 70 Zone (RM-70); Development Permit to permit a 6 storey building containing 72 residential units.", "STATUS": "Initial Review", "WEBLINK": "https://citizenportal.surrey.ca/citizenportal/integration/publicProjectForward.html?year=25 seq=0339", "APPLICATION_DOCUMENTS_WEBLINK": null, "assign_lon": -122.855008, "assign_lat": 49.187001, "pilot_area": "city_centre"}}, {"type": "Feature", "id": 7277, "geometry": {"type": "Polygon", "coordinates": [[[-122.840601290579, 49.179178899196], [-122.840480087234, 49.1791625456273], [-122.839455966827, 49.1790253741972], [-122.838951517986, 49.178958639734], [-122.838933287498, 49.1771350864351], [-122.838933185902, 49.177124111973], [-122.839753956779, 49.1771281376804], [-122.840249136115, 49.1771305355327], [-122.840710345288, 49.1771331146926], [-122.840688869945, 49.1775361772373], [-122.840667875147, 49.1779300543683], [-122.840662594699, 49.1780289940589], [-122.840618806989, 49.1788503352379], [-122.840601290579, 49.179178899196]]]}, "properties": {"OBJECTID": 7277, "PROJECT_NO": "26-0219-00", "DESCRIPTION": "Development Permit for Streamside Area; Temporary Use Permit to expand existing parking lot to approximately 223 parking spaces to service Surrey Memorial Hospital  Laurel Place Care Centre  and the surrounding medical district.", "STATUS": "Initial Review", "WEBLINK": "https://citizenportal.surrey.ca/citizenportal/integration/publicProjectForward.html?year=26 seq=0219", "APPLICATION_DOCUMENTS_WEBLINK": null, "assign_lon": -122.839794, "assign_lat": 49.17844, "pilot_area": "city_centre"}}, {"type": "Feature", "id": 7396, "geometry": {"type": "Polygon", "coordinates": [[[-122.855015857355, 49.1961714161251], [-122.853971273972, 49.196164505051], [-122.853969756113, 49.19593503087], [-122.855013401636, 49.1959394805639], [-122.855015857355, 49.1961714161251]]]}, "properties": {"OBJECTID": 7396, "PROJECT_NO": "24-0155-00", "DESCRIPTION": "Rezoning from R2   R3 to CD (based on C-5 and RM-70); Consolidation from two (2) lots into one (1) lot; Development Permit for a 6 story mixed-use apartment building with 68 units and 813 sq.m of commercial floor area.", "STATUS": "Under Review", "WEBLINK": "https://citizenportal.surrey.ca/citizenportal/integration/publicProjectForward.html?year=24 seq=0155", "APPLICATION_DOCUMENTS_WEBLINK": null, "assign_lon": -122.854493, "assign_lat": 49.196052, "pilot_area": "city_centre"}}, {"type": "Feature", "id": 7619, "geometry": {"type": "Polygon", "coordinates": [[[-122.836529916486, 49.1840811731288], [-122.836577212855, 49.1832789758629], [-122.83714326995, 49.1832865399608], [-122.837125392973, 49.1835865865282], [-122.837124857127, 49.1835955712122], [-122.837095524419, 49.1840878921588], [-122.837095145337, 49.1840942657176], [-122.836529550177, 49.1840873964819], [-122.836529916486, 49.1840811731288]]]}, "properties": {"OBJECTID": 7619, "PROJECT_NO": "26-0255-00", "DESCRIPTION": "Development Variance Permit to waive the requirement under Part 4  General Provisions  Section B.2(b) of Zoning By-law No. 12000 for a planted strip at least 1.5 m wide to be maintained on all boundaries of the site used for City utilities; and waive the requirement under Part 4  General Provisions  Section B.2(b) of Zoning By-law No. 12000 for a planted strip at least 1.5 m wide to be maintained on all boundaries of the site used for City utilities.", "STATUS": "Under Review", "WEBLINK": "https://citizenportal.surrey.ca/citizenportal/integration/publicProjectForward.html?year=26 seq=0255", "APPLICATION_DOCUMENTS_WEBLINK": null, "assign_lon": -122.836827, "assign_lat": 49.183838, "pilot_area": "city_centre"}}, {"type": "Feature", "id": 8468, "geometry": {"type": "Polygon", "coordinates": [[[-122.850840057006, 49.1800506426213], [-122.851157301333, 49.18004934731], [-122.85116214434, 49.1804430804391], [-122.850844899139, 49.1804442858099], [-122.850527652278, 49.18044558116], [-122.85052281239, 49.1800520279137], [-122.850840057006, 49.1800506426213]]]}, "properties": {"OBJECTID": 8468, "PROJECT_NO": "25-0121-00", "DESCRIPTION": "Rezoning from Urban Residential Zone (R3) to Comprehensive Development Zone (CD) (based on Multiple Residential 70 Zone); Subdivision from two (2) lots into one (1) lot; Development Permit to permit the development of a 6 storey residential building  totaling 76 residential units with two levels of an underground parkade.", "STATUS": "Initial Review", "WEBLINK": "https://citizenportal.surrey.ca/citizenportal/integration/publicProjectForward.html?year=25 seq=0121", "APPLICATION_DOCUMENTS_WEBLINK": null, "assign_lon": -122.850842, "assign_lat": 49.180248, "pilot_area": "city_centre"}}, {"type": "Feature", "id": 8685, "geometry": {"type": "Polygon", "coordinates": [[[-122.849296792909, 49.1943358082845], [-122.848441578239, 49.1943299702663], [-122.848373648598, 49.1942845447083], [-122.848388299031, 49.1932951905061], [-122.848457558743, 49.1932507302874], [-122.849311200108, 49.1932569034662], [-122.849380567486, 49.1933023654378], [-122.849366047858, 49.1942913196371], [-122.849296792909, 49.1943358082845]]]}, "properties": {"OBJECTID": 8685, "PROJECT_NO": "25-0086-00", "DESCRIPTION": "Development Variance Permit to vary the  District Energy System Bylaw  2012  No 17667. ", "STATUS": "Initial Review", "WEBLINK": "https://citizenportal.surrey.ca/citizenportal/integration/publicProjectForward.html?year=25 seq=0086", "APPLICATION_DOCUMENTS_WEBLINK": null, "assign_lon": -122.848877, "assign_lat": 49.193793, "pilot_area": "city_centre"}}, {"type": "Feature", "id": 8747, "geometry": {"type": "Polygon", "coordinates": [[[-122.843179652497, 49.1777905807317], [-122.842257450061, 49.1777895649575], [-122.842289768704, 49.1771908520245], [-122.842360762511, 49.177146272676], [-122.843173048726, 49.1771504325137], [-122.843212740509, 49.1771776010735], [-122.843179652497, 49.1777905807317]]]}, "properties": {"OBJECTID": 8747, "PROJECT_NO": "26-0076-00", "DESCRIPTION": "Delegated Development Variance Permit for signage. ", "STATUS": "Under Review", "WEBLINK": "https://citizenportal.surrey.ca/citizenportal/integration/publicProjectForward.html?year=26 seq=0076", "APPLICATION_DOCUMENTS_WEBLINK": null, "assign_lon": -122.842735, "assign_lat": 49.17749, "pilot_area": "city_centre"}}, {"type": "Feature", "id": 9589, "geometry": {"type": "Polygon", "coordinates": [[[-122.837965638189, 49.1995254238121], [-122.837954698992, 49.1989692212464], [-122.838205345539, 49.1989697552355], [-122.83855880299, 49.1989705232845], [-122.838986113514, 49.1989706736068], [-122.838993621704, 49.1993623443746], [-122.838996653265, 49.1995270545203], [-122.839003694675, 49.1998929971157], [-122.838581945383, 49.2001197190214], [-122.838231697644, 49.2003074108541], [-122.837983622718, 49.2004403736061], [-122.837965638189, 49.1995254238121]]]}, "properties": {"OBJECTID": 9589, "PROJECT_NO": "26-0028-00", "DESCRIPTION": "Rezoning from Suburban Residential Zone (R1) and Urban Residential Zone (R3) to Comprehensive Development Zone (CD) (based on RM-70); Subdivision (consolidation) from six (6) lots into one (1) lot; Development Permit to permit the development of 2 six-storey residential buildings containing 366 residential dwelling units and two levels of underground parking. \n\n", "STATUS": "Conditional Approval", "WEBLINK": "https://citizenportal.surrey.ca/citizenportal/integration/publicProjectForward.html?year=26 seq=0028", "APPLICATION_DOCUMENTS_WEBLINK": null, "assign_lon": -122.838485, "assign_lat": 49.19971, "pilot_area": "city_centre"}}, {"type": "Feature", "id": 10084, "geometry": {"type": "Polygon", "coordinates": [[[-122.845551306973, 49.1947781083942], [-122.845554786277, 49.1945440513061], [-122.846139477626, 49.194548615121], [-122.846136276988, 49.1947822219314], [-122.845551306973, 49.1947781083942]]]}, "properties": {"OBJECTID": 10084, "PROJECT_NO": "23-0368-00", "DESCRIPTION": "Development Permit to permit exterior alterations to an existing restaurant and to accommodate a drive-through restaurant window and associated queueing. Development Variance Permit to relax the number of parking spaces from 16-13 and to reduce the side yard setback flanking street from 7.5 m. to 0.97 m and the side yard setback from 7.5 m to 6.25 m.", "STATUS": "Under Review", "WEBLINK": "https://citizenportal.surrey.ca/citizenportal/integration/publicProjectForward.html?year=23 seq=0368", "APPLICATION_DOCUMENTS_WEBLINK": null, "assign_lon": -122.845845, "assign_lat": 49.194663, "pilot_area": "city_centre"}}, {"type": "Feature", "id": 10143, "geometry": {"type": "Polygon", "coordinates": [[[-122.845012509727, 49.1826688681156], [-122.844592448377, 49.1825089863367], [-122.844626886456, 49.182470107156], [-122.843915279209, 49.1821992515398], [-122.84388084213, 49.1822381314112], [-122.843637537999, 49.1821455883626], [-122.8437256697, 49.1820460878976], [-122.843659969208, 49.1820210800946], [-122.843858930257, 49.181796452347], [-122.844097367074, 49.1818300886979], [-122.844339526095, 49.1818491337395], [-122.844583334234, 49.1818534236423], [-122.844826702906, 49.1818429214076], [-122.845067548617, 49.1818177177945], [-122.845133599064, 49.1818529664578], [-122.845126894082, 49.1821833372891], [-122.845117833108, 49.1826297249824], [-122.845012509727, 49.1826688681156]]]}, "properties": {"OBJECTID": 10143, "PROJECT_NO": "22-0261-00", "DESCRIPTION": "Development Permit to permit the development of a single-storey  standalone commercial building to accommodate a restaurant in an approved mixed-use development. ", "STATUS": "Initial Review", "WEBLINK": "https://citizenportal.surrey.ca/citizenportal/integration/publicProjectForward.html?year=22 seq=0261", "APPLICATION_DOCUMENTS_WEBLINK": null, "assign_lon": -122.844546, "assign_lat": 49.182219, "pilot_area": "city_centre"}}, {"type": "Feature", "id": 10410, "geometry": {"type": "Polygon", "coordinates": [[[-122.853964483775, 49.1950720991421], [-122.853963346254, 49.1948994766946], [-122.853962345998, 49.194726853516], [-122.85396120986, 49.1945542319595], [-122.85448400709, 49.1945564246248], [-122.854998734772, 49.1945578078079], [-122.855000567405, 49.1947305165824], [-122.855002401419, 49.194903226253], [-122.854486147122, 49.1949016693536], [-122.854487286462, 49.1950742917975], [-122.853964483775, 49.1950720991421]]]}, "properties": {"OBJECTID": 10410, "PROJECT_NO": "26-0184-00", "DESCRIPTION": "Development Permit to construct a 30-storey mixed use tower consisting of 321 residential units and 735 sqm of commercial   daycare space  with a total of 24 291.29 sqm. Rezoning from R3 to MR9-C to facilitate the consolidation of 5 lots into 1 lot; OCP Amendment  to High-Rise II.", "STATUS": "Initial Review", "WEBLINK": "https://citizenportal.surrey.ca/citizenportal/integration/publicProjectForward.html?year=26 seq=0184", "APPLICATION_DOCUMENTS_WEBLINK": null, "assign_lon": -122.854482, "assign_lat": 49.194815, "pilot_area": "city_centre"}}, {"type": "Feature", "id": 10888, "geometry": {"type": "Polygon", "coordinates": [[[-122.847483803875, 49.1915131187337], [-122.845685073416, 49.1915058566561], [-122.845602212107, 49.1914507817993], [-122.845619572611, 49.1901605797696], [-122.847513090254, 49.1901674337496], [-122.847502162601, 49.1905939847512], [-122.847496026558, 49.1908466597649], [-122.847483803875, 49.1915131187337]]]}, "properties": {"OBJECTID": 10888, "PROJECT_NO": "25-0091-00", "DESCRIPTION": "Delegated Development Variance Permit to vary the north and west setbacks in the future CD Zone (Bylaw No. 21264) to facilitate the retention of the existing building (10388 City Parkway) for a presentation centre. ", "STATUS": "Initial Review", "WEBLINK": "https://citizenportal.surrey.ca/citizenportal/integration/publicProjectForward.html?year=25 seq=0091", "APPLICATION_DOCUMENTS_WEBLINK": null, "assign_lon": -122.846556, "assign_lat": 49.19072, "pilot_area": "city_centre"}}, {"type": "Feature", "id": 10971, "geometry": {"type": "Polygon", "coordinates": [[[-122.839840344465, 49.1812125850707], [-122.839954169903, 49.1810843775915], [-122.840477899026, 49.1812838218097], [-122.840476304703, 49.1813098161343], [-122.840426029954, 49.1821755433975], [-122.840380416414, 49.1829571714656], [-122.840260767965, 49.1829541248302], [-122.840273690096, 49.1827350181267], [-122.840286612115, 49.1825159105137], [-122.840299395424, 49.1822968026992], [-122.84031231721, 49.1820776950664], [-122.839790103444, 49.1820644593036], [-122.839803027125, 49.1818454416741], [-122.839815949605, 49.1816263349795], [-122.839828871971, 49.1814072273753], [-122.839840344465, 49.1812125850707]]]}, "properties": {"OBJECTID": 10971, "PROJECT_NO": "25-0216-00", "DESCRIPTION": "Rezoning from Town Centre Commercial Zone (C-15) and Quarter Acre Residential Zone (R2) to Comprehensive Development Zone (CD) (based on based on the Multiple Residential 70 Zone (RM-70); Subdivision (Consolidation) from three (3) lots to one (1) lot  and an environmental lot and provision of road dedication; Development Variance Permit (a) in Section B.1 Streamside Setback Areas of Part 7A Riparian Protection reduce the minimum streamside setback  measured from top of bank  for a Class A stream from 30 metres to 16.5 metres; Development Permit to permit the development of a 6-storey apartment building with 159 units within Hazard Lands (Steep Slope Areas) and Sensitive Sensitive Ecosystem (Streamside Areas). ", "STATUS": "Conditional Approval", "WEBLINK": "https://citizenportal.surrey.ca/citizenportal/integration/publicProjectForward.html?year=25 seq=0216", "APPLICATION_DOCUMENTS_WEBLINK": null, "assign_lon": -122.840118, "assign_lat": 49.181955, "pilot_area": "city_centre"}}, {"type": "Feature", "id": 12169, "geometry": {"type": "Polygon", "coordinates": [[[-122.846005894296, 49.1776545171381], [-122.845999109158, 49.1773733118509], [-122.846007578634, 49.1773499784284], [-122.846019311522, 49.1773273258062], [-122.846033923502, 49.1773053975483], [-122.846051414019, 49.1772843717605], [-122.846071509469, 49.1772644288834], [-122.846094344032, 49.1772456590478], [-122.846119507997, 49.1772283315665], [-122.84614699834, 49.1772125363875], [-122.846176405907, 49.1771983629175], [-122.846207590472, 49.1771859009217], [-122.846240278716, 49.1771752399884], [-122.846274332879, 49.1771665598397], [-122.846309341343, 49.1771598608263], [-122.846345166912, 49.1771551409655], [-122.84647101409, 49.1771418980782], [-122.846973314871, 49.1771443026524], [-122.846970704078, 49.1771887271972], [-122.846943578695, 49.1776500363409], [-122.846005894296, 49.1776545171381]]]}, "properties": {"OBJECTID": 12169, "PROJECT_NO": "25-0122-00", "DESCRIPTION": "Rezoning from Self-Service Gasoline Station Zone (CG-1) to Comprehensive Development Zone (CD) (based on CG-1); Development permit to permit the redevelopment of a gas station  convenience store and electric vehicle (EV) charging station within Hazard Lands (Steep Slope Areas) and Sensitive Ecosystems (Streamside Areas).", "STATUS": "Initial Review", "WEBLINK": "https://citizenportal.surrey.ca/citizenportal/integration/publicProjectForward.html?year=25 seq=0122", "APPLICATION_DOCUMENTS_WEBLINK": null, "assign_lon": -122.846477, "assign_lat": 49.177512, "pilot_area": "city_centre"}}, {"type": "Feature", "id": 13121, "geometry": {"type": "Polygon", "coordinates": [[[-122.849839994397, 49.1987979763184], [-122.849842477327, 49.1983872509764], [-122.850135120677, 49.198389881691], [-122.850427626526, 49.1983926005397], [-122.850424873909, 49.198803325543], [-122.850132503736, 49.1988007858711], [-122.849839994397, 49.1987979763184]]]}, "properties": {"OBJECTID": 13121, "PROJECT_NO": "24-0033-00", "DESCRIPTION": "Rezoning from RF to CD (Based on RM-135   C-8)  OCP Amendment from  5.5 FAR  to  7.5 FAR   City Centre Plan Amendment for a portion of the site from  Plaza  to  High-Rise Mixed Use  and  High-Rise Mixed Use 15.5 FAR  to  27.5 FAR   Consolidation from two (2) to one (1) lot  and a Development Permit for 298 residential units  and 4 397.00 sq. m. of commercial space. ", "STATUS": "Initial Review", "WEBLINK": "https://citizenportal.surrey.ca/citizenportal/integration/publicProjectForward.html?year=24 seq=0033", "APPLICATION_DOCUMENTS_WEBLINK": null, "assign_lon": -122.850134, "assign_lat": 49.198595, "pilot_area": "city_centre"}}, {"type": "Feature", "id": 13590, "geometry": {"type": "Polygon", "coordinates": [[[-122.845541606371, 49.1954642653269], [-122.845543411027, 49.1953268184179], [-122.846581600429, 49.1953340562938], [-122.846580897795, 49.1954715955343], [-122.846580060666, 49.1956086839277], [-122.846101863621, 49.195605345536], [-122.846103115214, 49.1954682576979], [-122.846019526127, 49.1954676056691], [-122.845541606371, 49.1954642653269]]]}, "properties": {"OBJECTID": 13590, "PROJECT_NO": "24-0304-00", "DESCRIPTION": "Rezoning from Highway Commercial Industrial Zone (CHI) to Comprehensive Development Zone (CD) (based on Multiple Residential 135 Zone (RM-135) and Community Commercial Zone (C-8); Subdivision (Consolidation) from two (2) lots into one (1) lot; Official Community Plan (OCP) Text Amendment to a portion of the site from 3.5 FAR to 7.5 FAR   a portion of the site from 3.5 FAR to 11.04 FAR; Neighbourhood Concept Plan (NCP) Amendment to the City Centre Plan from Mid to High Rise Mixed Use to High Rise Mixed Use; Development Permit to allow the development of a 31 storey building  containing 296 residential units and 482.83 sq. m of commercial space.", "STATUS": "Initial Review", "WEBLINK": "https://citizenportal.surrey.ca/citizenportal/integration/publicProjectForward.html?year=24 seq=0304", "APPLICATION_DOCUMENTS_WEBLINK": null, "assign_lon": -122.846321, "assign_lat": 49.195468, "pilot_area": "city_centre"}}, {"type": "Feature", "id": 488, "geometry": {"type": "Polygon", "coordinates": [[[-122.775075197375, 49.1560553767179], [-122.775074073134, 49.1560007725564], [-122.776092689419, 49.1563965664133], [-122.77702013546, 49.1567567334346], [-122.776977483569, 49.1568171000272], [-122.776458203262, 49.1575526385988], [-122.776333696178, 49.15772897771], [-122.776180477706, 49.1579458292972], [-122.775780239903, 49.1579503619134], [-122.775115692214, 49.1579577969518], [-122.775075197375, 49.1560553767179]]]}, "properties": {"OBJECTID": 488, "PROJECT_NO": "19-0366-00", "DESCRIPTION": "OCP Amendment for a portion of the subject site from Multiple Residential to Town Centre TCP Stage 1 Amendment of a portion from Mid Rise Transition Mixed Use to Mid Rise Transition and a portion from High Rise Mixed Use to Fleetwood Centre; Rezoning from RA and CHI to CD (based on RM-150); General Development Permit to permit the development of two high-rise mixed-use buildings and one mid-rise residential building as part of a multi-phased development and the creation of a lot for Park purposes", "STATUS": "Conditional Approval", "WEBLINK": "https://citizenportal.surrey.ca/citizenportal/integration/publicProjectForward.html?year=19 seq=0366", "APPLICATION_DOCUMENTS_WEBLINK": "https://cosmos.surrey.ca/geo_ref/Images/DevelopmentApplicationDocuments/PLR_7919-0366-00.pdf", "assign_lon": -122.775909, "assign_lat": 49.157185, "pilot_area": "fleetwood"}}, {"type": "Feature", "id": 830, "geometry": {"type": "Polygon", "coordinates": [[[-122.778688689315, 49.1545179422445], [-122.7787179016, 49.1545178174209], [-122.778717908152, 49.1547321765432], [-122.778717776194, 49.1549465335928], [-122.778717612199, 49.1551837838241], [-122.778717650542, 49.1553756095476], [-122.777820840695, 49.1553773965989], [-122.777369611001, 49.1553794078388], [-122.777369475388, 49.1553484634587], [-122.777369201494, 49.1549502408946], [-122.777368969532, 49.1547877847102], [-122.777368933085, 49.1547347127724], [-122.777368879227, 49.1547158223615], [-122.777368663304, 49.1545191846395], [-122.778688689315, 49.1545179422445]]]}, "properties": {"OBJECTID": 830, "PROJECT_NO": "18-0134-00", "DESCRIPTION": "Rezoning from One-Acre Residential Zone (RA) to Comprehensive Development Zone (CD); Subdivision (Consolidation) from five (5) lots into one (1) lot; Partial Official Community Plan (OCP) Amendment from Multiple Residential to Town Centre; Official Community Plan (OCP) Text Amendment to allow a higher density in the Town Centre designation; Town Centre Plan (TCP) Amendment from Low to High Rise Mixed Use and Low Rise Residential to High Rise Mixed Use; Development Permit to allow the development of one 5-storey  one 6-storey and one 30-storey mixed-use building with 529 dwelling units and 1 846 square metres of at-grade commercial space  including a child care centre  in Fleetwood.", "STATUS": "Conditional Approval", "WEBLINK": "https://citizenportal.surrey.ca/citizenportal/integration/publicProjectForward.html?year=18 seq=0134", "APPLICATION_DOCUMENTS_WEBLINK": "https://cosmos.surrey.ca/geo_ref/Images/DevelopmentApplicationDocuments/PLR_7918-0134-00.pdf", "assign_lon": -122.778043, "assign_lat": 49.154948, "pilot_area": "fleetwood"}}, {"type": "Feature", "id": 1874, "geometry": {"type": "Polygon", "coordinates": [[[-122.775598359387, 49.1550080753115], [-122.775599829252, 49.1553506196829], [-122.775455406742, 49.1553515991881], [-122.775419881874, 49.1553521597792], [-122.775384217163, 49.1553536196257], [-122.775348823081, 49.1553558895722], [-122.775347652426, 49.1550082175107], [-122.775598359387, 49.1550080753115]]]}, "properties": {"OBJECTID": 1874, "PROJECT_NO": "17-0383-00", "DESCRIPTION": "Rezoning from RA to CD (based on C-5); Development Permit to permit the development of a two-storey office building with surface parking in Fleetwood Town Centre.", "STATUS": "Initial Review", "WEBLINK": "https://citizenportal.surrey.ca/citizenportal/integration/publicProjectForward.html?year=17 seq=0383", "APPLICATION_DOCUMENTS_WEBLINK": "https://cosmos.surrey.ca/geo_ref/Images/DevelopmentApplicationDocuments/PLR_7917-0383-00.pdf", "assign_lon": -122.775474, "assign_lat": 49.155179, "pilot_area": "fleetwood"}}, {"type": "Feature", "id": 457, "geometry": {"type": "Polygon", "coordinates": [[[-122.695092440255, 49.0310069197317], [-122.69509199178, 49.0309688222395], [-122.69507205458, 49.0292933683808], [-122.693005629246, 49.0292786987673], [-122.691420516981, 49.0292674220541], [-122.691412144078, 49.0284796090833], [-122.695900688858, 49.0285094493301], [-122.695953103842, 49.0310125432211], [-122.695092440255, 49.0310069197317]]]}, "properties": {"OBJECTID": 457, "PROJECT_NO": "18-0018-00", "DESCRIPTION": "Rezoning from A-1 to PC; Development Permit to permit the expansion of an existing cemetery. Development Variance permit to reduce parking spots from 240 to 186. ", "STATUS": "Conditional Approval", "WEBLINK": "https://citizenportal.surrey.ca/citizenportal/integration/publicProjectForward.html?year=18 seq=0018", "APPLICATION_DOCUMENTS_WEBLINK": "https://cosmos.surrey.ca/geo_ref/Images/DevelopmentApplicationDocuments/PLR_7918-0018-00.pdf", "assign_lon": -122.695508, "assign_lat": 49.030131, "pilot_area": "campbell_heights"}}, {"type": "Feature", "id": 622, "geometry": {"type": "Polygon", "coordinates": [[[-122.681171776263, 49.0602266947875], [-122.681176553028, 49.0612580386969], [-122.68069401059, 49.0612588717557], [-122.680689382991, 49.0602271693102], [-122.681171776263, 49.0602266947875]]]}, "properties": {"OBJECTID": 622, "PROJECT_NO": "20-0040-00", "DESCRIPTION": "Rezoning from General Agriculture Zone (A-1) to Comprehensive Development Zone (CD) (based on \r\nCommunity Commercial Zone (C-8); Local Area Plan (LAP) Amendment from Open Space Corridor/Buffer and Business Park to Commercial; Development Permit; and Subdivision for road dedication to allow the development of a two-storey 3 092-square-metre commercial building.", "STATUS": "Conditional Approval", "WEBLINK": "https://citizenportal.surrey.ca/citizenportal/integration/publicProjectForward.html?year=20 seq=0040", "APPLICATION_DOCUMENTS_WEBLINK": "https://cosmos.surrey.ca/geo_ref/Images/DevelopmentApplicationDocuments/PLR_7920-0040-00.pdf", "assign_lon": -122.680933, "assign_lat": 49.060743, "pilot_area": "campbell_heights"}}, {"type": "Feature", "id": 823, "geometry": {"type": "Polygon", "coordinates": [[[-122.689926600211, 49.0538779846208], [-122.688748275246, 49.0538816719639], [-122.687534492743, 49.0538854365936], [-122.687527881533, 49.0529928071669], [-122.68991855414, 49.0529882345777], [-122.689926600211, 49.0538779846208]]]}, "properties": {"OBJECTID": 823, "PROJECT_NO": "17-0002-00", "DESCRIPTION": "Rezoning from IA to IB-1; Development Permit / Development Variance Permit to permit the development of a 9 632 square metre multi-tenant light industrial business park building", "STATUS": "Conditional Approval", "WEBLINK": "https://citizenportal.surrey.ca/citizenportal/integration/publicProjectForward.html?year=17 seq=0002", "APPLICATION_DOCUMENTS_WEBLINK": "https://cosmos.surrey.ca/geo_ref/Images/DevelopmentApplicationDocuments/PLR_7917-0002-00.pdf", "assign_lon": -122.688727, "assign_lat": 49.053435, "pilot_area": "campbell_heights"}}, {"type": "Feature", "id": 826, "geometry": {"type": "MultiPolygon", "coordinates": [[[[-122.680600818533, 49.0493711845794], [-122.685827924491, 49.0493684398677], [-122.685858267742, 49.052814252126], [-122.680641507572, 49.0528071463654], [-122.680600818533, 49.0493711845794]]], [[[-122.680519637046, 49.04212416256], [-122.685748282955, 49.0421200085234], [-122.685780454679, 49.0455793621527], [-122.680556105514, 49.0455807582475], [-122.680519637046, 49.04212416256]]], [[[-122.680481284836, 49.0384865532855], [-122.685714357022, 49.0384796480543], [-122.685746684723, 49.0419391023596], [-122.68051778412, 49.0419432547065], [-122.680481284836, 49.0384865532855]]], [[[-122.680558742763, 49.0457930716734], [-122.68603741246, 49.0457916281587], [-122.686078937482, 49.049191640538], [-122.680599292342, 49.0491904766614], [-122.680558742763, 49.0457930716734]]]]}, "properties": {"OBJECTID": 826, "PROJECT_NO": "17-0009-00", "DESCRIPTION": "Rezoning from A-1 to CD (based on IB-2)  Subdivision into four (4) lots  and open space; and a Development Permit (General  Hazard Lands and Sensitive Ecosystems)", "STATUS": "Conditional Approval", "WEBLINK": "https://citizenportal.surrey.ca/citizenportal/integration/publicProjectForward.html?year=17 seq=0009", "APPLICATION_DOCUMENTS_WEBLINK": "https://cosmos.surrey.ca/geo_ref/Images/DevelopmentApplicationDocuments/PLR_7917-0009-00.pdf", "assign_lon": -122.683319, "assign_lat": 49.047492, "pilot_area": "campbell_heights"}}, {"type": "Feature", "id": 1994, "geometry": {"type": "Polygon", "coordinates": [[[-122.683984971789, 49.0602233186391], [-122.683985267848, 49.0602424727572], [-122.683985651549, 49.0602875297775], [-122.683985687385, 49.0602920249478], [-122.684009522495, 49.0631121954245], [-122.684015734338, 49.0638338325852], [-122.682776441455, 49.0638362361041], [-122.682639603701, 49.0638365363933], [-122.682623079356, 49.062031849361], [-122.682621299926, 49.0617732191144], [-122.682619384774, 49.0615144076727], [-122.682617470998, 49.0612555971225], [-122.682609784727, 49.0602250557898], [-122.683984971789, 49.0602233186391]]]}, "properties": {"OBJECTID": 1994, "PROJECT_NO": "24-0280-00", "DESCRIPTION": "Rezoning from General Agriculture Zone (A-1) to Business Park 1 Zone (IB-1); Development Variance Permit to reduce the rate at which parking is calculated for industrial floor area from 1 parking space per 100 square metres to 0.9 parking space per 100 square metres and for office floor area from 2.5 parking space per 100 square metres to 2.25 parking space per 100 square metres; Development permit to permit the development of a multi-tenant industrial and business park building.\n", "STATUS": "Conditional Approval", "WEBLINK": "https://citizenportal.surrey.ca/citizenportal/integration/publicProjectForward.html?year=24 seq=0280", "APPLICATION_DOCUMENTS_WEBLINK": "https://cosmos.surrey.ca/geo_ref/Images/DevelopmentApplicationDocuments/PLR_7924-0280-00.pdf", "assign_lon": -122.683311, "assign_lat": 49.061903, "pilot_area": "campbell_heights"}}, {"type": "Feature", "id": 1997, "geometry": {"type": "Polygon", "coordinates": [[[-122.680444806236, 49.0338979500867], [-122.680438243708, 49.033042447379], [-122.683054084887, 49.0330338057934], [-122.68306055624, 49.0338894007276], [-122.680444806236, 49.0338979500867]]]}, "properties": {"OBJECTID": 1997, "PROJECT_NO": "24-0285-00", "DESCRIPTION": "Temporary Use Permit for temporary storage of goods and parking of vehicles  boats and recreational vehicles for a maximum of 60 vehicles  for a period not to exceed three years within Sensitive Ecosystems.", "STATUS": "Conditional Approval", "WEBLINK": "https://citizenportal.surrey.ca/citizenportal/integration/publicProjectForward.html?year=24 seq=0285", "APPLICATION_DOCUMENTS_WEBLINK": "https://cosmos.surrey.ca/geo_ref/Images/DevelopmentApplicationDocuments/PLR_7924-0285-00.pdf", "assign_lon": -122.681749, "assign_lat": 49.033466, "pilot_area": "campbell_heights"}}, {"type": "Feature", "id": 2083, "geometry": {"type": "Polygon", "coordinates": [[[-122.686162799167, 49.0567491324039], [-122.688771854634, 49.0567434346393], [-122.688779736819, 49.0576978572253], [-122.686169910632, 49.057703245457], [-122.686162799167, 49.0567491324039]]]}, "properties": {"OBJECTID": 2083, "PROJECT_NO": "21-0346-00", "DESCRIPTION": "Temporary Use Permit to permit the extension of an existing temporary outdoor storage facility for cargo equipment and truck parking for a period not to exceed 2 years.", "STATUS": "Initial Review", "WEBLINK": "https://citizenportal.surrey.ca/citizenportal/integration/publicProjectForward.html?year=21 seq=0346", "APPLICATION_DOCUMENTS_WEBLINK": "https://cosmos.surrey.ca/geo_ref/Images/DevelopmentApplicationDocuments/PLR_7921-0346-00.pdf", "assign_lon": -122.687471, "assign_lat": 49.057223, "pilot_area": "campbell_heights"}}, {"type": "Feature", "id": 2219, "geometry": {"type": "Polygon", "coordinates": [[[-122.686155698967, 49.0557963028874], [-122.688763978398, 49.0557896281054], [-122.688771854634, 49.0567434346393], [-122.686162799167, 49.0567491324039], [-122.686155698967, 49.0557963028874]]]}, "properties": {"OBJECTID": 2219, "PROJECT_NO": "22-0089-00", "DESCRIPTION": "Temporary Use Permit to permit a temporary outdoor storage facility for cargo equipment and truck parking for a period not to exceed 3 years", "STATUS": "Conditional Approval", "WEBLINK": "https://citizenportal.surrey.ca/citizenportal/integration/publicProjectForward.html?year=22 seq=0089", "APPLICATION_DOCUMENTS_WEBLINK": "https://cosmos.surrey.ca/geo_ref/Images/DevelopmentApplicationDocuments/PLR_7922-0089-00.pdf", "assign_lon": -122.687464, "assign_lat": 49.05627, "pilot_area": "campbell_heights"}}, {"type": "Feature", "id": 2263, "geometry": {"type": "Polygon", "coordinates": [[[-122.698863995009, 49.034803780995], [-122.698190353006, 49.034797538686], [-122.69819159281, 49.0349103464981], [-122.697519445138, 49.03490563433], [-122.697516802668, 49.0346620262001], [-122.697478375476, 49.0312356618124], [-122.69747817195, 49.0312238770619], [-122.698149450284, 49.0312288606971], [-122.698820184272, 49.0312333892274], [-122.699492559494, 49.0312380080888], [-122.700167265923, 49.0312417286314], [-122.700841977936, 49.0312454461432], [-122.7015166887, 49.0312491597067], [-122.702191260869, 49.031252959823], [-122.702234044459, 49.034942799792], [-122.701559697375, 49.0349390032404], [-122.701352701316, 49.0349378425487], [-122.70088535124, 49.0349352927065], [-122.700211141214, 49.0349314877301], [-122.700209769512, 49.0348173293638], [-122.699579087999, 49.0348109350901], [-122.699536130373, 49.0348105551836], [-122.698863995009, 49.034803780995]]]}, "properties": {"OBJECTID": 2263, "PROJECT_NO": "22-0150-00", "DESCRIPTION": "General Agriculture Zone (A-1) to Business Park 2 Zone (IB-2);  Subdivision (Consolidation) from seven (7) lots into one (1) lot; Development Variance Permit (a) to reduce the minimum setback distance for a Class A (red-coded) channelized stream from 25 metres to 10 metres; and (b) to reduce the minimum setback distance for a Class B (yellow-coded) ditch from 7 metres to 2 metres  and (c) to vary the definition of bond in the Surrey Subdivision and Development Bylaw to include the use of a Surety Bond for a servicing agreement; General Development Permit to permit the development of a multi-tenant business park with two buildings with a total floor area of 62 620 square metres  and the creation of a lot for the pump station within Farm Protection and Sensitive Ecosystems. (Road Dedication only on property 18461 24 Ave)", "STATUS": "Conditional Approval", "WEBLINK": "https://citizenportal.surrey.ca/citizenportal/integration/publicProjectForward.html?year=22 seq=0150", "APPLICATION_DOCUMENTS_WEBLINK": "https://cosmos.surrey.ca/geo_ref/Images/DevelopmentApplicationDocuments/PLR_7922-0150-00.pdf", "assign_lon": -122.699854, "assign_lat": 49.032957, "pilot_area": "campbell_heights"}}, {"type": "Feature", "id": 2265, "geometry": {"type": "Polygon", "coordinates": [[[-122.694827825592, 49.0346433783664], [-122.694794914303, 49.0312179190046], [-122.695465779586, 49.0312223846199], [-122.696136643649, 49.0312268445328], [-122.696172135183, 49.0346483485871], [-122.695499869887, 49.0346415472641], [-122.695499939167, 49.0346526120107], [-122.694827825592, 49.0346433783664]]]}, "properties": {"OBJECTID": 2265, "PROJECT_NO": "22-0152-00", "DESCRIPTION": "Rezoning from General Agriculture Zone (A-1) to Business Park 2 Zone (IB-2); Subdivision (Consolidation) from two (2) lots into one (1) lot; General Development Permit to permit the development of a multi-tenant industrial building  with a total of 18 968 square meters of floor area.", "STATUS": "Conditional Approval", "WEBLINK": "https://citizenportal.surrey.ca/citizenportal/integration/publicProjectForward.html?year=22 seq=0152", "APPLICATION_DOCUMENTS_WEBLINK": "https://cosmos.surrey.ca/geo_ref/Images/DevelopmentApplicationDocuments/PLR_7922-0152-00.pdf", "assign_lon": -122.695483, "assign_lat": 49.032934, "pilot_area": "campbell_heights"}}, {"type": "Feature", "id": 2328, "geometry": {"type": "Polygon", "coordinates": [[[-122.688756099366, 49.054835645992], [-122.691363581975, 49.0548281160363], [-122.691367910745, 49.0553055079011], [-122.69137224044, 49.055782981588], [-122.688763978398, 49.0557896281054], [-122.686155698967, 49.0557963028874], [-122.686152146451, 49.0553196307906], [-122.688760039116, 49.0553125952399], [-122.688756099366, 49.054835645992]]]}, "properties": {"OBJECTID": 2328, "PROJECT_NO": "22-0259-00", "DESCRIPTION": "Temporary Use Permit for temporary outdoor storage of cargo equipment and truck parking for a period not to exceed 3 years. ", "STATUS": "Conditional Approval", "WEBLINK": "https://citizenportal.surrey.ca/citizenportal/integration/publicProjectForward.html?year=22 seq=0259", "APPLICATION_DOCUMENTS_WEBLINK": "https://cosmos.surrey.ca/geo_ref/Images/DevelopmentApplicationDocuments/PLR_7922-0259-00.pdf", "assign_lon": -122.690064, "assign_lat": 49.055309, "pilot_area": "campbell_heights"}}, {"type": "Feature", "id": 2361, "geometry": {"type": "Polygon", "coordinates": [[[-122.685866396212, 49.0538901234121], [-122.683257946612, 49.0538908922666], [-122.683251726148, 49.0529912497842], [-122.685859742984, 49.0529952178815], [-122.685866396212, 49.0538901234121]]]}, "properties": {"OBJECTID": 2361, "PROJECT_NO": "22-0312-00", "DESCRIPTION": "Rezoning from A-2 to IB-1; Development Permit / Development Variance Permit to permit the development of a 10 292-square-metre multi-tenant industrial building.", "STATUS": "Conditional Approval", "WEBLINK": "https://citizenportal.surrey.ca/citizenportal/integration/publicProjectForward.html?year=22 seq=0312", "APPLICATION_DOCUMENTS_WEBLINK": "https://cosmos.surrey.ca/geo_ref/Images/DevelopmentApplicationDocuments/PLR_7922-0312-00.pdf", "assign_lon": -122.684559, "assign_lat": 49.053443, "pilot_area": "campbell_heights"}}, {"type": "Feature", "id": 2432, "geometry": {"type": "Polygon", "coordinates": [[[-122.685616756745, 49.065875566336], [-122.684027906883, 49.0658775083256], [-122.684018136261, 49.0644358887731], [-122.685605572669, 49.0644402237808], [-122.685616756745, 49.065875566336]]]}, "properties": {"OBJECTID": 2432, "PROJECT_NO": "23-0081-00", "DESCRIPTION": "Rezoning from A-1 to IB-1; Consolidation from two (2) lots into one (1) lot; Development Variance Permit to reduce the rear yard setback from 7.5 metres to 0 metres; and a Development Permit for a 9 226 sq. m. multi-tenant industrial building. ", "STATUS": "Conditional Approval", "WEBLINK": "https://citizenportal.surrey.ca/citizenportal/integration/publicProjectForward.html?year=23 seq=0081", "APPLICATION_DOCUMENTS_WEBLINK": "https://cosmos.surrey.ca/geo_ref/Images/DevelopmentApplicationDocuments/PLR_7923-0081-00.pdf", "assign_lon": -122.684817, "assign_lat": 49.065158, "pilot_area": "campbell_heights"}}, {"type": "Feature", "id": 2462, "geometry": {"type": "Polygon", "coordinates": [[[-122.686141487065, 49.053889297614], [-122.687534617529, 49.0538849619663], [-122.68874821679, 49.0538811698545], [-122.688756099366, 49.054835645992], [-122.686148596168, 49.054843045917], [-122.686141487065, 49.053889297614]]]}, "properties": {"OBJECTID": 2462, "PROJECT_NO": "23-0151-00", "DESCRIPTION": "Temporary Use Permit to permit truck and tractor parking/storage for a total of 136 vehicles  for a period not to exceed three years.\n", "STATUS": "Conditional Approval", "WEBLINK": "https://citizenportal.surrey.ca/citizenportal/integration/publicProjectForward.html?year=23 seq=0151", "APPLICATION_DOCUMENTS_WEBLINK": "https://cosmos.surrey.ca/geo_ref/Images/DevelopmentApplicationDocuments/PLR_7923-0151-00.pdf", "assign_lon": -122.687449, "assign_lat": 49.054362, "pilot_area": "campbell_heights"}}, {"type": "Feature", "id": 2469, "geometry": {"type": "Polygon", "coordinates": [[[-122.682609784727, 49.0602250557898], [-122.682617470998, 49.0612555971225], [-122.681176553028, 49.0612580386969], [-122.681171776263, 49.0602266947875], [-122.682609784727, 49.0602250557898]]]}, "properties": {"OBJECTID": 2469, "PROJECT_NO": "23-0166-00", "DESCRIPTION": "Rezoning from A-1 to IB-1; Development Permit / Development Variance Permit to permit the development of two multi-tenant industrial buildings in Campbell Heights.", "STATUS": "Conditional Approval", "WEBLINK": "https://citizenportal.surrey.ca/citizenportal/integration/publicProjectForward.html?year=23 seq=0166", "APPLICATION_DOCUMENTS_WEBLINK": "https://cosmos.surrey.ca/geo_ref/Images/DevelopmentApplicationDocuments/PLR_7923-0166-00.pdf", "assign_lon": -122.681894, "assign_lat": 49.060741, "pilot_area": "campbell_heights"}}, {"type": "Feature", "id": 2480, "geometry": {"type": "Polygon", "coordinates": [[[-122.696888512938, 49.0582789473083], [-122.694348505112, 49.0582712591005], [-122.69434510632, 49.0578295023256], [-122.694342822449, 49.0573909796691], [-122.696885199046, 49.0573972376649], [-122.696886924427, 49.0578380922334], [-122.69688786248, 49.0580984626151], [-122.696888512938, 49.0582789473083]]]}, "properties": {"OBJECTID": 2480, "PROJECT_NO": "23-0196-00", "DESCRIPTION": "Rezoning from A-2 to IB-1; Development Permit / Development Variance Permit to permit the development of a 9 717 square metre multi-tenant light impact industrial business park building.", "STATUS": "Conditional Approval", "WEBLINK": "https://citizenportal.surrey.ca/citizenportal/integration/publicProjectForward.html?year=23 seq=0196", "APPLICATION_DOCUMENTS_WEBLINK": "https://cosmos.surrey.ca/geo_ref/Images/DevelopmentApplicationDocuments/PLR_7923-0196-00.pdf", "assign_lon": -122.695616, "assign_lat": 49.057834, "pilot_area": "campbell_heights"}}, {"type": "Feature", "id": 2490, "geometry": {"type": "Polygon", "coordinates": [[[-122.69130057725, 49.0659209631113], [-122.689750423138, 49.0659269896281], [-122.689747196685, 49.0655680754026], [-122.689738741163, 49.0646272620026], [-122.690194153957, 49.0646267041984], [-122.691206786408, 49.0646254571172], [-122.691289378119, 49.0646793049304], [-122.691299366659, 49.0657866583783], [-122.69130057725, 49.0659209631113]]]}, "properties": {"OBJECTID": 2490, "PROJECT_NO": "23-0212-00", "DESCRIPTION": "Development Permit in order to permit the development of an 8 408 square metre industrial building.", "STATUS": "Conditional Approval", "WEBLINK": "https://citizenportal.surrey.ca/citizenportal/integration/publicProjectForward.html?year=23 seq=0212", "APPLICATION_DOCUMENTS_WEBLINK": "https://cosmos.surrey.ca/geo_ref/Images/DevelopmentApplicationDocuments/PLR_7923-0212-00.pdf", "assign_lon": -122.690518, "assign_lat": 49.065124, "pilot_area": "campbell_heights"}}, {"type": "Feature", "id": 2535, "geometry": {"type": "Polygon", "coordinates": [[[-122.698863995009, 49.034803780995], [-122.698906912312, 49.0383940520135], [-122.698231460551, 49.0383853773521], [-122.69819159281, 49.0349103464981], [-122.698190353006, 49.034797538686], [-122.698863995009, 49.034803780995]]]}, "properties": {"OBJECTID": 2535, "PROJECT_NO": "23-0319-00", "DESCRIPTION": "Temporary Use Permit to permit a temporary trailer  tractor and vehicle parking  for a total of 79 spaces  for a period not to exceed 3 years.", "STATUS": "Initial Review", "WEBLINK": "https://citizenportal.surrey.ca/citizenportal/integration/publicProjectForward.html?year=23 seq=0319", "APPLICATION_DOCUMENTS_WEBLINK": "https://cosmos.surrey.ca/geo_ref/Images/DevelopmentApplicationDocuments/PLR_7923-0319-00.pdf", "assign_lon": -122.698549, "assign_lat": 49.036648, "pilot_area": "campbell_heights"}}, {"type": "Feature", "id": 2656, "geometry": {"type": "Polygon", "coordinates": [[[-122.680688654102, 49.060045863038], [-122.680679974206, 49.0586619241272], [-122.682420574696, 49.058660308407], [-122.682429806051, 49.0600439122387], [-122.680688654102, 49.060045863038]]]}, "properties": {"OBJECTID": 2656, "PROJECT_NO": "21-0247-00", "DESCRIPTION": "LAP Amendment to reduce the Open Space Corridors/Buffer width; Rezoning from A-1 to IB-1; Development Permit / Development Variance Permit to permit the development of a light impact industrial business park building  9 026 square metre in size.", "STATUS": "Conditional Approval", "WEBLINK": "https://citizenportal.surrey.ca/citizenportal/integration/publicProjectForward.html?year=21 seq=0247", "APPLICATION_DOCUMENTS_WEBLINK": "https://cosmos.surrey.ca/geo_ref/Images/DevelopmentApplicationDocuments/PLR_7921-0247-00.pdf", "assign_lon": -122.681555, "assign_lat": 49.059353, "pilot_area": "campbell_heights"}}, {"type": "Feature", "id": 3033, "geometry": {"type": "Polygon", "coordinates": [[[-122.680444806236, 49.0338979500867], [-122.680438243708, 49.033042447379], [-122.683054084887, 49.0330338057934], [-122.68306055624, 49.0338894007276], [-122.680444806236, 49.0338979500867]]]}, "properties": {"OBJECTID": 3033, "PROJECT_NO": "24-0291-00", "DESCRIPTION": "Rezoning from Comprehensive Development Zone (CD) to Business Park 1 Zone (IB-1); Development Permit to allow the development of a 7 407 sq. m industrial building within Hazard Lands (Steep Slope) and Sensitive Ecosystems (Streamside and Green Infrastructure) Development Permit Areas.\r\n", "STATUS": "Initial Review", "WEBLINK": "https://citizenportal.surrey.ca/citizenportal/integration/publicProjectForward.html?year=24 seq=0291", "APPLICATION_DOCUMENTS_WEBLINK": null, "assign_lon": -122.681749, "assign_lat": 49.033466, "pilot_area": "campbell_heights"}}, {"type": "Feature", "id": 5212, "geometry": {"type": "Polygon", "coordinates": [[[-122.700660371694, 49.0643989991213], [-122.700663712976, 49.0638299431273], [-122.702209864923, 49.0638339426961], [-122.702213145067, 49.064403015807], [-122.700660371694, 49.0643989991213]]]}, "properties": {"OBJECTID": 5212, "PROJECT_NO": "26-0181-00", "DESCRIPTION": "Liquor Licence Amendment to extend the hours of liquor service within the existing tasting lounge from 4:00 pm - 9:00 pm daily  to new hours from 11:00 am - 1:00 am Sunday to Thursday and 11:00 am - 2:00 am Friday and Saturday.  ", "STATUS": "Under Review", "WEBLINK": "https://citizenportal.surrey.ca/citizenportal/integration/publicProjectForward.html?year=26 seq=0181", "APPLICATION_DOCUMENTS_WEBLINK": null, "assign_lon": -122.701437, "assign_lat": 49.064116, "pilot_area": "campbell_heights"}}, {"type": "Feature", "id": 6084, "geometry": {"type": "Polygon", "coordinates": [[[-122.691363581975, 49.0548281160363], [-122.688756099366, 49.054835645992], [-122.68874821679, 49.0538811698545], [-122.689926455718, 49.0538776702878], [-122.690588878546, 49.0538754756521], [-122.691250184486, 49.0538732787241], [-122.691257025258, 49.0538732556447], [-122.691328166253, 49.0538730195447], [-122.691354921298, 49.0538729840511], [-122.691363581975, 49.0548281160363]]]}, "properties": {"OBJECTID": 6084, "PROJECT_NO": "22-0373-00", "DESCRIPTION": "Temporary Use Permit for truck parking", "STATUS": "Initial Review", "WEBLINK": "https://citizenportal.surrey.ca/citizenportal/integration/publicProjectForward.html?year=22 seq=0373", "APPLICATION_DOCUMENTS_WEBLINK": null, "assign_lon": -122.690056, "assign_lat": 49.054355, "pilot_area": "campbell_heights"}}, {"type": "Feature", "id": 8738, "geometry": {"type": "Polygon", "coordinates": [[[-122.68069401059, 49.0612588717557], [-122.681176553028, 49.0612580386969], [-122.682617470998, 49.0612555971225], [-122.682619384774, 49.0615144076727], [-122.680695231893, 49.0615175904732], [-122.68069401059, 49.0612588717557]]]}, "properties": {"OBJECTID": 8738, "PROJECT_NO": "25-0321-00", "DESCRIPTION": "Temporary Use Permit to allow a temporary truck parking facility for approximately 28 vehicles.", "STATUS": "Under Review", "WEBLINK": "https://citizenportal.surrey.ca/citizenportal/integration/publicProjectForward.html?year=25 seq=0321", "APPLICATION_DOCUMENTS_WEBLINK": null, "assign_lon": -122.681657, "assign_lat": 49.061387, "pilot_area": "campbell_heights"}}, {"type": "Feature", "id": 9085, "geometry": {"type": "Polygon", "coordinates": [[[-122.684068627756, 49.0310077008533], [-122.683898659139, 49.0238672038518], [-122.685653419267, 49.0238737775516], [-122.685724054447, 49.0274828652387], [-122.685795548216, 49.0308922940939], [-122.685797867904, 49.0310018675625], [-122.68476333361, 49.0310053610571], [-122.684068627756, 49.0310077008533]]]}, "properties": {"OBJECTID": 9085, "PROJECT_NO": "22-0131-00", "DESCRIPTION": "Rezoning the northern portion of the site from General Agriculture Zone (A-1) to Business Park 1 Zone (IB-1); Subdivision from two (2) lots into two (2) lots; Development Permit for Phase 1 to allow the development of two industrial buildings totaling 28 149 sq. m within a Sensitive Ecosystems.", "STATUS": "Under Review", "WEBLINK": "https://citizenportal.surrey.ca/citizenportal/integration/publicProjectForward.html?year=22 seq=0131", "APPLICATION_DOCUMENTS_WEBLINK": null, "assign_lon": -122.684815, "assign_lat": 49.025678, "pilot_area": "campbell_heights"}}, {"type": "Feature", "id": 9803, "geometry": {"type": "Polygon", "coordinates": [[[-122.686162929976, 49.0567492263132], [-122.688771975821, 49.0567435357162], [-122.688772980905, 49.056864925231], [-122.688779871702, 49.0576979574396], [-122.686170037969, 49.0577028041219], [-122.686162929976, 49.0567492263132]]]}, "properties": {"OBJECTID": 9803, "PROJECT_NO": "26-0088-00", "DESCRIPTION": "Temporary Use Permit to allow for temporary truck parking and outdoor storage.", "STATUS": "Under Review", "WEBLINK": "https://citizenportal.surrey.ca/citizenportal/integration/publicProjectForward.html?year=26 seq=0088", "APPLICATION_DOCUMENTS_WEBLINK": null, "assign_lon": -122.687472, "assign_lat": 49.057281, "pilot_area": "campbell_heights"}}, {"type": "Feature", "id": 10412, "geometry": {"type": "Polygon", "coordinates": [[[-122.69427916089, 49.048390978074], [-122.69428654622, 49.0491975582941], [-122.693458852396, 49.0491960968542], [-122.69345148099, 49.0483894293523], [-122.69427916089, 49.048390978074]]]}, "properties": {"OBJECTID": 10412, "PROJECT_NO": "22-0175-00", "DESCRIPTION": "Development Permit for an 865.44 sq.m addition to an existing building.", "STATUS": "Initial Review", "WEBLINK": "https://citizenportal.surrey.ca/citizenportal/integration/publicProjectForward.html?year=22 seq=0175", "APPLICATION_DOCUMENTS_WEBLINK": null, "assign_lon": -122.693869, "assign_lat": 49.048794, "pilot_area": "campbell_heights"}}, {"type": "Feature", "id": 13523, "geometry": {"type": "Polygon", "coordinates": [[[-122.694991552736, 49.0600401768077], [-122.694991359709, 49.0599952174843], [-122.694521000743, 49.059994619395], [-122.694438628101, 49.0599405630325], [-122.694431419099, 49.058530615067], [-122.694429567293, 49.0584848111551], [-122.694424487216, 49.0584391129391], [-122.694416187856, 49.0583936184936], [-122.694408941767, 49.0583538228141], [-122.694404534302, 49.0583138475427], [-122.694402978604, 49.0582737808708], [-122.695620035689, 49.0582770311685], [-122.695626069333, 49.0600409793223], [-122.694991552736, 49.0600401768077]]]}, "properties": {"OBJECTID": 13523, "PROJECT_NO": "25-0193-00", "DESCRIPTION": "Rezoning from Business Park 1 Zone (IB-1) and Intensive Agriculture Zone (A-2) to Business Park 1 Zone (IB-1); Development Variance Permit (a) in Section F. Yards and Setbacks of Part 47A Business Park 1 Zone (IB-1)  reduce the minimum west (side) yard setback from 3.6 metres to 0.0 metres to the accessory building; (b) in Section F. Yards and Setbacks of Part 47A Business Park 1 Zone (IB-1)  reduce the minimum south (rear) yard setback from 7.5 metres to 0.0 metres to the accessory building; (c) in Section G. Height of Buildings of Part 47A Business Park 1 Zone (IB-1)  increase the maximum principal building height from 14.0 metres to 22.0 metres; and (d) in Section G. Height of Buildings of Part 47A Business Park 1 Zone (IB-1)  increase the maximum accessory building height from 6.0 metres to 8.0 metres; Development Permit to allow for extension of an existing cold storage facility and construction of a new maintenance building.", "STATUS": "Conditional Approval", "WEBLINK": "https://citizenportal.surrey.ca/citizenportal/integration/publicProjectForward.html?year=25 seq=0193", "APPLICATION_DOCUMENTS_WEBLINK": null, "assign_lon": -122.695029, "assign_lat": 49.059236, "pilot_area": "campbell_heights"}}]}
