{"type": "FeatureCollection", "features": [{"type": "Feature", "geometry": {"type": "Point", "coordinates": [-122.8968482, 49.2484558]}, "properties": {"name": "Lougheed Town Centre", "public_transport": "station", "railway": "station", "station": "subway", "subway": "yes", "osm_id": 3956040169, "osm_type": "node"}}, {"type": "Feature", "geometry": {"type": "Point", "coordinates": [-122.850605, 49.1991139]}, "properties": {"name": "Gateway", "public_transport": "station", "railway": "station", "station": "subway", "subway": "yes", "osm_id": 5324415604, "osm_type": "node"}}, {"type": "Feature", "geometry": {"type": "Point", "coordinates": [-122.847876, 49.1895143]}, "properties": {"name": "Surrey Central", "public_transport": "station", "railway": "station", "station": "subway", "subway": "yes", "osm_id": 5324415606, "osm_type": "node"}}, {"type": "Feature", "geometry": {"type": "Point", "coordinates": [-122.8447317, 49.1827755]}, "properties": {"name": "King George", "public_transport": "station", "railway": "station", "station": "subway", "subway": "yes", "osm_id": 5324432723, "osm_type": "node"}}, {"type": "Feature", "geometry": {"type": "Point", "coordinates": [-122.8741266, 49.2044338]}, "properties": {"name": "Scott Road", "public_transport": "station", "railway": "station", "station": "subway", "subway": "yes", "osm_id": 5324453350, "osm_type": "node"}}, {"type": "Feature", "geometry": {"type": "Point", "coordinates": [-122.9061329, 49.2048182]}, "properties": {"name": "Columbia", "public_transport": "station", "railway": "station", "station": "subway", "subway": "yes", "osm_id": 5324471829, "osm_type": "node"}}, {"type": "Feature", "geometry": {"type": "Point", "coordinates": [-122.8894869, 49.2245764]}, "properties": {"name": "Sapperton", "public_transport": "station", "railway": "station", "station": "subway", "subway": "yes", "osm_id": 5324488092, "osm_type": "node"}}, {"type": "Feature", "geometry": {"type": "Point", "coordinates": [-122.9127416, 49.20137]}, "properties": {"name": "New Westminster", "public_transport": "station", "railway": "station", "station": "subway", "subway": "yes", "osm_id": 5324519662, "osm_type": "node"}}, {"type": "Feature", "geometry": {"type": "Point", "coordinates": [-122.949045, 49.2000482]}, "properties": {"name": "22nd Street", "public_transport": "station", "railway": "station", "station": "subway", "subway": "yes", "osm_id": 5324525267, "osm_type": "node"}}, {"type": "Feature", "geometry": {"type": "Point", "coordinates": [-122.959233, 49.2121286]}, "properties": {"name": "Edmonds", "public_transport": "station", "railway": "station", "station": "subway", "subway": "yes", "osm_id": 5324545412, "osm_type": "node"}}, {"type": "Feature", "geometry": {"type": "Point", "coordinates": [-122.988416, 49.2200742]}, "properties": {"name": "Royal Oak", "public_transport": "station", "railway": "station", "station": "subway", "subway": "yes", "osm_id": 5324551029, "osm_type": "node"}}, {"type": "Feature", "geometry": {"type": "Point", "coordinates": [-123.0038931, 49.225834]}, "properties": {"name": "Metrotown", "public_transport": "station", "railway": "station", "station": "subway", "subway": "yes", "osm_id": 5324559457, "osm_type": "node"}}, {"type": "Feature", "geometry": {"type": "Point", "coordinates": [-123.0127317, 49.2298178]}, "properties": {"name": "Patterson", "public_transport": "station", "railway": "station", "station": "subway", "subway": "yes", "osm_id": 5324568678, "osm_type": "node"}}, {"type": "Feature", "geometry": {"type": "Point", "coordinates": [-123.0317482, 49.238381]}, "properties": {"name": "Joyce\u2013Collingwood", "public_transport": "station", "railway": "station", "station": "subway", "subway": "yes", "osm_id": 5324581126, "osm_type": "node"}}, {"type": "Feature", "geometry": {"type": "Point", "coordinates": [-123.0560245, 49.2484591]}, "properties": {"name": "Nanaimo", "public_transport": "station", "railway": "station", "station": "subway", "subway": "yes", "osm_id": 5324590526, "osm_type": "node"}}, {"type": "Feature", "geometry": {"type": "Point", "coordinates": [-123.0459222, 49.2442084]}, "properties": {"name": "29th Avenue", "public_transport": "station", "railway": "station", "station": "subway", "subway": "yes", "osm_id": 5324600053, "osm_type": "node"}}, {"type": "Feature", "geometry": {"type": "Point", "coordinates": [-122.882775, 49.2331095]}, "properties": {"name": "Braid", "public_transport": "station", "railway": "station", "station": "subway", "subway": "yes", "osm_id": 5324667872, "osm_type": "node"}}, {"type": "Feature", "geometry": {"type": "LineString", "coordinates": [[-122.8972903, 49.2111236], [-122.8980812, 49.2105554], [-122.8988201, 49.2099604], [-122.8989816, 49.2098199], [-122.8993682, 49.2094834], [-122.9013629, 49.2073637], [-122.9015087, 49.2072164], [-122.9017636, 49.2069864], [-122.9019668, 49.206826], [-122.9021434, 49.2067208]]}, "properties": {"name": "SkyTrain Expo Line", "railway": "subway", "osm_id": 23424471, "osm_type": "way"}}, {"type": "Feature", "geometry": {"type": "LineString", "coordinates": [[-122.9021434, 49.2067208], [-122.9023951, 49.2065975], [-122.9028478, 49.2064294], [-122.9030863, 49.2063345], [-122.9033364, 49.206225], [-122.9037144, 49.2060345], [-122.904073, 49.2058171]]}, "properties": {"name": "SkyTrain Expo Line", "railway": "subway", "osm_id": 23424474, "osm_type": "way"}}, {"type": "Feature", "geometry": {"type": "LineString", "coordinates": [[-122.904045, 49.2057921], [-122.903553, 49.206043], [-122.9030896, 49.2062598]]}, "properties": {"name": "SkyTrain Expo Line", "railway": "subway", "osm_id": 23424486, "osm_type": "way"}}, {"type": "Feature", "geometry": {"type": "LineString", "coordinates": [[-122.9588449, 49.211555], [-122.9579474, 49.210321]]}, "properties": {"name": "SkyTrain Expo Line", "railway": "subway", "osm_id": 37121745, "osm_type": "way"}}, {"type": "Feature", "geometry": {"type": "LineString", "coordinates": [[-122.9584955, 49.2048686], [-122.9585998, 49.2047271], [-122.9586712, 49.2046068], [-122.9587253, 49.2045038], [-122.9587751, 49.2043928]]}, "properties": {"name": "SkyTrain Expo Line", "railway": "subway", "osm_id": 37121814, "osm_type": "way"}}, {"type": "Feature", "geometry": {"type": "LineString", "coordinates": [[-122.8947319, 49.2133175], [-122.895051, 49.2128545], [-122.8952462, 49.2126608], [-122.8955472, 49.2123875], [-122.8963708, 49.2117796], [-122.8972903, 49.2111236]]}, "properties": {"name": "SkyTrain Expo Line", "railway": "subway", "osm_id": 37122094, "osm_type": "way"}}, {"type": "Feature", "geometry": {"type": "LineString", "coordinates": [[-122.901245, 49.2065317], [-122.9009642, 49.2064989], [-122.9006969, 49.2064491], [-122.9003992, 49.2063794], [-122.8983681, 49.2058823], [-122.8939809, 49.204818], [-122.8921805, 49.2043924], [-122.8914795, 49.2042261]]}, "properties": {"name": "SkyTrain Expo Line", "railway": "subway", "osm_id": 37226895, "osm_type": "way"}}, {"type": "Feature", "geometry": {"type": "LineString", "coordinates": [[-122.8689062, 49.2052194], [-122.8660935, 49.2059416], [-122.8638451, 49.2065163], [-122.8622691, 49.2069078], [-122.8617124, 49.207015], [-122.8614868, 49.2070492], [-122.861235, 49.2070833], [-122.8610186, 49.2071079], [-122.8606857, 49.2071238], [-122.8603079, 49.2071279], [-122.8599643, 49.2071199], [-122.8595697, 49.207088], [-122.8590088, 49.2070146], [-122.8585861, 49.2069232], [-122.8581051, 49.2067855], [-122.8574932, 49.2065642], [-122.856865, 49.2062733], [-122.8566081, 49.2061279], [-122.8534982, 49.2040804], [-122.8526482, 49.2035237], [-122.8518338, 49.2029712], [-122.85148, 49.2027029], [-122.8510681, 49.2022626], [-122.8509194, 49.2020443], [-122.8508234, 49.2018556], [-122.8507346, 49.2015482], [-122.8506957, 49.2013712], [-122.8506748, 49.2012596], [-122.8506648, 49.2011578], [-122.8506558, 49.2009496], [-122.8506765, 49.1989111], [-122.850681, 49.1983759]]}, "properties": {"name": "SkyTrain Expo Line", "railway": "subway", "osm_id": 37226896, "osm_type": "way"}}, {"type": "Feature", "geometry": {"type": "LineString", "coordinates": [[-122.9579474, 49.210321], [-122.9577156, 49.2099919], [-122.9575392, 49.2097479], [-122.957238, 49.2093406], [-122.9569718, 49.2089714], [-122.9568673, 49.2088164], [-122.9568198, 49.2087406], [-122.9567764, 49.2086623], [-122.9567337, 49.2085751], [-122.9566995, 49.2084978], [-122.9566716, 49.208421], [-122.9566467, 49.2083417], [-122.9566267, 49.2082626], [-122.9566101, 49.2081756], [-122.9566002, 49.2080919], [-122.9565915, 49.208006], [-122.9565904, 49.2079309], [-122.9565934, 49.2078405], [-122.956601, 49.2077541], [-122.9566141, 49.2076687], [-122.9566322, 49.2075802], [-122.9566563, 49.2074951], [-122.9566904, 49.207395], [-122.9567261, 49.2073045], [-122.9567737, 49.207207], [-122.9568229, 49.2071177], [-122.9568831, 49.2070234], [-122.9569456, 49.2069314], [-122.9570252, 49.2068192], [-122.9584955, 49.2048686]]}, "properties": {"name": "SkyTrain Expo Line", "railway": "subway", "osm_id": 41841673, "osm_type": "way"}}, {"type": "Feature", "geometry": {"type": "LineString", "coordinates": [[-122.9422167, 49.20125], [-122.9419324, 49.2012994], [-122.9417623, 49.2013327], [-122.9415331, 49.2013857], [-122.9413547, 49.2014335], [-122.9411773, 49.2014905], [-122.940982, 49.2015595], [-122.9406839, 49.2016798], [-122.9400496, 49.2019549], [-122.9393485, 49.2022532], [-122.9387616, 49.20248], [-122.9381941, 49.2026717], [-122.9371373, 49.2030109], [-122.9354957, 49.2035279], [-122.9350561, 49.203644], [-122.9346572, 49.2037285], [-122.9343548, 49.203774], [-122.9340449, 49.2038006], [-122.9337878, 49.2038109], [-122.9335148, 49.2038094], [-122.933144, 49.2037946], [-122.9327983, 49.2037641], [-122.9316676, 49.2036364], [-122.9305325, 49.2035107], [-122.9295106, 49.2033979], [-122.9289534, 49.2033264], [-122.9286319, 49.2032754], [-122.9281686, 49.2031703], [-122.9278, 49.20305], [-122.9274196, 49.2028776], [-122.9271054, 49.2026894], [-122.9267655, 49.2024444], [-122.9264392, 49.2021887], [-122.9259218, 49.201778], [-122.9255759, 49.2015235], [-122.9251794, 49.201284], [-122.9247427, 49.2010912], [-122.9243274, 49.2009655], [-122.923875, 49.2008558], [-122.9227357, 49.200648], [-122.9218332, 49.2004889], [-122.9213947, 49.2004083], [-122.9209076, 49.2003307], [-122.9204877, 49.2002867], [-122.918719, 49.200168], [-122.9170761, 49.2000646], [-122.9167185, 49.200041], [-122.916342, 49.2000345], [-122.915955, 49.2000439], [-122.9155246, 49.2000987], [-122.9153536, 49.2001335], [-122.9150927, 49.2001965], [-122.914897, 49.2002615], [-122.9145174, 49.2004079]]}, "properties": {"name": "SkyTrain Expo Line", "railway": "subway", "osm_id": 46865560, "osm_type": "way"}}, {"type": "Feature", "geometry": {"type": "LineString", "coordinates": [[-122.9588269, 49.2028699], [-122.9588052, 49.2027412], [-122.9587764, 49.2026277], [-122.9587179, 49.2024516], [-122.9585791, 49.202118], [-122.9585164, 49.2020031], [-122.9583931, 49.2018092], [-122.9583159, 49.2017138], [-122.9581032, 49.2014651], [-122.9577344, 49.2011007], [-122.9573576, 49.2008075], [-122.9570943, 49.2006425], [-122.9568642, 49.2004953], [-122.9565909, 49.2003596], [-122.9562402, 49.2001938], [-122.9558602, 49.2000398], [-122.9554724, 49.1999041], [-122.9550753, 49.1997919], [-122.9546704, 49.19969], [-122.954256, 49.1996201], [-122.9539281, 49.1995703], [-122.953687, 49.1995424], [-122.9532034, 49.1995007], [-122.9528076, 49.1994836], [-122.9524913, 49.1994864], [-122.9522076, 49.1994927], [-122.9519393, 49.1995059], [-122.9516815, 49.1995222], [-122.9513982, 49.1995445], [-122.9511239, 49.1995772], [-122.9508549, 49.1996174], [-122.9505919, 49.1996644], [-122.9502939, 49.1997234], [-122.9498839, 49.1998217], [-122.9494224, 49.1999376]]}, "properties": {"name": "SkyTrain Expo Line", "railway": "subway", "osm_id": 46865581, "osm_type": "way"}}, {"type": "Feature", "geometry": {"type": "LineString", "coordinates": [[-122.9732983, 49.2155175], [-122.9727897, 49.2153048], [-122.9725341, 49.2151984], [-122.9722784, 49.2151159], [-122.9718887, 49.2150059], [-122.9714742, 49.2149109], [-122.9710089, 49.2148411], [-122.9706154, 49.2148105], [-122.9701441, 49.214781], [-122.9695292, 49.2147737], [-122.9689426, 49.2147887], [-122.9674852, 49.2148281], [-122.9660278, 49.2148781], [-122.963461, 49.2149277], [-122.962869, 49.2149052], [-122.9625032, 49.2148615], [-122.9621621, 49.2147946], [-122.961873, 49.214717], [-122.9616219, 49.2146276], [-122.9613711, 49.214508], [-122.9611381, 49.2143742], [-122.9609501, 49.2142391], [-122.960706, 49.2140219], [-122.9605015, 49.2137994], [-122.9598556, 49.2129255]]}, "properties": {"name": "SkyTrain Expo Line", "railway": "subway", "osm_id": 46865583, "osm_type": "way"}}, {"type": "Feature", "geometry": {"type": "LineString", "coordinates": [[-123.0384727, 49.2411099], [-123.0372937, 49.2405969], [-123.0350522, 49.2396837], [-123.0332299, 49.2389305], [-123.0328184, 49.2387647], [-123.0318417, 49.2383666], [-123.0312567, 49.2381236], [-123.0307135, 49.2379081], [-123.0298075, 49.2375643], [-123.0281533, 49.2367233], [-123.026661, 49.236022], [-123.025526, 49.2354937], [-123.0241354, 49.2348615], [-123.0225546, 49.2341323], [-123.022119, 49.2339508], [-123.0208328, 49.2334712], [-123.0201542, 49.2332034], [-123.0173068, 49.2319097], [-123.0155451, 49.2311085]]}, "properties": {"name": "SkyTrain Expo Line", "railway": "subway", "osm_id": 46865587, "osm_type": "way"}}, {"type": "Feature", "geometry": {"type": "LineString", "coordinates": [[-122.9042796, 49.2056717], [-122.904045, 49.2057921]]}, "properties": {"name": "SkyTrain Expo Line", "railway": "subway", "osm_id": 51831873, "osm_type": "way"}}, {"type": "Feature", "geometry": {"type": "LineString", "coordinates": [[-122.9093219, 49.2032018], [-122.907732, 49.2040022], [-122.9062802, 49.2047284], [-122.9042796, 49.2056717]]}, "properties": {"name": "SkyTrain Expo Line", "railway": "subway", "osm_id": 51831874, "osm_type": "way"}}, {"type": "Feature", "geometry": {"type": "LineString", "coordinates": [[-122.9598556, 49.2129255], [-122.959309, 49.2121895], [-122.9588449, 49.211555]]}, "properties": {"name": "SkyTrain Expo Line", "railway": "subway", "osm_id": 63052565, "osm_type": "way"}}, {"type": "Feature", "geometry": {"type": "LineString", "coordinates": [[-122.9587751, 49.2043928], [-122.9588553, 49.2041385], [-122.9588847, 49.2038687], [-122.9588768, 49.2035517], [-122.9588662, 49.2034019], [-122.9588476, 49.2030029], [-122.9588269, 49.2028699]]}, "properties": {"name": "SkyTrain Expo Line", "railway": "subway", "osm_id": 80676483, "osm_type": "way"}}, {"type": "Feature", "geometry": {"type": "LineString", "coordinates": [[-122.8846651, 49.2369769], [-122.884598, 49.2369313], [-122.8845155, 49.2368718], [-122.8844324, 49.2368075], [-122.8843605, 49.236752], [-122.8842739, 49.236682], [-122.8841789, 49.2365987], [-122.8840867, 49.236511], [-122.8840089, 49.2364339], [-122.8839526, 49.2363735], [-122.8838999, 49.2363158], [-122.8838458, 49.2362524], [-122.8838009, 49.2361941], [-122.8837395, 49.2361136], [-122.8836805, 49.2360336], [-122.8836486, 49.2359863], [-122.883609, 49.2359269], [-122.8835681, 49.2358578], [-122.8834958, 49.2357283], [-122.8834552, 49.235651], [-122.8834233, 49.2355832], [-122.8834034, 49.2355341], [-122.8833722, 49.2354555], [-122.8833496, 49.2353924], [-122.8833212, 49.2353037], [-122.8833013, 49.2352387], [-122.8832623, 49.2350989], [-122.8832362, 49.2350001], [-122.8832084, 49.2348841], [-122.8831829, 49.2347721], [-122.8830858, 49.2343657], [-122.8829446, 49.2337428], [-122.8828559, 49.2333297], [-122.8828044, 49.2330992], [-122.8826945, 49.2326369], [-122.8825873, 49.2321861], [-122.8825581, 49.232057], [-122.8825325, 49.2319388], [-122.882517, 49.2318614], [-122.8825079, 49.2318086], [-122.8824921, 49.2317204], [-122.8824849, 49.2316398], [-122.8824791, 49.2315725], [-122.8824778, 49.2314688], [-122.8824782, 49.2314028], [-122.8824807, 49.2313354], [-122.8824859, 49.2312642], [-122.8824931, 49.2311971], [-122.8825083, 49.2310961], [-122.8825353, 49.2309736], [-122.8825668, 49.2308668], [-122.8825913, 49.2307976], [-122.8826058, 49.2307555], [-122.8826216, 49.230711], [-122.8826565, 49.2306255], [-122.8827035, 49.2305226], [-122.8827307, 49.2304715], [-122.8827743, 49.2303977], [-122.8828193, 49.230325], [-122.8828532, 49.2302704], [-122.8829032, 49.2301955], [-122.8829653, 49.2301125], [-122.883008, 49.2300604], [-122.8830502, 49.2300071], [-122.8830929, 49.2299569], [-122.8831434, 49.2299036], [-122.8832019, 49.2298442], [-122.8832636, 49.2297847], [-122.8833075, 49.2297442], [-122.8833685, 49.2296884], [-122.8834279, 49.2296343], [-122.8835634, 49.2295195]]}, "properties": {"name": "SkyTrain Expo Line", "railway": "subway", "osm_id": 83590063, "osm_type": "way"}}, {"type": "Feature", "geometry": {"type": "LineString", "coordinates": [[-122.9549328, 49.2070927], [-122.9550682, 49.2071972], [-122.955219, 49.2073091], [-122.955307, 49.2073788], [-122.955457, 49.2074968]]}, "properties": {"railway": "subway", "osm_id": 88773651, "osm_type": "way"}}, {"type": "Feature", "geometry": {"type": "LineString", "coordinates": [[-122.9572374, 49.2054472], [-122.9564039, 49.2065568]]}, "properties": {"railway": "subway", "osm_id": 88773652, "osm_type": "way"}}, {"type": "Feature", "geometry": {"type": "LineString", "coordinates": [[-122.9562835, 49.2073743], [-122.9562577, 49.207409], [-122.9562291, 49.2074401], [-122.9561894, 49.2074718], [-122.956147, 49.2075002], [-122.9560989, 49.2075231], [-122.9560526, 49.2075413], [-122.9559802, 49.2075614], [-122.9559053, 49.207573], [-122.9558289, 49.2075762], [-122.9557488, 49.2075713], [-122.9556656, 49.2075566], [-122.9555984, 49.2075353], [-122.9555299, 49.2075063], [-122.9554662, 49.2074758], [-122.955415, 49.2074486], [-122.955307, 49.2073788]]}, "properties": {"railway": "subway", "osm_id": 88773653, "osm_type": "way"}}, {"type": "Feature", "geometry": {"type": "LineString", "coordinates": [[-122.9559645, 49.2051448], [-122.9561001, 49.204975], [-122.956122, 49.2049486], [-122.9561444, 49.2049252], [-122.956177, 49.2048954]]}, "properties": {"railway": "subway", "osm_id": 88773654, "osm_type": "way"}}, {"type": "Feature", "geometry": {"type": "LineString", "coordinates": [[-122.9584096, 49.2048986], [-122.9583512, 49.2049666], [-122.9583035, 49.2050145], [-122.9582079, 49.2051099], [-122.9581545, 49.2051659], [-122.958094, 49.205234]]}, "properties": {"railway": "subway", "osm_id": 88773655, "osm_type": "way"}}, {"type": "Feature", "geometry": {"type": "LineString", "coordinates": [[-122.9575285, 49.2059101], [-122.9572738, 49.2062352], [-122.9570727, 49.2064944], [-122.9568808, 49.2067424], [-122.9563473, 49.2074528], [-122.9563085, 49.2074999], [-122.9562668, 49.2075382], [-122.9562234, 49.2075674], [-122.956166, 49.2075981], [-122.9561005, 49.2076219], [-122.9560343, 49.2076379], [-122.9559659, 49.2076481], [-122.9558835, 49.2076508], [-122.9558125, 49.2076454], [-122.9557409, 49.2076325], [-122.9556742, 49.2076152], [-122.9556176, 49.2075934], [-122.9555797, 49.2075735], [-122.9555376, 49.2075498], [-122.955457, 49.2074968]]}, "properties": {"railway": "subway", "osm_id": 88773656, "osm_type": "way"}}, {"type": "Feature", "geometry": {"type": "LineString", "coordinates": [[-122.9549138, 49.2055815], [-122.9549611, 49.2055218], [-122.955012, 49.2054758], [-122.9550871, 49.2054254], [-122.9551844, 49.2053746]]}, "properties": {"railway": "subway", "osm_id": 88773658, "osm_type": "way"}}, {"type": "Feature", "geometry": {"type": "LineString", "coordinates": [[-122.9574182, 49.2055051], [-122.9566546, 49.2065166]]}, "properties": {"railway": "subway", "osm_id": 88773659, "osm_type": "way"}}, {"type": "Feature", "geometry": {"type": "LineString", "coordinates": [[-122.954475, 49.2068613], [-122.9544149, 49.2068267], [-122.9543712, 49.2067974], [-122.9535265, 49.2061429], [-122.9534696, 49.206096], [-122.9534319, 49.2060556], [-122.9534018, 49.2060145], [-122.9533859, 49.2059733], [-122.9533758, 49.2059291], [-122.9533757, 49.2058871], [-122.9533837, 49.2058463], [-122.9534014, 49.2058039], [-122.9534254, 49.2057669], [-122.9534564, 49.2057319], [-122.9534985, 49.2056965], [-122.9535459, 49.2056651], [-122.9535963, 49.2056385], [-122.9545609, 49.2051741], [-122.9558351, 49.2045608], [-122.9558981, 49.2045353], [-122.9559692, 49.2045121]]}, "properties": {"railway": "subway", "osm_id": 88773663, "osm_type": "way"}}, {"type": "Feature", "geometry": {"type": "LineString", "coordinates": [[-122.9557656, 49.2051638], [-122.9558543, 49.2051247], [-122.9559068, 49.2050971], [-122.9559665, 49.2050569]]}, "properties": {"railway": "subway", "osm_id": 88773664, "osm_type": "way"}}, {"type": "Feature", "geometry": {"type": "LineString", "coordinates": [[-122.9549398, 49.2065109], [-122.954879, 49.2065938], [-122.9548617, 49.2066224], [-122.9548472, 49.2066559], [-122.9548364, 49.2066935], [-122.9548333, 49.2067277], [-122.9548353, 49.2067663], [-122.9548417, 49.2067996], [-122.9548521, 49.2068294], [-122.9548684, 49.2068632], [-122.9548912, 49.2068984], [-122.9550093, 49.2070516]]}, "properties": {"railway": "subway", "osm_id": 88773665, "osm_type": "way"}}, {"type": "Feature", "geometry": {"type": "LineString", "coordinates": [[-122.9546576, 49.2069455], [-122.9546, 49.206913], [-122.9545498, 49.2068806], [-122.9543094, 49.206695], [-122.9535749, 49.2061253], [-122.9535315, 49.2060844], [-122.9534947, 49.2060416], [-122.9534684, 49.2059925], [-122.9534566, 49.2059467], [-122.9534551, 49.2058993], [-122.9534644, 49.2058518], [-122.9534773, 49.2058147], [-122.9535066, 49.2057698], [-122.9535402, 49.2057326], [-122.9535842, 49.205697], [-122.9536414, 49.2056613], [-122.9537039, 49.2056292], [-122.9558651, 49.2045893], [-122.9559522, 49.2045571], [-122.9562727, 49.2044893], [-122.9563417, 49.2044735], [-122.9564176, 49.2044618], [-122.956512, 49.2044538]]}, "properties": {"railway": "subway", "osm_id": 88773666, "osm_type": "way"}}, {"type": "Feature", "geometry": {"type": "LineString", "coordinates": [[-122.9563009, 49.204904], [-122.9563974, 49.2048283], [-122.9565597, 49.2047047]]}, "properties": {"railway": "subway", "osm_id": 88773667, "osm_type": "way"}}, {"type": "Feature", "geometry": {"type": "LineString", "coordinates": [[-122.9570162, 49.20675], [-122.9570583, 49.2066846], [-122.9571012, 49.206611], [-122.957147, 49.2065209], [-122.9571845, 49.2064547], [-122.957237, 49.2063732]]}, "properties": {"railway": "subway", "osm_id": 88773669, "osm_type": "way"}}, {"type": "Feature", "geometry": {"type": "LineString", "coordinates": [[-122.9561937, 49.2050741], [-122.956313, 49.2049133], [-122.9563353, 49.2048884], [-122.95636, 49.2048631], [-122.9563974, 49.2048283]]}, "properties": {"railway": "subway", "osm_id": 88773670, "osm_type": "way"}}, {"type": "Feature", "geometry": {"type": "LineString", "coordinates": [[-122.9542208, 49.206742], [-122.9541581, 49.2067056], [-122.9541042, 49.206672], [-122.9534135, 49.2061375], [-122.9533488, 49.206084], [-122.9533126, 49.2060446], [-122.9532831, 49.2060021], [-122.9532653, 49.205956], [-122.9532568, 49.2059132], [-122.9532584, 49.2058763], [-122.9532684, 49.2058289], [-122.9532852, 49.2057929], [-122.9533161, 49.2057464], [-122.9533583, 49.2057042], [-122.953413, 49.205665], [-122.9534737, 49.2056317], [-122.9535371, 49.2055999], [-122.9545015, 49.2051358], [-122.955533, 49.20464], [-122.9555941, 49.2046149], [-122.9556678, 49.2045905]]}, "properties": {"railway": "subway", "osm_id": 88773672, "osm_type": "way"}}, {"type": "Feature", "geometry": {"type": "LineString", "coordinates": [[-122.9559665, 49.2050569], [-122.956177, 49.2048954]]}, "properties": {"railway": "subway", "osm_id": 88773675, "osm_type": "way"}}, {"type": "Feature", "geometry": {"type": "LineString", "coordinates": [[-122.9567691, 49.2044412], [-122.9566707, 49.2044507], [-122.9565997, 49.2044615], [-122.95656, 49.2044684], [-122.9565265, 49.2044755], [-122.9563108, 49.2045252], [-122.9562547, 49.2045408], [-122.9562038, 49.2045602], [-122.9561635, 49.2045785], [-122.9557563, 49.2047746], [-122.9549379, 49.2051681], [-122.9539841, 49.2056262], [-122.9539116, 49.2056643], [-122.9538518, 49.2057032], [-122.9538064, 49.2057429], [-122.9537734, 49.2057834], [-122.9537506, 49.2058189], [-122.9537323, 49.2058627], [-122.9537223, 49.2059021], [-122.9537196, 49.2059492], [-122.9537252, 49.205988], [-122.9537365, 49.206031], [-122.9537574, 49.20607], [-122.9537853, 49.2061088], [-122.9538264, 49.2061519], [-122.9538901, 49.2062053], [-122.9543203, 49.2065392], [-122.9543627, 49.2065714], [-122.9544042, 49.2066088], [-122.9544351, 49.2066465], [-122.9545308, 49.2067664], [-122.9545601, 49.2068013], [-122.9546089, 49.206845]]}, "properties": {"railway": "subway", "osm_id": 88773676, "osm_type": "way"}}, {"type": "Feature", "geometry": {"type": "LineString", "coordinates": [[-122.9573289, 49.2045322], [-122.9572287, 49.2045096], [-122.9571546, 49.2044958], [-122.9570735, 49.2044869], [-122.9570112, 49.2044848], [-122.9569437, 49.2044876], [-122.9568735, 49.2044979], [-122.956809, 49.2045122], [-122.9567402, 49.2045332], [-122.9566943, 49.2045508], [-122.9566387, 49.2045746], [-122.9565994, 49.2045923], [-122.9565576, 49.2046161], [-122.9565192, 49.2046371], [-122.9564807, 49.2046616], [-122.9563982, 49.204726], [-122.9563151, 49.2048078], [-122.9562881, 49.2048449], [-122.9561346, 49.2050468]]}, "properties": {"railway": "subway", "osm_id": 88773677, "osm_type": "way"}}, {"type": "Feature", "geometry": {"type": "LineString", "coordinates": [[-122.9565357, 49.2068908], [-122.956431, 49.2070307], [-122.9564105, 49.2070623], [-122.9563954, 49.2070932], [-122.956382, 49.2071288], [-122.9563349, 49.2072777], [-122.9563115, 49.2073295], [-122.9562835, 49.2073743]]}, "properties": {"railway": "subway", "osm_id": 88773681, "osm_type": "way"}}, {"type": "Feature", "geometry": {"type": "LineString", "coordinates": [[-122.9553786, 49.2060508], [-122.955316, 49.206132], [-122.9551279, 49.2063836], [-122.95497, 49.2065939], [-122.9549494, 49.2066227], [-122.9549315, 49.2066573], [-122.9549209, 49.2066863], [-122.9549134, 49.206718], [-122.9549107, 49.2067536], [-122.9549115, 49.2067829], [-122.9549163, 49.2068118], [-122.954963, 49.2069563], [-122.9549764, 49.2069899], [-122.9549921, 49.2070202], [-122.9550093, 49.2070516]]}, "properties": {"railway": "subway", "osm_id": 88773682, "osm_type": "way"}}, {"type": "Feature", "geometry": {"type": "LineString", "coordinates": [[-122.9565597, 49.2047047], [-122.956476, 49.2047881], [-122.9563958, 49.2048947], [-122.9563754, 49.2049235], [-122.9563547, 49.204957], [-122.9563105, 49.2050339], [-122.9562827, 49.2050738], [-122.9562653, 49.2050963]]}, "properties": {"railway": "subway", "osm_id": 88773683, "osm_type": "way"}}, {"type": "Feature", "geometry": {"type": "LineString", "coordinates": [[-122.9572084, 49.2061458], [-122.9572503, 49.2060908], [-122.957551, 49.2056874], [-122.9577662, 49.2054081], [-122.957792, 49.2053693], [-122.9578094, 49.2053384], [-122.9578213, 49.2053074], [-122.9579015, 49.205052]]}, "properties": {"railway": "subway", "osm_id": 88773684, "osm_type": "way"}}, {"type": "Feature", "geometry": {"type": "LineString", "coordinates": [[-122.9543728, 49.2064643], [-122.954329, 49.2064185], [-122.954296, 49.2063884], [-122.9540553, 49.2061996], [-122.9540212, 49.2061708], [-122.9539784, 49.2061258], [-122.9539426, 49.2060753], [-122.9539257, 49.2060325], [-122.9539151, 49.2059859], [-122.9539119, 49.2059465], [-122.9539196, 49.2058996], [-122.9539327, 49.2058597], [-122.9539546, 49.2058162], [-122.9539877, 49.2057749], [-122.9540239, 49.2057385], [-122.9540782, 49.2056977], [-122.9541218, 49.2056717], [-122.9541898, 49.2056337], [-122.9559693, 49.2047826], [-122.956031, 49.2047486], [-122.9561014, 49.2047009]]}, "properties": {"railway": "subway", "osm_id": 88773685, "osm_type": "way"}}, {"type": "Feature", "geometry": {"type": "LineString", "coordinates": [[-122.9576434, 49.2057511], [-122.957727, 49.2056405], [-122.9579494, 49.2053448], [-122.9580667, 49.2051867], [-122.9581762, 49.2050355], [-122.9582097, 49.2049897]]}, "properties": {"railway": "subway", "osm_id": 88773686, "osm_type": "way"}}, {"type": "Feature", "geometry": {"type": "LineString", "coordinates": [[-122.957489, 49.2051141], [-122.9575409, 49.2050448], [-122.9575619, 49.2050085], [-122.9575747, 49.2049731], [-122.9575795, 49.2049397], [-122.9575797, 49.2049065], [-122.9575736, 49.2048693], [-122.9575625, 49.2048356], [-122.9575438, 49.204799], [-122.9575183, 49.2047647], [-122.9574889, 49.2047352], [-122.9574577, 49.2047106], [-122.9574189, 49.2046852], [-122.9573575, 49.2046535], [-122.9573019, 49.2046279], [-122.957235, 49.2046038]]}, "properties": {"railway": "subway", "osm_id": 88773688, "osm_type": "way"}}, {"type": "Feature", "geometry": {"type": "LineString", "coordinates": [[-122.9579015, 49.205052], [-122.9579183, 49.205001], [-122.957927, 49.2049629], [-122.9579302, 49.2049288], [-122.9579271, 49.2048938], [-122.9579162, 49.2048571], [-122.9578953, 49.2048164], [-122.9578706, 49.2047811], [-122.9578332, 49.2047445], [-122.9577945, 49.2047154], [-122.9577455, 49.2046856], [-122.9576949, 49.2046572], [-122.9576433, 49.204634], [-122.9575629, 49.2046038]]}, "properties": {"railway": "subway", "osm_id": 88773689, "osm_type": "way"}}, {"type": "Feature", "geometry": {"type": "LineString", "coordinates": [[-122.9547712, 49.2069695], [-122.9547215, 49.2069245], [-122.9546796, 49.2068799], [-122.9546223, 49.2068021], [-122.9545069, 49.2066453], [-122.9543728, 49.2064643], [-122.9541186, 49.2061235], [-122.9540809, 49.2060647], [-122.9540568, 49.2060134], [-122.9540442, 49.2059569], [-122.954048, 49.2058977], [-122.9540581, 49.2058456], [-122.9541022, 49.2057765], [-122.9541618, 49.2057102], [-122.954248, 49.2056583], [-122.9543428, 49.2056097], [-122.9547551, 49.2054112], [-122.9558437, 49.2048864], [-122.955894, 49.2048594], [-122.9559474, 49.2048233]]}, "properties": {"railway": "subway", "osm_id": 88773690, "osm_type": "way"}}, {"type": "Feature", "geometry": {"type": "LineString", "coordinates": [[-122.957323, 49.2054784], [-122.9573495, 49.2054433], [-122.957382, 49.2054127], [-122.9574172, 49.2053829], [-122.9575898, 49.2052505], [-122.9576282, 49.2052187], [-122.9576746, 49.2051657]]}, "properties": {"railway": "subway", "osm_id": 88773691, "osm_type": "way"}}, {"type": "Feature", "geometry": {"type": "LineString", "coordinates": [[-122.9586481, 49.2030713], [-122.9586658, 49.2034539], [-122.9586727, 49.2035731], [-122.9586776, 49.2037413], [-122.9586752, 49.203835], [-122.9586675, 49.2039438], [-122.9586591, 49.2040121], [-122.9586501, 49.2040766], [-122.9586319, 49.2041626], [-122.9586108, 49.2042499], [-122.9585785, 49.2043519]]}, "properties": {"railway": "subway", "osm_id": 88773695, "osm_type": "way"}}, {"type": "Feature", "geometry": {"type": "LineString", "coordinates": [[-122.9551102, 49.207023], [-122.9550526, 49.2069455], [-122.9550284, 49.2069066], [-122.9550111, 49.206867], [-122.9550016, 49.206826], [-122.9549964, 49.206791], [-122.9549963, 49.2067608], [-122.955, 49.2067278], [-122.9550067, 49.2066954], [-122.9550174, 49.2066633], [-122.9550411, 49.2066083], [-122.9550684, 49.2065653], [-122.9551135, 49.2065062], [-122.9554423, 49.2060708]]}, "properties": {"railway": "subway", "osm_id": 88774507, "osm_type": "way"}}, {"type": "Feature", "geometry": {"type": "LineString", "coordinates": [[-122.9564939, 49.2065845], [-122.9563019, 49.2068382], [-122.9562834, 49.2068635], [-122.9562677, 49.206892], [-122.9562524, 49.2069262], [-122.9561999, 49.2070967], [-122.9561802, 49.2071425], [-122.956149, 49.2071905]]}, "properties": {"railway": "subway", "osm_id": 88774512, "osm_type": "way"}}, {"type": "Feature", "geometry": {"type": "LineString", "coordinates": [[-122.957237, 49.2063732], [-122.9570036, 49.2066798], [-122.9568388, 49.2069021], [-122.9567425, 49.2070346], [-122.9566785, 49.207127], [-122.9566296, 49.2072041], [-122.956581, 49.2072929], [-122.9565425, 49.2073694], [-122.9565077, 49.207455], [-122.9564754, 49.2075423], [-122.9564505, 49.2076312], [-122.9564312, 49.2077213], [-122.9564178, 49.2078167], [-122.9564112, 49.2079206], [-122.9564126, 49.2080135], [-122.9564205, 49.2081114], [-122.9564375, 49.2082167], [-122.9564591, 49.2083105], [-122.9564814, 49.2083893], [-122.9565119, 49.2084669], [-122.9565472, 49.2085477], [-122.9565902, 49.208634], [-122.9566449, 49.2087245], [-122.9566991, 49.2088106], [-122.9567565, 49.2088884], [-122.956925, 49.2090985], [-122.9571675, 49.2093872]]}, "properties": {"name": "SkyTrain Expo Line", "railway": "subway", "osm_id": 88774513, "osm_type": "way"}}, {"type": "Feature", "geometry": {"type": "LineString", "coordinates": [[-122.9563881, 49.20643], [-122.9561962, 49.206686], [-122.9561744, 49.2067192], [-122.9561601, 49.2067501], [-122.9561495, 49.206777], [-122.9560992, 49.2069355], [-122.956081, 49.2069798], [-122.9560485, 49.2070286]]}, "properties": {"railway": "subway", "osm_id": 88774524, "osm_type": "way"}}, {"type": "Feature", "geometry": {"type": "LineString", "coordinates": [[-123.0427777, 49.2428812], [-123.0384727, 49.2411099]]}, "properties": {"name": "SkyTrain Expo Line", "railway": "subway", "osm_id": 154646901, "osm_type": "way"}}, {"type": "Feature", "geometry": {"type": "LineString", "coordinates": [[-123.0461076, 49.2442265], [-123.0458731, 49.2441296], [-123.0453903, 49.2439246], [-123.0449299, 49.2437342], [-123.0427777, 49.2428812]]}, "properties": {"name": "SkyTrain Expo Line", "railway": "subway", "osm_id": 154646902, "osm_type": "way"}}, {"type": "Feature", "geometry": {"type": "LineString", "coordinates": [[-122.8928922, 49.2514363], [-122.8928659, 49.249308], [-122.892835, 49.2488166], [-122.8928261, 49.2480712], [-122.8928219, 49.2479337], [-122.8928311, 49.247865], [-122.8928485, 49.2477962], [-122.8928757, 49.2477147], [-122.8929213, 49.2476341], [-122.8929746, 49.2475614], [-122.8930435, 49.2474896], [-122.8931404, 49.2474061], [-122.8932387, 49.2473466], [-122.8933405, 49.2472949], [-122.8934466, 49.2472537], [-122.8935723, 49.2472174], [-122.8937164, 49.2471894], [-122.8938337, 49.2471752], [-122.8939665, 49.2471665], [-122.8940792, 49.2471707], [-122.8941919, 49.2471805], [-122.8943537, 49.2472099], [-122.8944684, 49.2472412], [-122.8945915, 49.2472822], [-122.8948742, 49.2474065], [-122.8951814, 49.2475794]]}, "properties": {"name": "SkyTrain Millennium Line", "railway": "subway", "osm_id": 252555376, "osm_type": "way"}}, {"type": "Feature", "geometry": {"type": "LineString", "coordinates": [[-123.0066539, 49.2270212], [-123.0058424, 49.2266622], [-123.0050598, 49.2262982], [-123.0046637, 49.2261188], [-123.0041434, 49.2258757], [-123.0039065, 49.2257663], [-123.0038276, 49.2257308], [-123.0033027, 49.2254948], [-123.0031194, 49.2254076], [-123.0028602, 49.2252875], [-123.0025886, 49.225157], [-123.002459, 49.2250887], [-123.0018739, 49.2247871]]}, "properties": {"name": "SkyTrain Expo Line", "railway": "subway", "osm_id": 312244690, "osm_type": "way"}}, {"type": "Feature", "geometry": {"type": "LineString", "coordinates": [[-123.0473171, 49.2447275], [-123.0466378, 49.2444437]]}, "properties": {"name": "SkyTrain Expo Line", "railway": "subway", "osm_id": 379234653, "osm_type": "way"}}, {"type": "Feature", "geometry": {"type": "LineString", "coordinates": [[-123.0532957, 49.2472134], [-123.0502142, 49.2459304], [-123.0481922, 49.2450891], [-123.0477364, 49.244902], [-123.0473171, 49.2447275]]}, "properties": {"name": "SkyTrain Expo Line", "railway": "subway", "osm_id": 379234656, "osm_type": "way"}}, {"type": "Feature", "geometry": {"type": "LineString", "coordinates": [[-122.8953533, 49.2476749], [-122.895833, 49.247937], [-122.8968053, 49.2484747], [-122.8975814, 49.2488969], [-122.8977929, 49.2489866], [-122.8980274, 49.2490664], [-122.898356, 49.2491805]]}, "properties": {"name": "SkyTrain Expo Line", "railway": "subway", "osm_id": 379690503, "osm_type": "way"}}, {"type": "Feature", "geometry": {"type": "LineString", "coordinates": [[-122.898501, 49.2492336], [-122.8990958, 49.2494413], [-122.899556, 49.2496315], [-122.9004944, 49.2501283], [-122.9009372, 49.2503306], [-122.9015834, 49.2505713], [-122.9023549, 49.2508316], [-122.9028869, 49.250981], [-122.9033241, 49.2510878], [-122.9039088, 49.2512086], [-122.9054287, 49.2514357], [-122.9063407, 49.2515652], [-122.9066608, 49.2516235], [-122.9073706, 49.2517683], [-122.9081029, 49.2519294]]}, "properties": {"name": "SkyTrain Expo and Millennium Lines", "railway": "subway", "osm_id": 379690504, "osm_type": "way"}}, {"type": "Feature", "geometry": {"type": "LineString", "coordinates": [[-122.8953533, 49.2476749], [-122.8955162, 49.2477424], [-122.8960866, 49.2479804], [-122.896237, 49.248049]]}, "properties": {"name": "SkyTrain Millennium Line", "railway": "subway", "osm_id": 379690532, "osm_type": "way"}}, {"type": "Feature", "geometry": {"type": "LineString", "coordinates": [[-122.8846164, 49.2370083], [-122.8848657, 49.2371756], [-122.8850497, 49.237297], [-122.8852111, 49.2373983], [-122.8854981, 49.2375675], [-122.8862303, 49.2380026], [-122.8871988, 49.238578], [-122.8884911, 49.2393161], [-122.8891728, 49.2397448], [-122.8898196, 49.2400833], [-122.8901262, 49.2402533], [-122.8904627, 49.2404505], [-122.8912668, 49.2409176], [-122.8915583, 49.241097], [-122.8917957, 49.2412566], [-122.8919675, 49.2413885], [-122.8921289, 49.2415341], [-122.8922817, 49.2417142], [-122.892355, 49.2418134], [-122.892437, 49.2419305], [-122.8925184, 49.2420657], [-122.892667, 49.2423593], [-122.8927306, 49.2425823], [-122.8927692, 49.2428875], [-122.8927914, 49.2437184], [-122.8928093, 49.2444951], [-122.8928274, 49.2454187]]}, "properties": {"name": "SkyTrain Expo Line", "railway": "subway", "osm_id": 379690565, "osm_type": "way"}}, {"type": "Feature", "geometry": {"type": "LineString", "coordinates": [[-122.899115, 49.2494097], [-122.898501, 49.2492336]]}, "properties": {"name": "SkyTrain Expo and Millennium Lines", "railway": "subway", "osm_id": 392377335, "osm_type": "way"}}, {"type": "Feature", "geometry": {"type": "LineString", "coordinates": [[-122.8914546, 49.2042714], [-122.892155, 49.2044371], [-122.893959, 49.2048756], [-122.898341, 49.2059351], [-122.9003731, 49.2064261], [-122.9006693, 49.2064932], [-122.9009446, 49.2065455], [-122.9012454, 49.2065793]]}, "properties": {"name": "SkyTrain Expo Line", "railway": "subway", "osm_id": 425639371, "osm_type": "way"}}, {"type": "Feature", "geometry": {"type": "LineString", "coordinates": [[-122.873277, 49.2045718], [-122.8730867, 49.2045845], [-122.8722525, 49.2046147], [-122.872077, 49.2046273]]}, "properties": {"name": "SkyTrain Expo Line", "railway": "subway", "osm_id": 425639372, "osm_type": "way"}}, {"type": "Feature", "geometry": {"type": "LineString", "coordinates": [[-122.9093529, 49.2032294], [-122.9094878, 49.2031607], [-122.909688, 49.2030509]]}, "properties": {"name": "SkyTrain Expo Line", "railway": "subway", "osm_id": 425639374, "osm_type": "way"}}, {"type": "Feature", "geometry": {"type": "LineString", "coordinates": [[-122.850546, 49.1975888], [-122.8505661, 49.1977462], [-122.85066, 49.1982216], [-122.850681, 49.1983759]]}, "properties": {"railway": "subway", "osm_id": 425639375, "osm_type": "way"}}, {"type": "Feature", "geometry": {"type": "LineString", "coordinates": [[-122.9583979, 49.2048245], [-122.958094, 49.205234]]}, "properties": {"name": "SkyTrain Expo Line", "railway": "subway", "osm_id": 425639376, "osm_type": "way"}}, {"type": "Feature", "geometry": {"type": "LineString", "coordinates": [[-122.8405763, 49.1812071], [-122.8418918, 49.1817041], [-122.8433116, 49.1822397], [-122.843934, 49.1824901], [-122.8440413, 49.1825333], [-122.844639, 49.1827792], [-122.845253, 49.1830259], [-122.8456905, 49.1832066], [-122.8459151, 49.1832964], [-122.846173, 49.1834066], [-122.846366, 49.1835057], [-122.8464968, 49.1835896], [-122.8465801, 49.183656], [-122.8466863, 49.1837504], [-122.8467609, 49.1838318], [-122.8468111, 49.1838947], [-122.8468539, 49.1839607], [-122.8469062, 49.1840501], [-122.8469394, 49.1841257], [-122.8469758, 49.1842293], [-122.8469921, 49.1842954], [-122.8470099, 49.1844123], [-122.8470177, 49.1845255], [-122.8470219, 49.1847564], [-122.847013, 49.1855717], [-122.8469943, 49.1865692], [-122.847005, 49.1868935], [-122.8470613, 49.1871442], [-122.8471418, 49.1873633], [-122.8472208, 49.1874923], [-122.8473805, 49.1877332], [-122.8475414, 49.1879769], [-122.8476352, 49.1881339], [-122.8477265, 49.1883363], [-122.8477739, 49.1885118], [-122.847804, 49.1887141], [-122.8478069, 49.1889923], [-122.8478013, 49.1891612], [-122.847795, 49.1895198], [-122.8477882, 49.1899122], [-122.8477718, 49.1907844], [-122.8477852, 49.1910684], [-122.8478177, 49.1913426], [-122.8478633, 49.1915039], [-122.8478986, 49.1916028], [-122.8479545, 49.1917809], [-122.8480561, 49.1919799], [-122.8482468, 49.1922261], [-122.8486328, 49.192625], [-122.8493651, 49.1932525], [-122.8500142, 49.1938046], [-122.8501566, 49.1939579], [-122.8502824, 49.1941026], [-122.850367, 49.1942109], [-122.850446, 49.1943462], [-122.8504916, 49.1944532], [-122.8505452, 49.1945969], [-122.8505908, 49.1947967], [-122.8506018, 49.1949588], [-122.8505796, 49.1962593], [-122.8505749, 49.1965363], [-122.8505462, 49.1971565], [-122.850547, 49.1974623], [-122.850546, 49.1975888], [-122.8505372, 49.1984687], [-122.8505437, 49.1989111], [-122.8505509, 49.1994036]]}, "properties": {"name": "SkyTrain Expo Line", "railway": "subway", "osm_id": 425639377, "osm_type": "way"}}, {"type": "Feature", "geometry": {"type": "LineString", "coordinates": [[-122.9586903, 49.2028863], [-122.9587102, 49.203162], [-122.9587227, 49.2034248], [-122.9587341, 49.2036893], [-122.9587322, 49.2038826], [-122.9587219, 49.2040144], [-122.958699, 49.2041604], [-122.9586722, 49.2042669], [-122.9586451, 49.2043563]]}, "properties": {"name": "SkyTrain Expo Line", "railway": "subway", "osm_id": 425639378, "osm_type": "way"}}, {"type": "Feature", "geometry": {"type": "LineString", "coordinates": [[-122.879153, 49.203809], [-122.8789818, 49.2038382], [-122.878733, 49.2038879], [-122.8785153, 49.2039175], [-122.877934, 49.2039861], [-122.8773535, 49.2040547], [-122.8771594, 49.2040822], [-122.8768481, 49.2041424], [-122.876697, 49.2041651]]}, "properties": {"railway": "subway", "osm_id": 425639379, "osm_type": "way"}}, {"type": "Feature", "geometry": {"type": "LineString", "coordinates": [[-122.9586451, 49.2043563], [-122.9586034, 49.2044672], [-122.9585581, 49.2045614], [-122.9585109, 49.2046487], [-122.9584474, 49.2047503], [-122.9583979, 49.2048245]]}, "properties": {"name": "SkyTrain Expo Line", "railway": "subway", "osm_id": 425639381, "osm_type": "way"}}, {"type": "Feature", "geometry": {"type": "LineString", "coordinates": [[-122.9096504, 49.2030223], [-122.9094522, 49.203132], [-122.9093219, 49.2032018]]}, "properties": {"name": "SkyTrain Expo Line", "railway": "subway", "osm_id": 425639382, "osm_type": "way"}}, {"type": "Feature", "geometry": {"type": "LineString", "coordinates": [[-122.904073, 49.2058171], [-122.904191, 49.2057592], [-122.9043065, 49.2057015]]}, "properties": {"name": "SkyTrain Expo Line", "railway": "subway", "osm_id": 425639383, "osm_type": "way"}}, {"type": "Feature", "geometry": {"type": "LineString", "coordinates": [[-122.9043065, 49.2057015], [-122.9063133, 49.2047579], [-122.9067002, 49.2045649], [-122.907335, 49.2042433], [-122.9078214, 49.2039971], [-122.9093529, 49.2032294]]}, "properties": {"name": "SkyTrain Expo Line", "railway": "subway", "osm_id": 425639384, "osm_type": "way"}}, {"type": "Feature", "geometry": {"type": "LineString", "coordinates": [[-122.843411, 49.1822282], [-122.843559, 49.1822963], [-122.8437923, 49.1824202], [-122.843934, 49.1824901]]}, "properties": {"railway": "subway", "osm_id": 425639385, "osm_type": "way"}}, {"type": "Feature", "geometry": {"type": "LineString", "coordinates": [[-122.845253, 49.1830259], [-122.8454342, 49.1830898], [-122.8456846, 49.1831622], [-122.845849, 49.1832174]]}, "properties": {"railway": "subway", "osm_id": 425639386, "osm_type": "way"}}, {"type": "Feature", "geometry": {"type": "LineString", "coordinates": [[-122.9145479, 49.2004372], [-122.9147866, 49.2003405], [-122.9150765, 49.2002432], [-122.9153027, 49.2001845], [-122.9156423, 49.2001176], [-122.9159768, 49.2000819], [-122.9163435, 49.2000695], [-122.9167192, 49.200076], [-122.9178287, 49.2001463], [-122.9191375, 49.2002291], [-122.9204924, 49.2003198], [-122.9209032, 49.200366], [-122.9213865, 49.2004437], [-122.9218663, 49.200526], [-122.9226166, 49.2006638], [-122.9238787, 49.2008926], [-122.9243242, 49.2009983], [-122.9247124, 49.2011219], [-122.9249223, 49.2012092], [-122.9251531, 49.2013159], [-122.9255262, 49.2015387], [-122.9258874, 49.201803], [-122.9266013, 49.2023704], [-122.9270982, 49.2027397], [-122.9273609, 49.202888], [-122.9275219, 49.2029553], [-122.9277365, 49.2030552], [-122.9279779, 49.2031411], [-122.9282435, 49.2032182], [-122.9285251, 49.2032813], [-122.9287584, 49.2033321], [-122.9291098, 49.2033899], [-122.9298152, 49.2034653], [-122.9308801, 49.2035862], [-122.9317142, 49.2036861], [-122.9327442, 49.2038035], [-122.9334579, 49.2038516], [-122.9336803, 49.2038578], [-122.9339324, 49.2038491], [-122.9341819, 49.2038368], [-122.9344152, 49.2038035], [-122.9346325, 49.2037702], [-122.9349519, 49.2037219], [-122.9352389, 49.2036396], [-122.9361989, 49.2033496], [-122.9369553, 49.2031148], [-122.9377465, 49.2028484], [-122.9384654, 49.2026206], [-122.9392405, 49.2023472], [-122.9397987, 49.2021079], [-122.9405387, 49.2017741], [-122.9407267, 49.201703], [-122.9411985, 49.2015252], [-122.941448, 49.2014446], [-122.9416438, 49.2013885], [-122.9420863, 49.2013114], [-122.9428722, 49.201222], [-122.9441865, 49.2010906], [-122.9449214, 49.2010135], [-122.9453535, 49.2009477], [-122.9457934, 49.2008741], [-122.9460375, 49.2008268], [-122.9466598, 49.200683], [-122.9471828, 49.2005516], [-122.9481356, 49.2002944], [-122.9489078, 49.2000988], [-122.9494404, 49.199967]]}, "properties": {"name": "SkyTrain Expo Line", "railway": "subway", "osm_id": 425639387, "osm_type": "way"}}, {"type": "Feature", "geometry": {"type": "LineString", "coordinates": [[-122.850547, 49.1974623], [-122.8505683, 49.1973149], [-122.850656, 49.1968282], [-122.85067, 49.1966888]]}, "properties": {"railway": "subway", "osm_id": 425639389, "osm_type": "way"}}, {"type": "Feature", "geometry": {"type": "LineString", "coordinates": [[-122.9012454, 49.2065793], [-122.9015622, 49.2065912], [-122.901772, 49.2065879], [-122.9019792, 49.2065745], [-122.902214, 49.2065443], [-122.9025594, 49.2064729], [-122.9028478, 49.2063859], [-122.9031159, 49.2062805]]}, "properties": {"name": "SkyTrain Expo Line", "railway": "subway", "osm_id": 425639390, "osm_type": "way"}}, {"type": "Feature", "geometry": {"type": "LineString", "coordinates": [[-122.9580297, 49.2053184], [-122.95732, 49.2062618]]}, "properties": {"name": "SkyTrain Expo Line", "railway": "subway", "osm_id": 426638760, "osm_type": "way"}}, {"type": "Feature", "geometry": {"type": "LineString", "coordinates": [[-122.9571675, 49.2093872], [-122.9574951, 49.2097858], [-122.9576648, 49.2100069], [-122.9579016, 49.2103451]]}, "properties": {"name": "SkyTrain Expo Line", "railway": "subway", "osm_id": 426638761, "osm_type": "way"}}, {"type": "Feature", "geometry": {"type": "LineString", "coordinates": [[-122.9579016, 49.2103451], [-122.9588112, 49.2115685]]}, "properties": {"name": "SkyTrain Expo Line", "railway": "subway", "osm_id": 426638762, "osm_type": "way"}}, {"type": "Feature", "geometry": {"type": "LineString", "coordinates": [[-122.9588112, 49.2115685], [-122.95927, 49.2122007], [-122.9598078, 49.2129412]]}, "properties": {"name": "SkyTrain Expo Line", "railway": "subway", "osm_id": 426638763, "osm_type": "way"}}, {"type": "Feature", "geometry": {"type": "LineString", "coordinates": [[-122.9598078, 49.2129412], [-122.960072, 49.213328], [-122.9602969, 49.213619], [-122.9605289, 49.2139195], [-122.9606557, 49.2140484], [-122.9608998, 49.2142541], [-122.9611031, 49.2144033], [-122.9613213, 49.2145363], [-122.9615744, 49.2146506], [-122.9618632, 49.2147582], [-122.9621452, 49.2148417], [-122.9624979, 49.214909], [-122.9628561, 49.2149528], [-122.9634665, 49.2149784], [-122.9640118, 49.214963], [-122.9660179, 49.2149034], [-122.967244, 49.2148676], [-122.9685327, 49.2148284], [-122.9692162, 49.2148131], [-122.9696232, 49.2148045], [-122.9700067, 49.2148079], [-122.9703589, 49.2148284], [-122.9706563, 49.2148454], [-122.971058, 49.2148897], [-122.9715771, 49.2149664], [-122.9719293, 49.2150516], [-122.9723128, 49.2151641], [-122.9726128, 49.2152697], [-122.9748198, 49.2162717], [-122.977006, 49.2173265], [-122.9774625, 49.2175395], [-122.9781121, 49.2178224], [-122.9785608, 49.217986], [-122.9789208, 49.2181087], [-122.9793877, 49.2182399], [-122.9800008, 49.218383], [-122.9812713, 49.218642], [-122.9854583, 49.219465], [-122.985954, 49.2195758], [-122.9865748, 49.2197189], [-122.9870809, 49.2198382], [-122.9877983, 49.2199967], [-122.988497, 49.2201395], [-122.989254, 49.2202948], [-122.9903393, 49.2205146], [-122.9911245, 49.2206714], [-122.9922071, 49.2208963], [-122.9930419, 49.2210718], [-122.993595, 49.2211979], [-122.9939185, 49.2212797], [-122.9942237, 49.2213717], [-122.9945524, 49.2214893], [-122.9949124, 49.2216136], [-122.9952933, 49.2217619], [-122.9955307, 49.2218675], [-122.9964044, 49.2222352], [-122.9974744, 49.2227298], [-122.9988059, 49.223342], [-122.9995626, 49.2237145], [-122.999983, 49.2239305]]}, "properties": {"name": "SkyTrain Expo Line", "railway": "subway", "osm_id": 426638765, "osm_type": "way"}}, {"type": "Feature", "geometry": {"type": "LineString", "coordinates": [[-123.000052, 49.2238656], [-122.9996279, 49.2236705], [-122.9988434, 49.2233167], [-122.9975006, 49.2226967], [-122.9964294, 49.2222102], [-122.9957603, 49.2219236], [-122.9950759, 49.2216273], [-122.9943018, 49.2213545], [-122.9938879, 49.2212353], [-122.993512, 49.2211498], [-122.9931445, 49.2210648], [-122.988524, 49.2200544], [-122.9856238, 49.2194623], [-122.9810764, 49.218572], [-122.9795953, 49.2182611], [-122.9789992, 49.218106], [-122.9784491, 49.2179145], [-122.9780245, 49.2177559], [-122.9776348, 49.217584], [-122.9772635, 49.2174191], [-122.9752966, 49.2164572], [-122.9732983, 49.2155175]]}, "properties": {"name": "SkyTrain Expo Line", "railway": "subway", "osm_id": 426638766, "osm_type": "way"}}, {"type": "Feature", "geometry": {"type": "LineString", "coordinates": [[-123.0155164, 49.2311379], [-123.0164215, 49.2315411], [-123.0175616, 49.2320589], [-123.0182491, 49.2323795], [-123.019286, 49.2328533], [-123.019753, 49.2330685], [-123.0201875, 49.2332585], [-123.020817, 49.2335064], [-123.0220843, 49.2339815], [-123.0225544, 49.2341706], [-123.0240957, 49.234886], [-123.026003, 49.2357592], [-123.02616, 49.2358306], [-123.0280122, 49.2367008], [-123.0284166, 49.2369001], [-123.0290948, 49.2372544], [-123.0297027, 49.2375576], [-123.0301853, 49.2377858], [-123.0309387, 49.2381004], [-123.0317729, 49.2384444], [-123.032361, 49.2386868], [-123.0328547, 49.2388802], [-123.0334512, 49.2391065], [-123.0338767, 49.2392728], [-123.0348445, 49.239639], [-123.0362585, 49.2402147], [-123.0371794, 49.2405928], [-123.0381994, 49.2410271], [-123.0384369, 49.24113]]}, "properties": {"name": "SkyTrain Expo Line", "railway": "subway", "osm_id": 426638767, "osm_type": "way"}}, {"type": "Feature", "geometry": {"type": "LineString", "coordinates": [[-123.001992, 49.2248935], [-123.001486, 49.2246394], [-123.000479, 49.2241337]]}, "properties": {"name": "Metrotown Pocket", "railway": "subway", "osm_id": 426638768, "osm_type": "way"}}, {"type": "Feature", "geometry": {"type": "LineString", "coordinates": [[-123.000479, 49.2241337], [-123.000052, 49.2238656]]}, "properties": {"railway": "subway", "osm_id": 426638769, "osm_type": "way"}}, {"type": "Feature", "geometry": {"type": "LineString", "coordinates": [[-123.002394, 49.2251481], [-123.001992, 49.2248935]]}, "properties": {"railway": "subway", "osm_id": 426638770, "osm_type": "way"}}, {"type": "Feature", "geometry": {"type": "LineString", "coordinates": [[-123.025526, 49.2354937], [-123.026003, 49.2357592]]}, "properties": {"railway": "subway", "osm_id": 426638771, "osm_type": "way"}}, {"type": "Feature", "geometry": {"type": "LineString", "coordinates": [[-123.02616, 49.2358306], [-123.026661, 49.236022]]}, "properties": {"railway": "subway", "osm_id": 426638772, "osm_type": "way"}}, {"type": "Feature", "geometry": {"type": "LineString", "coordinates": [[-123.0384369, 49.24113], [-123.0398846, 49.2417305], [-123.0449353, 49.2438377], [-123.0452967, 49.2439873], [-123.0458332, 49.2442124], [-123.0460383, 49.2442974]]}, "properties": {"name": "SkyTrain Expo Line", "railway": "subway", "osm_id": 426638773, "osm_type": "way"}}, {"type": "Feature", "geometry": {"type": "LineString", "coordinates": [[-123.0465683, 49.2445169], [-123.0472497, 49.2447941]]}, "properties": {"name": "SkyTrain Expo Line", "railway": "subway", "osm_id": 426638774, "osm_type": "way"}}, {"type": "Feature", "geometry": {"type": "LineString", "coordinates": [[-123.0472497, 49.2447941], [-123.0478231, 49.2450141], [-123.0486683, 49.2453343], [-123.049518, 49.2456841], [-123.0512457, 49.246397], [-123.0522084, 49.2468074], [-123.0532623, 49.2472451]]}, "properties": {"name": "SkyTrain Expo Line", "railway": "subway", "osm_id": 426638775, "osm_type": "way"}}, {"type": "Feature", "geometry": {"type": "LineString", "coordinates": [[-122.904045, 49.2057921], [-122.9036084, 49.2059604], [-122.9030448, 49.2061826], [-122.9027879, 49.2062896], [-122.9026524, 49.2063505], [-122.9025151, 49.2064212], [-122.9022614, 49.2065697], [-122.902073, 49.2066893]]}, "properties": {"name": "SkyTrain Expo Line", "railway": "subway", "osm_id": 426641640, "osm_type": "way"}}, {"type": "Feature", "geometry": {"type": "LineString", "coordinates": [[-122.902073, 49.2066893], [-122.9019109, 49.2067994], [-122.901707, 49.2069605], [-122.9014601, 49.2071878], [-122.901312, 49.2073358], [-122.8993242, 49.2094427], [-122.8987644, 49.2099274], [-122.8980451, 49.210516], [-122.8974017, 49.210984]]}, "properties": {"name": "SkyTrain Expo Line", "railway": "subway", "osm_id": 426641641, "osm_type": "way"}}, {"type": "Feature", "geometry": {"type": "LineString", "coordinates": [[-122.8835159, 49.2294932], [-122.8834034, 49.2295879], [-122.8832995, 49.2296807], [-122.8832218, 49.2297507], [-122.883149, 49.2298224], [-122.8830838, 49.2298881], [-122.8830383, 49.229936], [-122.8829994, 49.2299787], [-122.8829666, 49.2300171], [-122.8829359, 49.2300574], [-122.8828855, 49.2301221], [-122.8828265, 49.2302024], [-122.8827738, 49.2302838], [-122.8826985, 49.2304054], [-122.8826534, 49.2304863], [-122.8826124, 49.2305688], [-122.8825888, 49.2306242], [-122.8825463, 49.2307274], [-122.8825263, 49.230785], [-122.8825113, 49.2308256], [-122.8824724, 49.2309483], [-122.8824529, 49.2310376], [-122.882439, 49.2311287], [-122.8824342, 49.2311658], [-122.8824295, 49.2312219], [-122.8824222, 49.2313004], [-122.8824201, 49.2313795], [-122.8824203, 49.2314445], [-122.8824251, 49.2315477], [-122.8824334, 49.2316499], [-122.8824399, 49.2317322], [-122.882453, 49.2318226], [-122.8824613, 49.231871], [-122.8824728, 49.2319283], [-122.8825057, 49.2320794], [-122.8825495, 49.2322616], [-122.8826354, 49.2326467], [-122.8827413, 49.2331023], [-122.8827927, 49.2333355], [-122.8828917, 49.2337584], [-122.883027, 49.2343596], [-122.883089, 49.2346429], [-122.8831295, 49.2348291], [-122.8831552, 49.234938], [-122.8831848, 49.2350558], [-122.8832287, 49.2352141], [-122.8832692, 49.2353481], [-122.8832954, 49.2354187], [-122.8833233, 49.2354919], [-122.8833595, 49.2355736], [-122.8833966, 49.2356542], [-122.8834347, 49.2357271], [-122.8834742, 49.2357991], [-122.8835264, 49.2358914], [-122.8835827, 49.2359829], [-122.883632, 49.2360538], [-122.8836754, 49.2361152], [-122.8837232, 49.2361766], [-122.8837747, 49.2362438], [-122.8838479, 49.2363294], [-122.8839495, 49.2364393], [-122.8840661, 49.2365553], [-122.8841258, 49.2366111], [-122.8841781, 49.2366592], [-122.8842486, 49.2367203], [-122.8843048, 49.2367677], [-122.8843847, 49.2368342], [-122.8844735, 49.2369036], [-122.8845375, 49.2369525], [-122.8846164, 49.2370083]]}, "properties": {"name": "SkyTrain Expo Line", "railway": "subway", "osm_id": 426641642, "osm_type": "way"}}, {"type": "Feature", "geometry": {"type": "LineString", "coordinates": [[-122.892203, 49.2211042], [-122.8922439, 49.2207195]]}, "properties": {"railway": "subway", "osm_id": 426641643, "osm_type": "way"}}, {"type": "Feature", "geometry": {"type": "LineString", "coordinates": [[-122.890114, 49.2240133], [-122.890568, 49.2236935]]}, "properties": {"railway": "subway", "osm_id": 426641644, "osm_type": "way"}}, {"type": "Feature", "geometry": {"type": "LineString", "coordinates": [[-122.9585926, 49.2030704], [-122.9586132, 49.2034207], [-122.9586257, 49.2035853], [-122.9586238, 49.203612], [-122.9586185, 49.2036409], [-122.9586085, 49.2036743], [-122.9585206, 49.2038295], [-122.9585023, 49.203865], [-122.9584885, 49.2038998], [-122.9584776, 49.2039369], [-122.9584709, 49.2039712], [-122.9584687, 49.2040029], [-122.9584698, 49.2040477], [-122.958515, 49.2043452]]}, "properties": {"railway": "subway", "osm_id": 448440184, "osm_type": "way"}}, {"type": "Feature", "geometry": {"type": "LineString", "coordinates": [[-122.9586085, 49.2036743], [-122.9586405, 49.2035932], [-122.9586514, 49.2035656], [-122.9586595, 49.2035361], [-122.9586642, 49.203504], [-122.9586658, 49.2034539]]}, "properties": {"railway": "subway", "osm_id": 448440185, "osm_type": "way"}}, {"type": "Feature", "geometry": {"type": "LineString", "coordinates": [[-122.9584698, 49.2040477], [-122.9584645, 49.204019], [-122.9584269, 49.2037437]]}, "properties": {"railway": "subway", "osm_id": 448440186, "osm_type": "way"}}, {"type": "Feature", "geometry": {"type": "LineString", "coordinates": [[-122.9584645, 49.204019], [-122.9584516, 49.2039694], [-122.9584298, 49.2039255], [-122.9583924, 49.2038611], [-122.9583715, 49.203825], [-122.9583579, 49.2037906], [-122.958347, 49.2037481]]}, "properties": {"railway": "subway", "osm_id": 448440187, "osm_type": "way"}}, {"type": "Feature", "geometry": {"type": "LineString", "coordinates": [[-122.9587163, 49.2043713], [-122.9587536, 49.2042435], [-122.958779, 49.2041125], [-122.9588118, 49.2038704], [-122.9588551, 49.2035508], [-122.9588628, 49.2034751], [-122.9588662, 49.2034019]]}, "properties": {"name": "Mainline Pocket", "railway": "subway", "osm_id": 448440188, "osm_type": "way"}}, {"type": "Feature", "geometry": {"type": "LineString", "coordinates": [[-122.95732, 49.2062618], [-122.957237, 49.2063732]]}, "properties": {"name": "SkyTrain Expo Line", "railway": "subway", "osm_id": 448440189, "osm_type": "way"}}, {"type": "Feature", "geometry": {"type": "LineString", "coordinates": [[-122.957238, 49.2093406], [-122.9571728, 49.2092592], [-122.957115, 49.2091974], [-122.956946, 49.2090173], [-122.9568678, 49.2089159], [-122.9568068, 49.2088292], [-122.9567492, 49.2087377], [-122.9566937, 49.2086377], [-122.9566476, 49.2085375], [-122.9566094, 49.20844], [-122.9565823, 49.2083593], [-122.9565591, 49.2082648], [-122.9565395, 49.2081573], [-122.9565273, 49.2080605], [-122.956522, 49.2079605], [-122.9565214, 49.2078569], [-122.9565282, 49.2077896], [-122.9565376, 49.2077062], [-122.9565514, 49.2076265], [-122.9565723, 49.2075437], [-122.9566005, 49.2074522], [-122.956629, 49.207372], [-122.956661, 49.2072962], [-122.956696, 49.2072216], [-122.9567404, 49.2071398], [-122.9567866, 49.2070643], [-122.9568369, 49.2069909], [-122.9570162, 49.20675], [-122.9571265, 49.2066059], [-122.9577125, 49.2058226], [-122.9583187, 49.2050219], [-122.9584096, 49.2048986], [-122.9584462, 49.2048499]]}, "properties": {"name": "Mainline Pocket", "railway": "subway", "osm_id": 448440190, "osm_type": "way"}}, {"type": "Feature", "geometry": {"type": "LineString", "coordinates": [[-122.9584462, 49.2048499], [-122.9585059, 49.2047712], [-122.9585676, 49.2046783], [-122.9586193, 49.2045891], [-122.9586765, 49.2044661], [-122.9587163, 49.2043713]]}, "properties": {"name": "Mainline Pocket", "railway": "subway", "osm_id": 448440191, "osm_type": "way"}}, {"type": "Feature", "geometry": {"type": "LineString", "coordinates": [[-122.9585785, 49.2043519], [-122.9585418, 49.2044474], [-122.9585018, 49.2045391], [-122.9584605, 49.2046182], [-122.9583797, 49.2047581]]}, "properties": {"railway": "subway", "osm_id": 448440193, "osm_type": "way"}}, {"type": "Feature", "geometry": {"type": "LineString", "coordinates": [[-122.957489, 49.2051141], [-122.9574447, 49.2051618], [-122.9574034, 49.205198], [-122.9572212, 49.205341], [-122.9571987, 49.2053612], [-122.9571704, 49.20539], [-122.957149, 49.2054187]]}, "properties": {"railway": "subway", "osm_id": 486664219, "osm_type": "way"}}, {"type": "Feature", "geometry": {"type": "LineString", "coordinates": [[-122.9581762, 49.2050355], [-122.9582151, 49.2049535], [-122.9582223, 49.204922], [-122.9582231, 49.2048907], [-122.9582207, 49.2048663], [-122.9582145, 49.2048375], [-122.9582068, 49.2048118], [-122.9581915, 49.2047798], [-122.95817, 49.2047469], [-122.958145, 49.2047185], [-122.9581153, 49.2046887], [-122.9580823, 49.2046637], [-122.9580382, 49.2046363], [-122.9579842, 49.2046113], [-122.9579295, 49.2045913], [-122.9578764, 49.2045759], [-122.9578175, 49.2045611], [-122.9572665, 49.2044353], [-122.9571828, 49.2044188], [-122.9571017, 49.2044049], [-122.9570197, 49.2043966], [-122.956912, 49.2043901], [-122.956786, 49.2043864], [-122.9566666, 49.2043865], [-122.9565514, 49.2043922], [-122.9564534, 49.2043954], [-122.9563552, 49.2044029], [-122.9562302, 49.204417], [-122.956138, 49.2044299], [-122.9560351, 49.2044469], [-122.9559217, 49.2044695], [-122.9558057, 49.2044963], [-122.955685, 49.2045283], [-122.9555739, 49.2045631], [-122.9554569, 49.2046045], [-122.9553484, 49.2046468], [-122.9552449, 49.2046928], [-122.953699, 49.2054339], [-122.9532851, 49.2056341], [-122.9532341, 49.2056643], [-122.9531916, 49.2056947], [-122.9531513, 49.2057346], [-122.9531218, 49.2057703], [-122.9531052, 49.2058027], [-122.9530928, 49.2058384], [-122.9530854, 49.2058746], [-122.9530853, 49.205918], [-122.9530936, 49.2059506], [-122.9531126, 49.2059956], [-122.9531398, 49.206036], [-122.9531807, 49.2060799], [-122.9532299, 49.2061226], [-122.9536879, 49.2064752], [-122.9537925, 49.2065414]]}, "properties": {"railway": "subway", "osm_id": 486667464, "osm_type": "way"}}, {"type": "Feature", "geometry": {"type": "LineString", "coordinates": [[-122.9556594, 49.2052845], [-122.9556028, 49.2053286], [-122.9555558, 49.205368], [-122.955521, 49.2053987], [-122.955476, 49.2054403], [-122.9554117, 49.2055061], [-122.9553619, 49.2055566]]}, "properties": {"railway": "subway", "osm_id": 486669265, "osm_type": "way"}}, {"type": "Feature", "geometry": {"type": "LineString", "coordinates": [[-122.9550026, 49.205609], [-122.9550429, 49.2055569], [-122.9550818, 49.2055082], [-122.9551294, 49.2054635], [-122.955189, 49.2054189], [-122.9552447, 49.2053847], [-122.9553138, 49.2053426], [-122.9554121, 49.2052944]]}, "properties": {"railway": "subway", "osm_id": 486669266, "osm_type": "way"}}, {"type": "Feature", "geometry": {"type": "LineString", "coordinates": [[-122.9547844, 49.2061357], [-122.9552525, 49.2055232]]}, "properties": {"railway": "subway", "osm_id": 486669267, "osm_type": "way"}}, {"type": "Feature", "geometry": {"type": "LineString", "coordinates": [[-122.95732, 49.2062618], [-122.9573714, 49.2061805], [-122.9573992, 49.2061282], [-122.9574429, 49.2060461], [-122.9574806, 49.205981], [-122.9575285, 49.2059101]]}, "properties": {"railway": "subway", "osm_id": 487377786, "osm_type": "way"}}, {"type": "Feature", "geometry": {"type": "LineString", "coordinates": [[-122.9580297, 49.2053184], [-122.9579789, 49.2053775], [-122.9579115, 49.2054472], [-122.957845, 49.2055119], [-122.9577918, 49.2055661], [-122.957727, 49.2056405]]}, "properties": {"railway": "subway", "osm_id": 487377791, "osm_type": "way"}}, {"type": "Feature", "geometry": {"type": "LineString", "coordinates": [[-122.958094, 49.205234], [-122.9580297, 49.2053184]]}, "properties": {"name": "SkyTrain Expo Line", "railway": "subway", "osm_id": 487377795, "osm_type": "way"}}, {"type": "Feature", "geometry": {"type": "LineString", "coordinates": [[-122.898356, 49.2491805], [-122.898501, 49.2492336]]}, "properties": {"name": "SkyTrain Expo and Millennium Lines", "railway": "subway", "osm_id": 494075324, "osm_type": "way"}}, {"type": "Feature", "geometry": {"type": "LineString", "coordinates": [[-122.899115, 49.2494097], [-122.8984623, 49.2491736], [-122.8980793, 49.2490294], [-122.897894, 49.2489474], [-122.8977017, 49.2488488], [-122.8968898, 49.2484049], [-122.896237, 49.248049]]}, "properties": {"name": "SkyTrain Expo and Millennium Lines", "railway": "subway", "osm_id": 494075325, "osm_type": "way"}}, {"type": "Feature", "geometry": {"type": "LineString", "coordinates": [[-122.8951814, 49.2475794], [-122.8953533, 49.2476749]]}, "properties": {"name": "SkyTrain Expo and Millennium Lines", "railway": "subway", "osm_id": 494075326, "osm_type": "way"}}, {"type": "Feature", "geometry": {"type": "LineString", "coordinates": [[-122.9081512, 49.2518816], [-122.9069946, 49.2516434], [-122.9064844, 49.2515496], [-122.9041862, 49.2512072], [-122.9035371, 49.251092], [-122.9029619, 49.2509612], [-122.9021167, 49.2507193], [-122.901433, 49.2504811], [-122.9007905, 49.2502282], [-122.9003029, 49.2499983], [-122.8996865, 49.2496517], [-122.8994108, 49.2495169], [-122.899115, 49.2494097]]}, "properties": {"name": "SkyTrain Expo and Millennium Lines", "railway": "subway", "osm_id": 494075327, "osm_type": "way"}}, {"type": "Feature", "geometry": {"type": "LineString", "coordinates": [[-122.8948442, 49.2474324], [-122.8945683, 49.2473133], [-122.8944613, 49.2472761], [-122.894322, 49.2472389], [-122.8941479, 49.2472145], [-122.8939853, 49.2472066], [-122.8938512, 49.2472137], [-122.893719, 49.2472324], [-122.8935787, 49.247263], [-122.8934442, 49.2473065], [-122.893343, 49.2473512], [-122.8932571, 49.2473958], [-122.8931615, 49.2474598], [-122.8931159, 49.2474993], [-122.8930791, 49.2475365], [-122.8930468, 49.2475686], [-122.8930195, 49.2475997], [-122.892974, 49.2476552], [-122.8929485, 49.2477061], [-122.8929344, 49.2477469], [-122.892906, 49.2478404], [-122.8928881, 49.2479531], [-122.8928867, 49.2480702], [-122.8929029, 49.2488141], [-122.892924, 49.2493088], [-122.8929563, 49.2517042], [-122.8929832, 49.2530058], [-122.893015, 49.2535279], [-122.8930255, 49.254054], [-122.8930465, 49.2551378], [-122.8930612, 49.2558653], [-122.8930507, 49.2565409], [-122.893068, 49.257339], [-122.8930744, 49.2580252], [-122.8930686, 49.2581876], [-122.8930461, 49.2583494], [-122.8930042, 49.25852], [-122.8929733, 49.258607], [-122.8929424, 49.2586887], [-122.8928704, 49.2588333], [-122.8927883, 49.2589711], [-122.8927428, 49.2590409], [-122.8926921, 49.2591068], [-122.8925849, 49.2592386], [-122.8924738, 49.2593539], [-122.8923534, 49.2594661], [-122.8920767, 49.2596959], [-122.8916421, 49.2600291]]}, "properties": {"name": "SkyTrain Millennium Line", "railway": "subway", "osm_id": 494350204, "osm_type": "way"}}, {"type": "Feature", "geometry": {"type": "LineString", "coordinates": [[-122.9001382, 49.2063433], [-122.8983508, 49.2059088], [-122.8939684, 49.204847], [-122.8922234, 49.2044319]]}, "properties": {"railway": "subway", "osm_id": 527266055, "osm_type": "way"}}, {"type": "Feature", "geometry": {"type": "LineString", "coordinates": [[-122.850681, 49.1983759], [-122.8506745, 49.1975031], [-122.85067, 49.1966888], [-122.850671, 49.1965115], [-122.8506779, 49.1950432], [-122.8506604, 49.1948646], [-122.8506382, 49.1946743], [-122.850619, 49.1945975], [-122.8505762, 49.1945058], [-122.8504888, 49.1943203], [-122.850405, 49.19419], [-122.8503092, 49.1940668], [-122.8501913, 49.1939387], [-122.8500706, 49.1938058], [-122.8485918, 49.1925183], [-122.8483476, 49.1922571], [-122.8482431, 49.1921057], [-122.8481235, 49.1919305], [-122.8480323, 49.1917383], [-122.8479639, 49.1915553], [-122.8479204, 49.1913283], [-122.8478933, 49.1909943], [-122.8479137, 49.1904599], [-122.847929, 49.1895232], [-122.8479468, 49.1889972], [-122.8479342, 49.1887181], [-122.8478821, 49.1885032], [-122.8478062, 49.1883232], [-122.847686, 49.1881197], [-122.8472676, 49.1874729], [-122.8471823, 49.1873207], [-122.847123, 49.1871828], [-122.8470854, 49.1870708], [-122.8470614, 49.1869405], [-122.8470495, 49.1866876], [-122.8470632, 49.1852648], [-122.8470778, 49.184755], [-122.8470766, 49.1845199], [-122.8470648, 49.1844094], [-122.8470506, 49.1842915], [-122.8470377, 49.1842258], [-122.847006, 49.1841289], [-122.8469598, 49.1840302], [-122.8469156, 49.1839482], [-122.8468687, 49.183876], [-122.8468141, 49.1838059], [-122.8467384, 49.1837282], [-122.8466361, 49.1836341], [-122.8465362, 49.1835565], [-122.8464063, 49.183475], [-122.8462036, 49.1833703], [-122.8459505, 49.1832569], [-122.845849, 49.1832174], [-122.8451628, 49.1829316], [-122.84468, 49.1827396], [-122.8440759, 49.182494], [-122.843411, 49.1822282], [-122.8418086, 49.1816236], [-122.8405848, 49.1811615]]}, "properties": {"name": "SkyTrain Expo Line", "railway": "subway", "osm_id": 551361791, "osm_type": "way"}}, {"type": "Feature", "geometry": {"type": "LineString", "coordinates": [[-122.955457, 49.2074968], [-122.9556467, 49.2076452], [-122.9560966, 49.207996], [-122.956215, 49.208087], [-122.9562642, 49.2081288], [-122.9563064, 49.2081754], [-122.9563385, 49.2082198], [-122.9563626, 49.2082706], [-122.9564023, 49.2083709], [-122.956441, 49.2084709], [-122.956476, 49.2085536], [-122.956512, 49.2086314], [-122.956548, 49.2086962], [-122.9565891, 49.2087628], [-122.9566665, 49.2088773], [-122.9568749, 49.2091106], [-122.9569825, 49.2092089], [-122.9570435, 49.2092631], [-122.957099, 49.2093169], [-122.9571675, 49.2093872]]}, "properties": {"railway": "subway", "osm_id": 594021801, "osm_type": "way"}}, {"type": "Feature", "geometry": {"type": "LineString", "coordinates": [[-122.9553786, 49.2060508], [-122.9556044, 49.2057505], [-122.9558607, 49.2054121], [-122.9561292, 49.2050544]]}, "properties": {"name": "Transition Zone", "railway": "subway", "osm_id": 599449915, "osm_type": "way"}}, {"type": "Feature", "geometry": {"type": "LineString", "coordinates": [[-122.9540273, 49.2066513], [-122.9537925, 49.2065414], [-122.953623, 49.2064609], [-122.9534303, 49.2063701], [-122.9533861, 49.2063462], [-122.9533366, 49.2063133], [-122.9530473, 49.2060884], [-122.9530081, 49.206053], [-122.9529767, 49.2060179], [-122.952952, 49.2059766], [-122.9529387, 49.2059354], [-122.95293, 49.2058941], [-122.9529314, 49.2058513], [-122.9529425, 49.2058058], [-122.9529582, 49.2057702], [-122.952986, 49.2057308], [-122.9530199, 49.2056943], [-122.9530627, 49.2056602], [-122.9531201, 49.2056238], [-122.9531961, 49.2055877], [-122.9536387, 49.2053731], [-122.9545798, 49.2049237], [-122.9546152, 49.2049085], [-122.954647, 49.2048972], [-122.9546854, 49.2048865], [-122.9547543, 49.2048691], [-122.9547941, 49.2048573], [-122.954834, 49.2048419], [-122.9548928, 49.2048165]]}, "properties": {"railway": "subway", "osm_id": 600962983, "osm_type": "way"}}, {"type": "Feature", "geometry": {"type": "LineString", "coordinates": [[-122.9549398, 49.2065109], [-122.9553472, 49.2059759], [-122.955423, 49.2058699], [-122.9559645, 49.2051448]]}, "properties": {"name": "Wash Track", "railway": "subway", "osm_id": 603065691, "osm_type": "way"}}, {"type": "Feature", "geometry": {"type": "LineString", "coordinates": [[-122.9572503, 49.2060908], [-122.9573007, 49.2060369], [-122.9573507, 49.2059939], [-122.9575594, 49.2058359], [-122.9575992, 49.2058019], [-122.9576434, 49.2057511]]}, "properties": {"railway": "subway", "osm_id": 675085321, "osm_type": "way"}}, {"type": "Feature", "geometry": {"type": "LineString", "coordinates": [[-122.956149, 49.2071905], [-122.9561213, 49.2072274], [-122.9560917, 49.2072612], [-122.9560622, 49.2072865], [-122.9560179, 49.2073159], [-122.955973, 49.2073409], [-122.9559286, 49.2073591], [-122.9558707, 49.2073776], [-122.9558152, 49.2073897], [-122.9557544, 49.2073976], [-122.9556816, 49.2073998], [-122.9556145, 49.2073961], [-122.955549, 49.2073861], [-122.9554972, 49.2073743], [-122.9554366, 49.2073524], [-122.9553861, 49.207329], [-122.9553426, 49.207303], [-122.955304, 49.2072723], [-122.9552742, 49.2072419], [-122.9551102, 49.207023]]}, "properties": {"railway": "subway", "osm_id": 675085322, "osm_type": "way"}}, {"type": "Feature", "geometry": {"type": "LineString", "coordinates": [[-122.9565597, 49.2047047], [-122.9565832, 49.2046859], [-122.9566096, 49.2046648], [-122.9566423, 49.2046432], [-122.9566802, 49.2046215], [-122.9567247, 49.2046009], [-122.9567874, 49.2045796], [-122.9568426, 49.2045669], [-122.9569152, 49.2045573], [-122.9569765, 49.2045555], [-122.9570544, 49.2045599], [-122.95711, 49.2045688], [-122.957167, 49.2045821], [-122.957235, 49.2046038], [-122.9573694, 49.204643], [-122.957507, 49.204685], [-122.9575608, 49.204705], [-122.9575981, 49.2047246], [-122.9576467, 49.2047549], [-122.9576814, 49.2047847], [-122.957711, 49.2048163], [-122.9577368, 49.2048517], [-122.9577539, 49.204887], [-122.9577652, 49.2049235], [-122.9577691, 49.2049566], [-122.9577672, 49.2049948], [-122.9577589, 49.205031], [-122.957746, 49.2050636], [-122.9577292, 49.2050919], [-122.9577022, 49.2051306], [-122.9576746, 49.2051657]]}, "properties": {"railway": "subway", "osm_id": 675085323, "osm_type": "way"}}, {"type": "Feature", "geometry": {"type": "LineString", "coordinates": [[-122.9549328, 49.2070927], [-122.9547712, 49.2069695], [-122.9546089, 49.206845], [-122.9537445, 49.2061753], [-122.9536881, 49.2061305], [-122.9536468, 49.2060897], [-122.9536053, 49.2060363], [-122.953586, 49.2059975], [-122.9535733, 49.2059479], [-122.9535703, 49.2059049], [-122.9535793, 49.2058627], [-122.9535943, 49.2058244], [-122.9536177, 49.2057873], [-122.9536637, 49.2057358], [-122.95372, 49.2056958], [-122.9537896, 49.2056554], [-122.9538731, 49.2056128], [-122.9548263, 49.2051553], [-122.95605, 49.2045694], [-122.9561398, 49.2045313], [-122.9562056, 49.2045087], [-122.9562727, 49.2044893]]}, "properties": {"railway": "subway", "osm_id": 678561845, "osm_type": "way"}}, {"type": "Feature", "geometry": {"type": "LineString", "coordinates": [[-122.953623, 49.2064609], [-122.9535646, 49.2064292], [-122.9535195, 49.2064006], [-122.9531536, 49.2061163], [-122.9531085, 49.2060786], [-122.9530683, 49.2060356], [-122.9530391, 49.2059948], [-122.9530166, 49.2059445], [-122.9530086, 49.2058997], [-122.9530106, 49.2058549], [-122.9530206, 49.2058144], [-122.9530389, 49.205774], [-122.95306, 49.2057434], [-122.9530858, 49.2057149], [-122.9531259, 49.2056787], [-122.9531647, 49.2056536], [-122.9532084, 49.2056282], [-122.9536766, 49.2054012], [-122.9547036, 49.2049081], [-122.9548928, 49.2048165], [-122.9552115, 49.2046642], [-122.9553389, 49.2046087], [-122.9554601, 49.2045618], [-122.9555958, 49.2045166], [-122.9557041, 49.2044839], [-122.9558464, 49.2044483], [-122.9559697, 49.2044214], [-122.9560841, 49.2044015], [-122.9561966, 49.2043841], [-122.9563098, 49.2043712], [-122.956423, 49.2043601], [-122.9565398, 49.2043549], [-122.9566505, 49.2043507], [-122.9567503, 49.2043514], [-122.956844, 49.204353], [-122.9569293, 49.204356], [-122.9570048, 49.2043606], [-122.9570986, 49.2043688], [-122.9571875, 49.2043823], [-122.9572684, 49.2043971], [-122.9579256, 49.2045499], [-122.9579757, 49.2045633], [-122.9580241, 49.2045792], [-122.9580668, 49.2045978], [-122.9581116, 49.2046224], [-122.9581477, 49.2046476], [-122.9581798, 49.204677], [-122.9582062, 49.2047061], [-122.9582302, 49.2047426], [-122.9582458, 49.2047747]]}, "properties": {"railway": "subway", "osm_id": 678561846, "osm_type": "way"}}, {"type": "Feature", "geometry": {"type": "LineString", "coordinates": [[-122.9562977, 49.2045625], [-122.9561875, 49.2046333], [-122.9561014, 49.2047009], [-122.9560312, 49.2047552], [-122.9559474, 49.2048233], [-122.9558531, 49.2048983], [-122.9557232, 49.2050013], [-122.9556791, 49.2050287], [-122.955625, 49.2050567], [-122.955247, 49.2052384], [-122.9544364, 49.205629], [-122.9543373, 49.2056799], [-122.9542839, 49.2057159], [-122.9542346, 49.2057564], [-122.9541942, 49.2058016], [-122.9541683, 49.2058582], [-122.9541533, 49.2059138], [-122.9541488, 49.2059672], [-122.9541571, 49.2060112], [-122.95418, 49.2060699], [-122.954212, 49.2061277], [-122.9544907, 49.2065055], [-122.9545128, 49.206539], [-122.954532, 49.206577], [-122.9545456, 49.2066183], [-122.9545738, 49.2067045], [-122.9545928, 49.206752], [-122.9546223, 49.2068021]]}, "properties": {"railway": "subway", "osm_id": 678561847, "osm_type": "way"}}, {"type": "Feature", "geometry": {"type": "LineString", "coordinates": [[-122.9580667, 49.2051867], [-122.9580953, 49.2051363], [-122.958112, 49.2050985], [-122.9581239, 49.2050594], [-122.9581309, 49.2050215], [-122.9581313, 49.2049802], [-122.9581245, 49.2049357], [-122.9581109, 49.2048993], [-122.9580844, 49.2048542], [-122.9580519, 49.2048143], [-122.9580119, 49.2047803], [-122.9579529, 49.2047423], [-122.9578971, 49.2047152], [-122.9578382, 49.2046898], [-122.9577566, 49.2046617], [-122.9575629, 49.2046038], [-122.9573289, 49.2045322], [-122.9571635, 49.2044853], [-122.9570912, 49.204464], [-122.95704, 49.2044503], [-122.9569709, 49.2044415], [-122.9569086, 49.2044372], [-122.9568431, 49.2044374], [-122.9567691, 49.2044412], [-122.956556, 49.2044512], [-122.956512, 49.2044538], [-122.9563431, 49.2044621], [-122.9562242, 49.2044677], [-122.9561442, 49.2044736], [-122.9560763, 49.2044844], [-122.956022, 49.2044979], [-122.9559692, 49.2045121], [-122.9556678, 49.2045905], [-122.9555236, 49.204629], [-122.955444, 49.2046504], [-122.955386, 49.2046698], [-122.9553256, 49.2046962], [-122.9545007, 49.2050933], [-122.9535124, 49.2055673], [-122.9534048, 49.2056196], [-122.9533326, 49.2056588], [-122.9532887, 49.2056896], [-122.9532462, 49.205728], [-122.953217, 49.2057673], [-122.9531973, 49.2058019], [-122.9531837, 49.2058446], [-122.9531781, 49.2058792], [-122.9531802, 49.2059244], [-122.9531912, 49.2059667], [-122.9532118, 49.2060074], [-122.9532402, 49.2060464], [-122.9532809, 49.206088], [-122.9539277, 49.2065907], [-122.9539721, 49.2066206], [-122.9540273, 49.2066513], [-122.9542208, 49.206742], [-122.954475, 49.2068613], [-122.9546576, 49.2069455], [-122.9548051, 49.2070147], [-122.9548549, 49.2070427], [-122.9549328, 49.2070927]]}, "properties": {"railway": "subway", "osm_id": 678561848, "osm_type": "way"}}, {"type": "Feature", "geometry": {"type": "LineString", "coordinates": [[-122.9565265, 49.2044755], [-122.9564595, 49.204495], [-122.9564049, 49.2045158], [-122.9563491, 49.2045391], [-122.9562977, 49.2045625], [-122.954372, 49.2054882], [-122.9540796, 49.2056282], [-122.9539911, 49.2056762], [-122.9539382, 49.2057104], [-122.9538904, 49.2057514], [-122.9538583, 49.2057898], [-122.9538263, 49.2058404], [-122.9538122, 49.2058803], [-122.9538038, 49.2059244], [-122.9538029, 49.2059593], [-122.953809, 49.2060028], [-122.9538257, 49.2060506], [-122.9538459, 49.206086], [-122.9538767, 49.2061265], [-122.9539103, 49.2061602], [-122.9539511, 49.2061952], [-122.9543719, 49.2065231], [-122.9544246, 49.2065644], [-122.9544615, 49.2065982], [-122.9545069, 49.2066453]]}, "properties": {"railway": "subway", "osm_id": 678561849, "osm_type": "way"}}, {"type": "Feature", "geometry": {"type": "LineString", "coordinates": [[-122.9030896, 49.2062598], [-122.9028241, 49.2063582], [-122.9025397, 49.2064408], [-122.9021901, 49.2065044], [-122.9019724, 49.2065304], [-122.9017573, 49.2065439], [-122.9015579, 49.2065475], [-122.901245, 49.2065317]]}, "properties": {"name": "SkyTrain Expo Line", "railway": "subway", "osm_id": 834757714, "osm_type": "way"}}, {"type": "Feature", "geometry": {"type": "LineString", "coordinates": [[-122.9031159, 49.2062805], [-122.903623, 49.2060455], [-122.904073, 49.2058171]]}, "properties": {"name": "SkyTrain Expo Line", "railway": "subway", "osm_id": 834757715, "osm_type": "way"}}, {"type": "Feature", "geometry": {"type": "LineString", "coordinates": [[-122.9571208, 49.2061161], [-122.956907, 49.2063927], [-122.9567237, 49.2066421]]}, "properties": {"railway": "subway", "osm_id": 923573471, "osm_type": "way"}}, {"type": "Feature", "geometry": {"type": "LineString", "coordinates": [[-122.9568113, 49.2066716], [-122.956998, 49.2064219], [-122.9572084, 49.2061458]]}, "properties": {"railway": "subway", "osm_id": 923573472, "osm_type": "way"}}, {"type": "Feature", "geometry": {"type": "LineString", "coordinates": [[-122.957149, 49.2054187], [-122.9570071, 49.2056019], [-122.9566875, 49.2060278]]}, "properties": {"railway": "subway", "osm_id": 923573473, "osm_type": "way"}}, {"type": "Feature", "geometry": {"type": "LineString", "coordinates": [[-122.9564039, 49.2065568], [-122.9560485, 49.2070286]]}, "properties": {"railway": "subway", "osm_id": 923573474, "osm_type": "way"}}, {"type": "Feature", "geometry": {"type": "LineString", "coordinates": [[-122.957323, 49.2054784], [-122.9564939, 49.2065845]]}, "properties": {"railway": "subway", "osm_id": 923573475, "osm_type": "way"}}, {"type": "Feature", "geometry": {"type": "LineString", "coordinates": [[-122.9566546, 49.2065166], [-122.956217, 49.2071021], [-122.956149, 49.2071905]]}, "properties": {"railway": "subway", "osm_id": 923573476, "osm_type": "way"}}, {"type": "Feature", "geometry": {"type": "LineString", "coordinates": [[-122.9571208, 49.2061161], [-122.957463, 49.2056518], [-122.9578543, 49.205144], [-122.9578729, 49.205118], [-122.9578851, 49.2050947], [-122.9579015, 49.205052]]}, "properties": {"railway": "subway", "osm_id": 923573477, "osm_type": "way"}}, {"type": "Feature", "geometry": {"type": "LineString", "coordinates": [[-122.9562835, 49.2073743], [-122.956623, 49.2069218]]}, "properties": {"railway": "subway", "osm_id": 923573478, "osm_type": "way"}}, {"type": "Feature", "geometry": {"type": "LineString", "coordinates": [[-122.9545885, 49.2060048], [-122.9549138, 49.2055815]]}, "properties": {"railway": "subway", "osm_id": 923573480, "osm_type": "way"}}, {"type": "Feature", "geometry": {"type": "LineString", "coordinates": [[-122.9546986, 49.2060382], [-122.9550026, 49.205609]]}, "properties": {"railway": "subway", "osm_id": 923573481, "osm_type": "way"}}, {"type": "Feature", "geometry": {"type": "LineString", "coordinates": [[-122.9552525, 49.2055232], [-122.9553279, 49.2054587], [-122.9554298, 49.2053921], [-122.9555176, 49.20534], [-122.9556594, 49.2052845]]}, "properties": {"railway": "subway", "osm_id": 923573482, "osm_type": "way"}}, {"type": "Feature", "geometry": {"type": "LineString", "coordinates": [[-122.9553619, 49.2055566], [-122.954902, 49.2061677]]}, "properties": {"railway": "subway", "osm_id": 923573483, "osm_type": "way"}}, {"type": "Feature", "geometry": {"type": "LineString", "coordinates": [[-122.9562653, 49.2050963], [-122.9555129, 49.206094]]}, "properties": {"railway": "subway", "osm_id": 923573485, "osm_type": "way"}}, {"type": "Feature", "geometry": {"type": "LineString", "coordinates": [[-122.9554423, 49.2060708], [-122.9561937, 49.2050741]]}, "properties": {"railway": "subway", "osm_id": 923573486, "osm_type": "way"}}, {"type": "Feature", "geometry": {"type": "LineString", "coordinates": [[-122.9555129, 49.206094], [-122.9554664, 49.2061566], [-122.9554203, 49.2062133], [-122.9553831, 49.2062556], [-122.9553322, 49.2063105], [-122.9553064, 49.2063357], [-122.9552749, 49.2063628], [-122.9552422, 49.2063899], [-122.9551945, 49.2064253], [-122.9551638, 49.2064513], [-122.9551436, 49.2064734], [-122.9551135, 49.2065062]]}, "properties": {"railway": "subway", "osm_id": 923573487, "osm_type": "way"}}, {"type": "Feature", "geometry": {"type": "LineString", "coordinates": [[-123.0155451, 49.2311085], [-123.0147576, 49.2307185], [-123.0136696, 49.2301923], [-123.012736, 49.2297489], [-123.0119501, 49.2293999], [-123.0093507, 49.2282736], [-123.0066539, 49.2270212]]}, "properties": {"name": "SkyTrain Expo Line", "railway": "subway", "osm_id": 923573492, "osm_type": "way"}}, {"type": "Feature", "geometry": {"type": "LineString", "coordinates": [[-123.0065246, 49.2270064], [-123.0093137, 49.2282987], [-123.0118801, 49.229474], [-123.012696, 49.2298493], [-123.0130265, 49.2300009], [-123.0135907, 49.2302602], [-123.0143828, 49.2306255], [-123.0147055, 49.2307668], [-123.0155164, 49.2311379]]}, "properties": {"name": "SkyTrain Expo Line", "railway": "subway", "osm_id": 923573493, "osm_type": "way"}}, {"type": "Feature", "geometry": {"type": "LineString", "coordinates": [[-122.9122392, 49.2016227], [-122.9115161, 49.2020099], [-122.911055, 49.2022578], [-122.9103524, 49.2026383], [-122.9096504, 49.2030223]]}, "properties": {"name": "SkyTrain Expo Line", "railway": "subway", "osm_id": 923573494, "osm_type": "way"}}, {"type": "Feature", "geometry": {"type": "LineString", "coordinates": [[-122.909688, 49.2030509], [-122.9103838, 49.2026695], [-122.9111095, 49.2022727], [-122.9115253, 49.2020484], [-122.9122679, 49.2016452]]}, "properties": {"name": "SkyTrain Expo Line", "railway": "subway", "osm_id": 923573495, "osm_type": "way"}}, {"type": "Feature", "geometry": {"type": "LineString", "coordinates": [[-122.913589, 49.2008938], [-122.914039, 49.2006948]]}, "properties": {"railway": "subway", "osm_id": 923573496, "osm_type": "way"}}, {"type": "Feature", "geometry": {"type": "LineString", "coordinates": [[-122.907335, 49.2042433], [-122.907732, 49.2040022]]}, "properties": {"railway": "subway", "osm_id": 923573497, "osm_type": "way"}}, {"type": "Feature", "geometry": {"type": "LineString", "coordinates": [[-122.958347, 49.2037481], [-122.9583022, 49.2030209]]}, "properties": {"railway": "subway", "osm_id": 923573821, "osm_type": "way"}}, {"type": "Feature", "geometry": {"type": "LineString", "coordinates": [[-122.9584269, 49.2037437], [-122.9583785, 49.2030197]]}, "properties": {"railway": "subway", "osm_id": 923573822, "osm_type": "way"}}, {"type": "Feature", "geometry": {"type": "LineString", "coordinates": [[-122.8974017, 49.210984], [-122.8967958, 49.2114085], [-122.896403, 49.2116975], [-122.8960739, 49.2119171], [-122.8956916, 49.2122015], [-122.8954616, 49.2123888], [-122.8952004, 49.2126366], [-122.8949619, 49.2129026], [-122.8948376, 49.2130767], [-122.8945737, 49.2134935], [-122.8942393, 49.2141006], [-122.8941426, 49.2143058], [-122.8939493, 49.2147736], [-122.8938153, 49.2151639], [-122.8936857, 49.2155671], [-122.8934727, 49.2162745], [-122.8931761, 49.2172416], [-122.8930048, 49.2178141], [-122.8928532, 49.2183206], [-122.8926467, 49.2189778], [-122.8925171, 49.2194542], [-122.8923985, 49.2199578], [-122.892324, 49.2203718], [-122.8922439, 49.2207195], [-122.8921656, 49.220975], [-122.892058, 49.2214514], [-122.8919965, 49.221701], [-122.8919262, 49.2219406], [-122.8918295, 49.2221931], [-122.8916867, 49.2224614], [-122.8915264, 49.2227025], [-122.8914165, 49.2228301], [-122.891131, 49.22314], [-122.8908805, 49.2233624], [-122.890114, 49.2240133], [-122.8895687, 49.224476], [-122.8890924, 49.2248803], [-122.8887212, 49.2251945], [-122.8884224, 49.2254456], [-122.8879194, 49.2258688], [-122.8871286, 49.226533], [-122.88605, 49.2274425], [-122.8857688, 49.227685], [-122.8852262, 49.228124], [-122.884983, 49.2283245], [-122.8847516, 49.2285078], [-122.88453, 49.2286834], [-122.8840185, 49.2290885], [-122.8836824, 49.229358], [-122.8835159, 49.2294932]]}, "properties": {"name": "SkyTrain Expo Line", "railway": "subway", "osm_id": 923858785, "osm_type": "way"}}, {"type": "Feature", "geometry": {"type": "LineString", "coordinates": [[-122.8835634, 49.2295195], [-122.8840648, 49.2291202], [-122.8850573, 49.2283346], [-122.8857255, 49.2277814], [-122.8883458, 49.2255747], [-122.8896067, 49.2245158], [-122.890568, 49.2236935], [-122.8906846, 49.2235963], [-122.8911618, 49.2231831], [-122.8915468, 49.2227584], [-122.8916316, 49.2226391], [-122.8917945, 49.2223875], [-122.8918609, 49.2222433], [-122.8919306, 49.2221112], [-122.8919797, 49.2219488], [-122.89206, 49.2216924], [-122.8921228, 49.2214274], [-122.892203, 49.2211042], [-122.8923902, 49.2203797], [-122.892702, 49.2189974], [-122.8929228, 49.2182908], [-122.8931392, 49.2175929], [-122.8932854, 49.2171173], [-122.8938605, 49.2152274], [-122.8939905, 49.2148342], [-122.8941155, 49.2144597], [-122.8944365, 49.2138458], [-122.8947319, 49.2133175]]}, "properties": {"name": "SkyTrain Expo Line", "railway": "subway", "osm_id": 923858786, "osm_type": "way"}}, {"type": "Feature", "geometry": {"type": "LineString", "coordinates": [[-122.898356, 49.2491805], [-122.898027, 49.2490865], [-122.8977639, 49.2490104], [-122.8975114, 49.2489084], [-122.8967683, 49.2485007], [-122.896155, 49.2481603], [-122.8948442, 49.2474324]]}, "properties": {"name": "SkyTrain Millennium Line", "railway": "subway", "osm_id": 923938535, "osm_type": "way"}}, {"type": "Feature", "geometry": {"type": "LineString", "coordinates": [[-122.86893, 49.2052515], [-122.8695147, 49.2051101], [-122.8699264, 49.2050231], [-122.8705327, 49.2049136], [-122.8710143, 49.2048393], [-122.8713985, 49.2047906], [-122.8724026, 49.2046758], [-122.873277, 49.2045718], [-122.874137, 49.2044712], [-122.8747389, 49.2044009], [-122.8755973, 49.2043006], [-122.8761881, 49.2042279], [-122.876697, 49.2041651], [-122.8776097, 49.2040618], [-122.8787226, 49.2039359], [-122.8793924, 49.2038561], [-122.8804306, 49.2037217], [-122.8812055, 49.2036265], [-122.8819271, 49.2035424], [-122.8826218, 49.2034618], [-122.8835927, 49.2033567], [-122.8841604, 49.2033104], [-122.8847338, 49.2032881], [-122.8855762, 49.2032902], [-122.8865605, 49.2033362], [-122.8878265, 49.203472], [-122.8885723, 49.2035915], [-122.8891137, 49.2037025], [-122.8897222, 49.203847], [-122.8905033, 49.2040298], [-122.8914546, 49.2042714]]}, "properties": {"name": "SkyTrain Expo Line", "railway": "subway", "osm_id": 923938536, "osm_type": "way"}}, {"type": "Feature", "geometry": {"type": "LineString", "coordinates": [[-122.8914795, 49.2042261], [-122.8905202, 49.2040011], [-122.8897436, 49.2038146], [-122.8891237, 49.2036692], [-122.8885845, 49.2035629], [-122.8878431, 49.2034448], [-122.8865661, 49.203307], [-122.8855765, 49.203261], [-122.8847258, 49.2032589], [-122.8841468, 49.203277], [-122.8835688, 49.2033191], [-122.8829939, 49.2033747], [-122.8821472, 49.2034741], [-122.8811327, 49.2035943], [-122.8804796, 49.2036719], [-122.8798362, 49.2037428], [-122.879153, 49.203809], [-122.8773424, 49.2040208], [-122.8749265, 49.204293], [-122.87412, 49.2043891], [-122.872077, 49.2046273], [-122.871431, 49.2047021], [-122.8708792, 49.2047853], [-122.870456, 49.204862], [-122.8697328, 49.2050153], [-122.8693869, 49.2050976], [-122.8689062, 49.2052194]]}, "properties": {"name": "SkyTrain Expo Line", "railway": "subway", "osm_id": 923938537, "osm_type": "way"}}, {"type": "Feature", "geometry": {"type": "LineString", "coordinates": [[-122.8928274, 49.2454187], [-122.8928374, 49.2456539], [-122.8928637, 49.2458248], [-122.8928992, 49.2459448], [-122.8929832, 49.2461242], [-122.893127, 49.2463124], [-122.8932765, 49.2464524], [-122.8936468, 49.2466712], [-122.8940534, 49.246893], [-122.8947167, 49.2472592], [-122.894873, 49.2473526]]}, "properties": {"name": "SkyTrain Expo Line", "railway": "subway", "osm_id": 925300336, "osm_type": "way"}}, {"type": "Feature", "geometry": {"type": "LineString", "coordinates": [[-122.9575285, 49.2059101], [-122.9576434, 49.2057511]]}, "properties": {"railway": "subway", "osm_id": 928761068, "osm_type": "way"}}, {"type": "Feature", "geometry": {"type": "LineString", "coordinates": [[-122.896155, 49.2481603], [-122.895833, 49.247937]]}, "properties": {"railway": "subway", "osm_id": 968891236, "osm_type": "way"}}, {"type": "Feature", "geometry": {"type": "LineString", "coordinates": [[-122.9550773, 49.2064789], [-122.955052, 49.2065603], [-122.9550174, 49.2066633]]}, "properties": {"railway": "subway", "osm_id": 988185443, "osm_type": "way"}}, {"type": "Feature", "geometry": {"type": "LineString", "coordinates": [[-122.9576746, 49.2051657], [-122.9574182, 49.2055051]]}, "properties": {"railway": "subway", "osm_id": 995770628, "osm_type": "way"}}, {"type": "Feature", "geometry": {"type": "LineString", "coordinates": [[-122.9572374, 49.2054472], [-122.957489, 49.2051141]]}, "properties": {"railway": "subway", "osm_id": 995770629, "osm_type": "way"}}, {"type": "Feature", "geometry": {"type": "LineString", "coordinates": [[-122.9561292, 49.2050544], [-122.9561346, 49.2050468], [-122.9561676, 49.2050116], [-122.9561896, 49.20499], [-122.9562158, 49.2049682], [-122.9563009, 49.204904]]}, "properties": {"railway": "subway", "osm_id": 995770630, "osm_type": "way"}}, {"type": "Feature", "geometry": {"type": "LineString", "coordinates": [[-122.9551279, 49.2063836], [-122.9551023, 49.2064241], [-122.9550872, 49.2064538], [-122.9550773, 49.2064789]]}, "properties": {"railway": "subway", "osm_id": 995770631, "osm_type": "way"}}, {"type": "Feature", "geometry": {"type": "LineString", "coordinates": [[-122.956177, 49.2048954], [-122.9563982, 49.204726]]}, "properties": {"railway": "subway", "osm_id": 995776591, "osm_type": "way"}}, {"type": "Feature", "geometry": {"type": "LineString", "coordinates": [[-122.9550093, 49.2070516], [-122.9551328, 49.2072189], [-122.955219, 49.2073091]]}, "properties": {"railway": "subway", "osm_id": 995776592, "osm_type": "way"}}, {"type": "Feature", "geometry": {"type": "LineString", "coordinates": [[-123.002459, 49.2250887], [-123.001992, 49.2248935]]}, "properties": {"railway": "subway", "osm_id": 1010820937, "osm_type": "way"}}, {"type": "Feature", "geometry": {"type": "LineString", "coordinates": [[-123.000479, 49.2241337], [-122.999983, 49.2239305]]}, "properties": {"railway": "subway", "osm_id": 1010820938, "osm_type": "way"}}, {"type": "Feature", "geometry": {"type": "LineString", "coordinates": [[-122.9582458, 49.2047747], [-122.958253, 49.2048009], [-122.9582592, 49.2048284], [-122.9582592, 49.2048811], [-122.9582408, 49.2049345], [-122.9582097, 49.2049897]]}, "properties": {"railway": "subway", "osm_id": 1014951798, "osm_type": "way"}}, {"type": "Feature", "geometry": {"type": "LineString", "coordinates": [[-122.9560485, 49.2070286], [-122.9560213, 49.207066], [-122.9559908, 49.2071001], [-122.955961, 49.2071262], [-122.9559253, 49.2071506], [-122.9558829, 49.2071742], [-122.9558418, 49.2071941], [-122.9557901, 49.2072114], [-122.9557347, 49.2072264], [-122.9556822, 49.2072346], [-122.9556243, 49.2072396], [-122.9555628, 49.2072395], [-122.9555158, 49.2072354], [-122.9554608, 49.2072275], [-122.9554073, 49.2072155], [-122.9553519, 49.2071981], [-122.9553086, 49.2071792], [-122.9552658, 49.2071564], [-122.9552253, 49.2071288], [-122.955181, 49.2070948], [-122.9551529, 49.2070685], [-122.9551102, 49.207023]]}, "properties": {"railway": "subway", "osm_id": 1018931872, "osm_type": "way"}}, {"type": "Feature", "geometry": {"type": "LineString", "coordinates": [[-123.0463078, 49.2444097], [-123.0465683, 49.2445169]]}, "properties": {"name": "SkyTrain Expo Line", "railway": "subway", "osm_id": 1021891062, "osm_type": "way"}}, {"type": "Feature", "geometry": {"type": "LineString", "coordinates": [[-123.0460383, 49.2442974], [-123.0463078, 49.2444097]]}, "properties": {"name": "SkyTrain Expo Line", "railway": "subway", "osm_id": 1021891063, "osm_type": "way"}}, {"type": "Feature", "geometry": {"type": "LineString", "coordinates": [[-123.0466378, 49.2444437], [-123.0463805, 49.244337]]}, "properties": {"name": "SkyTrain Expo Line", "railway": "subway", "osm_id": 1021908750, "osm_type": "way"}}, {"type": "Feature", "geometry": {"type": "LineString", "coordinates": [[-123.0463805, 49.244337], [-123.0461076, 49.2442265]]}, "properties": {"name": "SkyTrain Expo Line", "railway": "subway", "osm_id": 1021908751, "osm_type": "way"}}, {"type": "Feature", "geometry": {"type": "LineString", "coordinates": [[-122.8505509, 49.1994036], [-122.8505452, 49.2001845], [-122.850564, 49.2007173], [-122.8505991, 49.2011054], [-122.8506123, 49.2013132], [-122.8506498, 49.2014902], [-122.8507088, 49.2017233], [-122.8507571, 49.2018389], [-122.8508135, 49.2019792], [-122.850902, 49.2021491], [-122.8509985, 49.2022876], [-122.8512292, 49.202547], [-122.851417, 49.20271], [-122.851948, 49.2031323], [-122.8526266, 49.2035845], [-122.8541879, 49.2046017], [-122.8549926, 49.2051414], [-122.8559097, 49.2057452], [-122.8564303, 49.2060737], [-122.8567063, 49.2062464], [-122.8570952, 49.2064637], [-122.8572913, 49.2065539], [-122.8577231, 49.2067151], [-122.8580018, 49.2068159], [-122.8583561, 49.2069201], [-122.8587126, 49.2069894], [-122.8589293, 49.2070374], [-122.8591911, 49.2070804], [-122.8595467, 49.2071226], [-122.8599142, 49.2071454], [-122.8602567, 49.2071625], [-122.8606303, 49.2071646], [-122.8610434, 49.2071489], [-122.8613787, 49.2071068], [-122.8617264, 49.2070601], [-122.8623094, 49.2069425], [-122.8629639, 49.2067914], [-122.863743, 49.206588], [-122.8660927, 49.2059861], [-122.8673415, 49.2056603], [-122.86893, 49.2052515]]}, "properties": {"name": "SkyTrain Expo Line", "railway": "subway", "osm_id": 1032751161, "osm_type": "way"}}, {"type": "Feature", "geometry": {"type": "LineString", "coordinates": [[-122.9494404, 49.199967], [-122.9501146, 49.1998003], [-122.9503702, 49.1997423], [-122.9506061, 49.1996969], [-122.9507946, 49.1996612], [-122.9510074, 49.1996272], [-122.9515568, 49.199566], [-122.9520293, 49.1995361], [-122.9523351, 49.1995238], [-122.9527785, 49.1995203], [-122.9531977, 49.1995333], [-122.9537459, 49.1995799], [-122.9541161, 49.1996219], [-122.9545533, 49.1997043], [-122.9551702, 49.1998463], [-122.9555057, 49.1999487], [-122.9557417, 49.2000381], [-122.9560529, 49.2001538], [-122.9563235, 49.2002757], [-122.9566108, 49.2004026], [-122.9568361, 49.2005165], [-122.9570772, 49.2006735], [-122.9573106, 49.200826], [-122.957501, 49.2009697], [-122.9576837, 49.2011212], [-122.9580592, 49.201484], [-122.9582547, 49.2017145], [-122.9583943, 49.2019234], [-122.958496, 49.2021131], [-122.9585524, 49.2022525], [-122.9586114, 49.2024085], [-122.958668, 49.2027037], [-122.9586903, 49.2028863]]}, "properties": {"name": "SkyTrain Expo Line", "railway": "subway", "osm_id": 1032751162, "osm_type": "way"}}, {"type": "Feature", "geometry": {"type": "LineString", "coordinates": [[-122.9494224, 49.1999376], [-122.9488781, 49.200076], [-122.9481213, 49.2002676], [-122.9474457, 49.2004337], [-122.9460667, 49.2007833], [-122.9455691, 49.2008745], [-122.9450285, 49.2009611], [-122.9444927, 49.2010237], [-122.9423868, 49.2012294], [-122.9422167, 49.20125]]}, "properties": {"name": "SkyTrain Expo Line", "railway": "subway", "osm_id": 1032751163, "osm_type": "way"}}, {"type": "Feature", "geometry": {"type": "LineString", "coordinates": [[-123.0018739, 49.2247871], [-123.000052, 49.2238656]]}, "properties": {"name": "SkyTrain Expo Line", "railway": "subway", "osm_id": 1044150087, "osm_type": "way"}}, {"type": "Feature", "geometry": {"type": "LineString", "coordinates": [[-122.999983, 49.2239305], [-123.0018103, 49.2248448], [-123.002394, 49.2251481], [-123.0025241, 49.2252166]]}, "properties": {"name": "SkyTrain Expo Line", "railway": "subway", "osm_id": 1044150088, "osm_type": "way"}}, {"type": "Feature", "geometry": {"type": "LineString", "coordinates": [[-123.0025241, 49.2252166], [-123.0027888, 49.225351], [-123.0030306, 49.225472], [-123.003227, 49.2255655], [-123.0037443, 49.2258061], [-123.0038325, 49.2258471], [-123.0040605, 49.2259503], [-123.0045997, 49.2261906], [-123.0049876, 49.2263662], [-123.0059654, 49.2267628], [-123.0065246, 49.2270064]]}, "properties": {"name": "SkyTrain Expo Line", "railway": "subway", "osm_id": 1044150089, "osm_type": "way"}}, {"type": "Feature", "geometry": {"type": "LineString", "coordinates": [[-123.0559013, 49.2483401], [-123.0563077, 49.2485094], [-123.0570898, 49.2488343], [-123.0585215, 49.2494316], [-123.0591789, 49.2497058], [-123.0596772, 49.249905], [-123.0602024, 49.2501272]]}, "properties": {"name": "SkyTrain Expo Line", "railway": "subway", "osm_id": 1050410741, "osm_type": "way"}}, {"type": "Feature", "geometry": {"type": "LineString", "coordinates": [[-123.0602548, 49.2500732], [-123.0594556, 49.2497628], [-123.0586558, 49.2494475], [-123.0566149, 49.2485939], [-123.0559883, 49.2483339], [-123.0559279, 49.2483091]]}, "properties": {"name": "SkyTrain Expo Line", "railway": "subway", "osm_id": 1050410742, "osm_type": "way"}}, {"type": "Feature", "geometry": {"type": "LineString", "coordinates": [[-122.9566875, 49.2060278], [-122.9563881, 49.20643]]}, "properties": {"railway": "subway", "osm_id": 1056535259, "osm_type": "way"}}, {"type": "Feature", "geometry": {"type": "LineString", "coordinates": [[-122.9567237, 49.2066421], [-122.9565357, 49.2068908]]}, "properties": {"railway": "subway", "osm_id": 1231178585, "osm_type": "way"}}, {"type": "Feature", "geometry": {"type": "LineString", "coordinates": [[-122.956623, 49.2069218], [-122.9568113, 49.2066716]]}, "properties": {"railway": "subway", "osm_id": 1231178586, "osm_type": "way"}}, {"type": "Feature", "geometry": {"type": "LineString", "coordinates": [[-122.9122679, 49.2016452], [-122.9127069, 49.2014068], [-122.9131434, 49.2011729]]}, "properties": {"name": "SkyTrain Expo Line", "railway": "subway", "osm_id": 1269089489, "osm_type": "way"}}, {"type": "Feature", "geometry": {"type": "LineString", "coordinates": [[-122.9131434, 49.2011729], [-122.9134256, 49.2010217], [-122.914039, 49.2006948], [-122.9142761, 49.2005685], [-122.9145479, 49.2004372]]}, "properties": {"name": "SkyTrain Expo Line", "railway": "subway", "osm_id": 1269089490, "osm_type": "way"}}, {"type": "Feature", "geometry": {"type": "LineString", "coordinates": [[-122.9131153, 49.2011509], [-122.9126807, 49.2013864], [-122.9122392, 49.2016227]]}, "properties": {"name": "SkyTrain Expo Line", "railway": "subway", "osm_id": 1269089491, "osm_type": "way"}}, {"type": "Feature", "geometry": {"type": "LineString", "coordinates": [[-122.9145174, 49.2004079], [-122.9142393, 49.2005422], [-122.913589, 49.2008938], [-122.9133928, 49.2010006], [-122.9131153, 49.2011509]]}, "properties": {"name": "SkyTrain Expo Line", "railway": "subway", "osm_id": 1269089492, "osm_type": "way"}}, {"type": "Feature", "geometry": {"type": "LineString", "coordinates": [[-122.894873, 49.2473526], [-122.8951017, 49.2475152], [-122.8951814, 49.2475794]]}, "properties": {"name": "SkyTrain Expo Line", "railway": "subway", "osm_id": 1326418831, "osm_type": "way"}}, {"type": "Feature", "geometry": {"type": "LineString", "coordinates": [[-122.9549, 49.2054767], [-122.9548243, 49.2055157], [-122.95477, 49.2055481], [-122.9547257, 49.2055788], [-122.9546828, 49.2056138], [-122.9546425, 49.2056594], [-122.9543193, 49.2060856]]}, "properties": {"railway": "subway", "osm_id": 1337849696, "osm_type": "way"}}, {"type": "Feature", "geometry": {"type": "LineString", "coordinates": [[-122.9549, 49.2054767], [-122.9547653, 49.2055266], [-122.9547063, 49.2055507], [-122.9546526, 49.2055783], [-122.9545976, 49.2056182], [-122.9545601, 49.2056589], [-122.9542892, 49.2060169]]}, "properties": {"railway": "subway", "osm_id": 1337849697, "osm_type": "way"}}, {"type": "Feature", "geometry": {"type": "LineString", "coordinates": [[-122.9551844, 49.2053746], [-122.9549, 49.2054767]]}, "properties": {"railway": "subway", "osm_id": 1337849698, "osm_type": "way"}}, {"type": "Feature", "geometry": {"type": "LineString", "coordinates": [[-122.9551844, 49.2053746], [-122.9554121, 49.2052944], [-122.9556209, 49.2052182], [-122.9556883, 49.2051937], [-122.9557656, 49.2051638]]}, "properties": {"railway": "subway", "osm_id": 1337849699, "osm_type": "way"}}, {"type": "Feature", "geometry": {"type": "LineString", "coordinates": [[-123.0532623, 49.2472451], [-123.0540006, 49.2475516], [-123.0549788, 49.2479576], [-123.0559013, 49.2483401]]}, "properties": {"name": "SkyTrain Expo Line", "railway": "subway", "osm_id": 1499470323, "osm_type": "way"}}, {"type": "Feature", "geometry": {"type": "LineString", "coordinates": [[-123.0559279, 49.2483091], [-123.0532957, 49.2472134]]}, "properties": {"name": "SkyTrain Expo Line", "railway": "subway", "osm_id": 1499470324, "osm_type": "way"}}, {"type": "Feature", "geometry": {"type": "LineString", "coordinates": [[-122.9583797, 49.2047581], [-122.9582097, 49.2049897]]}, "properties": {"railway": "subway", "osm_id": 1528357850, "osm_type": "way"}}, {"type": "Feature", "geometry": {"type": "LineString", "coordinates": [[-122.9556594, 49.2052845], [-122.9559665, 49.2050569]]}, "properties": {"railway": "subway", "osm_id": 1552221874, "osm_type": "way"}}]}
